building_key,cdcr_code,building,building_name,aliases,placeholder,facility,use,program,beds,year_built,sqft,spi_structure_type,spi_structure_number,spi_agency_structure_no,spi_real_property_number,conflicts,n_sources,sources
ASP-1000,ASP,1000,1000 Pia Chicken Abattoir,,,,,,,1987,12250,STORAGE BUILDING,13752,1000,34,,1,SPI
ASP-1010,ASP,1010,1010 Pia Support Bldg,,,,,,,1987,1180,OFFICE (INSTITUTIONAL),13753,1010,34,,1,SPI
ASP-1020,ASP,1020,Pia Storage-1020,,,,,,,1987,16688,STORAGE BUILDING,13754,1020,34,,1,SPI
ASP-1030,ASP,1030,Pia Storage - 1030,,,,,,,1987,16688,STORAGE BUILDING,13755,1030,34,,1,SPI
ASP-1040,ASP,1040,Pia Storage - 1040,,,,,,,1987,16688,STORAGE BUILDING,13756,1040,34,,1,SPI
ASP-1050,ASP,1050,Pia Storage - 1050,,,,,,,1987,16688,STORAGE BUILDING,13757,1050,34,,1,SPI
ASP-1060,ASP,1060,Pia Storage - 1060,,,,,,,1987,16688,STORAGE BUILDING,13758,1060,34,,1,SPI
ASP-1070,ASP,1070,Pia Storage - 1070,,,,,,,1987,16688,STORAGE BUILDING,13759,1070,34,,1,SPI
ASP-1080,ASP,1080,Pia Storage - 1080,,,,,,,1987,16688,STORAGE BUILDING,13760,1080,34,,1,SPI
ASP-1090,ASP,1090,Pia Storage - 1090,,,,,,,1987,16688,STORAGE BUILDING,13761,1090,34,,1,SPI
ASP-110,ASP,110,110 Housing Unit,,,,,,,1986,21210,DORMITORY,13692,110,34,,1,SPI
ASP-1100,ASP,1100,Pia & Usda,,,,,,,1987,5010,STORAGE BUILDING,13762,1100,34,,1,SPI
ASP-1110,ASP,1110,1110 Pia Finishing Swine,,,,,,,1987,2566,STORAGE BUILDING,13763,1110,34,,1,SPI
ASP-1111,ASP,1111,1111 Pia Finishing Swine,,,,,,,1987,2566,STORAGE BUILDING,13764,1111,34,,1,SPI
ASP-1112,ASP,1112,1112 Pia Finishing Swine,,,,,,,1987,2566,STORAGE BUILDING,13765,1112,34,,1,SPI
ASP-1113,ASP,1113,1113 Pia Finishing Swine,,,,,,,1987,2566,STORAGE BUILDING,13766,1113,34,,1,SPI
ASP-1114,ASP,1114,1114 Pia Finishing Swine,,,,,,,1987,2566,STORAGE BUILDING,13767,1114,34,,1,SPI
ASP-1115,ASP,1115,1115 Pia Finishing Swine,,,,,,,1987,2566,STORAGE BUILDING,13768,1115,34,,1,SPI
ASP-1116,ASP,1116,1116 Pia Finishing Swine,,,,,,,1987,2566,STORAGE BUILDING,13769,1116,34,,1,SPI
ASP-1117,ASP,1117,1117 Pia Finishing Swine,,,,,,,1987,2566,STORAGE BUILDING,13770,1117,34,,1,SPI
ASP-1118,ASP,1118,1118 Pia Finishing Swine,,,,,,,1987,2566,STORAGE BUILDING,13771,1118,34,,1,SPI
ASP-1119,ASP,1119,1119 Pia Finishing Swine,,,,,,,1987,2566,STORAGE BUILDING,13772,1119,34,,1,SPI
ASP-1120,ASP,1120,1120 Pia Finishing Swine,,,,,,,1987,2566,STORAGE BUILDING,13773,1120,34,,1,SPI
ASP-1121,ASP,1121,1121 Pia Finishing Swine,,,,,,,1987,2566,STORAGE BUILDING,13774,1121,34,,1,SPI
ASP-1130,ASP,1130,1130 Pia Growing Swine,,,,,,,1987,1318,SHED,13775,1130,34,,1,SPI
ASP-1131,ASP,1131,1131 Pia Growing Swine,,,,,,,1987,1318,SHED,13776,1131,34,,1,SPI
ASP-1132,ASP,1132,1132 Pia Growing Swine,,,,,,,1987,1318,SHED,13777,1132,34,,1,SPI
ASP-1133,ASP,1133,1133 Pia Growing Swine,,,,,,,1987,1318,SHED,13778,1133,34,,1,SPI
ASP-1140,ASP,1140,1140 Pia Farrowing Swine,,,,,,,1987,2907,BARN,13779,1140,34,,1,SPI
ASP-1141,ASP,1141,1141 Pia Farrowing Swine,,,,,,,1987,2907,BARN,13780,1141,34,,1,SPI
ASP-1142,ASP,1142,1142 Pia Farrowing Swine,,,,,,,1987,2907,BARN,13781,1142,34,,1,SPI
ASP-1143,ASP,1143,1143 Pia Farrowing Swine,,,,,,,1987,2907,BARN,13782,1143,34,,1,SPI
ASP-1150,ASP,1150,1150 Pia Nursery Swine,,,,,,,1987,2907,BARN,13783,1150,34,,1,SPI
ASP-1160,ASP,1160,1160 Pia Gestation Swine,,,,,,,1987,4876,BARN,13784,1160,34,,1,SPI
ASP-1161,ASP,1161,1161 Pia Gestation Swine,,,,,,,1987,4876,BARN,13785,1161,34,,1,SPI
ASP-1162,ASP,1162,1162 Pia Gestation Swine,,,,,,,1987,4176,BARN,13786,1162,34,,1,SPI
ASP-1163,ASP,1163,1163 Pia Gestation Swine,,,,,,,1987,4876,BARN,13787,1163,34,,1,SPI
ASP-1164,ASP,1164,1164 Pia Gestation Swine,,,,,,,1987,4876,BARN,13788,1164,34,,1,SPI
ASP-1170,ASP,1170,1170 Pia Sow Pens Swine,,,,,,,1987,3600,BARN,13789,1170,34,,1,SPI
ASP-1171,ASP,1171,1171 Pia Sow Pens Swine,,,,,,,1987,3600,BARN,13790,1171,34,,1,SPI
ASP-1172,ASP,1172,1172 Pia Sow Pens Swine,,,,,,,1987,3600,BARN,13791,1172,34,,1,SPI
ASP-1173,ASP,1173,1173 Pia Sow Pens Swine,,,,,,,1987,3600,BARN,13792,1173,34,,1,SPI
ASP-1190,ASP,1190,1190 Pia Bldg Used By Custody K-9,,,,,,,1987,1180,OFFICE (INSTITUTIONAL),13802,1190,34,,1,SPI
ASP-120,ASP,120,120 Housing Unit,,,,,,,1986,21210,DORMITORY,13693,120,34,,1,SPI
ASP-1210,ASP,1210,1210 Pia Brooders Chicken,,,,,,,1987,9866,BARN,13817,1210,34,,1,SPI
ASP-1211,ASP,1211,1211 Pia Brooders Chicken,,,,,,,1987,9866,BARN,13818,1211,34,,1,SPI
ASP-1212,ASP,1212,1212 Pia Brooders Chicken,,,,,,,1987,9866,BARN,13819,1212,34,,1,SPI
ASP-1220,ASP,1220,1220 Pia Pullets Chicken,,,,,,,1987,8640,BARN,13806,1220,34,,1,SPI
ASP-1221,ASP,1221,1221 Pia Pullets Chicken,,,,,,,1987,8640,BARN,13807,1221,34,,1,SPI
ASP-1222,ASP,1222,1222 Pia Pullets Chicken,,,,,,,1987,8640,BARN,13808,1222,34,,1,SPI
ASP-1230,ASP,1230,1230 Pia Egg Processing,,,,,,,1987,14302,STORAGE BUILDING,13805,1230,34,,1,SPI
ASP-1231,ASP,1231,1231 Pia Support Bldg,,,,,,,1987,1120,STORAGE BUILDING,13803,1231,34,,1,SPI
ASP-1232,ASP,1232,1232 Pia Support Bldg,,,,,,,1987,1120,STORAGE BUILDING,13804,1232,34,,1,SPI
ASP-1240,ASP,1240,1240 Pia Layers Chicken,,,,,,,1987,8640,BARN,13809,1240,34,,1,SPI
ASP-1241,ASP,1241,1241 Pia Layers Chicken,,,,,,,1987,8640,BARN,13810,1241,34,,1,SPI
ASP-1242,ASP,1242,1242 Pia Layers Chicken,,,,,,,1987,8640,BARN,13811,1242,34,,1,SPI
ASP-1243,ASP,1243,1243 Pia Layers Chicken,,,,,,,1987,8640,BARN,13812,1243,34,,1,SPI
ASP-1244,ASP,1244,1244 Pia Layers Chicken,,,,,,,1987,8640,BARN,13813,1244,34,,1,SPI
ASP-1245,ASP,1245,1245 Pia Layers Chicken,,,,,,,1987,8640,BARN,13814,1245,34,,1,SPI
ASP-1246,ASP,1246,1246 Pia Layers Chicken,,,,,,,1987,8640,BARN,13815,1246,34,,1,SPI
ASP-1247,ASP,1247,1247 Pia Layers Chicken,,,,,,,1987,8640,BARN,13816,1247,34,,1,SPI
ASP-130,ASP,130,130 Dormitory Housing,,,,,,,1997,13244,DORMITORY,39364,130,34,,1,SPI
ASP-1300,ASP,1300,1300 Firing Range,,,,,,,1986,1110,TRAINING FACILITY,13751,1300,34,,1,SPI
ASP-140,ASP,140,140 Housing Unit,,,,,,,1986,21210,DORMITORY,13694,140,34,,1,SPI
ASP-145,ASP,145,145 Transportation / Isudt,,,,,,,2010,2880,DORMITORY,51503,145,34,,1,SPI
ASP-150,ASP,150,"Education Building 150-Sap, On A-Yard",,,,,,,2002,4970,RELOCATABLE OFFICE,5089,150,34,,1,SPI
ASP-160,ASP,160,160 Academic Ed And Work Change,,,,,,,1986,3574,DORMITORY,13695,160,34,,1,SPI
ASP-165,ASP,165,165 Facility Support,,,,,,,1986,29002,OFFICE (INSTITUTIONAL),13696,165,34,,1,SPI
ASP-185,ASP,185,185 Vocational Ed,,,,,,,1986,12826,CLASSROOM,13697,185,34,,1,SPI
ASP-190,ASP,190,190 Receiving And Release,,,,,,,1986,3762,OFFICE (INSTITUTIONAL),13738,190,34,,1,SPI
ASP-210,ASP,210,210 Housing Unit,,,,,,,1986,21210,DORMITORY,13698,210,34,,1,SPI
ASP-220,ASP,220,220 Dormitory Housing,,,,,,,1997,13244,DORMITORY,39365,220,34,,1,SPI
ASP-230,ASP,230,230 Housing Unit,,,,,,,1986,21210,DORMITORY,13699,230,34,,1,SPI
ASP-250,ASP,250,250 Housing Unit,,,,,,,1986,21210,DORMITORY,13700,250,34,,1,SPI
ASP-260,ASP,260,260 Academic Ed And Work Change,,,,,,,1986,3574,CLASSROOM,13701,260,34,,1,SPI
ASP-265,ASP,265,265 Facility Support,,,,,,,1986,29002,OFFICE (INSTITUTIONAL),13702,265,34,,1,SPI
ASP-280,ASP,280,280 Pia Chair Factory,,,,,,,1986,10270,SHOP,13740,280,34,,1,SPI
ASP-285,ASP,285,285 Vocational Ed,,,,,,,1986,13733,CLASSROOM,13703,285,34,,1,SPI
ASP-290,ASP,290,290 Pia Furniture Factory,,,,,,,1986,63300,SHOP,13741,290,34,,1,SPI
ASP-310,ASP,310,310 Housing Unit,,,,,,,1986,21210,DORMITORY,13704,310,34,,1,SPI
ASP-320,ASP,320,320 Dormitory Housing,,,,,,,1997,13244,DORMITORY,39366,320,34,,1,SPI
ASP-330,ASP,330,330 Housing Unit,,,,,,,1986,21210,DORMITORY,13705,330,34,,1,SPI
ASP-340,ASP,340,340 Education Classroom,,,,,,,1995,2592,CLASSROOM,39374,340,34,,1,SPI
ASP-350,ASP,350,350 Housing Unit,,,,,,,1986,21210,DORMITORY,13706,350,34,,1,SPI
ASP-360,ASP,360,360 Academic Ed And Work Change,,,,,,,1986,3574,CLASSROOM,13707,360,34,,1,SPI
ASP-365,ASP,365,365 Facility Support,,,,,,,1986,29002,OFFICE (INSTITUTIONAL),13708,365,34,,1,SPI
ASP-385,ASP,385,385 Vocational Ed,,,,,,,1986,12826,CLASSROOM,13709,385,34,,1,SPI
ASP-390,ASP,390,390 Infirmary,,,,,,,1986,17442,HOSPITAL/CLINIC/TREATMENT CENTER,13742,390,34,,1,SPI
ASP-390A,ASP,390A,Bldg 390A - Inmate Waiting/Holding,,,,,,,2016,1060,HOSPITAL/CLINIC/TREATMENT CENTER,56587,390A,34,,1,SPI
ASP-395,ASP,395,395 Pharmacy,,,,,,,1996,1502,HOSPITAL/CLINIC/TREATMENT CENTER,39370,395,34,,1,SPI
ASP-410,ASP,410,410 Housing Unit,,,,,,,1986,21210,DORMITORY,13710,410,34,,1,SPI
ASP-420,ASP,420,420 Dormitory Housing,,,,,,,1997,13244,DORMITORY,39367,420,34,,1,SPI
ASP-430,ASP,430,430 Housing Unit,,,,,,,1986,21210,DORMITORY,13711,430,34,,1,SPI
ASP-440,ASP,440,440 Education Classroom,,,,,,,1995,2592,CLASSROOM,39375,440,34,,1,SPI
ASP-445,ASP,445,445 D Yard Dars,,,,,,,2009,6720,CLASSROOM,51117,445,34,,1,SPI
ASP-450,ASP,450,450 Housing Unit,,,,,,,1986,21210,DORMITORY,13712,450,34,,1,SPI
ASP-460,ASP,460,460 Academic Ed And Work Change,,,,,,,1986,3574,CLASSROOM,13713,460,34,,1,SPI
ASP-465,ASP,465,465 Facility Support,,,,,,,1986,29002,OFFICE (INSTITUTIONAL),13714,465,34,,1,SPI
ASP-485,ASP,485,485 Central Kitchen,,,,,,,1986,26245,KITCHEN,13739,485,34,,1,SPI
ASP-490,ASP,490,490 Medical/Dental Supply,,,,,,,2002,1800,OFFICE (INSTITUTIONAL),44285,490,34,,1,SPI
ASP-495,ASP,495,495 Correctional Clinical Case Mgmt,,,,,,,2003,1853,HOSPITAL/CLINIC/TREATMENT CENTER,44496,495,34,,1,SPI
ASP-510,ASP,510,510 Housing Unit,,,,,,,1986,21210,DORMITORY,13715,510,34,,1,SPI
ASP-520,ASP,520,520 Dormitory Housing,,,,,,,1997,13244,DORMITORY,39368,520,34,,1,SPI
ASP-530,ASP,530,530 Housing Unit,,,,,,,1986,21210,DORMITORY,13716,530,34,,1,SPI
ASP-550,ASP,550,550 Housing Unit,,,,,,,1986,21210,DORMITORY,13717,550,34,,1,SPI
ASP-560,ASP,560,560 Academic Ed And Work Change,,,,,,,1986,3574,CLASSROOM,13718,560,34,,1,SPI
ASP-565,ASP,565,565 Facility Support,,,,,,,1986,29002,OFFICE (INSTITUTIONAL),13719,565,34,,1,SPI
ASP-585,ASP,585,585 Vocational Ed,,,,,,,1986,8055,CLASSROOM,13720,585,34,,1,SPI
ASP-590,ASP,590,590 Pia Metal Fab,,,,,,,1986,59000,SHOP,13744,590,34,,1,SPI
ASP-610,ASP,610,610 Housing Unit,,,,,,,1986,21210,DORMITORY,13721,610,34,,1,SPI
ASP-620,ASP,620,620 Education Classroom,,,,,,,1986,2592,CLASSROOM,39376,620,34,,1,SPI
ASP-625,ASP,625,625 F Yard Dars,,,,,,,2009,6720,CLASSROOM,51118,625,34,,1,SPI
ASP-630,ASP,630,630 Housing Unit,,,,,,,1986,21210,DORMITORY,13722,630,34,,1,SPI
ASP-640,ASP,640,640 Dormitory Housing,,,,,,,1997,13244,DORMITORY,39369,640,34,,1,SPI
ASP-650,ASP,650,650 Housing Unit,,,,,,,1986,21210,DORMITORY,13723,650,34,,1,SPI
ASP-660,ASP,660,660 Academic Ed And Work Change,,,,,,,1986,3574,CLASSROOM,13725,660,34,,1,SPI
ASP-665,ASP,665,665 Facility Support,,,,,,,1986,29002,OFFICE (INSTITUTIONAL),13724,665,34,,1,SPI
ASP-685,ASP,685,685 Vocational Ed,,,,,,,1986,11464,CLASSROOM,13726,685,34,,1,SPI
ASP-690,ASP,690,690 Investigative Svc Unit Office/Avss,,,,,,,1986,3361,OFFICE (INSTITUTIONAL),13743,690,34,,1,SPI
ASP-695,ASP,695,695 Pia Laundry;Laundry,,,,laundry,,,1986,16800,LAUNDRY,13745,695,34,,2,SPI;MPAR2022:P-1617-00390
ASP-700,ASP,700,700 Medical Administration,,,,,,,2010,9360,OFFICE (INSTITUTIONAL),51502,700,34,,1,SPI
ASP-705,ASP,705,705 Plant Operations Maintenance Shop,,,,,,,1999,3000,SHOP,39954,705,34,,1,SPI
ASP-710,ASP,710,710 Family Visiting Handicap,,,,,,,1986,1408,VISITATION FACILITY,13727,710,34,,1,SPI
ASP-712,ASP,712,712 A/B Yard Medical Clinic,,,,,,,2010,5816,HOSPITAL/CLINIC/TREATMENT CENTER,51504,712,34,,1,SPI
ASP-720,ASP,720,720 Complex Administration,,,,,,,1986,14468,OFFICE (INSTITUTIONAL),13733,720,34,,1,SPI
ASP-730,ASP,730,730 Family Visiting,,,,,,,1986,1320,VISITATION FACILITY,13728,730,34,,1,SPI
ASP-734,ASP,734,734 C/D Yard Medical Clinic,,,,,,,2010,6528,HOSPITAL/CLINIC/TREATMENT CENTER,51501,734,34,,1,SPI
ASP-740,ASP,740,740 Family Visiting,,,,,,,1986,1320,VISITATION FACILITY,13729,740,34,,1,SPI
ASP-750,ASP,750,750 Complex Administration Security,,,,,,,1986,16995,OFFICE (INSTITUTIONAL),13734,750,34,,1,SPI
ASP-756,ASP,756,756 E/F Yard Medical Clinic,,,,,,,2010,5816,HOSPITAL/CLINIC/TREATMENT CENTER,51500,756,34,,1,SPI
ASP-760,ASP,760,760 Family Visiting,,,,,,,1986,1320,VISITATION FACILITY,13730,760,34,,1,SPI
ASP-770,ASP,770,770 Family Visiting,,,,,,,1986,1320,VISITATION FACILITY,13731,770,34,,1,SPI
ASP-780,ASP,780,780 Complex Administration,,,,,,,1986,14468,OFFICE (INSTITUTIONAL),13735,780,34,,1,SPI
ASP-790,ASP,790,790 Family Visiting,,,,,,,1986,1320,VISITATION FACILITY,13732,790,34,,1,SPI
ASP-795,ASP,795,795 Recycle And Salvage,,,,,,,1999,2000,EQUIPMENT/MAINTENANCE BUILDING,39955,795,34,,1,SPI
ASP-810,ASP,810,810 Central Administration,,,,,,,1986,26634,OFFICE (INSTITUTIONAL),13736,810,34,,1,SPI
ASP-815,ASP,815,Employee Health Services,,,,,,,1997,1440,RELOCATABLE OFFICE,114,815,34,,1,SPI
ASP-830,ASP,830,830 Visitor Processing,,,,,,,1986,3593,OFFICE (INSTITUTIONAL),13737,830,34,,1,SPI
ASP-840,ASP,840,"840 Ist Class Room ""A""",,,,,,,1995,1536,OFFICE (INSTITUTIONAL),39371,840,34,,1,SPI
ASP-845,ASP,845,845 Ist Offices,,,,,,,1995,1536,OFFICE (INSTITUTIONAL),39372,845,34,,1,SPI
ASP-850,ASP,850,"850 Ist Class Rooms ""B""/""C""",,,,,,,1995,1536,OFFICE (INSTITUTIONAL),39373,850,34,,1,SPI
ASP-910,ASP,910,910 State Garage,,,,,,,1986,2944,EQUIPMENT/MAINTENANCE BUILDING,13746,910,34,,1,SPI
ASP-920,ASP,920,920 Plant Operations Office,,,,,,,1986,4677,SHOP,13747,920,34,,1,SPI
ASP-925,ASP,925,925 Plant Operations Shops,,,,,,,1986,3780,SHOP,13748,925,34,,1,SPI
ASP-930,ASP,930,930 Warehouse,,,,,,,1986,155495,WAREHOUSE,13691,930,34,,1,SPI
ASP-940,ASP,940,940 Cogeneration Plant,,,,,,,1986,1800,UTILITY,13820,940,34,,1,SPI
ASP-950,ASP,950,950 Fire Station,,,,,,,1986,5818,FIREHOUSE/FOREST FIRE STATION,13749,950,34,,1,SPI
ASP-960,ASP,960,960 Armory,,,,,,,1986,1089,ARMORY,13750,960,34,,1,SPI
ASP-970,ASP,970,970 Lockshop,,,,,,,2001,1164,ARMORY,44284,970,34,,1,SPI
ASP-spi13683,ASP,,Tower 1,,,,,,,1986,81,LOOKOUT (GUARD STATION),13683,T-1,34,,1,SPI
ASP-spi13684,ASP,,Tower 2,,,,,,,1986,81,LOOKOUT (GUARD STATION),13684,T-2,34,,1,SPI
ASP-spi13685,ASP,,Tower 3,,,,,,,1986,81,LOOKOUT (GUARD STATION),13685,T-3,34,,1,SPI
ASP-spi13686,ASP,,Tower 4,,,,,,,1986,81,LOOKOUT (GUARD STATION),13686,T-4,34,,1,SPI
ASP-spi13687,ASP,,Tower 5,,,,,,,1986,81,LOOKOUT (GUARD STATION),13687,T-5,34,,1,SPI
ASP-spi13688,ASP,,Tower 6,,,,,,,1986,81,LOOKOUT (GUARD STATION),13688,T-6,34,,1,SPI
ASP-spi13689,ASP,,Tower 7,,,,,,,1986,81,LOOKOUT (GUARD STATION),13689,T-7,34,,1,SPI
ASP-spi13690,ASP,,Tower 8,,,,,,,1986,81,LOOKOUT (GUARD STATION),13690,T-8,34,,1,SPI
ASP-spi51540,ASP,,20 Small Management Exercise Yards,,,,,,,2009,3000,SMALL MANAGEMENT EXERCISE YARDS,51540,SMY,34,,1,SPI
CAL-210,CAL,210,Bldg. 210 - Water Treatment Office,,,,,,,1991,1000,OFFICE (INSTITUTIONAL),43664,BLDG. 210,9735,,1,SPI
CAL-211,CAL,211,Bldg. 211 - Booster Pump Station,,,,,,,1991,1000,PUMP/WELL HOUSE,43665,BLDG. 211,9735,,1,SPI
CAL-212,CAL,212,Bldg. 212 - Chemical Injection - Wtp,,,,,,,1991,500,WATER MONITORING STATION,43666,BLDG. 212,9735,,1,SPI
CAL-301,CAL,301,Bldg. 301 - Tower 1,,,,,,,1991,200,LOOKOUT (GUARD STATION),43667,BLDG. 301,9735,,1,SPI
CAL-302,CAL,302,Bldg. 302 - Tower 2,,,,,,,1991,200,LOOKOUT (GUARD STATION),43668,BLDG. 302,9735,,1,SPI
CAL-303,CAL,303,Bldg. 303 - Tower 3,,,,,,,1991,200,LOOKOUT (GUARD STATION),43669,BLDG. 303,9735,,1,SPI
CAL-304,CAL,304,Bldg. 304 - Tower 4,,,,,,,1991,200,LOOKOUT (GUARD STATION),43670,BLDG. 304,9735,,1,SPI
CAL-305,CAL,305,Bldg. 305 - Tower 5,,,,,,,1991,200,LOOKOUT (GUARD STATION),43671,BLDG. 305,9735,,1,SPI
CAL-306,CAL,306,Bldg. 306 - Tower 6,,,,,,,1991,200,LOOKOUT (GUARD STATION),43672,BLDG. 306,9735,,1,SPI
CAL-307,CAL,307,Bldg. 307 - Tower 7,,,,,,,1991,200,LOOKOUT (GUARD STATION),43673,BLDG. 307,9735,,1,SPI
CAL-308,CAL,308,Bldg. 308 - Tower 8,,,,,,,1991,200,LOOKOUT (GUARD STATION),43674,BLDG. 308,9735,,1,SPI
CAL-309,CAL,309,Bldg. 309 - Tower 9,,,,,,,1991,200,LOOKOUT (GUARD STATION),43675,BLDG. 309,9735,,1,SPI
CAL-310,CAL,310,Bldg. 310 - Tower 10,,,,,,,1991,200,LOOKOUT (GUARD STATION),43676,BLDG. 310,9735,,1,SPI
CAL-311,CAL,311,Bldg. 311 - Tower 11,,,,,,,1991,200,LOOKOUT (GUARD STATION),43677,BLDG. 311,9735,,1,SPI
CAL-312,CAL,312,Bldg. 312 - Tower 12,,,,,,,1991,200,LOOKOUT (GUARD STATION),43678,BLDG. 312,9735,,1,SPI
CAL-321,CAL,321,Bldg. 321 - Housing Unit A5,,,,,,,1991,25275,DORMITORY,43679,BLDG. 321,9735,,1,SPI
CAL-322,CAL,322,Bldg. 322 - Housing Unit A4,,,,,,,1991,23873,DORMITORY,43680,BLDG. 322,9735,,1,SPI
CAL-323,CAL,323,Bldg. 323 - Housing Unit A3,,,,,,,1991,23873,DORMITORY,43681,BLDG. 323,9735,,1,SPI
CAL-324,CAL,324,Bldg. 324 - Housing Unit A2,,,,,,,1991,23873,DORMITORY,43682,BLDG. 324,9735,,1,SPI
CAL-325,CAL,325,Bldg. 325 - Housing Unit A1,,,,,,,1991,23873,DORMITORY,43683,BLDG. 325,9735,,1,SPI
CAL-331,CAL,331,Bldg. 331 - Housing Unit B1,,,B,housing,,,1991,23873,DORMITORY,43684,BLDG. 331,9735,,3,SPI;MPAR2024:P-2324-00158;MPAR2025:P-2324-00156
CAL-332,CAL,332,Bldg. 332 - Housing Unit B2,,,B,housing,,,1991,23873,DORMITORY,43685,BLDG. 332,9735,,3,SPI;MPAR2024:P-2324-00158;MPAR2025:P-2324-00156
CAL-333,CAL,333,Bldg. 333 - Housing Unit B3,,,B,housing,,,1991,23873,DORMITORY,43686,BLDG. 333,9735,,3,SPI;MPAR2024:P-2324-00158;MPAR2025:P-2324-00156
CAL-334,CAL,334,Bldg. 334 - Housing Unit B4,,,B,housing,,,1991,23873,DORMITORY,43687,BLDG. 334,9735,,3,SPI;MPAR2024:P-2324-00158;MPAR2025:P-2324-00156
CAL-335,CAL,335,Bldg. 335 - Housing Unit B5,,,B,housing,,,1991,23873,DORMITORY,43688,BLDG. 335,9735,,3,SPI;MPAR2024:P-2324-00150;MPAR2025:P-2324-00156
CAL-341,CAL,341,Bldg. 341 - Housing Unit C5,,,,housing,,,1991,23873,DORMITORY,43689,BLDG. 341,9735,,2,SPI;MPAR2024:P-2324-00150
CAL-342,CAL,342,Bldg. 342 - Housing Unit C4,,,,housing,,,1991,23873,DORMITORY,43690,BLDG. 342,9735,,2,SPI;MPAR2024:P-2324-00150
CAL-343,CAL,343,Bldg. 343 - Housing Unit C3,,,,housing,,,1991,23873,DORMITORY,43691,BLDG. 343,9735,,2,SPI;MPAR2024:P-2324-00150
CAL-344,CAL,344,Bldg. 344 - Housing Unit C2,,,,,,,1991,23873,DORMITORY,43692,BLDG. 344,9735,,1,SPI
CAL-345,CAL,345,Bldg. 345 - Housing Unit C1,,,,,,,1991,23873,DORMITORY,43693,BLDG. 345,9735,,1,SPI
CAL-351,CAL,351,Bldg. 351 - Housing Unit D1,,,D,housing,,,1991,23873,DORMITORY,43694,BLDG. 351,9735,,2,SPI;MPAR2025:P-2324-00158
CAL-352,CAL,352,Bldg. 352 - Housing Unit D2,,,,,,,1991,23873,DORMITORY,43695,BLDG. 352,9735,,1,SPI
CAL-353,CAL,353,Bldg. 353 - Housing Unit D3,,,,,,,1991,23873,DORMITORY,43696,BLDG. 353,9735,,1,SPI
CAL-354,CAL,354,Bldg. 354 - Housing Unit D4,,,D,housing,,,1991,23873,DORMITORY,43697,BLDG. 354,9735,,2,SPI;MPAR2025:P-2324-00158
CAL-355,CAL,355,Bldg. 355 - Housing Unit D5,,,D,housing,,,1991,23873,DORMITORY,43698,BLDG. 355,9735,,2,SPI;MPAR2025:P-2324-00158
CAL-360,CAL,360,Bldg 360 Admin Segregation Housing Unit,,,,,,,2003,25204,DORMITORY,50271,BLDG. 360,9735,,1,SPI
CAL-360EX,CAL,360EX,Bldg 360 Ex - 20 Sm. Mgmt Exercise Yard,,,,,,,2009,3000,SMALL MANAGEMENT EXERCISE YARDS,51555,BLDG 360EX,9735,,1,SPI
CAL-420,CAL,420,Bldg. 420-Central Operations,,,,,,,1991,6165,OFFICE (INSTITUTIONAL),43831,BLDG. 420,9735,,1,SPI
CAL-421,CAL,421,Bldg. 421-Facility A Program Services,,,,,,,1991,24743,OFFICE (INSTITUTIONAL),43832,BLDG. 421,9735,,1,SPI
CAL-423,CAL,423,Bldg. 423-Facility Food Service A-Yard,,,,,,,1991,12800,DINING/CAFETERIA,43833,BLDG. 423,9735,,1,SPI
CAL-430,CAL,430,Bldg. 430-Central Control A-B Visiting,,,,,,,1991,19877,VISITATION FACILITY,43834,BLDG. 430,9735,,1,SPI
CAL-431,CAL,431,Bldg. 431-Facility B Program Services,,,,,,,1991,24743,OFFICE (INSTITUTIONAL),43835,BLDG. 431,9735,,1,SPI
CAL-433,CAL,433,Bldg. 433-Facility Food Service B-Yard,,,,,,,1991,12800,DINING/CAFETERIA,43836,BLDG. 433,9735,,1,SPI
CAL-440,CAL,440,Bldg. 440-Complex Control C/D Visiting,,,,,,,1991,19877,VISITATION FACILITY,43837,BLDG. 440,9735,,1,SPI
CAL-441,CAL,441,Bldg. 441 - Facility C Program Services,,,,,,,1991,24743,OFFICE (INSTITUTIONAL),43699,BLDG. 441,9735,,1,SPI
CAL-443,CAL,443,Bldg. 443 - Facility Food Service C-Yard,,,,,,,1991,12800,DINING/CAFETERIA,43700,BLDG. 443,9735,,1,SPI
CAL-451,CAL,451,Bldg. 451 - Facility D Program Services,,,,,,,1991,24743,OFFICE (INSTITUTIONAL),43701,BLDG. 451,9735,,1,SPI
CAL-453,CAL,453,Bldg. 453 - Facility Food Service D-Yard,,,,,,,1991,12800,DINING/CAFETERIA,43702,BLDG. 453,9735,,1,SPI
CAL-460,CAL,460,Bldg. 460 - Receiving And Release,,,,,,,1991,4965,OFFICE (INSTITUTIONAL),43703,BLDG. 460,9735,,1,SPI
CAL-461,CAL,461,Bldg. 461 - Central Health Infirmary,,,,,,,1991,15620,HOSPITAL/CLINIC/TREATMENT CENTER,43704,BLDG. 461,9735,,1,SPI
CAL-462,CAL,462,Bldg. 462 - Central Kitchen,,,,,,,1991,21050,DINING/CAFETERIA,43705,BLDG. 462,9735,,1,SPI
CAL-463,CAL,463,Bldg. 463 - Armory / Lockshop,,,,,,,1991,1720,ARMORY,43706,BLDG. 463,9735,,1,SPI
CAL-501,CAL,501,Bldg 501 - Office Trailer,,,,,,,,1440,RELOCATABLE OFFICE,51487,BLDG 501,9735,,1,SPI
CAL-502,CAL,502,Bldg. 502 - Custody Training Classroom,,,,,,,1991,12195,SHOP,43707,BLDG. 502,9735,,1,SPI
CAL-504,CAL,504,Bldg 504 - Medical Administration Office,,,,,,,1991,13916,OFFICE (INSTITUTIONAL),43708,BLDG. 504,9735,,1,SPI
CAL-505,CAL,505,Bldg 505 Office Trailer,,,,,,,1999,960,RELOCATABLE OFFICE,45491,505,9735,,1,SPI
CAL-506,CAL,506,Bldg. 506 - Office Trailer,,,,,,,2009,2135,RELOCATABLE OFFICE,57908,BLDG. 506,9735,,1,SPI
CAL-510,CAL,510,Bldg. 510 - Recycle & Salvage Project,,,,,,,1991,1936,EQUIPMENT/MAINTENANCE BUILDING,43709,BLDG. 510,9735,,1,SPI
CAL-512,CAL,512,Bldg. 512 - Accounting Office,,,,,,,2000,1400,OFFICE (INSTITUTIONAL),44250,BLDG. 512,9735,,1,SPI
CAL-514,CAL,514,Bldg 514 - Fire Chief Office,,,,,,,2012,241,OFFICE (INSTITUTIONAL),55162,BLDG 514,9735,,1,SPI
CAL-521,CAL,521,Bldg. 521-Vocational Edu A-Yard/Calctra,,,,,,,1991,2290,CLASSROOM,43710,BLDG. 521,9735,,1,SPI
CAL-522,CAL,522,Bldg. 522 - Vocational Education B-Yard,,,,,,,1991,2290,CLASSROOM,43711,BLDG. 522,9735,,1,SPI
CAL-523,CAL,523,Bldg. 523 - Vocational Education C-Yard,,,,,,,1991,2290,CLASSROOM,43712,BLDG. 523,9735,,1,SPI
CAL-524,CAL,524,Bldg. 524 - Vocational Education C-Yard,,,,,,,1991,2290,CLASSROOM,43713,BLDG. 524,9735,,1,SPI
CAL-525,CAL,525,Bldg. 525 - Vocational Education D-Yard,,,,,,,1991,2290,CLASSROOM,43714,BLDG. 525,9735,,1,SPI
CAL-531,CAL,531,Bldg. 531-Facility A Food Srvc Satelite,,,,,,,1991,3970,DINING/CAFETERIA,43715,BLDG. 531,9735,,1,SPI
CAL-532,CAL,532,Bldg. 532-Facility B Food Srvc Satelite,,,,,,,1991,3970,DINING/CAFETERIA,43716,BLDG. 532,9735,,1,SPI
CAL-533,CAL,533,Bldg. 533-Facility C Food Srvc Satelite,,,,,,,1991,3970,DINING/CAFETERIA,43717,BLDG. 533,9735,,1,SPI
CAL-534,CAL,534,Bldg. 534-Facility D Food Srvc Satelite,,,,,,,1991,3970,DINING/CAFETERIA,43718,BLDG. 534,9735,,1,SPI
CAL-551,CAL,551,Bldg. 551 - Central Maintenence,,,,,,,1991,8220,SHOP,43719,BLDG. 551,9735,,1,SPI
CAL-552,CAL,552,Bldg. 552 - Facility A Bldg Maintenance,,,,,,,1991,2550,SHOP,43720,BLDG. 552,9735,,1,SPI
CAL-553,CAL,553,Bldg. 553 - Vehicle Maintenance,,,,,,,1991,6470,GARAGE/PARKING STRUCTURE,43721,BLDG. 553,9735,,1,SPI
CAL-554,CAL,554,Bldg. 554 - Facility C Bldg Maintenance,,,,,,,1991,2550,SHOP,43722,BLDG. 554,9735,,1,SPI
CAL-555,CAL,555,Bldg. 555 - Facility D Bldg Maintenance,,,,,,,1991,2550,SHOP,43723,BLDG. 555,9735,,1,SPI
CAL-561,CAL,561,Bldg. 561 - Work Change Facility - A,,,,,,,1991,625,WORK CHANGE,43724,BLDG. 561,9735,,1,SPI
CAL-562,CAL,562,Bldg. 562 - Work Change Facility - B,,,,,,,1991,625,WORK CHANGE,43725,BLDG. 562,9735,,1,SPI
CAL-563,CAL,563,Bldg. 563 - Work Change Facility - C,,,,,,,1991,625,WORK CHANGE,43726,BLDG. 563,9735,,1,SPI
CAL-564,CAL,564,Bldg. 564-Work Change - Facility D,,,,,,,1991,625,WORK CHANGE,43838,BLDG. 564,9735,,1,SPI
CAL-570,CAL,570,Bldg. 570 - Violatile Storage Facility-A,,,,,,,1991,100,STORAGE,43727,BLDG. 570,9735,,1,SPI
CAL-571,CAL,571,Bldg. 571 - Violatile Storage Facility-B,,,,,,,1991,100,STORAGE,43728,BLDG. 571,9735,,1,SPI
CAL-572,CAL,572,Bldg. 572 - Violatile Storage Facility-C,,,,,,,1991,100,STORAGE,43729,BLDG. 572,9735,,1,SPI
CAL-573,CAL,573,Bldg. 573 - Violatile Storage Facility-D,,,,,,,1991,100,STORAGE,43730,BLDG. 573,9735,,1,SPI
CAL-574,CAL,574,Bldg. 574 - Violatile Storage Outside,,,,,,,1991,880,STORAGE,43731,BLDG. 574,9735,,1,SPI
CAL-575,CAL,575,Bldg. 575 Chemical Storage Building,,,,,,,1993,180,STORAGE BUILDING,45492,575,9735,,1,SPI
CAL-576,CAL,576,Bldg. 576 Chemical Storage Building,,,,,,,1993,180,STORAGE BUILDING,45493,576,9735,,1,SPI
CAL-602,CAL,602,Bldg. 602-Generator Building,,,,,,,1991,3444,UTILITY,43839,BLDG. 602,9735,,1,SPI
CAL-604,CAL,604,Bldg. 604 - Chiller Plant,,,,,,,1991,7164,UTILITY,43732,BLDG. 604,9735,,1,SPI
CAL-700,CAL,700,Bldg.700-General Warehouse/Pia Warehouse,,,,,,,1991,62000,WAREHOUSE,43733,BLDG. 700,9735,,1,SPI
CAL-701,CAL,701,Bldg.701 - Firehouse,,,,,,,1991,3800,FIREHOUSE/FOREST FIRE STATION,43734,BLDG. 701,9735,,1,SPI
CAL-703,CAL,703,Bldg. 703-Pia / Laundry,,,,,,,1991,9300,LAUNDRY,43840,BLDG. 703,9735,,1,SPI
CAL-800,CAL,800,Bldg.800 - Central Administration,,,,,,,1991,29290,OFFICE (INSTITUTIONAL),43736,BLDG. 800,9735,,1,SPI
CAL-801,CAL,801,Bldg. 801 - Family Visiting A & B,,,,,,,1991,3203,VISITATION FACILITY,43737,BLDG. 801,9735,,1,SPI
CAL-802,CAL,802,Bldg. 802 - Family Visiting C & D,,,,,,,1991,3255,VISITATION FACILITY,43738,BLDG. 802,9735,,1,SPI
CAL-803,CAL,803,Bldg. 803 - Weapons Training Classroom,,,,,,,1991,912,CLASSROOM,43739,BLDG. 803,9735,,1,SPI
CAL-804,CAL,804,Bldg. 804 - Firing Range Canopy,,,,,,,1991,2460,TRAINING FACILITY,43740,BLDG. 804,9735,,1,SPI
CAL-805,CAL,805,Bldg. 805 - Visitor Processing,,,,,,,1991,3300,OFFICE (INSTITUTIONAL),43741,BLDG. 805,9735,,1,SPI
CAL-806,CAL,806,Bldg. 806 - Sallyport Officer'S Station,,,,,,,1991,144,LOOKOUT (GUARD STATION),43742,BLDG. 806,9735,,1,SPI
CAL-807,CAL,807,Bldg. 807 - Entrance Gate House,,,,,,,1991,104,LOOKOUT (GUARD STATION),43743,BLDG. 807,9735,,1,SPI
CAL-901,CAL,901,Bldg. 901 - Level I Housing Dorm #1,,,,,,,1991,16850,DORMITORY,43744,BLDG. 901,9735,,1,SPI
CAL-902,CAL,902,Bldg. 902 - Level I Housing Dorm #2,,,,,,,1991,16850,DORMITORY,43745,BLDG. 902,9735,,1,SPI
CAL-903,CAL,903,Bldg. 903 - Level I Program Support,,,,,,,1991,11550,OFFICE (INSTITUTIONAL),43746,BLDG. 903,9735,,1,SPI
CAL-904,CAL,904,Bldg. 904 - Family Visiting Level I,,,,,,,1991,858,VISITATION FACILITY,43747,BLDG. 904,9735,,1,SPI
CAL-905,CAL,905,Bldg. 905-Visiting/Support Servc Level 1,,,,,,,1991,5400,VISITATION FACILITY,43748,BLDG. 905,9735,,1,SPI
CAL-central-health-services,CAL,,Central Health Services,,,,health_care,,,,,,,,,,4,MPAR2022:P-1415-00088;Sep_2020_Quarterly-ADA_Final;September2021QuarterlyReport-ADA;sen_sub5_agenda_2021-02-11
CCI-47,CCI,47,Vocation,,,A,program,,,,,,,,,,1,MPAR2022:P-1415-00110
CCI-57,CCI,57,Vocation,,,B,program,,,,,,,,,,1,MPAR2022:P-1415-00114
CCI-A5,CCI,A5,,,,,housing,,,,,,,,,,1,coleman_ecf8558-1_heat_report_exhibits_2025-02-28
CCI-B5,CCI,B5,,,,,housing,,,,,,,,,,1,coleman_ecf8558-1_heat_report_exhibits_2025-02-28
CCI-C21,CCI,C21,Laundry/Food Service Building,,,,,,,,,,,,,,1,MPAR2022:P-2122-00132
CCI-J1,CCI,J1,Facility C Bldg J1,,,,,,,,625,DORMITORY,29086,,40,,1,SPI
CCI-J2,CCI,J2,Facility C Bldg J2,,,,,,,,100,DORMITORY,29087,,40,,1,SPI
CCI-J6,CCI,J6,Facility C Bldg J6,,,,,,,,96,LOOKOUT (GUARD STATION),29088,,40,,1,SPI
CCI-central-kitchen,CCI,,Central Kitchen,,,,kitchen,,,,,,,,,,1,MPAR2022:P-2122-00096
CCI-facility-c-kitchen,CCI,,Facility C Kitchen,,,C,kitchen,,,,,,,,,,1,MPAR2024:P-2122-00096
CCI-spi29028,CCI,,Facility E - Administration Building,,,,,,,,18527,OFFICE (INSTITUTIONAL),29028,29028,40,,1,SPI
CCI-spi29029,CCI,,Rex Deal Hall,,,,,,,,4961,DORMITORY,29029,,40,,1,SPI
CCI-spi29030,CCI,,Briggs Hall,,,,,,,,11413,DORMITORY,29030,,40,,1,SPI
CCI-spi29031,CCI,,Davis Hall,,,,,,,,11097,DORMITORY,29031,,40,,1,SPI
CCI-spi29032,CCI,,Van Wesson Hall,,,,,,,,19742,DORMITORY,29032,,40,,1,SPI
CCI-spi29033,CCI,,Clark Hall,,,,,,,,18406,DORMITORY,29033,,40,,1,SPI
CCI-spi29034,CCI,,Willard Hall,,,,,,,,11045,DORMITORY,29034,,40,,1,SPI
CCI-spi29035,CCI,,Security Administration Building,,,,,,,,3014,OFFICE (INSTITUTIONAL),29035,,40,,1,SPI
CCI-spi29036,CCI,,Facility E Family Visiting Duplex,,,,,,,,1512,RESIDENCE (MULTI-FAMILY),29036,,40,,1,SPI
CCI-spi29037,CCI,,Family Visiting Trailer  - Facility E,,,,,,,,864,RELOCATABLE RESIDENCE,29037,,40,,1,SPI
CCI-spi29038,CCI,,Facility E Canteen,,,,,,,,1568,KITCHEN,29038,,40,,1,SPI
CCI-spi29039,CCI,,Facility E - Dining Hall,,,,,,,,13308,DINING/CAFETERIA,29039,,40,,1,SPI
CCI-spi29040,CCI,,Hut # 1,,,,,,,,1000,OFFICE (INSTITUTIONAL),29040,,40,,1,SPI
CCI-spi29041,CCI,,Hut # 2,,,,,,,,1000,OFFICE (INSTITUTIONAL),29041,,40,,1,SPI
CCI-spi29042,CCI,,Hut # 3,,,,,,,,1000,USED BY STATE PROGRAM,29042,,40,,1,SPI
CCI-spi29043,CCI,,Hut # 4,,,,,,,,1000,USED BY STATE PROGRAM,29043,,40,,1,SPI
CCI-spi29044,CCI,,Facility E - Visiting Room,,,,,,,,4500,VISITATION FACILITY,29044,,40,,1,SPI
CCI-spi29045,CCI,,Support Warehouse,,,,,,,,45360,WAREHOUSE,29045,,40,,1,SPI
CCI-spi29046,CCI,,Facility E - Clothing Factory,,,,,,,,15128,SHOP,29046,,40,,1,SPI
CCI-spi29047,CCI,,Facility E - Pia Warehouse,,,,,,,,8046,STORAGE BUILDING,29047,,40,,1,SPI
CCI-spi29048,CCI,,Facility E Pia/Maintenance Warehouse,,,,,,,,14400,WAREHOUSE,29048,,40,,1,SPI
CCI-spi29049,CCI,,Motor Pool,,,,,,,,5000,GARAGE/PARKING STRUCTURE,29049,,40,,1,SPI
CCI-spi29050,CCI,,Chemical Storage,,,,,,,,1800,SHED,29050,,40,,1,SPI
CCI-spi29051,CCI,,Facility E - Voc Shops-Dom Auto/M&C,,,,,,,,11712,SHOP,29051,,40,,1,SPI
CCI-spi29052,CCI,,Facility E - Maint Shops,,,,,,,,18932,SHOP,29052,,40,,1,SPI
CCI-spi29053,CCI,,Facility E Voc Uph/B&F,,,,,,,,6762,CLASSROOM,29053,,40,,1,SPI
CCI-spi29054,CCI,,Maint Supply Shed,,,,,,,,8000,SHED,29054,,40,,1,SPI
CCI-spi29055,CCI,,West Gate House,,,,,,,,64,LOOKOUT (GUARD STATION),29055,,40,,1,SPI
CCI-spi29056,CCI,,Facility E - Library,,,,,,,,3801,LIBRARY,29056,,40,,1,SPI
CCI-spi29057,CCI,,Bldg E,,,,,,,,16864,DORMITORY,29057,,40,,1,SPI
CCI-spi29058,CCI,,Bldg F,,,,,,,,16864,DORMITORY,29058,,40,,1,SPI
CCI-spi29059,CCI,,Family Visiting Fourplex,,,,,,,,2447,RESIDENCE (MULTI-FAMILY),29059,,40,,1,SPI
CCI-spi29061,CCI,,Facility E - Activity Bldg (Gym),,,,,,,,13024,GYMNASIUM,29061,,40,,1,SPI
CCI-spi29062,CCI,,Firehouse,,,,,,,,4865,FIREHOUSE/FOREST FIRE STATION,29062,,40,,1,SPI
CCI-spi29063,CCI,,Boiler House,,,,,,,,6241,UTILITY,29063,,40,,1,SPI
CCI-spi29064,CCI,,Bldg J,,,,,,,,46460,DORMITORY,29064,,40,,1,SPI
CCI-spi29065,CCI,,Bldg G,,,,,,,,34077,DORMITORY,29065,,40,,1,SPI
CCI-spi29066,CCI,,Bldg B,,,,,,,,18600,DORMITORY,29066,,40,,1,SPI
CCI-spi29067,CCI,,Facility D - Gym,,,,,,,,9215,GYMNASIUM,29067,,40,,1,SPI
CCI-spi29068,CCI,,Facility D Chapel,,,,,,,,9215,CHAPEL,29068,,40,,1,SPI
CCI-spi29069,CCI,,Bldg C,,,,,,,,37800,DORMITORY,29069,,40,,1,SPI
CCI-spi29070,CCI,,Mail Room,,,,,,,,2541,MAILROOM/REPRODUCTION,29070,,40,,1,SPI
CCI-spi29071,CCI,,Facility C Hsg Unit 1,,,,,,,,11366,OFFICE (INSTITUTIONAL),29071,,40,,1,SPI
CCI-spi29073,CCI,,Sub-Administration-A,,,,,,,,2319,OFFICE (INSTITUTIONAL),29073,,40,,1,SPI
CCI-spi29074,CCI,,Personnel,,,,,,,,2057,OFFICE (INSTITUTIONAL),29074,,40,,1,SPI
CCI-spi29075,CCI,,Facility C Hsg Unit 1,,,,,,,1988,24747,DORMITORY,29075,,40,,1,SPI
CCI-spi29076,CCI,,Facility C Hsg Unit 2,,,,,,,1988,24747,DORMITORY,29076,,40,,1,SPI
CCI-spi29077,CCI,,Facility C Hsg Unit 3,,,,,,,1988,24747,DORMITORY,29077,,40,,1,SPI
CCI-spi29078,CCI,,Facility C Hsg Unit 4,,,,,,,1988,24747,DORMITORY,29078,,40,,1,SPI
CCI-spi29079,CCI,,Facility C Hsg Unit 5,,,,,,,1988,24747,DORMITORY,29079,,40,,1,SPI
CCI-spi29080,CCI,,Facility C Fs/Gym/Svs,,,,,,,1988,27174,OFFICE (INSTITUTIONAL),29080,,40,,1,SPI
CCI-spi29081,CCI,,Facility C Bldg B,,,,,,,1988,7320,DORMITORY,29081,,40,,1,SPI
CCI-spi29082,CCI,,Facility C Bldg D,,,,,,,1988,1000,LOOKOUT (GUARD STATION),29082,,40,,1,SPI
CCI-spi29083,CCI,,Facility C Bldg E,,,,,,,1988,11653,DORMITORY,29083,,40,,1,SPI
CCI-spi29084,CCI,,Facility C F&G,,,,,,,,36160,DORMITORY,29084,,40,,1,SPI
CCI-spi29085,CCI,,Facility C Bldg H,,,,,,,,3120,DORMITORY,29085,,40,,1,SPI
CCI-spi29089,CCI,,Facility C R&R,,,,,,,1988,2250,OFFICE (INSTITUTIONAL),29089,,40,,1,SPI
CCI-spi29091,CCI,,Waste Water Treatemnt Plant Trailer,,,,,,,,720,OFFICE (INSTITUTIONAL),29091,,40,,1,SPI
CCI-spi29092,CCI,,Facility E Medical Treatment Facility,,,,,,,,720,RELOCATABLE MEDICAL FACILITY,29092,,40,,1,SPI
CCI-spi29093,CCI,,Facility A Units 1-4,,,,,,,1985,86988,DORMITORY,29093,,40,,1,SPI
CCI-spi29094,CCI,,Facility B Units 1-4,,,,,,,1985,86960,DORMITORY,29094,,40,,1,SPI
CCI-spi29095,CCI,,Facility B Hsg Units 5-8 & Support Bldg,,,,,,,1985,86988,DORMITORY,29095,,40,,1,SPI
CCI-spi29096,CCI,,Facility A Hsg Units 5-8 & Support Bldg,,,,,,,1985,86960,DORMITORY,29096,,40,,1,SPI
CCI-spi29097,CCI,,Facility A Canteen,,,,,,,1985,540,KITCHEN,29097,,40,,1,SPI
CCI-spi29098,CCI,,Facility B Canteen,,,,,,,1985,540,KITCHEN,29098,,40,,1,SPI
CCI-spi29099,CCI,,Residence # 1,,,,,,,,2104,RESIDENCE (SINGLE FAMILY),29099,,40,,1,SPI
CCI-spi29100,CCI,,Residence # 2,,,,,,,,1716,RESIDENCE (SINGLE FAMILY),29100,,40,,1,SPI
CCI-spi29101,CCI,,Residence # 3,,,,,,,,1811,RESIDENCE (SINGLE FAMILY),29101,,40,,1,SPI
CCI-spi29102,CCI,,Residence # 4,,,,,,,,1962,RESIDENCE (SINGLE FAMILY),29102,,40,,1,SPI
CCI-spi29103,CCI,,Reception Information Center,,,,,,,,4900,OFFICE (INSTITUTIONAL),29103,,40,,1,SPI
CCI-spi29104,CCI,,Facility E Clothing Room,,,,,,,,1938,STORAGE BUILDING,29104,,40,,1,SPI
CCI-spi29105,CCI,,Facility A Family Visiting,,,,,,,1985,1825,VISITATION FACILITY,29105,,40,,1,SPI
CCI-spi29106,CCI,,Facility B - Family Visiting,,,,,,,1985,1825,VISITATION FACILITY,29106,,40,,1,SPI
CCI-spi29107,CCI,,Sewage Plant Office,,,,,,,,820,OFFICE (INSTITUTIONAL),29107,,40,,1,SPI
CCI-spi29108,CCI,,Camp Office,,,,,,,,830,OFFICE (INSTITUTIONAL),29108,,40,,1,SPI
CCI-spi29109,CCI,,Water Treatment Plant,,,,,,,1984,6100,UTILITY,29109,,40,,1,SPI
CCI-spi29110,CCI,,Towers,,,,,,,,6364,LOOKOUT (GUARD STATION),29110,,40,,1,SPI
CCI-spi43433,CCI,,Range,,,,,,,1998,912,TRAINING FACILITY,43433,,40,,1,SPI
CCI-spi43434,CCI,,Armory,,,,,,,1997,1252,ARMORY,43434,,40,,1,SPI
CCI-spi43520,CCI,,Facility B - Chapel,,,,,,,1986,4320,CHAPEL,43520,,40,,1,SPI
CCI-spi43521,CCI,,Facility B Outside Visiting,,,,,,,1986,2050,VISITATION FACILITY,43521,,40,,1,SPI
CCI-spi43522,CCI,,Facility B Gymnasium,,,,,,,1986,10800,GYMNASIUM,43522,,40,,1,SPI
CCI-spi43523,CCI,,Facility B Visiting,,,,,,,1986,9504,VISITATION FACILITY,43523,,40,,1,SPI
CCI-spi43524,CCI,,Facility B Support Services,,,,,,,1986,33784,OFFICE (INSTITUTIONAL),43524,,40,,1,SPI
CCI-spi43525,CCI,,Facility B - Infirmay,,,,,,,1986,9082,HOSPITAL/CLINIC/TREATMENT CENTER,43525,,40,,1,SPI
CCI-spi43526,CCI,,Facility B Dining Hall #1,,,,,,,1986,3431,DINING/CAFETERIA,43526,,40,,1,SPI
CCI-spi43527,CCI,,Facility B Dining Hall #2,,,,,,,1986,3431,DINING/CAFETERIA,43527,,40,,1,SPI
CCI-spi43528,CCI,,Facility B Dining Hall #3,,,,,,,1986,3431,DINING/CAFETERIA,43528,,40,,1,SPI
CCI-spi43529,CCI,,Facility B Dining Hall #4,,,,,,,1986,3431,DINING/CAFETERIA,43529,,40,,1,SPI
CCI-spi43530,CCI,,Facility B Indusrial Training,,,,,,,1986,11200,CLASSROOM,43530,,40,,1,SPI
CCI-spi43531,CCI,,Facility B Vocational Training,,,,,,,1986,13420,CLASSROOM,43531,,40,,1,SPI
CCI-spi43532,CCI,,Storage Undermain Tower - Dvb,,,,,,,1986,144,STORAGE,43532,,40,,1,SPI
CCI-spi43533,CCI,,Facility A Chapel,,,,,,,1986,4320,CHAPEL,43533,,40,,1,SPI
CCI-spi43534,CCI,,Facility A Outside Visiting,,,,,,,1986,2520,VISITATION FACILITY,43534,,40,,1,SPI
CCI-spi43535,CCI,,Facility A Visiting,,,,,,,1986,9504,VISITATION FACILITY,43535,,40,,1,SPI
CCI-spi43536,CCI,,Facility A Gymnasium,,,,,,,1986,10800,GYMNASIUM,43536,,40,,1,SPI
CCI-spi43537,CCI,,Facility A Support Services,,,,,,,1986,33784,OFFICE (INSTITUTIONAL),43537,,40,,1,SPI
CCI-spi43538,CCI,,Facilty A Dining Hall #1,,,,,,,1986,3431,DINING/CAFETERIA,43538,,40,,1,SPI
CCI-spi43539,CCI,,Facility A Dining Hall #2,,,,,,,1986,3431,DINING/CAFETERIA,43539,,40,,1,SPI
CCI-spi43540,CCI,,Facility A Dining Hall #3,,,,,,,1986,3431,DINING/CAFETERIA,43540,,40,,1,SPI
CCI-spi43541,CCI,,Facility A Dining Hall #4,,,,,,,1986,3431,DINING/CAFETERIA,43541,,40,,1,SPI
CCI-spi43542,CCI,,Facility A Pia Industrial Training,,,,,,,1986,11200,CLASSROOM,43542,,40,,1,SPI
CCI-spi43543,CCI,,Facility A Vocational Training,,,,,,,1986,15420,CLASSROOM,43543,,40,,1,SPI
CCI-spi43544,CCI,,Facility A Storage Under Main Tower,,,,,,,1986,144,STORAGE,43544,,40,,1,SPI
CCI-spi43545,CCI,,Facility C Building C - Kitchen,,,,,,,1989,13846,KITCHEN,43545,,40,,1,SPI
CCI-spi43546,CCI,,Facility C Gatehouse,,,,,,,1989,96,LOOKOUT (GUARD STATION),43546,,40,,1,SPI
CCI-spi43547,CCI,,Facility D Gatehouse,,,,,,,,80,LOOKOUT (GUARD STATION),43547,,40,,1,SPI
CCI-spi43548,CCI,,Facility E Education/Tv Specialist,,,,,,,,2000,CLASSROOM,43548,,40,,1,SPI
CCI-spi43549,CCI,,Facility E Plant Operations,,,,,,,,18735,OFFICE (INSTITUTIONAL),43549,,40,,1,SPI
CCI-spi43550,CCI,,Outside Booster Pump House,,,,,,,,708,PUMP/WELL HOUSE,43550,,40,,1,SPI
CCI-spi43551,CCI,,Rifle Range,,,,,,,,160,ARMORY,43551,,40,,1,SPI
CCI-spi43552,CCI,,West Gate Crew House,,,,,,,,135,WORK CHANGE,43552,,40,,1,SPI
CCI-spi43553,CCI,,Personnel,,,,,,,,2985,OFFICE (INSTITUTIONAL),43553,,40,,1,SPI
CCI-spi43554,CCI,,Accounting,,,,,,,,2340,OFFICE (INSTITUTIONAL),43554,,40,,1,SPI
CCI-spi43555,CCI,,Pia Warehouse,,,,,,,,8046,WAREHOUSE,43555,,40,,1,SPI
CCI-spi43556,CCI,,Friends Outside,,,,,,,1986,2200,RELOCATABLE OFFICE,43556,,40,,1,SPI
CCI-spi43557,CCI,,Rasp Recycle,,,,,,,1995,2000,EQUIPMENT/MAINTENANCE BUILDING,43557,,40,,1,SPI
CCI-spi43559,CCI,,Facility D Tower,,,,,,,,192,LOOKOUT (GUARD STATION),43559,,40,,1,SPI
CCI-spi43560,CCI,,Well House #1,,,,,,,,113,PUMP/WELL HOUSE,43560,,40,,1,SPI
CCI-spi43561,CCI,,Well House #2,,,,,,,,113,PUMP/WELL HOUSE,43561,,40,,1,SPI
CCI-spi43562,CCI,,Well House #3,,,,,,,,113,PUMP/WELL HOUSE,43562,,40,,1,SPI
CCI-spi43749,CCI,,Facility E Weight Shack,,,,,,,1986,1900,RECREATION BUILDING,43749,,40,,1,SPI
CCI-spi43750,CCI,,Heater House,,,,,,,1986,192,SHED,43750,,40,,1,SPI
CCI-spi43751,CCI,,Tool Shed,,,,,,,1986,176,SHED,43751,,40,,1,SPI
CCI-spi43753,CCI,,Spot By Dump,,,,,,,1986,36,STORAGE,43753,,40,,1,SPI
CCI-spi43754,CCI,,Facility D Weight Shack,,,,,,,1986,3000,RECREATION BUILDING,43754,,40,,1,SPI
CCI-spi43841,CCI,,Facility C Small Management Yards,,,,,,,2001,5080,SMALL MANAGEMENT EXERCISE YARDS,43841,,40,,1,SPI
CCI-spi44247,CCI,,16 Small Management Exercise Yard,,,,,,,2001,2400,SMALL MANAGEMENT EXERCISE YARDS,44247,,40,,1,SPI
CCI-spi5073,CCI,,Modular Building,,,,,,,2002,4970,RELOCATABLE OFFICE,5073,,40,,1,SPI
CCI-spi50993,CCI,,Division Of Addiction & Recovery Svces,,,,,,,2009,6720,RELOCATABLE OFFICE,50993,,40,,1,SPI
CCI-spi51548,CCI,,10 Small Management Exercise Yards,,,,,,,2009,1500,SMALL MANAGEMENT EXERCISE YARDS,51548,,40,,1,SPI
CCI-spi55228,CCI,,73 Small Management Exercise Yards,,,,,,,2012,10950,SMALL MANAGEMENT EXERCISE YARDS,55228,,40,,1,SPI
CCI-spi55777,CCI,,Waste Water Treatment Plant,,,,,,,1932,0,UTILITY,55777,,40,,1,SPI
CCI-unit-ii-culinary,CCI,,Unit II Culinary,,,,kitchen,,,,,,,,,,1,MPAR2022:P-1112-00212
CCWF-301,CCWF,301,General / Pia Warehouse,,,,,,,1988,67890,WAREHOUSE,43381,301,9475,,1,SPI
CCWF-302,CCWF,302,Fire Station,,,,,,,1988,1528,FIREHOUSE/FOREST FIRE STATION,43382,302,9475,,1,SPI
CCWF-303,CCWF,303,Vehicle / Building Maintenance Facility,,,,,,,1998,6744,EQUIPMENT/MAINTENANCE BUILDING,43388,303,9475,,1,SPI
CCWF-304,CCWF,304,Central Admin/Staff Svcs/Dining/Training,,,,,,,1998,28488,OFFICE (INSTITUTIONAL),43387,304,9475,,1,SPI
CCWF-305,CCWF,305,Visitor / Staff Processing Facility,,,,,,,1988,3580,STAGING AREA,43383,305,9475,,1,SPI
CCWF-306,CCWF,306,Armory / Locksmith Facility,,,,,,,1988,1718,ARMORY,43884,306,9475,,1,SPI
CCWF-307,CCWF,307,Vehicle Sallyport Officer'S Station,,,,,,,1988,147,LOOKOUT (GUARD STATION),43385,307,9475,,1,SPI
CCWF-308,CCWF,308,Guard Tower 2,,,,,,,1988,120,LOOKOUT (GUARD STATION),43386,308,9475,,1,SPI
CCWF-309,CCWF,309,Tower 1,,,,,,,1988,120,LOOKOUT (GUARD STATION),43389,309,9475,,1,SPI
CCWF-310,CCWF,310,Firing Range Classroom,,,,,,,1988,914,TRAINING FACILITY,43430,310,9475,,1,SPI
CCWF-311,CCWF,311,Firing Range Classroom,,,,,,,,2322,TRAINING FACILITY,43431,311,9475,,1,SPI
CCWF-312,CCWF,312,Gatehouse,,,,,,,1988,104,LOOKOUT (GUARD STATION),43390,312,9475,,1,SPI
CCWF-313,CCWF,313,Recycle And Salvage Program (R.A.S.P.),,,,,,,1988,1936,EQUIPMENT/MAINTENANCE BUILDING,43391,313,9475,,1,SPI
CCWF-314,CCWF,314,Perimeter Observation Post,,,,,,,1988,120,LOOKOUT (GUARD STATION),43392,314,9475,,1,SPI
CCWF-315,CCWF,315,Perimeter Observation Post,,,,,,,1988,120,LOOKOUT (GUARD STATION),43393,315,9475,,1,SPI
CCWF-316,CCWF,316,Casual Corner With Friends,,,,,,,1995,706,STAGING AREA,40590,316,9475,,1,SPI
CCWF-317,CCWF,317,Unclothed Body Search Facility,,,,,,,1997,1440,WORK CHANGE,40591,317,9475,,1,SPI
CCWF-404,CCWF,404,Water Supply System Pump Station,,,,,,,1988,625,PUMP/WELL HOUSE,43397,404,9475,,1,SPI
CCWF-405,CCWF,405,Water Supply System / Pump Station,,,,,,,1988,0,PUMP/WELL HOUSE,43398,405,9475,,1,SPI
CCWF-406,CCWF,406,On Site Waste Water Treatment Plant,,,,,,,1988,2057,UTILITY,43399,406,9475,,1,SPI
CCWF-501,CCWF,501,Reception Center Housing Unit,,,,,,,1988,21350,DORMITORY,43400,501,9475,,1,SPI
CCWF-502,CCWF,502,Reception Center Housing Unit,,,,,,,1988,21350,DORMITORY,43401,502,9475,,1,SPI
CCWF-503,CCWF,503,Reception Center Housing Unit,,,A,housing,,,1988,23560,DORMITORY,43402,503,9475,,3,SPI;MPAR2024:P-1819-00098;MPAR2024:P-1920-00145
CCWF-504,CCWF,504,Specialized Population Housing Unit,,,A,housing,STRH;ASU,,1988,24586,DORMITORY,43403,504,9475,,5,SPI;MPAR2022:P-1718-00014;MPAR2022:P-1718-00118;MPAR2024:P-1819-00098;MPAR2024:P-1920-00145
CCWF-505,CCWF,505,Medical Population Housing Unit,,,,,,,1988,21350,DORMITORY,43404,505,9475,,1,SPI
CCWF-506,CCWF,506,General Population Housing Unit,,,B,housing,,,1988,21350,DORMITORY,43405,506,9475,,3,SPI;bcp_2025-26_air_cooling_pilot_8144;coleman_ecf8558-1_heat_report_exhibits_2025-02-28
CCWF-507,CCWF,507,General Population Housing Unit,,,B,housing,,,1988,21350,DORMITORY,43406,507     BID PACAKAGE 5,9475,,3,SPI;bcp_2025-26_air_cooling_pilot_8144;coleman_ecf8558-1_heat_report_exhibits_2025-02-28
CCWF-508,CCWF,508,General Population Housing Unit,,,B,housing,,,1988,21350,DORMITORY,43407,508,9475,,5,SPI;MPAR2025:P-2526-00144;MPAR2025:P-2526-00156;bcp_2025-26_air_cooling_pilot_8144;coleman_ecf8558-1_heat_report_exhibits_2025-02-28
CCWF-509,CCWF,509,General Population Housing Unit,,,,,,,1988,21350,DORMITORY,43408,509,9475,,1,SPI
CCWF-510,CCWF,510,General Population Housing Unit,,,,,,,1988,21350,DORMITORY,43409,510,9475,,1,SPI
CCWF-511,CCWF,511,General Population Housing Unit,,,,,,,1988,21350,DORMITORY,43410,511,9475,,1,SPI
CCWF-512,CCWF,512,General Population Housing Unit,,,,,,,1988,21350,DORMITORY,43411,512,9475,,1,SPI
CCWF-513,CCWF,513,General Population Housing Unit,,,,housing,,,1988,21350,DORMITORY,43412,513,9475,,2,SPI;coleman_ecf8558_31st_round_heat_report_2025-02-28
CCWF-514,CCWF,514,General Population Housing Unit,,,,housing,,,1988,21350,DORMITORY,43413,514,9475,,2,SPI;coleman_ecf8558_31st_round_heat_report_2025-02-28
CCWF-515,CCWF,515,General Population Housing Unit,,,,,,,1988,21350,DORMITORY,43414,515,9475,,1,SPI
CCWF-516,CCWF,516,General Population Housing Unit,,,,,,,1988,21350,DORMITORY,43415,516,9475,,1,SPI
CCWF-517,CCWF,517,Receiving And Release Facility,,,,,,,1988,4966,OFFICE (INSTITUTIONAL),43416,517,9475,,1,SPI
CCWF-518,CCWF,518,Family Visiting Facility,,,,,,,1988,6452,VISITATION FACILITY,43417,518,9475,,1,SPI
CCWF-519,CCWF,519,Family Visiting Facility,,,,,,,1988,6452,VISITATION FACILITY,43418,519,9475,,1,SPI
CCWF-520,CCWF,520,Lookout Station For Ad-Seg Yard,,,,,,,1991,80,LOOKOUT (GUARD STATION),40592,520,9475,,1,SPI
CCWF-521,CCWF,521,Lookout Station/Top Of 504 Soft Yard,,,,,,,2008,100,LOOKOUT (GUARD STATION),51108,BUILDING #521,9475,,1,SPI
CCWF-700,CCWF,700,A Yard Medical Building,,,,,,,1995,1288,RELOCATABLE MEDICAL FACILITY,40593,700,9475,,1,SPI
CCWF-701,CCWF,701,Support Services/Food Services Facility,,,,,,,1988,41000,DINING/CAFETERIA,43421,701,9475,,1,SPI
CCWF-702,CCWF,702,Support Services/Food Services Facility,,,,,,,1988,41000,DINING/CAFETERIA,43422,702,9475,,1,SPI
CCWF-703,CCWF,703,Reception Center Services/Administation,,,,,,,1988,10850,OFFICE (INSTITUTIONAL),43423,703,9475,,1,SPI
CCWF-704,CCWF,704,Central Kitchen,,,,,,,1988,21050,KITCHEN,43424,704,9475,,1,SPI
CCWF-705,CCWF,705,Enhanced Outpatient Program Treatement,,,,,,,2015,18009,HOSPITAL/CLINIC/TREATMENT CENTER,55780,705,9475,,1,SPI
CCWF-801,CCWF,801,Administration Ad-Seg / Rc Visiting,,,,,,,1988,34194,OFFICE (INSTITUTIONAL),43425,801,9475,,1,SPI
CCWF-802,CCWF,802,Library/Media Center/Arts/Chapel/Gym,,,,,,,1988,23078,LIBRARY,43426,802,9475,,1,SPI
CCWF-804,CCWF,804,C/D Facility Aministration,,,,,,,1988,4900,OFFICE (INSTITUTIONAL),43428,804,9475,,1,SPI
CCWF-805,CCWF,805,Central Health Services/Skilled Nursing;Central Health Services Building,,,,health_care,MHCB,,1990,28380,HOSPITAL/CLINIC/TREATMENT CENTER,43429,805,9475,,4,SPI;MPAR2023:P-2223-00102;MPAR2022:P-1213-00007;MPAR2025:P-2324-00132
CCWF-806,CCWF,806,Friends Outside Trailer,,,,,,,1995,960,OFFICE (INSTITUTIONAL),40594,806,9475,,1,SPI
CCWF-807,CCWF,807,Arts In Corrections,,,,,,,1995,960,RELOCATABLE CLASSROOM,40595,807,9475,,1,SPI
CCWF-808,CCWF,808,Medical Building 808,,,,,,,1995,2160,RELOCATABLE MEDICAL FACILITY,40596,808,9475,,1,SPI
CCWF-809,CCWF,809,Substance Abuse Program,,,,,,,1999,4320,RELOCATABLE CLASSROOM,4664,809,9475,,1,SPI
CCWF-810,CCWF,810,"Substance Abuse B Yard Modular 2,810",,,,,,,1998,1440,RELOCATABLE MEDICAL FACILITY,4834,810,9475,,1,SPI
CCWF-811,CCWF,811,"Substance Abuse C Yard Modular, Bldg 811",,,,,,,1998,5040,RELOCATABLE MEDICAL FACILITY,4833,811,9475,,1,SPI
CCWF-812,CCWF,812,Reception Center Enhanced Out Patient,,,,,,,2002,4278,HOSPITAL/CLINIC/TREATMENT CENTER,44259,812,9475,,1,SPI
CCWF-813,CCWF,813,Correctional Clinical Case Mgmt System,,,,,,,2002,2070,OFFICE (INSTITUTIONAL),44260,813,9475,,1,SPI
CCWF-814,CCWF,814,Drug Abuse Recovery System (Dars),,,,,,,2009,6720,RELOCATABLE MEDICAL FACILITY,51109,BUILDING #814,9475,,1,SPI
CCWF-900,CCWF,900,Pia Main Office,,,,,,,1995,1380,RELOCATABLE OFFICE,40597,900,9475,,1,SPI
CCWF-901,CCWF,901,Pia/Vocational Training Facility,,,,,,,1988,53743,CLASSROOM,43816,901,9475,,1,SPI
CCWF-902,CCWF,902,Pia/Vocational Training Facility,,,,,,,1988,56700,CLASSROOM,43817,902,9475,,1,SPI
CCWF-903,CCWF,903,Vocational Training Facility,,,,,,,1988,26160,CLASSROOM,43818,903,9475,,1,SPI
CCWF-904,CCWF,904,Vocational Training Facility,,,,,,,1988,13760,CLASSROOM,43819,904,9475,,1,SPI
CCWF-905,CCWF,905,Bldg Maintenance Fac /Plant Operations,,,,,,,1988,8820,OFFICE (INSTITUTIONAL),43820,905,9475,,1,SPI
CCWF-906,CCWF,906,Volatile Storage Building,,,,,,,1988,100,SHED,43821,906,9475,,1,SPI
CCWF-907,CCWF,907,Volatile Storage Building,,,,,,,1988,100,SHED,43822,907,9475,,1,SPI
CCWF-908,CCWF,908,Volatile Storage Building,,,,,,,1988,100,SHED,43823,908,9475,,1,SPI
CCWF-909,CCWF,909,Pia Optical Building,,,,,,,1988,2700,EQUIPMENT/MAINTENANCE BUILDING,43824,909,9475,,1,SPI
CCWF-910,CCWF,910,Farm Building B,,,,,,,1988,2700,EQUIPMENT/MAINTENANCE BUILDING,43825,910,9475,,1,SPI
CCWF-911,CCWF,911,Vocational Green House,,,,,,,1988,760,NURSERY/GREENHOUSE,43826,911,9475,,1,SPI
CCWF-912,CCWF,912,Prison Industry Authority Optical Acct.,,,,,,,1999,1440,RELOCATABLE OFFICE,43435,912,9475,,1,SPI
CCWF-913,CCWF,913,Hazardous Material Storage Bldg,,,,,,,1993,1656,SHED,40599,913,9475,,1,SPI
CCWF-914,CCWF,914,Plant Operations Corp. Yard Storage Bldg,,,,,,,1992,2400,SHED,40600,914,9475,,1,SPI
CCWF-central-health-services,CCWF,,Central Health Services,,,,health_care,,,,,,,,,,1,MPAR2022:P-1213-00222
CCWF-correctional-treatment-center,CCWF,,Correctional Treatment Center,,,,health_care,MHCB,,,,,,,,,1,MPAR2022:P-1718-00216
CCWF-spi43427,CCWF,,Academic Education Office,,,,,,,1988,21180,OFFICE (INSTITUTIONAL),43427,803/1101,9475,,1,SPI
CCWF-spi51557,CCWF,,Condemned Row Soft Exercise Yard,,,,,,,2008,4760,SMALL MANAGEMENT EXERCISE YARDS,51557,,9475,,1,SPI
CCWF-spi51558,CCWF,,7 Small Management Exercise Yards,,,,,,,2009,1050,SMALL MANAGEMENT EXERCISE YARDS,51558,,9475,,1,SPI
CEN-201,CEN,201,Waste Water Plant,,,,,,,1993,1000,UTILITY,38161,201,9734,,1,SPI
CEN-301,CEN,301,Tower 1,,,,,,,1993,1440,LOOKOUT (GUARD STATION),38162,301,9734,,1,SPI
CEN-302,CEN,302,Tower 2,,,,,,,1993,1440,LOOKOUT (GUARD STATION),38163,302,9734,,1,SPI
CEN-303,CEN,303,Tower 3,,,,,,,1993,1440,LOOKOUT (GUARD STATION),38164,303,9734,,1,SPI
CEN-304,CEN,304,Tower 4,,,,,,,1993,1440,LOOKOUT (GUARD STATION),38165,304,9734,,1,SPI
CEN-305,CEN,305,Tower 5,,,,,,,1993,1440,LOOKOUT (GUARD STATION),38166,305,9734,,1,SPI
CEN-306,CEN,306,Tower 6,,,,,,,1993,1440,LOOKOUT (GUARD STATION),38167,306,9734,,1,SPI
CEN-307,CEN,307,Tower 7,,,,,,,1993,1440,LOOKOUT (GUARD STATION),38168,307,9734,,1,SPI
CEN-308,CEN,308,Tower 8,,,,,,,1993,1440,LOOKOUT (GUARD STATION),38169,308,9734,,1,SPI
CEN-309,CEN,309,Tower 9,,,,,,,1993,1440,LOOKOUT (GUARD STATION),38170,309,9734,,1,SPI
CEN-310,CEN,310,Tower 10,,,,,,,1993,1440,LOOKOUT (GUARD STATION),38171,310,9734,,1,SPI
CEN-311,CEN,311,Tower 11,,,,,,,1993,1440,LOOKOUT (GUARD STATION),38172,311,9734,,1,SPI
CEN-312,CEN,312,Tower 12,,,,,,,1993,1440,LOOKOUT (GUARD STATION),38173,312,9734,,1,SPI
CEN-321,CEN,321,Housing Unit A-1,,,,,,,1993,24177,DORMITORY,38174,321,9734,,1,SPI
CEN-322,CEN,322,Housing Unit A-2,,,,,,,1993,24177,DORMITORY,38175,322,9734,,1,SPI
CEN-323,CEN,323,Housing Unit A-3,,,,,,,1993,24177,DORMITORY,38176,323,9734,,1,SPI
CEN-324,CEN,324,Housing Unit A-4,,,,,,,1993,24177,DORMITORY,38177,324,9734,,1,SPI
CEN-325,CEN,325,Housing Unit A-5,,,,,,,1993,24177,DORMITORY,38178,325,9734,,1,SPI
CEN-331,CEN,331,Housing Unit B-1,,,,,,,1993,24177,DORMITORY,38179,331,9734,,1,SPI
CEN-332,CEN,332,Housing Unit B-2,,,,,,,1993,24177,DORMITORY,38180,332,9734,,1,SPI
CEN-333,CEN,333,Housing Unit B-3,,,,,,,1993,24177,DORMITORY,38181,333,9734,,1,SPI
CEN-334,CEN,334,Housing Unit B-4,,,,,,,1993,24177,DORMITORY,38182,334,9734,,1,SPI
CEN-335,CEN,335,Housing Unit B-5,,,,,,,1993,24177,DORMITORY,38183,335,9734,,1,SPI
CEN-341,CEN,341,Housing Unit C-1,,,,,,,1993,24177,DORMITORY,38184,341,9734,,1,SPI
CEN-342,CEN,342,Housing Unit C-2,,,,,,,1993,24177,DORMITORY,38185,342,9734,,1,SPI
CEN-343,CEN,343,Housing Unit C-3,,,,,,,1993,24177,DORMITORY,38186,343,9734,,1,SPI
CEN-344,CEN,344,Housing Unit C-4,,,,,,,1993,24177,DORMITORY,38187,344,9734,,1,SPI
CEN-345,CEN,345,Housing Unit C-5,,,,,,,1993,24177,DORMITORY,38188,345,9734,,1,SPI
CEN-346,CEN,346,Administrative Segregation Housing Unit,,,,,,,2003,25204,DORMITORY,50272,346,9734,,1,SPI
CEN-351,CEN,351,Housing Unit D-1,,,,,,,1993,24177,DORMITORY,38189,351,9734,,1,SPI
CEN-352,CEN,352,Housing Unit D-2,,,,,,,1993,24177,DORMITORY,38190,352,9734,,1,SPI
CEN-353,CEN,353,Housing Unit D-3,,,,,,,1993,24177,DORMITORY,38191,353,9734,,1,SPI
CEN-354,CEN,354,Housing Unit D-4,,,,,,,1993,24177,DORMITORY,38192,354,9734,,1,SPI
CEN-355,CEN,355,Housing Unit D-5,,,,,,,1993,24177,DORMITORY,38193,355,9734,,1,SPI
CEN-420,CEN,420,Central Operations,,,,,,,1993,6163,OFFICE (INSTITUTIONAL),38194,420,9734,,1,SPI
CEN-421,CEN,421,Facility A Program Services,,,,,,,1993,24620,OFFICE (INSTITUTIONAL),38195,421,9734,,1,SPI
CEN-422,CEN,422,A-Gym,,,,,,,1993,7372,GYMNASIUM,38196,422,9734,,1,SPI
CEN-423,CEN,423,"Facility A, Satellite Dining",,,,,,,1993,12885,DINING/CAFETERIA,38197,423,9734,,1,SPI
CEN-431,CEN,431,"Facility B, Program Services",,,,,,,1993,24620,OFFICE (INSTITUTIONAL),38199,431,9734,,1,SPI
CEN-432,CEN,432,B-Gym,,,,,,,1993,7372,GYMNASIUM,38200,432,9734,,1,SPI
CEN-433,CEN,433,"Facility B, Satellite Dining",,,,,,,1993,12885,DINING/CAFETERIA,38201,433,9734,,1,SPI
CEN-441,CEN,441,"Facility C, Program Services",,,,,,,1993,24620,OFFICE (INSTITUTIONAL),38203,441,9734,,1,SPI
CEN-442,CEN,442,C-Gym,,,,,,,1993,7372,GYMNASIUM,38204,442,9734,,1,SPI
CEN-443,CEN,443,"Facility C, Satellite Dining",,,,,,,1993,12885,DINING/CAFETERIA,38205,443,9734,,1,SPI
CEN-451,CEN,451,"Facility D, Program Services",,,,,,,1993,24620,OFFICE (INSTITUTIONAL),38206,451,9734,,1,SPI
CEN-452,CEN,452,D-Gym,,,,,,,1993,7372,GYMNASIUM,38207,452,9734,,1,SPI
CEN-453,CEN,453,"Facility D, Satellite Dining",,,,,,,1993,12885,DINING/CAFETERIA,38208,453,9734,,1,SPI
CEN-460,CEN,460,Receiving And Release,,,,,,,1993,4965,OFFICE (INSTITUTIONAL),38209,460,9734,,1,SPI
CEN-461,CEN,461,Central Infirmary,,,,,,,1993,17759,HOSPITAL/CLINIC/TREATMENT CENTER,38210,461,9734,,1,SPI
CEN-462,CEN,462,Central Kitchen,,,,,,,1993,6163,DINING/CAFETERIA,38211,462,9734,,1,SPI
CEN-464,CEN,464,Boiler Plant,,,,,,,1993,1800,UTILITY,38212,464,9734,,1,SPI
CEN-521,CEN,521,A-Vocational Education,,,,,,,1993,15260,CLASSROOM,38213,521,9734,,1,SPI
CEN-522,CEN,522,A-Vocational Education,,,,,,,1993,18060,CLASSROOM,38214,522,9734,,1,SPI
CEN-523,CEN,523,A-Ist Baton Classroom,,,,,,,1993,800,CLASSROOM,38215,523,9734,,1,SPI
CEN-524,CEN,524,B-Vocational Education,,,,,,,1993,16896,CLASSROOM,38216,524,9734,,1,SPI
CEN-524B,CEN,524B,Vocational Building,,,,program,,,,,,,,,,1,MPAR2022:P-1617-00105
CEN-525,CEN,525,B-Vocational Education,,,,,,,1993,20160,CLASSROOM,38217,525,9734,,1,SPI
CEN-526,CEN,526,C-Vocational Education,,,,,,,1993,15260,CLASSROOM,38218,526,9734,,1,SPI
CEN-527,CEN,527,C-Vocational Education,,,,,,,1993,18760,CLASSROOM,38219,527,9734,,1,SPI
CEN-528,CEN,528,C-Vocational Library,,,,,,,1993,5040,LIBRARY,38220,528,9734,,1,SPI
CEN-529,CEN,529,D-Vocational Education,,,,,,,1993,22470,CLASSROOM,38221,529,9734,,1,SPI
CEN-530,CEN,530,D-Vocational Education,,,,,,,1993,22096,CLASSROOM,38222,530,9734,,1,SPI
CEN-531,CEN,531,A-Vocational Dining,,,,,,,1993,3969,DINING/CAFETERIA,38223,531,9734,,1,SPI
CEN-532,CEN,532,B-Vocational Dining,,,,,,,1993,3969,DINING/CAFETERIA,38224,532,9734,,1,SPI
CEN-533,CEN,533,C-Vocational Dining,,,,,,,1993,3969,DINING/CAFETERIA,38225,533,9734,,1,SPI
CEN-534,CEN,534,D-Vocational Dining,,,,,,,1993,3969,DINING/CAFETERIA,38226,534,9734,,1,SPI
CEN-551,CEN,551,A-Building Maintenance,,,,,,,1993,2550,SHOP,38227,551,9734,,1,SPI
CEN-552,CEN,552,B-Plant Operation Office,,,,,,,1993,8100,SHOP,38228,552,9734,,1,SPI
CEN-553,CEN,553,C-Building Maintenance,,,,,,,1993,2550,SHOP,38229,553,9734,,1,SPI
CEN-554,CEN,554,D-Building Maintenance,,,,,,,1993,2550,SHOP,38230,554,9734,,1,SPI
CEN-561,CEN,561,A-Work Change,,,,,,,1993,625,WORK CHANGE,38231,561,9734,,1,SPI
CEN-562,CEN,562,B-Work Change,,,,,,,1993,625,WORK CHANGE,38232,562,9734,,1,SPI
CEN-563,CEN,563,C-Work Change,,,,,,,1993,625,WORK CHANGE,38233,563,9734,,1,SPI
CEN-564,CEN,564,D-Work Change,,,,,,,1993,625,WORK CHANGE,38234,564,9734,,1,SPI
CEN-571,CEN,571,A-Volatile Storage,,,,,,,1993,100,SHED,38235,571,9734,,1,SPI
CEN-572,CEN,572,B-Volatile Storage,,,,,,,1993,100,SHED,38236,572,9734,,1,SPI
CEN-573,CEN,573,C-Volatile Storage,,,,,,,1993,100,SHED,38237,573,9734,,1,SPI
CEN-575,CEN,575,Warehouse Volatile Storage,,,,,,,1993,880,SHED,38239,575,9734,,1,SPI
CEN-601,CEN,601,Generator Room,,,,,,,1993,3537,UTILITY,38241,601,9734,,1,SPI
CEN-602,CEN,602,Chiller Plant,,,,,,,1993,7539,UTILITY,38240,602,9734,,1,SPI
CEN-603,CEN,603,Friend'S Outside Trailer,,,,,,,1993,1152,VISITATION FACILITY,38242,603,9734,,1,SPI
CEN-700,CEN,700,Warehouse,,,,,,,1993,52679,WAREHOUSE,38243,700,9734,,1,SPI
CEN-701,CEN,701,Firehouse,,,,,,,1993,3804,FIREHOUSE/FOREST FIRE STATION,38244,701,9734,,1,SPI
CEN-702,CEN,702,Fire Extinguisher Building,,,,,,,1993,320,FIREHOUSE/FOREST FIRE STATION,38245,702,9734,,1,SPI
CEN-703,CEN,703,Garage,,,,,,,1993,5722,GARAGE (RESIDENCE),38246,703,9734,,1,SPI
CEN-704,CEN,704,Rasp Recycle Center,,,,,,,1993,2640,EQUIPMENT/MAINTENANCE BUILDING,38247,704,9734,,1,SPI
CEN-800,CEN,800,Administration,,,,,,,1993,31020,OFFICE (INSTITUTIONAL),38248,800,9734,,1,SPI
CEN-801,CEN,801,Family Visiting,,,,,,,1993,4057,VISITATION FACILITY,38249,801,9734,,1,SPI
CEN-802,CEN,802,Family Visiting,,,,,,,1993,4057,VISITATION FACILITY,38250,802,9734,,1,SPI
CEN-803,CEN,803,Firing Range Classroom,,,,,,,1993,912,TRAINING FACILITY,38251,803,9734,,1,SPI
CEN-804,CEN,804,Firing Range,,,,,,,1993,2821,TRAINING FACILITY,38252,804,9734,,1,SPI
CEN-805,CEN,805,Visitor Processing,,,,,,,1993,3580,VISITATION FACILITY,38253,805,9734,,1,SPI
CEN-806,CEN,806,Vehicle Sallypont,,,,,,,1993,144,LOOKOUT (GUARD STATION),38254,806,9734,,1,SPI
CEN-807,CEN,807,Entrance Gatehouse,,,,,,,1993,144,LOOKOUT (GUARD STATION),38255,807,9734,,1,SPI
CEN-809,CEN,809,Armory/Locksmith,,,,,,,1993,1720,ARMORY,38257,809,9734,,1,SPI
CEN-901,CEN,901,Dorm 1,,,,,,,1993,13244,DORMITORY,38258,901,9734,,1,SPI
CEN-902,CEN,902,Dorm 2,,,,,,,1993,13244,DORMITORY,38259,902,9734,,1,SPI
CEN-903,CEN,903,Level 1 Support And Dining,,,,,,,1993,11651,DINING/CAFETERIA,38260,903,9734,,1,SPI
CEN-904,CEN,904,Level 1 Family Visiting,,,,,,,1993,810,VISITATION FACILITY,38261,904,9734,,1,SPI
CEN-905,CEN,905,Level 1 Visiting,,,,,,,1993,5907,VISITATION FACILITY,38262,905,9734,,1,SPI
CEN-9734,CEN,9734,Water Treatment Plant,,,,,,,1993,2632,UTILITY,38160,9734,9734,,1,SPI
CEN-central-health-services,CEN,,Central Health Services,,,,health_care,,,,,,,,,,2,Sep_2020_Quarterly-ADA_Final;September2021QuarterlyReport-ADA
CEN-spi38238,CEN,,D-Volatile Storage,,,,,,,1993,100,SHED,38238,,9734,,1,SPI
CEN-spi40101,CEN,,Medical,,,,,,,1982,840,RELOCATABLE OFFICE,40101,,9734,,1,SPI
CEN-spi40102,CEN,,Medical Trailer,,,,,,,1966,450,RELOCATABLE OFFICE,40102,,9734,,1,SPI
CEN-spi44502,CEN,,Medical Supply Storage Facility,,,,,,,2002,2000,STORAGE BUILDING,44502,,9734,,1,SPI
CEN-spi51098,CEN,,20 Small Management Yards (A-5),,,,,,,2009,3000,SMALL MANAGEMENT EXERCISE YARDS,51098,325,9734,,1,SPI
CEN-spi55541,CEN,,Medical Trailer,,,,,,,,2346,RELOCATABLE OFFICE,55541,325,9734,,1,SPI
CEN-spi55542,CEN,,Ranch House (Bldg 75),,,,,,,1940,2500,TRAINING FACILITY,55542,325,9734,,1,SPI
CEN-spi911,CEN,,Mental Health Trailer,,,,,,,1996,2160,RELOCATABLE OFFICE,911,461-B,9734,,1,SPI
CHCF-100,CHCF,100,Administration,,,,,,,2013,30869,OFFICE (INSTITUTIONAL),55879,100,11761,,1,SPI
CHCF-101,CHCF,101,Materials Stores Center,,,,,,,2013,77281,WAREHOUSE,55880,101,11761,,1,SPI
CHCF-102,CHCF,102,Outside Grounds Building,,,,,,,2013,6200,STORAGE BUILDING,55881,102,11761,,1,SPI
CHCF-104,CHCF,104,Armory,,,,,,,2013,1620,ARMORY,55883,104,11761,,1,SPI
CHCF-105,CHCF,105,Vehicle Sallyport Gatehouse,,,,,,,2013,180,LOOKOUT (GUARD STATION),55884,105,11761,,1,SPI
CHCF-106,CHCF,106,Central Utilities Plant,,,,,,,2012,13833,UTILITY,55885,106,11761,,1,SPI
CHCF-107,CHCF,107,Entry Gatehouse,,,,,,,2013,180,LOOKOUT (GUARD STATION),55886,107,11761,,1,SPI
CHCF-108,CHCF,108,Paralleling Gear Building,,,,,,,2013,2959,UTILITY,55887,108,11761,,1,SPI
CHCF-109,CHCF,109,Facility E Gatehouse,,,,,,,2013,120,LOOKOUT (GUARD STATION),55888,109,11761,,1,SPI
CHCF-110,CHCF,110,Friends Outside,,,,,,,2013,1440,VISITATION FACILITY,55889,110,11761,,1,SPI
CHCF-200,CHCF,200,Facility Shared Services,,,,,,,2013,26201,OFFICE (INSTITUTIONAL),55890,200,11761,,1,SPI
CHCF-201,CHCF,201,Facility Shared Services;Facility Shared Services Building,,,,,,,2013,84021,HOSPITAL/CLINIC/TREATMENT CENTER,55891,201,11761,,2,SPI;MPAR2022:P-1718-00060
CHCF-202,CHCF,202,Facility Shared Services,,,,,,,2013,44409,HOSPITAL/CLINIC/TREATMENT CENTER,55892,202,11761,,1,SPI
CHCF-204,CHCF,204,Central Kitchen,,,,,,,2013,37830,KITCHEN,55893,204,11761,,1,SPI
CHCF-205,CHCF,205,Plant Maintenance And Workchange,,,,,,,2013,12780,EQUIPMENT/MAINTENANCE BUILDING,55894,205,11761,,1,SPI
CHCF-206,CHCF,206,Materials Unit Transfer-South,,,,,,,2013,7968,STORAGE,55895,206,11761,,1,SPI
CHCF-207,CHCF,207,Facility Control (Fc1),,,,,,,2013,430,LOOKOUT (GUARD STATION),55896,207,11761,,1,SPI
CHCF-211,CHCF,211,Materials Unit Transfer-North,,,,,,,2013,8790,STORAGE,55897,211,11761,,1,SPI
CHCF-212,CHCF,212,Facility Control (Fc2),,,,,,,2013,430,LOOKOUT (GUARD STATION),55898,212,11761,,1,SPI
CHCF-213,CHCF,213,Facility Complex Control (Fcc),,,,,,,2013,397,LOOKOUT (GUARD STATION),55899,213,11761,,1,SPI
CHCF-214,CHCF,214,Family Visiting,,,,,,,2013,3746,VISITATION FACILITY,55900,214,11761,,1,SPI
CHCF-215,CHCF,215,New Visiting,,,,,,,2019,9700,VISITATION FACILITY,57356,215,11761,,1,SPI
CHCF-218,CHCF,218,218 - Chapel,,,,,,,1967,5348,CHAPEL,16429,218,11761,,1,SPI
CHCF-222,CHCF,222,Facility E Satellite,,,,,,,2014,11807,EQUIPMENT/MAINTENANCE BUILDING,55901,222,11761,,1,SPI
CHCF-223,CHCF,223,Facility E Education/Library,,,,,,,2014,10281,CLASSROOM,55902,223,11761,,1,SPI
CHCF-224,CHCF,224,Facility E Education Administration,,,,,,,2014,1904,OFFICE (INSTITUTIONAL),55903,224,11761,,1,SPI
CHCF-225,CHCF,225,Facility E Recreational Program,,,,,,,2014,1275,GYMNASIUM,55904,225,11761,,1,SPI
CHCF-228,CHCF,228,Facility E Program Mgmt Facility Svces,,,,,,,2014,13440,OFFICE (INSTITUTIONAL),55905,228,11761,,1,SPI
CHCF-231,CHCF,231,Facility E Medical Clinic,,,,,,,2014,12300,HOSPITAL/CLINIC/TREATMENT CENTER,55906,231,11761,,1,SPI
CHCF-234,CHCF,234,Mental Health Outpatient Clinic,,,,,,,2013,9564,HOSPITAL/CLINIC/TREATMENT CENTER,55908,234,11761,,1,SPI
CHCF-301B,CHCF,301B,,,,E,housing,EOP,,,,,,,,,7,December2025QuarterlyReport-ADAFinal;June2026QuarterlyReport-ADA;MPAR2022:P-1920-00107;March2026QuarterlyReport-ADA;September2021QuarterlyReport-ADA;September_2025_Quarterly_Report-ADA;sen_sub5_agenda_2021-02-11
CHCF-301C,CHCF,301C,,,,E,housing,EOP,,,,,,,,,7,December2025QuarterlyReport-ADAFinal;June2026QuarterlyReport-ADA;MPAR2022:P-1920-00108;March2026QuarterlyReport-ADA;September2021QuarterlyReport-ADA;September_2025_Quarterly_Report-ADA;sen_sub5_agenda_2021-02-11
CHCF-301D,CHCF,301D,,,,E,housing,EOP,,,,,,,,,7,December2025QuarterlyReport-ADAFinal;June2026QuarterlyReport-ADA;MPAR2022:P-1920-00109;March2026QuarterlyReport-ADA;September2021QuarterlyReport-ADA;September_2025_Quarterly_Report-ADA;sen_sub5_agenda_2021-02-11
CHCF-301E,CHCF,301E,,,,E,housing,EOP,,,,,,,,,7,December2025QuarterlyReport-ADAFinal;June2026QuarterlyReport-ADA;MPAR2022:P-1920-00110;March2026QuarterlyReport-ADA;September2021QuarterlyReport-ADA;September_2025_Quarterly_Report-ADA;sen_sub5_agenda_2021-02-11
CHCF-301F,CHCF,301F,,,,E,housing,EOP,,,,,,,,,7,December2025QuarterlyReport-ADAFinal;June2026QuarterlyReport-ADA;MPAR2022:P-1920-00111;March2026QuarterlyReport-ADA;September2021QuarterlyReport-ADA;September_2025_Quarterly_Report-ADA;sen_sub5_agenda_2021-02-11
CHCF-402,CHCF,402,Perimeter Gaurd Tower 2,,,,,,,2013,351,LOOKOUT (GUARD STATION),55909,402,11761,,1,SPI
CHCF-403,CHCF,403,Perimeter Gaurd Tower 3,,,,,,,2013,655,LOOKOUT (GUARD STATION),55910,403,11761,,1,SPI
CHCF-404,CHCF,404,Perimeter Gaurd Tower 4,,,,,,,2013,351,LOOKOUT (GUARD STATION),55911,404,11761,,1,SPI
CHCF-405,CHCF,405,Perimeter Gaurd Tower 5,,,,,,,2013,340,LOOKOUT (GUARD STATION),55912,405,11761,,1,SPI
CHCF-406,CHCF,406,Perimeter Gaurd Tower 6,,,,,,,2014,340,LOOKOUT (GUARD STATION),55913,406,11761,,1,SPI
CHCF-407,CHCF,407,Perimeter Gaurd Tower 7,,,,,,,2014,340,LOOKOUT (GUARD STATION),55914,407,11761,,1,SPI
CHCF-408,CHCF,408,Perimeter Gaurd Tower 8,,,,,,,2014,340,LOOKOUT (GUARD STATION),55915,408,11761,,1,SPI
CHCF-409,CHCF,409,Perimeter Gaurd Tower 9,,,,,,,2014,340,LOOKOUT (GUARD STATION),55916,409,11761,,1,SPI
CHCF-410,CHCF,410,Perimeter Gaurd Tower 10,,,,,,,2014,340,LOOKOUT (GUARD STATION),55917,410,11761,,1,SPI
CHCF-411,CHCF,411,Perimeter Gaurd Tower 11,,,,,,,2014,340,LOOKOUT (GUARD STATION),55918,411,11761,,1,SPI
CHCF-412,CHCF,412,Perimeter Gaurd Tower 12,,,,,,,2014,340,LOOKOUT (GUARD STATION),55919,412,11761,,1,SPI
CHCF-413,CHCF,413,Perimeter Gaurd Tower 13,,,,,,,2014,340,LOOKOUT (GUARD STATION),55920,413,11761,,1,SPI
CHCF-414,CHCF,414,Perimeter Gaurd Tower 14,,,,,,,2014,340,LOOKOUT (GUARD STATION),55921,414,11761,,1,SPI
CHCF-415,CHCF,415,Perimeter Gaurd Tower 15,,,,,,,2013,340,LOOKOUT (GUARD STATION),55922,415,11761,,1,SPI
CHCF-416,CHCF,416,Perimeter Gaurd Tower 16,,,,,,,2013,351,LOOKOUT (GUARD STATION),55923,416,11761,,1,SPI
CHCF-417,CHCF,417,Perimeter Gaurd Tower 17,,,,,,,2013,351,LOOKOUT (GUARD STATION),55924,417,11761,,1,SPI
CHCF-418,CHCF,418,Perimeter Gaurd Tower 18,,,,,,,2013,351,LOOKOUT (GUARD STATION),55925,418,11761,,1,SPI
CHCF-419,CHCF,419,Perimeter Gaurd Tower 19,,,,,,,2013,351,LOOKOUT (GUARD STATION),55926,419,11761,,1,SPI
CHCF-420,CHCF,420,Perimeter Gaurd Tower 20,,,,,,,2013,351,LOOKOUT (GUARD STATION),55927,420,11761,,1,SPI
CHCF-421,CHCF,421,Perimeter Gaurd Tower 21,,,,,,,2013,351,LOOKOUT (GUARD STATION),55928,421,11761,,1,SPI
CHCF-422,CHCF,422,Perimeter Gaurd Tower 22,,,,,,,2013,351,LOOKOUT (GUARD STATION),55929,422,11761,,1,SPI
CHCF-423,CHCF,423,Perimeter Gaurd Tower 23,,,,,,,2013,351,LOOKOUT (GUARD STATION),55930,423,11761,,1,SPI
CHCF-424,CHCF,424,Perimeter Gaurd Tower 24,,,,,,,2013,351,LOOKOUT (GUARD STATION),55931,424,11761,,1,SPI
CHCF-A 302A1,CHCF,A 302A1,,,,A,health_care,PIP (2023-05),39 (2023-05),,,,,,,,1,coleman_ecf7833-1_iflex_pip_beds_2023-05-11
CHCF-A301,CHCF,A301,Mental Health Crisis Bed Housing,,,,,,,2013,41532,HOSPITAL/CLINIC/TREATMENT CENTER,55932,A301,11761,,1,SPI
CHCF-A302,CHCF,A302,Mental Health Crisis Bed Housing,,,,,,,2013,47017,HOSPITAL/CLINIC/TREATMENT CENTER,55933,A302,11761,,1,SPI
CHCF-A304,CHCF,A304,Permanent Work Crew Housing,,,,,,,2013,46462,DORMITORY,55934,A304,11761,,1,SPI
CHCF-B 301A1,CHCF,B 301A1,,,,B,health_care,PIP (2023-05),30 (2023-05),,,,,,,,1,coleman_ecf7833-1_iflex_pip_beds_2023-05-11
CHCF-B 301B1,CHCF,B 301B1,,,,B,health_care,PIP (2023-05),25 (2023-05),,,,,,,,1,coleman_ecf7833-1_iflex_pip_beds_2023-05-11
CHCF-B 302A1,CHCF,B 302A1,,,,B,health_care,PIP (2023-05),30 (2023-05),,,,,,,,1,coleman_ecf7833-1_iflex_pip_beds_2023-05-11
CHCF-B 302B1,CHCF,B 302B1,,,,B,health_care,PIP (2023-05),30 (2023-05),,,,,,,,1,coleman_ecf7833-1_iflex_pip_beds_2023-05-11
CHCF-B 303A1,CHCF,B 303A1,,,,B,health_care,ICF (2023-05),30 (2023-05),,,,,,,,1,coleman_ecf7833-1_iflex_pip_beds_2023-05-11
CHCF-B 303B1,CHCF,B 303B1,,,,B,health_care,ICF (2023-05),30 (2023-05),,,,,,,,1,coleman_ecf7833-1_iflex_pip_beds_2023-05-11
CHCF-B 304A1,CHCF,B 304A1,,,,B,health_care,PIP (2023-05),30 (2023-05),,,,,,,,1,coleman_ecf7833-1_iflex_pip_beds_2023-05-11
CHCF-B 304B1,CHCF,B 304B1,,,,B,health_care,ICF (2023-05),30 (2023-05),,,,,,,,1,coleman_ecf7833-1_iflex_pip_beds_2023-05-11
CHCF-B 305A1,CHCF,B 305A1,,,,B,health_care,ICF (2023-05),30 (2023-05),,,,,,,,1,coleman_ecf7833-1_iflex_pip_beds_2023-05-11
CHCF-B 305B1,CHCF,B 305B1,,,,B,health_care,ICF (2023-05),30 (2023-05),,,,,,,,1,coleman_ecf7833-1_iflex_pip_beds_2023-05-11
CHCF-B 306A1,CHCF,B 306A1,,,,B,health_care,ICF (2023-05),30 (2023-05),,,,,,,,1,coleman_ecf7833-1_iflex_pip_beds_2023-05-11
CHCF-B 306B1,CHCF,B 306B1,,,,B,health_care,ICF (2023-05),30 (2023-05),,,,,,,,1,coleman_ecf7833-1_iflex_pip_beds_2023-05-11
CHCF-B 307A1,CHCF,B 307A1,,,,B,health_care,ICF (2023-05),30 (2023-05),,,,,,,,1,coleman_ecf7833-1_iflex_pip_beds_2023-05-11
CHCF-B 307B1,CHCF,B 307B1,,,,B,health_care,ICF (2023-05),30 (2023-05),,,,,,,,1,coleman_ecf7833-1_iflex_pip_beds_2023-05-11
CHCF-B 308A1,CHCF,B 308A1,,,,B,health_care,ICF (2023-05),30 (2023-05),,,,,,,,1,coleman_ecf7833-1_iflex_pip_beds_2023-05-11
CHCF-B 308B1,CHCF,B 308B1,,,,B,health_care,ICF (2023-05),30 (2023-05),,,,,,,,1,coleman_ecf7833-1_iflex_pip_beds_2023-05-11
CHCF-B301,CHCF,B301,Acute Psychiatric Housing & Icf Housing,,,,,,,2013,36855,HOSPITAL/CLINIC/TREATMENT CENTER,55935,B301,11761,,1,SPI
CHCF-B302,CHCF,B302,Intermediate Care Facility-High Custody,,,,,,,2013,37754,HOSPITAL/CLINIC/TREATMENT CENTER,55936,B302,11761,,1,SPI
CHCF-B303,CHCF,B303,Intermediate Care Facility-High Custody,,,,,,,2013,37754,HOSPITAL/CLINIC/TREATMENT CENTER,55937,B303,11761,,1,SPI
CHCF-B304,CHCF,B304,Intermediate Care Facility-High Custody,,,,,,,2013,37754,HOSPITAL/CLINIC/TREATMENT CENTER,55938,B304,11761,,1,SPI
CHCF-B305,CHCF,B305,Intermediate Care Facility-High Custody,,,,,,,2013,37754,HOSPITAL/CLINIC/TREATMENT CENTER,55939,B305,11761,,1,SPI
CHCF-B306,CHCF,B306,Intermediate Care Facility-High Custody,,,,,,,2013,37754,HOSPITAL/CLINIC/TREATMENT CENTER,55940,B306,11761,,1,SPI
CHCF-B307,CHCF,B307,Intermediate Care Facility-High Custody,,,,,,,2013,37754,HOSPITAL/CLINIC/TREATMENT CENTER,55941,B307,11761,,1,SPI
CHCF-B308,CHCF,B308,Intermediate Care Facility-High Custody,,,,,,,2013,37754,HOSPITAL/CLINIC/TREATMENT CENTER,55942,B308,11761,,1,SPI
CHCF-C301,CHCF,C301,Low Acuity Cubicle Housing,,,,,,,2013,38211,HOSPITAL/CLINIC/TREATMENT CENTER,55943,C301,11761,,1,SPI
CHCF-C302,CHCF,C302,Low Acuity Cell Housing,,,,,,,2013,52100,HOSPITAL/CLINIC/TREATMENT CENTER,55944,C302,11761,,1,SPI
CHCF-C303,CHCF,C303,Low Acuity Cell Housing,,,,,,,2013,52100,HOSPITAL/CLINIC/TREATMENT CENTER,55945,C303,11761,,1,SPI
CHCF-C304,CHCF,C304,Low Acuity Cubicle Housing,,,,,,,2013,37950,HOSPITAL/CLINIC/TREATMENT CENTER,55946,C304,11761,,1,SPI
CHCF-C305,CHCF,C305,Low Acuity Cubicle Housing,,,,,,,2013,37950,HOSPITAL/CLINIC/TREATMENT CENTER,55947,C305,11761,,1,SPI
CHCF-C306,CHCF,C306,Low Acuity Cubicle Housing,,,,,,,2013,37950,HOSPITAL/CLINIC/TREATMENT CENTER,55948,C306,11761,,1,SPI
CHCF-D301,CHCF,D301,High Acuity Housing,,,,,,,2013,37754,HOSPITAL/CLINIC/TREATMENT CENTER,55949,D301,11761,,1,SPI
CHCF-D302,CHCF,D302,High Acuity Housing,,,,,,,2013,37754,HOSPITAL/CLINIC/TREATMENT CENTER,55950,D302,11761,,1,SPI
CHCF-D303,CHCF,D303,High Acuity Housing,,,,,,,2013,37754,HOSPITAL/CLINIC/TREATMENT CENTER,55951,D303,11761,,1,SPI
CHCF-D304,CHCF,D304,High Acuity Housing,,,,,,,2013,36855,HOSPITAL/CLINIC/TREATMENT CENTER,55952,D304,11761,,1,SPI
CHCF-D305,CHCF,D305,High Acuity Housing,,,,,,,2013,37754,HOSPITAL/CLINIC/TREATMENT CENTER,55953,D305,11761,,1,SPI
CHCF-D306,CHCF,D306,High Acuity Housing,,,,,,,2013,37754,HOSPITAL/CLINIC/TREATMENT CENTER,55954,D306,11761,,1,SPI
CHCF-D307,CHCF,D307,High Acuity Housing,,,,,,,2013,37754,HOSPITAL/CLINIC/TREATMENT CENTER,55955,D307,11761,,1,SPI
CHCF-E301,CHCF,E301,Enhanced Outpatient Program Housing Unit,,,,,,,2013,118283,HOSPITAL/CLINIC/TREATMENT CENTER,55956,E301,11761,,1,SPI
CHCF-E302,CHCF,E302,Special General Population Housing,,,,,,,2014,22881,DORMITORY,55957,E302,11761,,1,SPI
CHCF-E303,CHCF,E303,Special General Population Housing,,,,,,,2014,22379,DORMITORY,55958,E303,11761,,1,SPI
CHCF-E304,CHCF,E304,Special General Population Housing,,,,,,,2014,22379,DORMITORY,55959,E304,11761,,1,SPI
CHCF-E305,CHCF,E305,Special General Population Housing,,,,,,,2014,22881,DORMITORY,55960,E305,11761,,1,SPI
CHCF-spi55907,CHCF,,Facility E Work Change/Clinic Offices,,,,,,,2014,88685,HOSPITAL/CLINIC/TREATMENT CENTER,55907,232/233,11761,,1,SPI
CIM-001,CIM,001,Main Gate House / Visitor'S Center,,,,,,,1992,4732,LOOKOUT (GUARD STATION),37695,001,50,,1,SPI
CIM-002,CIM,002,Postal Range Building,,,,,,,1993,2000,CLASSROOM,37698,002,50,,1,SPI
CIM-003,CIM,003,Conference Room/Transportation Office,,,,,,,,1269,OFFICE (INSTITUTIONAL),14997,003,50,,1,SPI
CIM-004,CIM,004,Residence No. 1,,,,,,,1941,1280,RESIDENCE (SINGLE FAMILY),14998,004,50,,1,SPI
CIM-004.1,CIM,004.1,Detached Garage No. 1,,,,,,,1941,480,GARAGE (RESIDENCE),39649,004.1,50,,1,SPI
CIM-005,CIM,005,Eis Computer Office Residence No. 2,,,,,,,1941,1580,OFFICE (INSTITUTIONAL),39642,005,50,,1,SPI
CIM-005.1,CIM,005.1,Detached Garage No. 2,,,,,,,1941,480,GARAGE (RESIDENCE),39650,005.1,50,,1,SPI
CIM-006,CIM,006,Work Office Residence No. 3,,,,,,,1941,1577,OFFICE (INSTITUTIONAL),39643,006,50,,1,SPI
CIM-006.1,CIM,006.1,Detached Garage No. 3,,,,,,,1941,480,GARAGE (RESIDENCE),39651,006.1,50,,1,SPI
CIM-007,CIM,007,Residence No. 4,,,,,,,1941,1280,OFFICE (INSTITUTIONAL),39644,007,50,,1,SPI
CIM-007.1,CIM,007.1,Detached Garage No. 4,,,,,,,1941,480,GARAGE (RESIDENCE),39652,007.1,50,,1,SPI
CIM-008,CIM,008,So. Region Transportation Hub Res. No 5,,,,,,,1941,1580,OFFICE (INSTITUTIONAL),39645,008,50,,1,SPI
CIM-008.1,CIM,008.1,Detached Garage #5,,,,,,,1941,480,GARAGE (RESIDENCE),39653,008.1,50,,1,SPI
CIM-009,CIM,009,Hiring Interview Room Residence No. 6,,,,,,,1941,1580,OFFICE (INSTITUTIONAL),39646,009,50,,1,SPI
CIM-009.1,CIM,009.1,Detached Garage No. 6,,,,,,,1941,480,GARAGE (RESIDENCE),39654,009.1,50,,1,SPI
CIM-010,CIM,010,Crisis Response Team (Crt) Ofc Res No 7,,,,,,,1941,1577,OFFICE (INSTITUTIONAL),39647,010,50,,1,SPI
CIM-010.1,CIM,010.1,Detached No. 7,,,,,,,1941,480,GARAGE (RESIDENCE),39655,010.1,50,,1,SPI
CIM-011,CIM,011,Residence No. 8 Employee Changing Room,,,,,,,1941,1280,RESIDENCE (SINGLE FAMILY),39648,011,50,,1,SPI
CIM-011.1,CIM,011.1,Detached Garage No. 8,,,,,,,1941,480,GARAGE (RESIDENCE),39656,011.1,50,,1,SPI
CIM-027,CIM,027,Outgrounds Office,,,,,,,,1000,OFFICE (INSTITUTIONAL),39661,027,50,,1,SPI
CIM-028,CIM,028,Warehouse - Receiving,,,,,,,1958,17348,STORAGE BUILDING,15034,028,50,,1,SPI
CIM-029,CIM,029,Canteen - Annex Warehouse,,,,,,,,4280,STORAGE BUILDING,15032,029,50,,1,SPI
CIM-030,CIM,030,Overflow Warehouse,,,,,,,,4012,STORAGE BUILDING,15035,030,50,,1,SPI
CIM-031,CIM,031,Building 8 / Food Services,,,,,,,,2560,STORAGE BUILDING,15030,031,50,,1,SPI
CIM-032,CIM,032,"Hazardous Materials Storage, Fac-D",,,,,,,1999,500,SHED,40641,032,50,,1,SPI
CIM-034,CIM,034,Garage / Property Storage Bays,,,,,,,1958,12522,STORAGE BUILDING,15017,034,50,,1,SPI
CIM-035,CIM,035,State Garage,,,,,,,1958,8328,GARAGE/PARKING STRUCTURE,15016,035,50,,1,SPI
CIM-036,CIM,036,Truck Shed,,,,,,,,8000,SHED,15048,036,50,,1,SPI
CIM-037,CIM,037,Tool Control,,,,,,,,1288,SHOP,15018,037,50,,1,SPI
CIM-039,CIM,039,Pia Farm And Dairy Maintenance Dept.,,,,,,,,1824,SHOP,15044,039,50,,1,SPI
CIM-040,CIM,040,Pia Juice Processing / Packaging Bldg,,,,,,,1960,1047,STORAGE BUILDING,15041,040,50,,1,SPI
CIM-041,CIM,041,Pia Juice Plant Powerhouse,,,,,,,1960,379,UTILITY,15028,041,50,,1,SPI
CIM-042,CIM,042,"Otd Warehouse, Pia",,,,,,,1995,7360,BARN,37696,042,50,,1,SPI
CIM-043,CIM,043,Calf Barn,,,,,,,,2040,BARN,15043,043,50,,1,SPI
CIM-045,CIM,045,Pia Juice Plant Office,,,,,,,1960,1276,OFFICE (INSTITUTIONAL),15027,045,50,,1,SPI
CIM-047,CIM,047,Juice Plant Alley Office/Pia,,,,,,,,384,OFFICE (INSTITUTIONAL),15029,047,50,,1,SPI
CIM-054,CIM,054,Laboratory-Waste Water Treatment Plant,,,,,,,1941,1066,UTILITY,38288,054,50,,1,SPI
CIM-064,CIM,064,Nursery,,,,,,,1941,2618,NURSERY/GREENHOUSE,15053,064,50,,1,SPI
CIM-065,CIM,065,Overflow Annex / Office Supplies,,,,,,,,480,STORAGE BUILDING,15033,065,50,,1,SPI
CIM-066,CIM,066,Domestic Water Supply Well #16,,,,,,,2004,0,UTILITY,45488,066,50,,1,SPI
CIM-079,CIM,079,"In Service Training Bldgs, Scudder Bldg",,,,,,,,4512,CLASSROOM,14996,079,50,,1,SPI
CIM-080,CIM,080,In Service Training Classroom A & B,,,,,,,,2810,CLASSROOM,39641,080,50,,1,SPI
CIM-082,CIM,082,"Ranch Gate, East Entrance",,,,,,,1999,500,LOOKOUT (GUARD STATION),40640,082,50,,1,SPI
CIM-083,CIM,083,Isu (East Side),,,,,,,1997,1536,OFFICE (INSTITUTIONAL),38282,083,50,,1,SPI
CIM-084,CIM,084,Isu (West Side),,,,,,,1997,1536,OFFICE (INSTITUTIONAL),38286,084,50,,1,SPI
CIM-085,CIM,085,Annex Warehouse,,,,,,,,3160,STORAGE BUILDING,15036,085,50,,1,SPI
CIM-086,CIM,086,Friends Outside-Hospitality Center,,,,,,,1995,1440,OFFICE (INSTITUTIONAL),37697,086,50,,1,SPI
CIM-102,CIM,102,"Gymnasium, Fac-D",,,,,,,,10416,GYMNASIUM,15020,102,50,,1,SPI
CIM-103,CIM,103,Facility-D Garbage Can Wash Rm,,,,,,,1995,127,UTILITY,38290,103,50,,1,SPI
CIM-104,CIM,104,"Vehicle Sallyport Gatehouse, Fac-D",,,,,,,1993,288,LOOKOUT (GUARD STATION),51528,104,50,,1,SPI
CIM-105,CIM,105,"Administration Bldg. Main, Facility-D",,,,,,,1941,45286,OFFICE (INSTITUTIONAL),14993,105,50,,1,SPI
CIM-106,CIM,106,"South Dormitory, Fac-D",,,,,,,,31590,DORMITORY,15005,106,50,,1,SPI
CIM-107,CIM,107,"West Dormitory, Fac-D",,,,,,,,33242,DORMITORY,15006,107,50,,1,SPI
CIM-108,CIM,108,"Hospital, Facility-D Ohu",,,,,,,,53812,HOSPITAL/CLINIC/TREATMENT CENTER,15007,108,50,,1,SPI
CIM-110,CIM,110,"Clothing Room / Storage Area, Fac-D",,,,,,,1945,24567,STORAGE BUILDING,15012,110,50,,1,SPI
CIM-112,CIM,112,"Dining Room Culinary Main, Fac-D",,,,,,,1938,32465,DINING/CAFETERIA,15009,112,50,,1,SPI
CIM-114,CIM,114,"Engineering Shop, Fac-D",,,,,,,,4800,SHOP,15031,114,50,,1,SPI
CIM-115,CIM,115,Powerhouse,,,,,,,1938,6226,UTILITY,15026,115,50,,1,SPI
CIM-116,CIM,116,Marine Tech Training Ctr (Mttc-Diver Tr),,,,,,,1945,16150,CLASSROOM,15052,116,50,,1,SPI
CIM-117,CIM,117,"Pia Main Warehouse Clothing Storage, Msf",,,,,,,1945,14884,STORAGE BUILDING,15037,117,50,,1,SPI
CIM-118,CIM,118,Inmate Work Change / Pia Whs #4,,,,,,,,4720,WORK CHANGE,15051,118,50,,1,SPI
CIM-119,CIM,119,"Office Sup-Whse Storage / Rpe Rm, Fac-D",,,,,,,,28960,SHOP,15039,119,50,,1,SPI
CIM-120,CIM,120,"Prison Industry Authority Office, Fac-D",,,,,,,1965,1800,OFFICE (INSTITUTIONAL),15050,120,50,,1,SPI
CIM-121,CIM,121,Vocational Masonary,,,,,,,1945,4800,CLASSROOM,15049,121,50,,1,SPI
CIM-122,CIM,122,"Pia Warehouse No. 1, Fac-D",,,,,,,,14400,WAREHOUSE,15040,122,50,,1,SPI
CIM-123,CIM,123,"Pia Annex Warehouse, Fac-D",,,,,,,1945,4800,STORAGE BUILDING,15038,123,50,,1,SPI
CIM-124,CIM,124,"Fire Station, Fac-D",,,,,,,1938,3824,FIREHOUSE/FOREST FIRE STATION,15019,124,50,,1,SPI
CIM-125,CIM,125,"Canteen, Fac-D",,,,,,,1945,2280,CONCESSION,15010,125,50,,1,SPI
CIM-126,CIM,126,"Cedar Hall, Fac-D",,,,,,,,10296,DORMITORY,14999,126,50,,1,SPI
CIM-127,CIM,127,"Oak Hall, Fac-D",,,,,,,,10296,DORMITORY,15000,127,50,,1,SPI
CIM-128,CIM,128,"Pine Hall, Fac-D",,,,,,,,10296,DORMITORY,15001,128,50,,1,SPI
CIM-129,CIM,129,"Redwood Hall, Fac-D",,,,,,,,10296,DORMITORY,15002,129,50,,1,SPI
CIM-134,CIM,134,Small Engine Repair,,,,,,,,600,SHOP,39663,134,50,,1,SPI
CIM-135,CIM,135,"In-Grounds, Fac-D",,,,,,,,600,SHOP,15023,135,50,,1,SPI
CIM-136,CIM,136,"Mental Health Dept/Cccms, Fac-D",,,,,,,2002,1788,OFFICE (INSTITUTIONAL),44481,136,50,,1,SPI
CIM-137,CIM,137,"Inmate Visiting Processing, Fac-D",,,,,,,1986,504,OFFICE (INSTITUTIONAL),51534,137,50,,1,SPI
CIM-138,CIM,138,Fac-D Operations Room,,,,,,,1993,1024,OFFICE (INSTITUTIONAL),51526,138,50,,1,SPI
CIM-139,CIM,139,"Barber Shop, Fac-D",,,,,,,,928,BARBER SHOP,15014,139,50,,1,SPI
CIM-140,CIM,140,D-12 Magnolia,,,,,,,1996,13244,DORMITORY,38296,140,50,,1,SPI
CIM-141,CIM,141,D-11 Juniper,,,,,,,1996,13244,DORMITORY,38294,141,50,,1,SPI
CIM-142,CIM,142,D-10 Alder,,,,,,,1996,13244,DORMITORY,38295,142,50,,1,SPI
CIM-143,CIM,143,Education Annex Fac-D,,,,,,,1997,2538,CLASSROOM,38285,143,50,,1,SPI
CIM-145,CIM,145,Psychiatric Office No. 1 Fac-D,,,,,,,1996,2160,RELOCATABLE OFFICE,38299,145,50,,1,SPI
CIM-146,CIM,146,Facility-D Clinic/Pill Line,,,,,,,1996,1656,HOSPITAL/CLINIC/TREATMENT CENTER,38293,146,50,,1,SPI
CIM-148,CIM,148,Medical Training Room Fac-D,,,,,,,1996,2160,RELOCATABLE OFFICE,38300,148,50,,1,SPI
CIM-149,CIM,149,Facility-D Program Services,,,,,,,1999,4100,OFFICE (INSTITUTIONAL),39640,149,50,,1,SPI
CIM-150,CIM,150,D-5 Willow,,,,,,,1999,13244,DORMITORY,39638,150,50,,1,SPI
CIM-152,CIM,152,Old North Clinic,,,,,,,2001,4970,RELOCATABLE OFFICE,4964,152,50,,1,SPI
CIM-153,CIM,153,Re-Entry Hub Module/Fac-D,,,,,,,2001,4970,RELOCATABLE OFFICE,4965,153,50,,1,SPI
CIM-154,CIM,154,"Dars-Mh Modular/Ab900, Fac-D",,,,,,,2009,6400,RELOCATABLE CLASSROOM,51535,154,50,,1,SPI
CIM-167,CIM,167,"Plant Operations Office And Shops, Fac-D",,,,,,,1945,24000,SHOP,15022,167,50,,1,SPI
CIM-180,CIM,180,"Laundry, Fac-D",,,,,,,1989,22082,LAUNDRY,38281,180,50,,1,SPI
CIM-192,CIM,192,Lockshop,,,,,,,2005,800,LOOKOUT (GUARD STATION),51532,192,50,,1,SPI
CIM-192.1,CIM,192.1,Armory,,,,,,,2005,1800,ARMORY,51530,192.1,50,,1,SPI
CIM-196,CIM,196,"Elm Hall, Fac-D",,,,,,,,14100,DORMITORY,15003,196,50,,1,SPI
CIM-204.5,CIM,204.5,,,,B,,,,,,,,,,,1,MPAR2024:P-2324-00143
CIM-204.7,CIM,204.7,,,,B,housing,,,,,,,,,,1,MPAR2025:P-2526-00130
CIM-204.8,CIM,204.8,,,,B,housing,,,,,,,,,,1,MPAR2025:P-2526-00130
CIM-205,CIM,205,Family Visiting Fac-B,,,,,,,,990,RELOCATABLE RESIDENCE,15085,205,50,,1,SPI
CIM-206,CIM,206,"Vehicle Sallyport Gatehouse, Fac-B",,,,,,,1951,180,LOOKOUT (GUARD STATION),51527,206,50,,1,SPI
CIM-360,CIM,360,Grounds Bldg Fac-A,,,,,,,,900,SHOP,39662,360,50,,1,SPI
CIM-374,CIM,374,Administration Bldg Facility-A,,,,,,,1961,20070,OFFICE (INSTITUTIONAL),15056,374,50,,1,SPI
CIM-375,CIM,375,"Law Library/Chapel, Fac-A",,,,,,,,3584,LIBRARY,15064,375,50,,1,SPI
CIM-376,CIM,376,Visiting - Facility-A,,,,,,,1961,2560,VISITATION FACILITY,15057,376,50,,1,SPI
CIM-377,CIM,377,Medical And Dental Facility-A;Medical and Dental,,,,health_care,,,1961,2540,HOSPITAL/CLINIC/TREATMENT CENTER,15058,377,50,,2,SPI;MPAR2022:P-1718-00413
CIM-379,CIM,379,Medical Pill Line/Educational Vep Fac-A,,,,,,,1961,2080,OFFICE (INSTITUTIONAL),15066,379,50,,1,SPI
CIM-380,CIM,380,"Education Program, Fac-A",,,,,,,,6660,CLASSROOM,15063,380,50,,1,SPI
CIM-381,CIM,381,A-8 Angelus,,,,,,,1961,8832,DORMITORY,15059,381,50,,1,SPI
CIM-382,CIM,382,A-7 Otay,,,,,,,1961,8832,DORMITORY,15060,382,50,,1,SPI
CIM-383,CIM,383,A-6 Joshua,,,,,,,1961,8832,DORMITORY,15061,383,50,,1,SPI
CIM-384,CIM,384,A-5 Mariposa,,,,,,,1961,8832,DORMITORY,15062,384,50,,1,SPI
CIM-385,CIM,385,A-1 Borrego,,,,,,,1961,8832,DORMITORY,15070,385,50,,1,SPI
CIM-386,CIM,386,A-2 Laguna,,,,,,,1961,8832,DORMITORY,15069,386,50,,1,SPI
CIM-387,CIM,387,A-3 Sequoia,,,,,,,1961,8832,DORMITORY,15068,387,50,,1,SPI
CIM-388,CIM,388,A-4 Cleveland,,,,,,,1961,8832,DORMITORY,15067,388,50,,1,SPI
CIM-389,CIM,389,Vocational Programs Fac-A,,,,,,,1961,8248,OFFICE (INSTITUTIONAL),15071,389,50,,1,SPI
CIM-390,CIM,390,Fac-A Culinary,,,,,,,1961,19200,DINING/CAFETERIA,15065,390,50,,1,SPI
CIM-391,CIM,391,Facility-A Garbage Can Wash Room,,,,,,,1995,127,UTILITY,38297,391,50,,1,SPI
CIM-394,CIM,394,Vehicle Sallyport Facility-A,,,,,,,,234,LOOKOUT (GUARD STATION),15077,394,50,,1,SPI
CIM-398,CIM,398,Pedestrian Sallyport Facility-A,,,,,,,,407,LOOKOUT (GUARD STATION),15074,398,50,,1,SPI
CIM-402,CIM,402,Board Of Prison Terms Fac-C,,,,,,,1996,3456,RELOCATABLE OFFICE,38287,402,50,,1,SPI
CIM-487,CIM,487,Rc East-West Culinary Garbage Can Wash,,,,,,,1995,154,UTILITY,38298,487,50,,1,SPI
CIM-488,CIM,488,Fac-C Eastside Culinary Garbage Can Wash,,,,,,,1995,154,UTILITY,38302,488,50,,1,SPI
CIM-489,CIM,489,Chapel Fac-C,,,,,,,1968,4725,CHAPEL,37041,489,50,,1,SPI
CIM-490.1,CIM,490.1,Administration Bldg./Facility-C,,,,,,,1968,22500,OFFICE (INSTITUTIONAL),15078,490.1,50,,1,SPI
CIM-491.1,CIM,491.1,Fac-C Maintenance/Vocational,,,,,,,,10000,SHOP,37046,491.1,50,,1,SPI
CIM-491.3,CIM,491.3,Facility-C  Education-Canteen,,,,,,,,7500,CLASSROOM,37045,491.3,50,,1,SPI
CIM-494.1,CIM,494.1,"Family Visiting Fac-C, No. 1",,,,,,,,600,RELOCATABLE RESIDENCE,15081,494.1,50,,1,SPI
CIM-494.2,CIM,494.2,"Family Visiting Fac-C, No. 2",,,,,,,,600,RELOCATABLE RESIDENCE,39669,494.2,50,,1,SPI
CIM-495,CIM,495,Visiting Restroom Fac-C,,,,,,,,825,COMFORT STATION/RESTROOMS/LAVATORIES,15080,495,50,,1,SPI
CIM-496,CIM,496,Pedestrian Sallyport Fac-C,,,,,,,1987,1442,LOOKOUT (GUARD STATION),15079,496,50,,1,SPI
CIM-498.19,CIM,498.19,Fac-C Tower 19,,,,,,,2005,338,LOOKOUT (GUARD STATION),51533,498.19,50,,1,SPI
CIM-50-bed-mental-health-crisis-facility,CIM,,50-Bed Mental Health Crisis Facility,,,,health_care,MHCB,,,,,,,,,6,December2025QuarterlyReport-ADAFinal;June2026QuarterlyReport-ADA;MPAR2022:P-1617-00113;March2026QuarterlyReport-ADA;September_2025_Quarterly_Report-ADA;plata_ecf3963_receiver_triannual_59_2025-06-02
CIM-B1,CIM,B1,,,,B,housing,RC GP (2018-08),,,,,,,,,1,cim-2018-prea-report
CIM-B2,CIM,B2,,,,B,housing,RC SNY (2018-08),,,,,,,,,1,cim-2018-prea-report
CIM-B3,CIM,B3,,,,B,housing,ASU (2018-08),151 (2018-08),,,,,,,,1,cim-2018-prea-report
CIM-B4,CIM,B4,,,,B,housing,RC GP (2018-08),,,,,,,,,1,cim-2018-prea-report
CIM-B5,CIM,B5,,,,B,housing,RC GP (2018-08),,,,,,,,,1,cim-2018-prea-report
CIM-facility-c-east-culinary-building,CIM,,Facility C East Culinary Building,,,C,kitchen,,,,,,,,,,1,MPAR2022:P-2122-00112
CIM-palm-hall,CIM,,Palm Hall,,,B,housing,ASU,,,,,,,,,1,facility-locator-cim-2026-10-06
CIM-ph-A-HU1,CIM,,,,yes,A,housing,,160 (2018-08);137 (2026-10),1952,,,,,,,4,cim-2018-prea-report;facility-locator-cim-2026-10-06;sen_sub5_agenda_2021-02-11;sen_sub5_agenda_vote_outcomes_2018-03-15
CIM-ph-A-HU2,CIM,,,,yes,A,housing,,160 (2018-08);137 (2026-10),1952,,,,,,,4,cim-2018-prea-report;facility-locator-cim-2026-10-06;sen_sub5_agenda_2021-02-11;sen_sub5_agenda_vote_outcomes_2018-03-15
CIM-ph-A-HU3,CIM,,,,yes,A,housing,,160 (2018-08);137 (2026-10),1952,,,,,,,4,cim-2018-prea-report;facility-locator-cim-2026-10-06;sen_sub5_agenda_2021-02-11;sen_sub5_agenda_vote_outcomes_2018-03-15
CIM-ph-A-HU4,CIM,,,,yes,A,housing,,160 (2018-08);137 (2026-10),1952,,,,,,,4,cim-2018-prea-report;facility-locator-cim-2026-10-06;sen_sub5_agenda_2021-02-11;sen_sub5_agenda_vote_outcomes_2018-03-15
CIM-ph-A-HU5,CIM,,,,yes,A,housing,,160 (2018-08);137 (2026-10),1952,,,,,,,4,cim-2018-prea-report;facility-locator-cim-2026-10-06;sen_sub5_agenda_2021-02-11;sen_sub5_agenda_vote_outcomes_2018-03-15
CIM-ph-A-HU6,CIM,,,,yes,A,housing,,160 (2018-08);137 (2026-10),1952,,,,,,,4,cim-2018-prea-report;facility-locator-cim-2026-10-06;sen_sub5_agenda_2021-02-11;sen_sub5_agenda_vote_outcomes_2018-03-15
CIM-ph-A-HU7,CIM,,,,yes,A,housing,,160 (2018-08);137 (2026-10),1952,,,,,,,4,cim-2018-prea-report;facility-locator-cim-2026-10-06;sen_sub5_agenda_2021-02-11;sen_sub5_agenda_vote_outcomes_2018-03-15
CIM-ph-A-HU8,CIM,,,,yes,A,housing,,160 (2018-08);137 (2026-10),1952,,,,,,,4,cim-2018-prea-report;facility-locator-cim-2026-10-06;sen_sub5_agenda_2021-02-11;sen_sub5_agenda_vote_outcomes_2018-03-15
CIM-spi14994,CIM,,Guard Towers 1-18,,,,,,,,1411,LOOKOUT (GUARD STATION),14994,(SEE COMMENTS),50,,1,SPI
CIM-spi14995,CIM,,"Family Visiting Units, Facility-D",,,,,,,,2668,HOTEL/LODGE/CABIN,14995,198.1 AND 198.2,50,,1,SPI
CIM-spi15011,CIM,,"Visiting Canteen, Fac-D",,,,,,,1945,486,CONCESSION,15011,181,50,,1,SPI
CIM-spi15013,CIM,,"Vocational Shop No. 1, Fac-D",,,,,,,1945,19096,CLASSROOM,15013,131,50,,1,SPI
CIM-spi15015,CIM,,"Library And Classrooms, Fac-D",,,,,,,1945,8523,LIBRARY,15015,133,50,,1,SPI
CIM-spi15021,CIM,,"Engineering Warehouse, Fac-D",,,,,,,1945,4000,STORAGE BUILDING,15021,113,50,,1,SPI
CIM-spi15045,CIM,,"Hay Shed No. 1, Pia",,,,,,,,1228,SHED,15045,044,50,,1,SPI
CIM-spi15072,CIM,,Canteen Fac-A,,,,,,,,3276,CONCESSION,15072,378,50,,1,SPI
CIM-spi15073,CIM,,"Clothing Room, Fac-A",,,,,,,,3936,STORAGE BUILDING,15073,378,50,,1,SPI
CIM-spi15084,CIM,,Facility-B,,,,,,,,181545,DORMITORY,15084,(SEE COMMENTS),50,,1,SPI
CIM-spi37042,CIM,,Facility-C - Del Norte And Colusa,,,,,,,,55600,DORMITORY,37042,"492.1, 492.2, 492.3",50,,1,SPI
CIM-spi37043,CIM,,"Fac-C - Alpine, Butte & W. Culinary",,,,,,,,55600,DORMITORY,37043,"493.1, 493.2, 493.3",50,,1,SPI
CIM-spi37044,CIM,,Facility-C - Gymnasium & Tower 5,,,,,,,,10150,GYMNASIUM,37044,491.2 AND 491.4,50,,1,SPI
CIM-spi39639,CIM,,D-4 Spruce,,,,,,,1999,13244,DORMITORY,39639,"151, P/C #HO5",50,,1,SPI
CIM-spi39657,CIM,,"Visiting Restrooms, Fac-B",,,,,,,1945,820,COMFORT STATION/RESTROOMS/LAVATORIES,39657,181,50,,1,SPI
CIM-spi39658,CIM,,"Vocational Shop No. 2, Fac-B",,,,,,,1945,19096,CLASSROOM,39658,131,50,,1,SPI
CIM-spi39659,CIM,,Facility-D Education Complex,,,,,,,1945,6720,CLASSROOM,39659,133,50,,1,SPI
CIM-spi39660,CIM,,"Maintenance, Warehouse, Fac-D",,,,,,,1945,5500,SHOP,39660,113,50,,1,SPI
CIM-spi39665,CIM,,"Hay Shed No. 2, Pia",,,,,,,,1228,SHED,39665,044,50,,1,SPI
CIM-spi39666,CIM,,"Hay Shed No. 3, Pia",,,,,,,,1228,SHED,39666,044,50,,1,SPI
CIM-spi39667,CIM,,"Hay Shed No. 4, Pia",,,,,,,,1228,SHED,39667,044,50,,1,SPI
CIM-spi39668,CIM,,"Hay Shed No. 5, Pia",,,,,,,,1228,SHED,39668,044,50,,1,SPI
CIM-spi44244,CIM,,Facility-C Mental Health (Bcpa),,,,,,,2001,262,OFFICE (INSTITUTIONAL),44244,409,50,,1,SPI
CIM-spi51529,CIM,,Board Of Parole Trailer (Bpt) - Fac-C,,,,,,,2003,2100,OFFICE (INSTITUTIONAL),51529,409,50,,1,SPI
CIM-spi51549,CIM,,20 Small Management Exercise Yards,,,,,,,2009,3000,SMALL MANAGEMENT EXERCISE YARDS,51549,,50,,1,SPI
CIM-spi57172,CIM,,De Nitrification Water Treatment Plant,,,,,,,2007,0,WASTEWATER TREATMENT FACILITY,57172,,50,,1,SPI
CIW-45-bed-ctc,CIW,,45 Bed CTC,,,,health_care,CTC,,,,,,,,,1,asm_sub5_agenda_2011-05-25
CIW-S PIPA1,CIW,S PIPA1,,,,S,health_care,PIP (2023-05),21 (2023-05),,,,,,,,1,coleman_ecf7833-1_iflex_pip_beds_2023-05-11
CIW-S PIPB1,CIW,S PIPB1,,,,S,health_care,PIP (2023-05),24 (2023-05),,,,,,,,1,coleman_ecf7833-1_iflex_pip_beds_2023-05-11
CIW-administrative-segregation-housing-unit,CIW,,Administrative Segregation Housing Unit,,,,housing,ASU,,,,,,,,,1,MPAR2022:P-1718-00120
CIW-central-kitchen,CIW,,Central Kitchen,,,,kitchen,,,1966,,,,,,,1,MPAR2022:P-2122-00098
CIW-spi14557,CIW,,Administration Building,,,,,,,1951,64603,OFFICE (INSTITUTIONAL),14557,14557,41,,1,SPI
CIW-spi14558,CIW,,Auditorium,,,,,,,1951,9664,AUDITORIUM/HALL,14558,,41,,1,SPI
CIW-spi14559,CIW,,Mailroom,,,,,,,1951,3610,OFFICE (INSTITUTIONAL),14559,,41,,1,SPI
CIW-spi14562,CIW,,South Education,,,,,,,1956,10584,CLASSROOM,14562,,41,,1,SPI
CIW-spi14563,CIW,,Prison Industries Authority,,,,,,,1951,39118,SHOP,14563,,41,,1,SPI
CIW-spi14564,CIW,,Maintenance Shops,,,,,,,1951,23785,STORAGE BUILDING,14564,,41,,1,SPI
CIW-spi14565,CIW,,Fire Department Office/Fmr Plant Ops,,,,,,,1980,1200,FIREHOUSE/FOREST FIRE STATION,14565,,41,,1,SPI
CIW-spi14566,CIW,,Maintenance Warehouse # 1&2,,,,,,,1964,7782,STORAGE BUILDING,14566,,41,,1,SPI
CIW-spi14567,CIW,,Miller Housing Unit,,,,,,,1951,26318,DORMITORY,14567,,41,,1,SPI
CIW-spi14568,CIW,,Barneburg Housing Unit,,,,,,,1951,26318,DORMITORY,14568,,41,,1,SPI
CIW-spi14569,CIW,,Emmons Housing Unit,,,,,,,1951,26318,DORMITORY,14569,,41,,1,SPI
CIW-spi14570,CIW,,Latham Housing Unit,,,,,,,1951,26318,DORMITORY,14570,,41,,1,SPI
CIW-spi14571,CIW,,Wilson Housing Unit,,,,,,,1963,26318,DORMITORY,14571,,41,,1,SPI
CIW-spi14572,CIW,,Harrison Housing Unit,,,,,,,1963,26318,DORMITORY,14572,,41,,1,SPI
CIW-spi14573,CIW,,Grounds Office And Shop,,,,,,,1980,1800,OFFICE (INSTITUTIONAL),14573,,41,,1,SPI
CIW-spi14574,CIW,,Maintenance Gate (Custody),,,,,,,1975,640,LOOKOUT (GUARD STATION),14574,,41,,1,SPI
CIW-spi14575,CIW,,Guard Tower 1,,,,,,,1980,300,LOOKOUT (GUARD STATION),14575,,41,,1,SPI
CIW-spi14576,CIW,,Culinary,,,,,,,1966,25313,KITCHEN,14576,,41,,1,SPI
CIW-spi14577,CIW,,Rc Administration,,,,,,,1962,12150,OFFICE (INSTITUTIONAL),14577,,41,,1,SPI
CIW-spi14578,CIW,,H-12 Housing Unit,,,,,,,1962,28334,DORMITORY,14578,,41,,1,SPI
CIW-spi14579,CIW,,Support Care Unit (Scu),,,,,,,1962,16583,DORMITORY,14579,,41,,1,SPI
CIW-spi14580,CIW,,Family Living Triplex-Transportation Ofc,,,,,,,1976,2000,RESIDENCE (MULTI-FAMILY),14580,,41,,1,SPI
CIW-spi14582,CIW,,Special Housing Unit (Sphu),,,,,,,1987,25084,DORMITORY,14582,,41,,1,SPI
CIW-spi14583,CIW,,"Visiting Area, Processing & Waiting Room",,,,,,,1977,5167,VISITATION FACILITY,14583,,41,,1,SPI
CIW-spi14585,CIW,,North Education Building,,,,,,,1951,15090,CLASSROOM,14585,,41,,1,SPI
CIW-spi39621,CIW,,(Sap 1) Substance Abuse Program,,,,,,,1994,2160,RELOCATABLE OFFICE,39621,,41,,1,SPI
CIW-spi39622,CIW,,Chapel,,,,,,,1992,2880,CHAPEL,39622,,41,,1,SPI
CIW-spi39624,CIW,,Casa Frontera,,,,,,,1996,1440,RELOCATABLE OFFICE,39624,,41,,1,SPI
CIW-spi39625,CIW,,Warden Conferance Room/Cosmetology Room,,,,,,,,6480,RELOCATABLE OFFICE,39625,,41,,1,SPI
CIW-spi39970,CIW,,Hazardous Material Waste Shed,,,,,,,1999,880,SHED,39970,,41,,1,SPI
CIW-spi39971,CIW,,Hazardous Material Storage,,,,,,,1999,945,STORAGE,39971,,41,,1,SPI
CIW-spi43374,CIW,,Armory / Lock Shop / Radio Room,,,,,,,1990,1500,ARMORY,43374,,41,,1,SPI
CIW-spi43375,CIW,,Boiler House,,,,,,,1994,4000,UTILITY,43375,,41,,1,SPI
CIW-spi43376,CIW,,Emergency Electrical Generator Room,,,,,,,1991,1365,UTILITY,43376,,41,,1,SPI
CIW-spi43377,CIW,,Family Living Unit Duplex,,,,,,,1987,1520,RESIDENCE (MULTI-FAMILY),43377,,41,,1,SPI
CIW-spi43378,CIW,,Women'S Advisory Counsel (Wac),,,,,,,1985,154,OFFICE (INSTITUTIONAL),43378,,41,,1,SPI
CIW-spi439,CIW,,Personnel Modular,,,,,,,1997,3600,OFFICE (INSTITUTIONAL),439,,41,,1,SPI
CIW-spi44472,CIW,,Records Trailer (Modular),,,,,,,2001,720,RELOCATABLE OFFICE,44472,,41,,1,SPI
CIW-spi44497,CIW,,Support Care Unit (Scu) Clinic,,,,,,,2003,2503,HOSPITAL/CLINIC/TREATMENT CENTER,44497,,41,,1,SPI
CIW-spi44498,CIW,,Reception Center Screening & Eval Prog,,,,,,,2003,1544,HOSPITAL/CLINIC/TREATMENT CENTER,44498,,41,,1,SPI
CIW-spi4558,CIW,,Plant Operation,,,,,,,1997,3600,RELOCATABLE OFFICE,4558,,41,,1,SPI
CIW-spi4682,CIW,,Substance Abuse Program #2,,,,,,,1998,5040,RELOCATABLE OFFICE,4682,,41,,1,SPI
CIW-spi4842,CIW,,Vocational Modular - Miller Housing East,,,,,,,1995,1440,RELOCATABLE OFFICE,4842,EAST,41,,1,SPI
CIW-spi4843,CIW,,Vocational Modular - Miller Housing West,,,,,,,1995,1440,RELOCATABLE OFFICE,4843,WEST,41,,1,SPI
CIW-spi4844,CIW,,Cccms Building (Yard),,,,,,,1996,2160,RELOCATABLE OFFICE,4844,,41,,1,SPI
CIW-spi50591,CIW,,Bonding Mothers & Babies Visitation Mod.,,,,,,,2007,1423,RELOCATABLE CLASSROOM,50591,,41,,1,SPI
CIW-spi50592,CIW,,Correctional Treatment Center,,,,,,,2006,30604,HOSPITAL/CLINIC/TREATMENT CENTER,50592,,41,,1,SPI
CIW-spi50778,CIW,,Substance Abuse Program Mosular / Sap 4,,,,,,,2007,5760,RELOCATABLE CLASSROOM,50778,,41,,1,SPI
CIW-spi50779,CIW,,Substance Abuse Program Modular / Sap 3,,,,,,,2007,5760,RELOCATABLE CLASSROOM,50779,,41,,1,SPI
CIW-spi50907,CIW,,Visitor Center Modular,,,,,,,2008,1423,VISITATION FACILITY,50907,,41,,1,SPI
CIW-spi51536,CIW,,Psychiatric Services Unit Treatment Mod.,,,,,,,2010,2769,RELOCATABLE OFFICE,51536,,41,,1,SPI
CIW-spi51537,CIW,,Psychiatric Services Unit Small Mgt Yard,,,,,,,2011,3046,SMALL MANAGEMENT EXERCISE YARDS,51537,,41,,1,SPI
CIW-spi51538,CIW,,20-Bed Psychiatric Services Housing Unit,,,,,,,2011,3046,DORMITORY,51538,,41,,1,SPI
CIW-spi51551,CIW,,6 Small Management Exercise Yards,,,,,,,2009,900,SMALL MANAGEMENT EXERCISE YARDS,51551,,41,,1,SPI
CIW-spi55164,CIW,,Maintenance Warehouse 3,,,,,,,1991,800,WAREHOUSE,55164,,41,,1,SPI
CIW-spi55165,CIW,,Guard Tower 2,,,,,,,1980,240,LOOKOUT (GUARD STATION),55165,,41,,1,SPI
CIW-spi55166,CIW,,Guard Tower 3,,,,,,,2012,169,LOOKOUT (GUARD STATION),55166,,41,,1,SPI
CIW-spi55167,CIW,,Guard Tower 4,,,,,,,2012,169,LOOKOUT (GUARD STATION),55167,,41,,1,SPI
CIW-spi55168,CIW,,Guard Tower 5,,,,,,,1980,240,LOOKOUT (GUARD STATION),55168,,41,,1,SPI
CIW-spi55169,CIW,,Guard Tower 6,,,,,,,1980,300,LOOKOUT (GUARD STATION),55169,,41,,1,SPI
CIW-spi55229,CIW,,45 Bed Psychiatric In-Patient Facility,,,,,,,2012,52985,HOSPITAL/CLINIC/TREATMENT CENTER,55229,,41,,1,SPI
CIW-spi57611,CIW,,Ev Charging Stations (6-Level 2 Ports),,,,,,,2020,0,ELECTRIC VEHICLE CHARGING STATION,57611,,41,,1,SPI
CIW-spi718,CIW,,Mental Health Modular - Rc,,,,,,,1995,2160,RELOCATABLE CLASSROOM,718,,41,,1,SPI
CIW-walker-unit,CIW,,Walker Unit,,,,,,,,,,,,,,1,coleman_ecf8558_31st_round_heat_report_2025-02-28
CMC-1,CMC,1,Housing Unit Bldg. 1 (Aa),,,,,,,1961,32828,DORMITORY,14966,14966-AA,46,,1,SPI
CMC-149,CMC,149,Gymnasium - Bldg G,,,,,,,1961,24350,GYMNASIUM,14931,149  -,46,,1,SPI
CMC-2,CMC,2,Housing Unit Bldg. 2 (Ab),,,,,,,1961,32828,DORMITORY,14967,14967-AB,46,,1,SPI
CMC-200,CMC,200,Water Filtration Plant Bldg 200,,,,,,,,9181,UTILITY,51141,200,46,,1,SPI
CMC-202,CMC,202,Pump House Bldg 202,,,,,,,,600,PUMP/WELL HOUSE,51140,202,46,,1,SPI
CMC-204,CMC,204,Water Filtration Plant Storage Bldg 204,,,,,,,,391,STORAGE BUILDING,51142,204,46,,1,SPI
CMC-210,CMC,210,Clorine Station #1 Bldg 210,,,,,,,,600,STORAGE,51136,210,46,,1,SPI
CMC-220,CMC,220,Clorine Station #2 Bldg 220,,,,,,,,468,STORAGE,51137,220,46,,1,SPI
CMC-3,CMC,3,"Housing Unit, Bldg.3 (E)",,,,,,,1961,32828,DORMITORY,14929,14929-E,46,,1,SPI
CMC-330,CMC,330,,,,,kitchen,,,,,,,,,,2,Sep_2020_Quarterly-ADA_Final;September2021QuarterlyReport-ADA
CMC-352A,CMC,352A,,,,,kitchen,,,,,,,,,,2,Sep_2020_Quarterly-ADA_Final;September2021QuarterlyReport-ADA
CMC-360,CMC,360,,,,,kitchen,,,,,,,,,,2,Sep_2020_Quarterly-ADA_Final;September2021QuarterlyReport-ADA
CMC-4,CMC,4,"Housing Unit, Bldg.4 (F)",,,,,ASU,,1961,32828,DORMITORY,14930,14930-F,46,,2,SPI;MPAR2022:P-1718-00261
CMC-5,CMC,5,"Housing Unit, Bldg 5 (M)",,,,,,,1961,32828,DORMITORY,14940,14940-N,46,,1,SPI
CMC-6,CMC,6,Housing Unit Bldg. 6 (N),,,,,,,1961,32828,DORMITORY,14939,14939-M,46,,1,SPI
CMC-601,CMC,601,Headworks - Bldg 601,,,,,,,2007,2628,EQUIPMENT/MAINTENANCE BUILDING,50567,,46,,1,SPI
CMC-607,CMC,607,Chlorination/Dechlorination - Bldg 607,,,,,,,2007,830,EQUIPMENT/MAINTENANCE BUILDING,50568,,46,,1,SPI
CMC-611,CMC,611,Dewatering Building - Bldg 611,,,,,,,2007,2070,EQUIPMENT/MAINTENANCE BUILDING,50569,,46,,1,SPI
CMC-612,CMC,612,Mcc And Generator - Bldg 612,,,,,,,2007,1472,EQUIPMENT/MAINTENANCE BUILDING,50570,,46,,1,SPI
CMC-613,CMC,613,Maintenance Building - Bldg 613,,,,,,,2007,2250,EQUIPMENT/MAINTENANCE BUILDING,50571,,46,,1,SPI
CMC-7,CMC,7,Housing Unit Bldg. 7 (S),,,East,housing,GP,,1961,32828,DORMITORY,14947,14947-S,46,,2,SPI;MPAR2022:P-1718-00253
CMC-8,CMC,8,Housing Unit Bldg. 8 (T),,,,,,,1961,32828,DORMITORY,14948,14948-T,46,,1,SPI
CMC-A1,CMC,A1,Receiving & Release Storage Bldg. A1,,,,,,,1961,199,STORAGE BUILDING,14923,14923-A1,46,,1,SPI
CMC-B,CMC,B,,,,East,,,,,,,,,,,4,December2025QuarterlyReport-ADAFinal;Sep_2020_Quarterly-ADA_Final;September2021QuarterlyReport-ADA;September_2025_Quarterly_Report-ADA
CMC-C,CMC,C,,,,East,health_care,,,,,,,,,,4,December2025QuarterlyReport-ADAFinal;Sep_2020_Quarterly-ADA_Final;September2021QuarterlyReport-ADA;September_2025_Quarterly_Report-ADA
CMC-C1,CMC,C1,Watch Office - Bldg C1,,,,,,,1961,1270,OFFICE (INSTITUTIONAL),14926,14926-C1,46,,1,SPI
CMC-D1,CMC,D1,B-Quad Psychiatric Unit - Bldg D1,,,,,,,1961,986,HOSPITAL/CLINIC/TREATMENT CENTER,14928,14928-D1,46,,1,SPI
CMC-F L3,CMC,F L3,,,,,,,,,,,,,,,4,December2025QuarterlyReport-ADAFinal;Sep_2020_Quarterly-ADA_Final;September2021QuarterlyReport-ADA;September_2025_Quarterly_Report-ADA
CMC-K1,CMC,K1,Interfaith Chape - Bldg K1,,,,,,,1961,1375,CHAPEL,14935,14935-K1,46,,1,SPI
CMC-L1,CMC,L1,C-Quad Psychiatric Unit - Bldg L1,,,,,,,1961,370,HOSPITAL/CLINIC/TREATMENT CENTER,14937,14937-L1,46,,1,SPI
CMC-L2,CMC,L2,"C-Quad Dispensary Unit, Offices-Bldg L2",,,,,,,1961,1400,HOSPITAL/CLINIC/TREATMENT CENTER,14938,14938-L2,46,,1,SPI
CMC-P1,CMC,P1,Guard Station - Bldg P1,,,,,,,1961,220,LOOKOUT (GUARD STATION),14942,14942-P1,46,,1,SPI
CMC-Q1,CMC,Q1,D-Quad Psychiatric Unit - Bldg Q1,,,,,,,1961,15590,HOSPITAL/CLINIC/TREATMENT CENTER,14944,14944-Q1,46,,1,SPI
CMC-Q2,CMC,Q2,D-Quad Dispensary Unit - Bldg Q2,,,,,,,1961,1387,HOSPITAL/CLINIC/TREATMENT CENTER,14945,14945-Q2,46,,1,SPI
CMC-X1,CMC,X1,Kitchen Storage - Bldg X1,,,,,,,1961,256,STORAGE BUILDING,14961,14961-X1,46,,1,SPI
CMC-central-health-services,CMC,,Central Health Services,,,East,health_care,,,,,,,,,,5,December2025QuarterlyReport-ADAFinal;MPAR2022:P-1213-00224;Sep_2020_Quarterly-ADA_Final;September2021QuarterlyReport-ADA;September_2025_Quarterly_Report-ADA
CMC-central-kitchen,CMC,,Central Kitchen,,,West,kitchen,,,,,,,,,,1,MPAR2022:P-1011-00346
CMC-health-care-administration-building,CMC,,Health Care Administration building,,,East,admin,,,,,,,,,,1,MPAR2022:P-1213-00224
CMC-main-kitchen,CMC,,Main Kitchen,,,East,kitchen,,,,,,,,,,1,MPAR2022:P-2122-00102
CMC-pharmacy-and-laboratory-building,CMC,,Pharmacy and Laboratory building;pharmacy and laboratory building,,,,health_care,,,,,,,,,,5,MPAR2022:P-1213-00224;December2025QuarterlyReport-ADAFinal;Sep_2020_Quarterly-ADA_Final;September2021QuarterlyReport-ADA;September_2025_Quarterly_Report-ADA
CMC-primary-care-clinic-and-health-care-administration-building,CMC,,primary care clinic and health care administration building,,,East,,,,,,,,,,,4,December2025QuarterlyReport-ADAFinal;Sep_2020_Quarterly-ADA_Final;September2021QuarterlyReport-ADA;September_2025_Quarterly_Report-ADA
CMC-receiving-and-release,CMC,,Receiving and Release,,,East,other,,,,,,,,,,2,December2025QuarterlyReport-ADAFinal;September_2025_Quarterly_Report-ADA
CMC-spi14922,CMC,,Administration Bldg. - Bldg A,,,,,,,1961,49315,OFFICE (INSTITUTIONAL),14922,14922-A,46,,1,SPI
CMC-spi14924,CMC,,"Dining Rooms,Classrooms, Offices-Bldg B",,,,,,,1961,23000,DINING/CAFETERIA,14924,14924-B,46,,1,SPI
CMC-spi14925,CMC,,"Hospital, Administrative Segregation - C",,,,,,,1961,29568,HOSPITAL/CLINIC/TREATMENT CENTER,14925,14925-C,46,,1,SPI
CMC-spi14927,CMC,,"Classrooms, Offices, Dinning Rooms - D",,,,,,,1961,21920,CLASSROOM,14927,14927-D,46,,1,SPI
CMC-spi14932,CMC,,"Education, Bldg H",,,,,,,1961,5990,CLASSROOM,14932,14932-H,46,,1,SPI
CMC-spi14933,CMC,,Catholic Chapel - Bldg J,,,,,,,1961,6200,CHAPEL,14933,14933-J,46,,1,SPI
CMC-spi14934,CMC,,Protestant Chapel - Bldg K,,,,,,,1961,6200,CHAPEL,14934,14934-K,46,,1,SPI
CMC-spi14936,CMC,,"Classrooms,Dining Rooms,Offices - Bldg L",,,,,,,1961,21920,CLASSROOM,14936,14936-L,46,,1,SPI
CMC-spi14941,CMC,,"Shoe Factory, Knitting Mill - Bldg P",,,,,,,1961,43000,SHOP,14941,14941-P,46,,1,SPI
CMC-spi14943,CMC,,"Dining Rooms,Offices,Classrooms,Pia - Q",,,,,,,1961,25950,DINING/CAFETERIA,14943,14943-Q,46,,1,SPI
CMC-spi14946,CMC,,Pia Print Plant - Bldg R,,,,,,,1961,12170,SHOP,14946,14946-R,46,,1,SPI
CMC-spi14949,CMC,,Gun Tower - Bldg T-1,,,,,,,1961,208,LOOKOUT (GUARD STATION),14949,14949-T1,46,,1,SPI
CMC-spi14950,CMC,,Gun Tower - Bldg T-2,,,,,,,1961,208,LOOKOUT (GUARD STATION),14950,14950-T2,46,,1,SPI
CMC-spi14951,CMC,,Gun Tower - Bldg T-3,,,,,,,1961,208,LOOKOUT (GUARD STATION),14951,14951-T3,46,,1,SPI
CMC-spi14952,CMC,,Gun Tower - Bldg T-4,,,,,,,1961,208,LOOKOUT (GUARD STATION),14952,14952-T4,46,,1,SPI
CMC-spi14953,CMC,,Gun Tower - Bldg T-5,,,,,,,1961,208,LOOKOUT (GUARD STATION),14953,14953-T5,46,,1,SPI
CMC-spi14954,CMC,,Gun Tower - Bldg T-6,,,,,,,1961,208,LOOKOUT (GUARD STATION),14954,14954-T6,46,,1,SPI
CMC-spi14955,CMC,,Gun Tower - Bldg T-7,,,,,,,1961,208,LOOKOUT (GUARD STATION),14955,14955-T7,46,,1,SPI
CMC-spi14956,CMC,,Gun Tower - Bldg T-8,,,,,,,1961,208,LOOKOUT (GUARD STATION),14956,14956-T8,46,,1,SPI
CMC-spi14957,CMC,,"Laundry, Jacket Factory - U",,,,,,,1961,39900,LAUNDRY,14957,14957-U,46,,1,SPI
CMC-spi14958,CMC,,Maint. Paint - Bldg V,,,,,,,1961,1452,SHOP,14958,14958-V,46,,1,SPI
CMC-spi14960,CMC,,"Kitchen, Bakery, Canteen - Bldg X",,,,,,,1961,24476,KITCHEN,14960,14960-X,46,,1,SPI
CMC-spi14962,CMC,,Sally Port Guard Station - Bldg Y,,,,,,,1961,64,LOOKOUT (GUARD STATION),14962,14962-Y,46,,1,SPI
CMC-spi14963,CMC,,Maintenance & Vocational Shops-Bldg Z,,,,,,,1961,50380,SHOP,14963,14963-Z,46,,1,SPI
CMC-spi14964,CMC,,Maintenance Guard Station - Bldg Za,,,,,,,1961,64,LOOKOUT (GUARD STATION),14964,14964-ZA,46,,1,SPI
CMC-spi14965,CMC,,"Flamable Storage, Refer. Mechanic- Zb",,,,,,,1961,411,SHED,14965,14965-ZB,46,,1,SPI
CMC-spi14968,CMC,,Recreation Storage Shack - Bldg Ac,,,,,,,1961,550,SHED,14968,14968-AC,46,,1,SPI
CMC-spi14969,CMC,,Recreation Storage Shack - Bldg Ad,,,,,,,1961,550,SHED,14969,14969-AD,46,,1,SPI
CMC-spi14970,CMC,,Recreation Storage Shack- Bldg Ae,,,,,,,1961,550,OFFICE (INSTITUTIONAL),14970,14970-BB1,46,,1,SPI
CMC-spi14971,CMC,,Recreation Storage Shack - Bldg Af,,,,,,,1961,550,SHED,14971,14971-AF,46,,1,SPI
CMC-spi14972,CMC,,Central Plaza Tower - Bldg Ag,,,,,,,1961,450,LOOKOUT (GUARD STATION),14972,14972-AG,46,,1,SPI
CMC-spi14973,CMC,,Paint Booth - Bldg Bn,,,,,,,1961,960,SHOP,14973,14973-BN,46,,1,SPI
CMC-spi14974,CMC,,Gatehouse - Bldg Ba,,,,,,,1961,3100,LOOKOUT (GUARD STATION),14974,14974-BA,46,,1,SPI
CMC-spi14975,CMC,,Employee'S Activities-Bldg Bb/Mail Room,,,,,,,1961,8226,RECREATION BUILDING,14975,14975-BB,46,,1,SPI
CMC-spi14976,CMC,,Armory - Bldg Bc,,,,,,,1961,800,ARMORY,14976,14976-BC,46,,1,SPI
CMC-spi14977,CMC,,Electrical Sub-Station - Bldg Bd,,,,,,,1961,846,UTILITY,14977,14977-BD,46,,1,SPI
CMC-spi14978,CMC,,Boilerhouse - Bldg Be,,,,,,,1961,8271,UTILITY,14978,14978-BE,46,,1,SPI
CMC-spi14979,CMC,,Firehouse - Bldg Bf,,,,,,,1961,3515,FIREHOUSE/FOREST FIRE STATION,14979,14979-BF,46,,1,SPI
CMC-spi14980,CMC,,Groundsman - Bldg Bg,,,,,,,1961,289,EQUIPMENT/MAINTENANCE BUILDING,14980,14980-BG,46,,1,SPI
CMC-spi14981,CMC,,Service Station - Bldg Bh,,,,,,,1961,2451,SERVICE STATION,14981,14981-BH,46,,1,SPI
CMC-spi14982,CMC,,Automotive Storage - Bldg Bj,,,,,,,1961,5200,GARAGE/PARKING STRUCTURE,14982,14982-BU,46,,1,SPI
CMC-spi14983,CMC,,"Warehouse,Commissary,Pia Warehouse-Bk",,,,,,,1961,61920,WAREHOUSE,14983,14983-BK,46,,1,SPI
CMC-spi14984,CMC,,Valvehouse - Bldg Bl,,,,,,,1961,121,SHED,14984,14984-BL,46,,1,SPI
CMC-spi14985,CMC,,"Refrig, Steam - Bldg Bm",,,,,,,1961,2649,SHOP,14985,14985-BM,46,,1,SPI
CMC-spi14987,CMC,,Firehouse Storage - Bldg Bq,,,,,,,1961,256,SHED,14987,14987-BQ,46,,1,SPI
CMC-spi14988,CMC,,Lube Shed - Bldg Bt,,,,,,,1961,832,SHED,14988,14988-BT,46,,1,SPI
CMC-spi14989,CMC,,Warehouse Pia - Bldg Bk-1,,,,,,,1961,12500,WAREHOUSE,14989,14989-PIA,46,,1,SPI
CMC-spi37803,CMC,,Business Annex-T-M: Delegated Testing,,,,,,,1993,1440,RELOCATABLE OFFICE,37803,,46,,1,SPI
CMC-spi37804,CMC,,Business Annex-T-L: Ero/Personnel,,,,,,,1993,1475,RELOCATABLE OFFICE,37804,,46,,1,SPI
CMC-spi37805,CMC,,Business Annex-T-K: Personnel,,,,,,,1993,4560,RELOCATABLE OFFICE,37805,,46,,1,SPI
CMC-spi37806,CMC,,Business Annex-T-J Procurement Office,,,,,,,1993,1440,RELOCATABLE OFFICE,37806,,46,,1,SPI
CMC-spi40064,CMC,,Business Annex-T-N Business Services,,,,,,,1996,6240,RELOCATABLE OFFICE,40064,,46,,1,SPI
CMC-spi44380,CMC,,Less Than Lethal Weapons Storage-Bldg Ai,,,,,,,2002,150,STORAGE BUILDING,44380,,46,,1,SPI
CMC-spi45660,CMC,,Mental Health Services Building -Bldg Mh,,,,,,,2005,9200,OFFICE (INSTITUTIONAL),45660,,46,,1,SPI
CMC-spi50402,CMC,,Tv/Vcr Equipment Room - Bldg - Bs,,,,,,,2006,200,OFFICE (INSTITUTIONAL),50402,,46,,1,SPI
CMC-spi50404,CMC,,Radio Room - Bldg Bc - 1,,,,,,,1989,400,OFFICE (INSTITUTIONAL),50404,,46,,1,SPI
CMC-spi50405,CMC,,Generator Building - Bldg Bd - 1,,,,,,,1991,688,UTILITY,50405,,46,,1,SPI
CMC-spi50406,CMC,,Transformer Room - Bldg Bd - 2,,,,,,,1996,1080,UTILITY,50406,,46,,1,SPI
CMC-spi50563,CMC,,Family Visiting Units - Bldg Fv,,,,,,,2007,2453,VISITATION FACILITY,50563,,46,,1,SPI
CMC-spi50564,CMC,,Admin Trainer 1 - Bldg At - 1,,,,,,,,1380,RELOCATABLE OFFICE,50564,,46,,1,SPI
CMC-spi50565,CMC,,Admin Trailer 2 - Bldg At - 2,,,,,,,,1380,RELOCATABLE OFFICE,50565,,46,,1,SPI
CMC-spi50566,CMC,,Admin Trailer Storage  - Bldg At - S,,,,,,,,320,RELOCATABLE STORAGE,50566,,46,,1,SPI
CMC-spi50906,CMC,,Tv/Vcr Equipment Room - Building Bs-1,,,,,,,2007,360,OFFICE (INSTITUTIONAL),50906,,46,,1,SPI
CMC-spi51126,CMC,,Evaporation Pond Mechanical Shed Bldg Bz,,,,,,,,96,SHED,51126,BZ,46,,1,SPI
CMC-spi51127,CMC,,Friends Outside Bldg Bw,,,,,,,,1440,OFFICE (INSTITUTIONAL),51127,BW,46,,1,SPI
CMC-spi51128,CMC,,Garage Front Office Bldg Bj-1,,,,,,,,720,OFFICE (INSTITUTIONAL),51128,BJ-1,46,,1,SPI
CMC-spi51129,CMC,,Golf Shack Bldg By,,,,,,,,1276,STORAGE,51129,BY,46,,1,SPI
CMC-spi51130,CMC,,Hazardous Materials Storage Bldg Bv,,,,,,,,1120,STORAGE BUILDING,51130,BV,46,,1,SPI
CMC-spi51131,CMC,,Vector Control Bldg Bi,,,,,,,,654,RELOCATABLE OFFICE,51131,BI,46,,1,SPI
CMC-spi51132,CMC,,Booster Pump Station Bldg Bq-1,,,,,,,,336,PUMP/WELL HOUSE,51132,BQ-1,46,,1,SPI
CMC-spi51133,CMC,,Dumpster Wash Station Bldg Bo,,,,,,,,700,CAR WASH/WASH RACK,51133,BO,46,,1,SPI
CMC-spi51134,CMC,,Pedestrian Sallyport Bldg Y,,,,,,,,800,LOOKOUT (GUARD STATION),51134,Y,46,,1,SPI
CMC-spi51135,CMC,,Plaza Loop Structure Bldg Ah,,,,,,,,8500,OFFICE (INSTITUTIONAL),51135,AH,46,,1,SPI
CMC-spi51138,CMC,,Bar Screen #1 Bldg Bx,,,,,,,,512,MISCELLANEOUS,51138,BX,46,,1,SPI
CMC-spi51139,CMC,,Water Booster Pump Station Bldg Bq-2,,,,,,,2009,1326,PUMP/WELL HOUSE,51139,BQ-2,46,,1,SPI
CMC-spi55455,CMC,,50-Bed Mental Health Crisis Building,,,,,,,2013,45762,HOSPITAL/CLINIC/TREATMENT CENTER,55455,,46,,1,SPI
CMC-spi5572,CMC,,Osap - Modular,,,,,,,2005,5301,RELOCATABLE OFFICE,5572,,46,,1,SPI
CMF-16,CMF,16,Old Warden'S Residence,,,,,,,,3940,RESIDENCE (SINGLE FAMILY),15327,16,45,,1,SPI
CMF-17,CMF,17,Captain'S House,,,,,,,,1500,RESIDENCE (SINGLE FAMILY),15326,17,45,,1,SPI
CMF-21,CMF,21,Feba Garage,,,,,,,,800,STORAGE BUILDING,15325,21,45,,1,SPI
CMF-37,CMF,37,Fitness Center,,,,,,,,1000,CLASSROOM,15329,37,45,,1,SPI
CMF-566,CMF,566,Armory/Lockshop,,,,,,,,1950,ARMORY,36604,566,45,,1,SPI
CMF-901,CMF,901,Dorm C (Bldg 901),,,,,,,2006,13244,DORMITORY,50197,901,45,,1,SPI
CMF-902,CMF,902,Dorm D (Bldg 902),,,,,,,2006,13244,DORMITORY,50198,902,45,,1,SPI
CMF-A A 2,CMF,A A 2,,,,A,health_care,ICF (2023-05),44 (2023-05),,,,,,,,1,coleman_ecf7833-1_iflex_pip_beds_2023-05-11
CMF-A A 3,CMF,A A 3,,,,A,health_care,ICF (2023-05),40 (2023-05),,,,,,,,1,coleman_ecf7833-1_iflex_pip_beds_2023-05-11
CMF-A P 1,CMF,A P 1,,,,A,health_care,PIP (2023-05),32 (2023-05),,,,,,,,1,coleman_ecf7833-1_iflex_pip_beds_2023-05-11
CMF-A P 2,CMF,A P 2,,,,A,health_care,PIP (2023-05),36 (2023-05),,,,,,,,1,coleman_ecf7833-1_iflex_pip_beds_2023-05-11
CMF-A P 3,CMF,A P 3,,,,A,health_care,ICF (2023-05),30 (2023-05),,,,,,,,1,coleman_ecf7833-1_iflex_pip_beds_2023-05-11
CMF-A Q 1,CMF,A Q 1,,,,A,health_care,PIP (2023-05),29 (2023-05),,,,,,,,1,coleman_ecf7833-1_iflex_pip_beds_2023-05-11
CMF-A Q 2,CMF,A Q 2,,,,A,health_care,PIP (2023-05),31 (2023-05),,,,,,,,1,coleman_ecf7833-1_iflex_pip_beds_2023-05-11
CMF-A Q 3,CMF,A Q 3,,,,A,health_care,PIP (2023-05),30 (2023-05),,,,,,,,1,coleman_ecf7833-1_iflex_pip_beds_2023-05-11
CMF-A S 1,CMF,A S 1,,,,A,health_care,PIP (2023-05),30 (2023-05),,,,,,,,1,coleman_ecf7833-1_iflex_pip_beds_2023-05-11
CMF-A S 2,CMF,A S 2,,,,A,health_care,PIP (2023-05),30 (2023-05),,,,,,,,1,coleman_ecf7833-1_iflex_pip_beds_2023-05-11
CMF-C HTCC1,CMF,C HTCC1,,,,C,health_care,ICF (2023-05),16 (2023-05),,,,,,,,1,coleman_ecf7833-1_iflex_pip_beds_2023-05-11
CMF-C HTCD1,CMF,C HTCD1,,,,C,health_care,ICF (2023-05),16 (2023-05),,,,,,,,1,coleman_ecf7833-1_iflex_pip_beds_2023-05-11
CMF-H51,CMF,H51,P-Wing,,,A,housing,,,,,,,,,,2,bcp_2025-26_air_cooling_pilot_8144;coleman_ecf8558-1_heat_report_exhibits_2025-02-28
CMF-I4,CMF,I4,Outside Grounds Office,,,,,,,,2000,OFFICE (INSTITUTIONAL),15321,I4,45,,1,SPI
CMF-P2A,CMF,P2A,Satellite Warehouse,,,,,,,,2200,CLASSROOM,15306,P2A,45,,1,SPI
CMF-P5,CMF,P5,Main Yard Shack,,,,,,,,500,STORAGE BUILDING,15304,P5,45,,1,SPI
CMF-P64,CMF,P64,Quonset Hut Counseling Center,,,,,,,,1000,CLASSROOM,36608,P64,45,,1,SPI
CMF-U31,CMF,U31,Ranch Yard Shack,,,,,,,,1500,STORAGE BUILDING,15315,U31,45,,1,SPI
CMF-U58,CMF,U58,Emergency Generator #2 S & Q,,,,,,,,672,UTILITY,36605,U58,45,,1,SPI
CMF-W1,CMF,W1,Ranch Shops,,,,,,,,4500,SHOP,15316,W1,45,,1,SPI
CMF-W12,CMF,W12,Emergency Generator #1,,,,,,,,672,UTILITY,15322,W12,45,,1,SPI
CMF-W7,CMF,W7,Flammable Storage,,,,,,,,400,STORAGE BUILDING,15302,W7,45,,1,SPI
CMF-a-wing,CMF,,A Wing,,,,,,,,,,,,,,1,MPAR2022:P-1516-00487
CMF-b-wing,CMF,,B-Wing,,,,,,,,,,,,,,2,Sep_2020_Quarterly-ADA_Final;September2021QuarterlyReport-ADA
CMF-central-health-services,CMF,,Central Health Services,,,,health_care,,,,,,,,,,2,Sep_2020_Quarterly-ADA_Final;September2021QuarterlyReport-ADA
CMF-h-1-wing,CMF,,H-1 Wing,,,,,,,,,,,,,,1,MPAR2022:P-1516-00271
CMF-h-2-wing,CMF,,H-2 Wing,,,,,,,,,,,,,,1,MPAR2022:P-1516-00271
CMF-h-3-wing,CMF,,H-3 Wing,,,,,,,,,,,,,,1,MPAR2022:P-1516-00271
CMF-hospice-and-medical-records-building,CMF,,Hospice and Medical Records Building,,,,health_care,,,,,,,,,,1,MPAR2025:P-2526-00163
CMF-i-1-wing,CMF,,I-1 Wing,,,,,,,,,,,,,,1,MPAR2022:P-1516-00271
CMF-j-1-wing,CMF,,J-1 Wing,,,,,,,,,,,,,,1,MPAR2022:P-1516-00271
CMF-main-kitchen,CMF,,Main Kitchen,,,,kitchen,,,,,,,,,,1,MPAR2022:P-2122-00107
CMF-spi15300,CMF,,Main Building,,,,,,,,769993,OFFICE (INSTITUTIONAL),15300,AAD,45,,1,SPI
CMF-spi15301,CMF,,Maintenance Shops,,,,,,,,19095,SHOP,15301,WF,45,,1,SPI
CMF-spi15303,CMF,,Unit 4 Yard Shack,,,,,,,,300,STORAGE BUILDING,15303,N-N,45,,1,SPI
CMF-spi15305,CMF,,Boiler House,,,,,,,1994,9000,UTILITY,15305,WBB,45,,1,SPI
CMF-spi15307,CMF,,Maintenance Warehouse,,,,,,,,4900,WAREHOUSE,15307,WEE,45,,1,SPI
CMF-spi15309,CMF,,Family Visiting Apartments,,,,,,,,9620,APARTMENT(S),15309,"PFV8,9",45,,1,SPI
CMF-spi15310,CMF,,Front Entrance,,,,,,,,2080,LOOKOUT (GUARD STATION),15310,SGG,45,,1,SPI
CMF-spi15311,CMF,,Towers 1-8,,,,,,,,900,LOOKOUT (GUARD STATION),15311,"SHH, SJJ, SKK",45,,1,SPI
CMF-spi15313,CMF,,Ranch Dorms,,,,,,,,27000,DORMITORY,15313,HRD1-10,45,,1,SPI
CMF-spi15314,CMF,,Truck Sallyport,,,,,,,,100,LOOKOUT (GUARD STATION),15314,SFF,45,,1,SPI
CMF-spi15317,CMF,,Firehouse,,,,,,,,4900,FIREHOUSE/FOREST FIRE STATION,15317,FCC,45,,1,SPI
CMF-spi15318,CMF,,Garage,,,,,,,,12100,SERVICE STATION,15318,WDD,45,,1,SPI
CMF-spi15320,CMF,,Outside Operations,,,,,,,,1825,OFFICE (INSTITUTIONAL),15320,S32-34,45,,1,SPI
CMF-spi36606,CMF,,Emergency Generator #3,,,,,,,,600,UTILITY,36606,,45,,1,SPI
CMF-spi36609,CMF,,Pcb Storage Shed,,,,,,,,1500,STORAGE BUILDING,36609,,45,,1,SPI
CMF-spi36610,CMF,,Co-Generation Plant,,,,,,,,2000,UTILITY,36610,,45,,1,SPI
CMF-spi37699,CMF,,In-Service Training Complex,,,,,,,1994,5048,CLASSROOM,37699,,45,,1,SPI
CMF-spi44451,CMF,,T-Wing Small Management Exercise Yards,,,,,,,2002,750,SMALL MANAGEMENT EXERCISE YARDS,44451,,45,,1,SPI
CMF-spi50409,CMF,,Ambulatory Care Clinic,,,,,,,2005,4560,HOSPITAL/CLINIC/TREATMENT CENTER,50409,,45,,1,SPI
CMF-spi51552,CMF,,Mental Health Crisis Beds,,,,,,,2008,44881,HOSPITAL/CLINIC/TREATMENT CENTER,51552,,45,,1,SPI
CMF-spi55230,CMF,,64-Bed Intermediate Care/Mental Health,,,,,,,2011,51000,HOSPITAL/CLINIC/TREATMENT CENTER,55230,,45,,1,SPI
CMF-spi55778,CMF,,Towers 9,,,,,,,2011,169,LOOKOUT (GUARD STATION),55778,"SHH, SJJ, SKK",45,,1,SPI
CMF-spi55779,CMF,,Towers 10,,,,,,,2011,169,LOOKOUT (GUARD STATION),55779,"SHH, SJJ, SKK",45,,1,SPI
CMF-spi56666,CMF,,O-Wing Eop Treatment & Office Bldg.,,,,,,,2013,44000,HOSPITAL/CLINIC/TREATMENT CENTER,56666,,45,,1,SPI
CMF-u-wing,CMF,,U-Wing,,,,,,,,,,,,,,2,Sep_2020_Quarterly-ADA_Final;September2021QuarterlyReport-ADA
CMF-v-wing,CMF,,V-Wing,,,,,,,,,,,,,,1,September2021QuarterlyReport-ADA
COR-002,COR,002,Guard Tower,,,,,,,1988,197,LOOKOUT (GUARD STATION),37887,002,36,,1,SPI
COR-003,COR,003,Guard Tower,,,,,,,1988,197,LOOKOUT (GUARD STATION),37888,003,36,,1,SPI
COR-004,COR,004,Guard Tower,,,,,,,1988,197,LOOKOUT (GUARD STATION),37889,004,36,,1,SPI
COR-005,COR,005,Guard Tower,,,,,,,1988,197,LOOKOUT (GUARD STATION),37890,005,36,,1,SPI
COR-006,COR,006,Guard Tower,,,,,,,1988,197,LOOKOUT (GUARD STATION),37891,006,36,,1,SPI
COR-007,COR,007,Guard Tower,,,,,,,1988,197,LOOKOUT (GUARD STATION),37892,007,36,,1,SPI
COR-008,COR,008,Guard Tower,,,,,,,1988,197,LOOKOUT (GUARD STATION),37893,008,36,,1,SPI
COR-009,COR,009,Guard Tower,,,,,,,1988,197,LOOKOUT (GUARD STATION),37894,009,36,,1,SPI
COR-010,COR,010,Guard Tower,,,,,,,1988,197,LOOKOUT (GUARD STATION),37895,010,36,,1,SPI
COR-011,COR,011,Guard Tower,,,,,,,1988,197,LOOKOUT (GUARD STATION),37896,011,36,,1,SPI
COR-012,COR,012,Guard Tower,,,,,,,1988,197,LOOKOUT (GUARD STATION),37897,012,36,,1,SPI
COR-013,COR,013,Guard Tower,,,,,,,1988,197,LOOKOUT (GUARD STATION),37898,013,36,,1,SPI
COR-014,COR,014,Guard Tower,,,,,,,1988,197,LOOKOUT (GUARD STATION),37899,014,36,,1,SPI
COR-106,COR,106,Admin Level I,,,,,,,1988,1655,VISITATION FACILITY,15521,106,36,,1,SPI
COR-108,COR,108,Administration-Level I,,,,,,,1988,9610,OFFICE (INSTITUTIONAL),37816,108,36,,1,SPI
COR-200,COR,200,Volatile Storage Level I,,,,,,,1988,576,SHED,15524,200,36,,1,SPI
COR-201W,COR,201W,Pump Station,,,,,,,1997,1938,PUMP/WELL HOUSE,38269,201W,36,,1,SPI
COR-202,COR,202,Fire Station,,,,,,,1988,4100,FIREHOUSE/FOREST FIRE STATION,15526,202,36,,1,SPI
COR-203,COR,203,Vehicle Maintenance,,,,,,,1988,5513,GARAGE/PARKING STRUCTURE,15527,203,36,,1,SPI
COR-204,COR,204,Armory Locksmith,,,,,,,1988,1403,ARMORY,15528,204,36,,1,SPI
COR-205,COR,205,Sallyport,,,,,,,1988,145,LOOKOUT (GUARD STATION),15530,205,36,,1,SPI
COR-206,COR,206,Firing Range,,,,,,,1988,1152,TRAINING FACILITY,15531,206,36,,1,SPI
COR-207,COR,207,Central Administration,,,,,,,1988,26634,OFFICE (INSTITUTIONAL),15532,207,36,,1,SPI
COR-208,COR,208,Visitor/Staff Services Level Iii,,,,,,,1988,3593,VISITATION FACILITY,37817,208,36,,1,SPI
COR-209,COR,209,Relocatable Office,,,,,,,1988,120,RELOCATABLE OFFICE,37818,209,36,,1,SPI
COR-210A,COR,210A,Emergency Generator Control Room,,,,,,,1988,1500,OFFICE (INSTITUTIONAL),15533,210A,36,,1,SPI
COR-210R,COR,210R,Boiler Plant,,,,,,,1994,6370,UTILITY,38280,210R,36,,1,SPI
COR-210W,COR,210W,Waste Water / Electrical Bldg,,,,,,,1997,384,UTILITY,38270,210W,36,,1,SPI
COR-211,COR,211,Visiting Staff Level Iv,,,,,,,1988,533,VISITATION FACILITY,37819,211,36,,1,SPI
COR-212,COR,212,Waste Water Treatment Plant,,,,,,,1988,2355,UTILITY,15534,212,36,,1,SPI
COR-213,COR,213,Water Stoage Pump Station,,,,,,,1980,1200,PUMP/WELL HOUSE,15535,213,36,,1,SPI
COR-214,COR,214,Rasp Program,,,,,,,1988,1936,OFFICE (INSTITUTIONAL),37820,214,36,,1,SPI
COR-215,COR,215,Pia Spice Farm Bldg.,,,,,,,1988,600,WAREHOUSE,37821,215,36,,1,SPI
COR-216,COR,216,Entrance Gate,,,,,,,1988,100,LOOKOUT (GUARD STATION),37822,216,36,,1,SPI
COR-300A,COR,300A,Family Visiting Bldg 300A Apts. 5 And 6,,,,,,,1988,932,RESIDENCE (MULTI-FAMILY),37823,300A,36,,1,SPI
COR-300B,COR,300B,Family Visiting Bldg. 300B Apts 3 And 4,,,,,,,1988,932,RESIDENCE (MULTI-FAMILY),37824,300B,36,,1,SPI
COR-300C,COR,300C,Family Visiting Bldg 300C Apts. 1 And 2,,,,,,,1988,932,RESIDENCE (MULTI-FAMILY),37825,300 C,36,,1,SPI
COR-307A,COR,307A,3A Food Service Satellite,,,,,,,1988,13200,KITCHEN,15540,307 A,36,,1,SPI
COR-307B,COR,307B,3B Food Service Satellite,,,,,,,1988,13200,LOOKOUT (GUARD STATION),37900,307B,36,,1,SPI
COR-307C,COR,307C,3C Food Service Satellite,,,,,,,1988,13200,LOOKOUT (GUARD STATION),37901,307C,36,,1,SPI
COR-308A,COR,308A,Program Offices,,,,,,,1988,26527,OFFICE (INSTITUTIONAL),15541,308A,36,,1,SPI
COR-308B,COR,308B,Program Offices,,,,,,,1988,26527,OFFICE (INSTITUTIONAL),15523,308 B,36,,1,SPI
COR-308C,COR,308C,Program Office,,,,,,,1988,26527,OFFICE (INSTITUTIONAL),37854,308C,36,,1,SPI
COR-309A,COR,309A,Central Kitchen-Bakery;Central Kitchen,,,,kitchen,,,1988,25120,KITCHEN,15542,309A,36,,2,SPI;MPAR2025:P-1718-00435
COR-309B,COR,309B,Captain'S Offices,,,,,,,1988,5280,OFFICE (INSTITUTIONAL),15543,309B,36,,1,SPI
COR-309C,COR,309C,Vocational Classrooms,,,,,,,1988,1936,CLASSROOM,37855,309C,36,,1,SPI
COR-310A,COR,310A,Central Laundry Dry Cleaning,,,,,,,1988,23295,LAUNDRY,15544,310A,36,,1,SPI
COR-310C,COR,310C,Program Offices,,,,,,,1988,26160,OFFICE (INSTITUTIONAL),37856,310C,36,,1,SPI
COR-311A,COR,311A,Plant Ops-Carpernter/Electrician Shops,,,,,,,,6000,SHOP,15546,311 A,36,,1,SPI
COR-311B,COR,311B,Pia-Industries Food Service 3B,,,,,,,1988,6000,KITCHEN,37902,311B,36,,1,SPI
COR-311C,COR,311C,Pia-Industries Food Service 3C,,,,,,,1988,6000,KITCHEN,37903,311C,36,,1,SPI
COR-312A,COR,312A,Plant Operations - Offices And Shops,,,,,,,1988,26640,OFFICE (INSTITUTIONAL),15545,312A,36,,1,SPI
COR-312B,COR,312B,Pia Vocational Facility,,,,,,,1988,39600,CLASSROOM,15547,312 B,36,,1,SPI
COR-312C,COR,312C,Vocational Classrooms,,,,,,,1988,48600,CLASSROOM,37857,312C,36,,1,SPI
COR-313A,COR,313A,Building Maintenance Satellite,,,,,,,1988,3120,SHOP,15548,313 A,36,,1,SPI
COR-313B,COR,313B,Education Offices,,,,,,,1988,6720,OFFICE (INSTITUTIONAL),15549,313 B,36,,1,SPI
COR-313C,COR,313C,Vocational Classrooms,,,,,,,1988,3120,CLASSROOM,37904,313C,36,,1,SPI
COR-314A,COR,314A,Volatile Storage,,,,,,,1988,81,SHED,37831,314A,36,,1,SPI
COR-314B,COR,314B,Volatile Storage,,,,,,,1988,144,SHED,15550,314 B,36,,1,SPI
COR-314C,COR,314C,Volatile Storage,,,,,,,1988,81,STORAGE BUILDING,37858,314C,36,,1,SPI
COR-315C,COR,315C,Milk Processing Facility,,,,,,,1988,5712,DAIRY,37859,315C,36,,1,SPI
COR-3A01,COR,3A01,3A-01 Inmate Housing,,,,,,,1988,24224,DORMITORY,37826,3A01,36,,1,SPI
COR-3A02,COR,3A02,3A-02 Inmate Housing,,,,,,,1988,24224,DORMITORY,37827,3A02,36,,1,SPI
COR-3A03,COR,3A03,3A-03 Inmate Housing,3A3,,3A,housing,EOP (2018-01);ASU EOP (2019-07),200 (2018-01),1988,24224,DORMITORY,37828,3A03,36,,4,SPI;cor-2018-prea-report;facility-locator-cor-2026-10-06;coleman_ecf8558-1_heat_report_exhibits_2025-02-28
COR-3A04,COR,3A04,3A-04 Inmate Housing,,,3A,housing,ASU EOP (2009-10);ASU (2018-01);EOP non-designated (2019-07),100 (2009-10);200 (2018-01),1988,24224,DORMITORY,37829,3A04,36,,3,SPI;cor-2018-prea-report;facility-locator-cor-2026-10-06
COR-3A05,COR,3A05,3A-05 Inmate Housing,,,,,,,1988,24224,DORMITORY,37830,3A05,36,,1,SPI
COR-3B01,COR,3B01,Building 3B01 Inmate Housing,,,3B,housing,Non Designated,,1988,24224,DORMITORY,37832,3B01,36,,2,SPI;facility-locator-cor-2026-10-06
COR-3B02,COR,3B02,Building 3B02 Inmate Housing,,,,,,,1988,24224,DORMITORY,37833,3B02,36,,1,SPI
COR-3B03,COR,3B03,Building 3B03 Inmate Housing,,,,,,,1988,24224,DORMITORY,37834,3B03,36,,1,SPI
COR-3B04,COR,3B04,Building 3B04 Inmate Housing,,,,,,,1988,24224,DORMITORY,37835,3B04,36,,1,SPI
COR-3B05,COR,3B05,Building 3B05 Inmate Housing,,,,,,,1988,24224,DORMITORY,37836,3B05,36,,1,SPI
COR-3C01,COR,3C01,Building 3C01 Inmate Housing,,,,,,,1988,24224,DORMITORY,37837,3C01,36,,1,SPI
COR-3C02,COR,3C02,Building 3C02 Inmate Housing,,,,,,,1988,24224,DORMITORY,37838,3C02,36,,1,SPI
COR-3C03,COR,3C03,Building 3C03 Inmate Housing,,,,,,,1988,24224,DORMITORY,37839,3C03,36,,1,SPI
COR-3C04,COR,3C04,Building 3C04 Inmate Housing,,,,,,,1988,24224,DORMITORY,37840,3C04,36,,1,SPI
COR-3C05,COR,3C05,Building 3C05 Inmate Housing,,,,,,,1988,24224,DORMITORY,37841,3C05,36,,1,SPI
COR-404A,COR,404A,Hospital,,,,,,,1993,68654,HOSPITAL/CLINIC/TREATMENT CENTER,37850,404A,36,,1,SPI
COR-405A,COR,405A,Receiving/Release;Receiving and Release,,,,other,,,1988,3782,OFFICE (INSTITUTIONAL),15553,405 A,36,,2,SPI;MPAR2024:P-2324-00139
COR-408A,COR,408A,Library/Canteen/Program,,,,,,,1988,7892,OFFICE (INSTITUTIONAL),37851,408A,36,,1,SPI
COR-408B,COR,408B,Library/Canteen/Program,,,,,,,1988,7892,LIBRARY,37852,408B,36,,1,SPI
COR-411B,COR,411B,Dining Level Iv,,,,,,,1988,9304,KITCHEN,15556,411B,36,,1,SPI
COR-413B,COR,413B,Building Maintenance Satellite,,,,,,,1988,3420,OFFICE (INSTITUTIONAL),15557,413 B,36,,1,SPI
COR-414B,COR,414B,Volatile Storage,,,,,,,1988,400,SHED,37853,414B,36,,1,SPI
COR-415B,COR,415B,Work Change,,,,,,,1988,600,WORK CHANGE,1559,415 B,36,,1,SPI
COR-4A01,COR,4A01,4A01 Inmate Housing,4A1,,,housing,,,1988,46646,DORMITORY,37842,4A01,36,,2,SPI;coleman_ecf8558-1_heat_report_exhibits_2025-02-28
COR-4A02,COR,4A02,4A02 Inmate Housing Level Iv,,,,,,,1988,46646,DORMITORY,37843,4A02,36,,1,SPI
COR-4A03,COR,4A03,4A03 Inmate Houseing Level Iv,4A3,,,housing,,,1988,46646,DORMITORY,37844,4A03,36,,2,SPI;coleman_ecf8558-1_heat_report_exhibits_2025-02-28
COR-4A04,COR,4A04,4A04 Inmate Housing Level Iv,,,,,,,1988,46646,DORMITORY,37845,4A04,36,,1,SPI
COR-4A1R,COR,4A1R,,,,,housing,,,,,,,,,,1,coleman_ecf8558_31st_round_heat_report_2025-02-28
COR-4B01,COR,4B01,Building 4B01 Inmate Housing Level Iv,,,,,,,1988,46646,DORMITORY,37846,4B01,36,,1,SPI
COR-4B02,COR,4B02,Building 4B02 Inmate Housing Level Iv,,,,,,,1988,46646,DORMITORY,37847,4B02,36,,1,SPI
COR-4B03,COR,4B03,Building 4B03 Inmate Housing Level Iv,,,,,,,1988,46646,DORMITORY,37848,4B03,36,,1,SPI
COR-4B04,COR,4B04,Building 4B04 Inmate Housing Level Iv,,,,,,,1988,46646,DORMITORY,37849,4B04,36,,1,SPI
COR-4B3L,COR,4B3L,,,,,housing,,,,,,,,,,1,coleman_ecf8558-1_heat_report_exhibits_2025-02-28
COR-4B3R,COR,4B3R,,,,,housing,,,,,,,,,,1,coleman_ecf8558-1_heat_report_exhibits_2025-02-28
COR-4B4R,COR,4B4R,,,,4B,housing,MSF pipeline,,,,,,,,,2,coleman_ecf8558-1_heat_report_exhibits_2025-02-28;facility-locator-cor-2026-10-06
COR-502,COR,502,Pia Chemical Storage,,,,,,,1996,3359,SHOP,38272,502,36,,1,SPI
COR-central-health-services,COR,,Central Health Services,,,,health_care,,,,,,,,,,4,December2025QuarterlyReport-ADAFinal;Sep_2020_Quarterly-ADA_Final;September2021QuarterlyReport-ADA;September_2025_Quarterly_Report-ADA
COR-central-health-services-building,COR,,Central Health Services Building,,,,health_care,,,,,,,,,,1,MPAR2022:P-1314-00199
COR-correctional-treatment-center,COR,,Correctional Treatment Center,,,,health_care,,,,,,,,,,2,MPAR2022:P-2122-00061;MPAR2022:P-2223-00048
COR-spi1551,COR,,Pia-Milk Processing,,,,,,,1988,7980,DAIRY,1551,COWS,36,,1,SPI
COR-spi15520,COR,,Guard Towers,,,,,,,,197,LOOKOUT (GUARD STATION),15520,TOWER NO. 1,36,,1,SPI
COR-spi15525,COR,,General Support/Pia Warehouse,,,,,,,1988,165200,WAREHOUSE,15525,"201 A, B",36,,1,SPI
COR-spi15539,COR,,Visiting,,,,,,,1988,29909,VISITATION FACILITY,15539,306 ABC,36,,1,SPI
COR-spi15554,COR,,Visiting/Control,,,,,,,1988,25186,VISITATION FACILITY,15554,406 ABX,36,,1,SPI
COR-spi37811,COR,,Family Visiting,,,,,,,1988,1655,RESIDENCE (MULTI-FAMILY),37811,"100 A,B",36,,1,SPI
COR-spi37812,COR,,Lev. 1A Dorm,,,,,,,1988,16618,DORMITORY,37812,LEVEL 1A,36,,1,SPI
COR-spi37813,COR,,Level 1B Dorm,,,,,,,1988,16618,DORMITORY,37813,LEVEL 1B,36,,1,SPI
COR-spi37814,COR,,Level 1C Dorm,,,,,,,1988,16618,DORMITORY,37814,LEVEL 1C,36,,1,SPI
COR-spi37815,COR,,Level 1D Dorm,,,,,,,1988,16618,DORMITORY,37815,LEVEL 1D,36,,1,SPI
COR-spi38268,COR,,Haz-Mat Storage Bldg,,,,,,,1996,80,STORAGE BUILDING,38268,HAZ-1,36,,1,SPI
COR-spi38271,COR,,Pia Mechanic Shop,,,,,,,1996,3200,SHOP,38271,501#,36,,1,SPI
COR-spi38273,COR,,Fire House Dorm,,,,,,,1997,1694,DORMITORY,38273,706#,36,,1,SPI
COR-spi38274,COR,,Fire Extinguisher Bldg,,,,,,,1997,320,SHOP,38274,707#,36,,1,SPI
COR-spi38275,COR,,E Bed Classroom No. 1,,,,,,,1997,2592,CLASSROOM,38275,CLS1,36,,1,SPI
COR-spi38276,COR,,E Bed Classroom No. 2,,,,,,,1997,2592,CLASSROOM,38276,CLS#2,36,,1,SPI
COR-spi38277,COR,,Idl Region Ii Headquarters,,,,,,,1997,3700,PEDESTRIAN PASSAGEWAY,38277,IDL1,36,,1,SPI
COR-spi38278,COR,,Idl Metal Fab Shop,,,,,,,1997,5000,SHOP,38278,IDL2,36,,1,SPI
COR-spi38279,COR,,Level 1 E-Dorm,,,,,,,1997,13244,DORMITORY,38279,LV1E,36,,1,SPI
COR-spi431,COR,,Mental Health Services,,,,,,,1996,4320,RELOCATABLE MEDICAL FACILITY,431,,36,,1,SPI
COR-spi441,COR,,Modular Office,,,,,,,1988,2496,RELOCATABLE OFFICE,441,,36,,1,SPI
COR-spi44133,COR,,Modular Office,,,,,,,1989,2160,RELOCATABLE OFFICE,44133,,36,,1,SPI
COR-spi44134,COR,,Modular Office,,,,,,,1989,2160,RELOCATABLE OFFICE,44134,,36,,1,SPI
COR-spi44135,COR,,Modular Office,,,,,,,1989,2160,RELOCATABLE OFFICE,44135,,36,,1,SPI
COR-spi44136,COR,,Modular Office,,,,,,,1989,1440,RELOCATABLE OFFICE,44136,,36,,1,SPI
COR-spi44505,COR,,Corr Clinical Case Mgt & Outpatient Care,,,,,,,2002,6890,HOSPITAL/CLINIC/TREATMENT CENTER,44505,,36,,1,SPI
COR-spi5258,COR,,Relocatable Office,,,,,,,2004,5112,RELOCATABLE OFFICE,5258,,36,,1,SPI
COR-spi55227,COR,,47 Small Management Exercise Yards,,,,,,,2012,7050,SMALL MANAGEMENT EXERCISE YARDS,55227,,36,,1,SPI
COR-spi55774,COR,,Administration Segregation Unit,,,,,,,2002,25204,DORMITORY,55774,,36,,1,SPI
COR-spi55804,COR,,Admin Seg Unit/Enhanced Outpatient Prog.,,,,,,,2013,14932,DORMITORY,55804,,36,,1,SPI
COR-spi57609,COR,,Ev Charging Stations (6- Level 2 Ports),,,,,,,2020,0,ELECTRIC VEHICLE CHARGING STATION,57609,,36,,1,SPI
COR-spi57610,COR,,Ev Charging Stations (30-Level 2 Ports),,,,,,,2020,0,ELECTRIC VEHICLE CHARGING STATION,57610,,36,,1,SPI
CRC-100,CRC,100,Pedestrian Gate House & Armory,,,,,,,1988,1832,ARMORY,28932,100,48,,1,SPI
CRC-101,CRC,101,Administration Adm Housing Med Educ,,,,,,,1927,331809,OFFICE (INSTITUTIONAL),28933,101,48,,1,SPI
CRC-102,CRC,102,Facility D Visiting,,,,,,,1937,1438,VISITATION FACILITY,28934,102,48,,1,SPI
CRC-103,CRC,103,"Housing, Culinary, Chapel, Clothing",,,,,,,1941,45438,DORMITORY,28935,103,48,,1,SPI
CRC-104,CRC,104,"Housing, Health Care Office, Custody",,,,,,,1943,28049,DORMITORY,28936,104,48,,1,SPI
CRC-107,CRC,107,,,,,housing,,,,,,,,,,1,MPAR2022:P-2122-00219
CRC-107A,CRC,107A,"Male Housing, Culinary, Plant Ops Office",,,,,,,1941,42284,DORMITORY,28937,107A,48,,1,SPI
CRC-107B,CRC,107B,"Male Housing, Storage",,,,,,,1941,37068,DORMITORY,28938,107B,48,,1,SPI
CRC-107C,CRC,107C,Male Housing,,,,,,,1941,52031,DORMITORY,28939,107C,48,,1,SPI
CRC-108,CRC,108,"Storage, Hazmat",,,,,,,1941,560,STORAGE BUILDING,28940,108,48,,1,SPI
CRC-200,CRC,200,Ingalls Hall,,,,,,,1942,62640,OFFICE (INSTITUTIONAL),50436,200,48,,1,SPI
CRC-300,CRC,300,Generator Building,,,,,,,1991,744,UTILITY,39042,300,48,,1,SPI
CRC-301,CRC,301,Paint Shop,,,,,,,1963,2240,SHOP,28941,301,48,,1,SPI
CRC-302,CRC,302,Boiler House,,,,,,,1926,7062,UTILITY,28943,302,48,,1,SPI
CRC-303,CRC,303,Carpenter Shop/Maint Lumber Storage,,,,,,,1943,3300,SHOP,28944,303,48,,1,SPI
CRC-304,CRC,304,Pest Control/Equimpent Maintenance Super,,,,,,,1943,4414,STORAGE BUILDING,28945,304,48,,1,SPI
CRC-305,CRC,305,"Storage, Rasp",,,,,,,1943,4776,STORAGE BUILDING,28946,305,48,,1,SPI
CRC-306,CRC,306,Chapel,,,,,,,1943,9104,CHAPEL,28947,306,48,,1,SPI
CRC-307,CRC,307,Shops Mechanical Weld Landscape,,,,,,,1965,1050,SHOP,28948,307,48,,1,SPI
CRC-311,CRC,311,Restrooms Visitors / Staff,,,,,,,1963,130,COMFORT STATION/RESTROOMS/LAVATORIES,28949,311,48,,1,SPI
CRC-312,CRC,312,Pedestrian Gate With/Vehicle Sallyport,,,,,,,1990,240,LOOKOUT (GUARD STATION),37919,312,48,,1,SPI
CRC-313,CRC,313,Hobby Craft,,,,,,,1943,1320,CLASSROOM,28950,313,48,,1,SPI
CRC-314,CRC,314,Cal Fire Office,,,,,,,1942,1008,OFFICE (INSTITUTIONAL),28951,314,48,,1,SPI
CRC-314B,CRC,314B,Officer Quarters Calfire,,,,,,,2003,300,RELOCATABLE RESIDENCE,51144,314B,48,,1,SPI
CRC-315A,CRC,315A,Warehouse Cal Fire,,,,,,,1975,4560,WAREHOUSE,28954,315A,48,,1,SPI
CRC-315C,CRC,315C,Auto Shop - Cal Fire,,,,,,,1973,1491,EQUIPMENT/MAINTENANCE BUILDING,28952,315C,48,,1,SPI
CRC-316,CRC,316,Bus Barn - Cal Fire,,,,,,,1977,3116,GARAGE/PARKING STRUCTURE,28953,316,48,,1,SPI
CRC-317,CRC,317,Engraving Shop/Fuel Station Cal Fire,,,,,,,1974,943,SERVICE STATION,28955,317,48,,1,SPI
CRC-318,CRC,318,Voc Hvac,,,,,,,1943,3600,CLASSROOM,28956,318,48,,1,SPI
CRC-319,CRC,319,Garage,,,,,,,1975,1850,SERVICE STATION,28957,319,48,,1,SPI
CRC-320,CRC,320,Vocational Carpentry,,,,,,,1943,19100,CLASSROOM,28958,320,48,,1,SPI
CRC-321,CRC,321,"R&R, Gymnasium - Multipurpose Center",,,,,,,1943,27552,GYMNASIUM,28959,321,48,,1,SPI
CRC-322,CRC,322,Clothing Exchange,,,,,,,1943,13938,LAUNDRY,28960,322,48,,1,SPI
CRC-324,CRC,324,Staff Gym,,,,,,,1982,726,STORAGE BUILDING,36944,324,48,,1,SPI
CRC-325,CRC,325,Chlorine Treatment Plant,,,,,,,1993,100,UTILITY,39633,325,48,,1,SPI
CRC-340,CRC,340,Friends Outside,,,,,,,1994,500,OFFICE (INSTITUTIONAL),39631,340,48,,1,SPI
CRC-426,CRC,426,Housing Unit / D-214,,,,,,,2007,13244,DORMITORY,51224,426,48,,1,SPI
CRC-427,CRC,427,Custody Operations,,,,,,,1943,4917,OFFICE (INSTITUTIONAL),28961,427,48,,1,SPI
CRC-429,CRC,429,Custody Operations Offices,,,,,,,1943,6211,OFFICE (INSTITUTIONAL),28962,429,48,,1,SPI
CRC-431,CRC,431,Education/Faciltiy Program Offices,,,,,,,1943,8352,CLASSROOM,28963,431,48,,1,SPI
CRC-432,CRC,432,Housing Male,,,,,,,1943,6211,DORMITORY,28964,432,48,,1,SPI
CRC-433,CRC,433,Housing Male,,,,,,,1943,6211,DORMITORY,28965,433,48,,1,SPI
CRC-434,CRC,434,Housing Male,,,,,,,1943,6211,DORMITORY,28966,434,48,,1,SPI
CRC-435,CRC,435,Housing Male,,,,,,,1943,6211,DORMITORY,28967,435,48,,1,SPI
CRC-436,CRC,436,Housing Male,,,,,,,1943,6211,DORMITORY,28968,436,48,,1,SPI
CRC-437,CRC,437,Housing Male,,,,,,,1943,6211,DORMITORY,28969,437,48,,1,SPI
CRC-438,CRC,438,Housing Male,,,,,,,1943,6211,DORMITORY,28970,438,48,,1,SPI
CRC-439,CRC,439,Housing Male,,,,,,,1943,6211,DORMITORY,28971,439,48,,1,SPI
CRC-441,CRC,441,Housing Male,,,,,,,1943,6211,DORMITORY,28972,441,48,,1,SPI
CRC-442,CRC,442,Housing Male,,,,,,,1943,6211,DORMITORY,28973,442,48,,1,SPI
CRC-443,CRC,443,Housing Male,,,,,,,1943,6211,DORMITORY,28974,443,48,,1,SPI
CRC-445,CRC,445,Housing Male,,,,,,,1943,6211,DORMITORY,29015,445,48,,1,SPI
CRC-446,CRC,446,Library,,,,,,,1943,6211,LIBRARY,28975,446,48,,1,SPI
CRC-447,CRC,447,Warehouse Annex/Mental Health Office,,,,,,,1943,6211,WAREHOUSE,28976,447,48,,1,SPI
CRC-448,CRC,448,Canteen,,,,,,,1943,1537,STORE (RETAIL),28977,448,48,,1,SPI
CRC-449,CRC,449,Auto Repair Voc Ed,,,,,,,1943,4152,CLASSROOM,28978,449,48,,1,SPI
CRC-450,CRC,450,Yard Recreation Building,,,,,,,2003,300,GYMNASIUM,44414,450,48,,1,SPI
CRC-451,CRC,451,Warehouse,,,,,,,1943,22350,WAREHOUSE,28979,451,48,,1,SPI
CRC-452,CRC,452,Cccms Building,,,,,,,2002,1723,OFFICE (INSTITUTIONAL),44413,452,48,,1,SPI
CRC-453,CRC,453,Food Services,,,,,,,1943,26652,DINING/CAFETERIA,28980,453,48,,1,SPI
CRC-454,CRC,454,Health Care,,,,,,,1943,4850,OFFICE (INSTITUTIONAL),28981,454,48,,1,SPI
CRC-455,CRC,455,Program Offices,,,,,,,1943,2220,OFFICE (INSTITUTIONAL),28982,455,48,,1,SPI
CRC-456,CRC,456,Main Dental Clinic,,,,,,,1943,5250,HOSPITAL/CLINIC/TREATMENT CENTER,28983,456,48,,1,SPI
CRC-457,CRC,457,Housing Male Work Crew,,,,,,,1943,4760,DORMITORY,28984,457,48,,1,SPI
CRC-458,CRC,458,Ohu/Main Medical Clinic,,,,,,,1943,5250,HOSPITAL/CLINIC/TREATMENT CENTER,28985,458,48,,1,SPI
CRC-459,CRC,459,Housing Male Work Crew,,,,,,,1943,4760,DORMITORY,28986,459,48,,1,SPI
CRC-460,CRC,460,Mental Health,,,,,,,1996,1440,HOSPITAL/CLINIC/TREATMENT CENTER,39041,460,48,,1,SPI
CRC-461,CRC,461,Housing Male,,,,,,,1943,6211,DORMITORY,28987,461,48,,1,SPI
CRC-462,CRC,462,Housing Male,,,,,,,1943,6211,DORMITORY,28988,462,48,,1,SPI
CRC-463,CRC,463,Housing Male,,,,,,,1943,6211,DORMITORY,28989,463,48,,1,SPI
CRC-464,CRC,464,Housing Male,,,,,,,1943,6211,DORMITORY,28990,464,48,,1,SPI
CRC-465,CRC,465,Housing Male,,,,,,,1943,6211,DORMITORY,28991,465,48,,1,SPI
CRC-466,CRC,466,Housing Male,,,,,,,1943,6211,DORMITORY,28992,466,48,,1,SPI
CRC-467,CRC,467,Housing Male,,,,,,,1943,6211,DORMITORY,28993,467,48,,1,SPI
CRC-468,CRC,468,Housing Male,,,,,,,1943,6211,DORMITORY,28994,468,48,,1,SPI
CRC-469,CRC,469,Housing Male,,,,,,,1943,6211,DORMITORY,28995,469,48,,1,SPI
CRC-471,CRC,471,Housing Male,,,,,,,1943,6211,DORMITORY,28996,471,48,,1,SPI
CRC-472,CRC,472,Housing Male,,,,,,,1943,6211,DORMITORY,28997,472,48,,1,SPI
CRC-473,CRC,473,Housing Male,,,,,,,1943,6211,DORMITORY,28998,473,48,,1,SPI
CRC-475,CRC,475,Housing Male,,,,,,,1943,6211,DORMITORY,28999,475,48,,1,SPI
CRC-476,CRC,476,Classroom / Hfm,,,,,,,1943,6211,CLASSROOM,29000,476,48,,1,SPI
CRC-477,CRC,477,Main Visiting Room,,,,,,,1943,6211,VISITATION FACILITY,29001,477,48,,1,SPI
CRC-478,CRC,478,Visitors Processing Center,,,,,,,1996,704,VISITATION FACILITY,37918,478,48,,1,SPI
CRC-498,CRC,498,Fire House,,,,,,,1943,2442,FIREHOUSE/FOREST FIRE STATION,29002,498,48,,1,SPI
CRC-600,CRC,600,Education Moduler,,,,,,,1986,1440,RELOCATABLE CLASSROOM,29004,600,48,,1,SPI
CRC-601,CRC,601,Education Moduler,,,,,,,1986,1440,RELOCATABLE CLASSROOM,29005,601,48,,1,SPI
CRC-602,CRC,602,Education Moduler,,,,,,,1986,1440,RELOCATABLE CLASSROOM,29006,602,48,,1,SPI
CRC-603,CRC,603,Education Moduler,,,,,,,1986,1440,RELOCATABLE CLASSROOM,29007,603,48,,1,SPI
CRC-604,CRC,604,Education Modular,,,,,,,1986,1440,RELOCATABLE CLASSROOM,29008,604,48,,1,SPI
CRC-605,CRC,605,Education Modular,,,,,,,1986,1440,RELOCATABLE CLASSROOM,29009,605,48,,1,SPI
CRC-606,CRC,606,Education Modular,,,,,,,1986,1440,RELOCATABLE CLASSROOM,29010,606,48,,1,SPI
CRC-607,CRC,607,Education Restroom Module,,,,,,,1986,720,COMFORT STATION/RESTROOMS/LAVATORIES,29011,607,48,,1,SPI
CRC-608,CRC,608,Education Modular,,,,,,,1986,1440,RELOCATABLE CLASSROOM,29012,608,48,,1,SPI
CRC-609,CRC,609,Education Modular,,,,,,,1986,1440,RELOCATABLE CLASSROOM,29013,609,48,,1,SPI
CRC-625,CRC,625,Main Education Offices,,,,,,,1998,4320,RELOCATABLE OFFICE,4663,625,48,,1,SPI
CRC-626,CRC,626,Isudt,,,,,,,1999,6390,RELOCATABLE OFFICE,4805,626,48,,1,SPI
CRC-627,CRC,627,M/U Offices (Self Help),,,,,,,1999,6390,RELOCATABLE OFFICE,4806,627,48,,1,SPI
CRC-701,CRC,701,Isudt,,,,,,,1999,6390,RELOCATABLE OFFICE,4803,701,48,,1,SPI
CRC-702,CRC,702,Healthcare Administration,,,,,,,1999,6390,RELOCATABLE OFFICE,4804,702,48,,1,SPI
CRC-L1,CRC,L1,Conference Room,,,,,,,2002,2650,CONFERENCE ROOM,50976,L1,48,,1,SPI
CRC-L2,CRC,L2,Education,,,,,,,2002,2650,CLASSROOM,50977,L2,48,,1,SPI
CRC-L3,CRC,L3,Education,,,,,,,2002,2650,CLASSROOM,50978,L3,48,,1,SPI
CRC-central-health-services,CRC,,Central Health Services,,,,health_care,,,,,,,,,,1,plata_ecf3963_receiver_triannual_59_2025-06-02
CRC-spi29014,CRC,,Towers 1-8,,,,,,,1988,900,LOOKOUT (GUARD STATION),29014,T1-8,48,,1,SPI
CRC-spi50960,CRC,,Personnel / 1St,,,,,,,2002,8640,RELOCATABLE OFFICE,50960,MOD A,48,,1,SPI
CRC-spi50961,CRC,,Felon Records,,,,,,,2002,5760,RELOCATABLE OFFICE,50961,MOD B,48,,1,SPI
CRC-spi50962,CRC,,Computer Services,,,,,,,2002,1152,RELOCATABLE OFFICE,50962,MOD B1,48,,1,SPI
CRC-spi50963,CRC,,N# Records,,,,,,,2002,4320,RELOCATABLE OFFICE,50963,MOD C,48,,1,SPI
CRC-spi50964,CRC,,Administration,,,,,,,2002,3600,RELOCATABLE OFFICE,50964,MOD D,48,,1,SPI
CRC-spi50965,CRC,,Administration - Executive,,,,,,,2002,4320,RELOCATABLE OFFICE,50965,MOD E,48,,1,SPI
CRC-spi50966,CRC,,Accounting/Procurement,,,,,,,2002,4320,RELOCATABLE OFFICE,50966,MOD F,48,,1,SPI
CRC-spi50967,CRC,,Mailroom,,,,,,,2002,2880,RELOCATABLE OFFICE,50967,MOD G,48,,1,SPI
CRC-spi50968,CRC,,Mailroom,,,,,,,2002,320,RELOCATABLE OFFICE,50968,MOD G1,48,,1,SPI
CRC-spi50969,CRC,,Male Housing,,,,,,,2002,5760,RELOCATABLE DORMITORY,50969,MOD H1,48,,1,SPI
CRC-spi50970,CRC,,Male Housing,,,,,,,2002,5760,RELOCATABLE DORMITORY,50970,MOD H2,48,,1,SPI
CRC-spi50971,CRC,,Male Housing,,,,,,,2002,5760,RELOCATABLE DORMITORY,50971,MOD H3,48,,1,SPI
CRC-spi50973,CRC,,Education F-4,,,,,,,2002,5040,RELOCATABLE CLASSROOM,50973,MOD J,48,,1,SPI
CRC-spi50974,CRC,,Dental / X-Ray F-4,,,,,,,2002,2880,RELOCATABLE MEDICAL FACILITY,50974,MOD K,48,,1,SPI
CRC-spi50975,CRC,,Health Care Offices / Supply,,,,,,,2002,5760,RELOCATABLE MEDICAL FACILITY,50975,MOD M,48,,1,SPI
CRC-spi50979,CRC,,Parole / Fire / Education,,,,,,,2002,2880,RELOCATABLE OFFICE,50979,MOD L4,48,,1,SPI
CRC-spi50980,CRC,,Board Of Parole Hearings,,,,,,,2002,4320,RELOCATABLE OFFICE,50980,MOD N,48,,1,SPI
CRC-spi50981,CRC,,Family Visiting,,,,,,,2002,768,RELOCATABLE RESIDENCE,50981,MOD P1,48,,1,SPI
CRC-spi50982,CRC,,Family Visiting,,,,,,,2002,768,RELOCATABLE RESIDENCE,50982,MOD P2,48,,1,SPI
CRC-spi50983,CRC,,Family Visiting,,,,,,,2002,768,RELOCATABLE RESIDENCE,50983,MOD P3,48,,1,SPI
CRC-spi50984,CRC,,Family Visiting,,,,,,,2002,768,RELOCATABLE RESIDENCE,50984,MOD P4,48,,1,SPI
CRC-spi50985,CRC,,Education Offices / Classrooms,,,,,,,2002,2880,RELOCATABLE CLASSROOM,50985,MOD R,48,,1,SPI
CRC-spi50986,CRC,,Education Classroom,,,,,,,2002,720,RELOCATABLE OFFICE,50986,MOD S,48,,1,SPI
CTC-B,CTC,B,,,,,,,,,,,,,,,1,MPAR2022:P-1819-00016
CTC-D,CTC,D,,,,,,,,,,,,,,,1,MPAR2022:P-1819-00016
CTC-E,CTC,E,,,,,,,,,,,,,,,1,MPAR2022:P-1819-00016
CTC-F,CTC,F,,,,,,,,,,,,,,,1,MPAR2022:P-1819-00016
CTC-G,CTC,G,,,,,,,,,,,,,,,1,MPAR2022:P-1819-00016
CTC-L,CTC,L,,,,,,,,,,,,,,,1,MPAR2022:P-1819-00016
CTC-N,CTC,N,,,,,,,,,,,,,,,1,MPAR2022:P-1819-00016
CTC-c-wing,CTC,,C-Wing,,,,,,,,,,,,,,1,MPAR2022:P-1718-00396
CTC-f-dorm,CTC,,F Dorm,,,,housing,,,,,,,,,,1,MPAR2022:P-1718-00396
CTC-north-corridor-classrooms,CTC,,North Corridor Classrooms,,,,program,,,,,,,,,,1,MPAR2022:P-1718-00396
CTC-spi44290,CTC,,A Building,,,,,,,1959,5016,AUDITORIUM/HALL,44290,,10497,,1,SPI
CTC-spi44291,CTC,,B Building,,,,,,,1959,13035,OFFICE (INSTITUTIONAL),44291,,10497,,1,SPI
CTC-spi44292,CTC,,C Building,,,,,,,1959,7198,OFFICE (INSTITUTIONAL),44292,,10497,,1,SPI
CTC-spi44293,CTC,,D Building,,,,,,,1959,3616,OFFICE (INSTITUTIONAL),44293,,10497,,1,SPI
CTC-spi44294,CTC,,E Building,,,,,,,1959,7729,DORMITORY,44294,,10497,,1,SPI
CTC-spi44295,CTC,,F Building,,,,,,,1959,9222,DORMITORY,44295,,10497,,1,SPI
CTC-spi44296,CTC,,G Building,,,,,,,1959,9297,DORMITORY,44296,,10497,,1,SPI
CTC-spi44297,CTC,,H Building,,,,,,,1991,1906,ARMORY,44297,,10497,,1,SPI
CTC-spi44298,CTC,,J Building,,,,,,,1959,9648,KITCHEN,44298,,10497,,1,SPI
CTC-spi44299,CTC,,K Building,,,,,,,1959,2479,OFFICE (INSTITUTIONAL),44299,,10497,,1,SPI
CTC-spi44300,CTC,,L Building,,,,,,,1959,14972,GYMNASIUM,44300,,10497,,1,SPI
CTC-spi44301,CTC,,M Building,,,,,,,1991,12750,AUDITORIUM/HALL,44301,,10497,,1,SPI
CTC-spi44302,CTC,,N Building,,,,,,,1991,4627,OFFICE (INSTITUTIONAL),44302,,10497,,1,SPI
CTC-spi44303,CTC,,O Building,,,,,,,1991,4110,CLASSROOM,44303,,10497,,1,SPI
CTC-spi44304,CTC,,P Building,,,,,,,1991,4200,CLASSROOM,44304,,10497,,1,SPI
CTC-spi44305,CTC,,Q Building,,,,,,,1991,2464,DORMITORY,44305,,10497,,1,SPI
CTC-spi44306,CTC,,R Building,,,,,,,1991,2464,DORMITORY,44306,,10497,,1,SPI
CTC-spi44307,CTC,,S Building,,,,,,,1991,2464,DORMITORY,44307,,10497,,1,SPI
CTC-spi44308,CTC,,T Building,,,,,,,1991,2514,DORMITORY,44308,,10497,,1,SPI
CTC-spi44309,CTC,,U Building,,,,,,,1991,2514,DORMITORY,44309,,10497,,1,SPI
CTC-spi44310,CTC,,V Building,,,,,,,1991,7186,SHOP,44310,,10497,,1,SPI
CTC-spi44311,CTC,,W Building,,,,,,,1991,9668,WAREHOUSE,44311,,10497,,1,SPI
CTC-spi44312,CTC,,X Building,,,,,,,1991,3117,SHOP,44312,,10497,,1,SPI
CTC-spi44313,CTC,,Y Building,,,,,,,1991,2342,LAUNDRY,44313,,10497,,1,SPI
CTC-spi44314,CTC,,Z Building,,,,,,,1991,2940,EQUIPMENT/MAINTENANCE BUILDING,44314,,10497,,1,SPI
CTC-spi4647,CTC,,Modular Building A,,,,,,,1998,1440,RELOCATABLE CLASSROOM,4647,,10497,,1,SPI
CTC-spi4648,CTC,,Modular Building B,,,,,,,1998,1440,RELOCATABLE CLASSROOM,4648,,10497,,1,SPI
CTC-spi4649,CTC,,Modular Building C,,,,,,,1998,1440,RELOCATABLE CLASSROOM,4649,,10497,,1,SPI
CTC-spi4650,CTC,,Modular Building D,,,,,,,1998,1440,RELOCATABLE CLASSROOM,4650,,10497,,1,SPI
CTC-spi5014,CTC,,Modular Building F,,,,,,,2001,4970,RELOCATABLE OFFICE,5014,,10497,,1,SPI
CTC-spi5015,CTC,,Modular Building H,,,,,,,2001,7800,RELOCATABLE DORMITORY,5015,,10497,,1,SPI
CTC-spi5016,CTC,,Modular Building I,,,,,,,2001,7800,RELOCATABLE DORMITORY,5016,,10497,,1,SPI
CTC-spi5017,CTC,,Modular Building G,,,,,,,2001,4970,RELOCATABLE DORMITORY,5017,,10497,,1,SPI
CTC-spi5018,CTC,,Modular Building E,,,,,,,2001,1420,RELOCATABLE CLASSROOM,5018,,10497,,1,SPI
CTF-P2,CTF,P2,Building P2 - Boiler Addition,,,,,,,2012,713,UTILITY,54983,P2,51,,1,SPI
CTF-S207,CTF,S207,S-207 Well No. 5,,,,,,,,64,PUMP/WELL HOUSE,28733,S207,51,,1,SPI
CTF-central-culinary-building,CTF,,Central Culinary Building,,,,kitchen,,,,,,,,,,1,MPAR2022:P-0910-00900
CTF-l-wing,CTF,,L-Wing,,,,,,,,,,,,,,1,MPAR2022:P-0910-00900
CTF-o-wing,CTF,,O Wing;O-Wing,,,,,ASU,,,,,,,,,5,MPAR2022:P-0910-01114;MPAR2022:P-1718-00122;Sep_2020_Quarterly-ADA_Final;September2021QuarterlyReport-ADA;sen_sub5_agenda_vote_outcomes_2018-03-15
CTF-spi15632,CTF,,Central Facility,,,,,,,,432325,OFFICE (INSTITUTIONAL),15632,15632,51,,1,SPI
CTF-spi15633,CTF,,"P-1 Boiler Room Annex, P Boiler Room",,,,,,,,12266,UTILITY,15633,"P, P-1",51,,1,SPI
CTF-spi15634,CTF,,Bb Garage/Service Station,,,,,,,,8596,SERVICE STATION,15634,BB,51,,1,SPI
CTF-spi15635,CTF,,Cc Sallyport No. 10,,,,,,,,44,LOOKOUT (GUARD STATION),15635,CC,51,,1,SPI
CTF-spi15636,CTF,,Dd Firehouse,,,,,,,,3774,FIREHOUSE/FOREST FIRE STATION,15636,DD,51,,1,SPI
CTF-spi15637,CTF,,Ee Entrance Bldg,,,,,,,,1233,OFFICE (INSTITUTIONAL),15637,EE,51,,1,SPI
CTF-spi15638,CTF,,Central Facility Towers,,,,,,,,1956,LOOKOUT (GUARD STATION),15638,15638,51,,1,SPI
CTF-spi15639,CTF,,Jj Maintenance Warehouse,,,,,,,,16924,WAREHOUSE,15639,JJ,51,,1,SPI
CTF-spi15640,CTF,,Jjoas Oxygen & Actelyne Storage,,,,,,,,99,STORAGE BUILDING,15640,JJOAS,51,,1,SPI
CTF-spi15641,CTF,,Jj-1 Electric Shop,,,,,,,,4449,SHOP,15641,JJ-1,51,,1,SPI
CTF-spi15642,CTF,,Jj-2 Carpenter Shop,,,,,,,,2936,SHOP,15642,JJ-2,51,,1,SPI
CTF-spi15643,CTF,,Jj-3 Plant Operation Annex,,,,,,,,1064,OFFICE (INSTITUTIONAL),15643,JJ-3,51,,1,SPI
CTF-spi15644,CTF,,Buildings Kk & Ll Ndustries Bldg,,,,,,,,48556,SHOP,15644,15644,51,,1,SPI
CTF-spi15645,CTF,,Building Mm Pia Silkscreen,,,,,,,1953,21140,SHOP,15645,MM,51,,1,SPI
CTF-spi15646,CTF,,Nn Industries,,,,,,,,47643,SHOP,15646,NN,51,,1,SPI
CTF-spi15647,CTF,,00 Industries Bldg./Timekeeper'S Office,,,,,,,,1504,OFFICE (INSTITUTIONAL),15647,OO,51,,1,SPI
CTF-spi15648,CTF,,Ii Museum / Health Care Training Room,,,,,,,,1860,MUSEUM,15648,II,51,,1,SPI
CTF-spi15649,CTF,,Pp In-Service Training Bldg,,,,,,,,7092,CLASSROOM,15649,PP,51,,1,SPI
CTF-spi15650,CTF,,Qq Recycling Center,,,,,,,,2500,EQUIPMENT/MAINTENANCE BUILDING,15650,QQ,51,,1,SPI
CTF-spi15651,CTF,,Rr Procurement Whse,,,,,,,,34270,WAREHOUSE,15651,RR,51,,1,SPI
CTF-spi15652,CTF,,Ss Yard Canteen,,,,,,,,880,CONCESSION,15652,SS,51,,1,SPI
CTF-spi15654,CTF,,Uu Yard Toilet,,,,,,,,500,COMFORT STATION/RESTROOMS/LAVATORIES,15654,UU,51,,1,SPI
CTF-spi15656,CTF,,Ddd Dog Kennels,,,,,,,,112,KENNEL,15656,DDD,51,,1,SPI
CTF-spi15657,CTF,,Eee Ingrounds/Paint Storage,,,,,,,,1284,STORAGE BUILDING,15657,EEE,51,,1,SPI
CTF-spi15658,CTF,,T-1 Shop Storage,,,,,,,,126,STORAGE BUILDING,15658,T-1,51,,1,SPI
CTF-spi15659,CTF,,Fff 4-Plex Family Visit Four Plex,,,,,,,,2400,DORMITORY,15659,FFF,51,,1,SPI
CTF-spi15661,CTF,,"North Facility Sa, Sb, Sc, Sd",,,,,,,,145264,DORMITORY,15661,15661,51,,1,SPI
CTF-spi15662,CTF,,"Se Culinary, Dining Halls And Gym",,,,,,,,33391,DORMITORY,15662,SE,51,,1,SPI
CTF-spi15663,CTF,,Sf North Facility,,,,,,,,19151,CLASSROOM,15663,SF,51,,1,SPI
CTF-spi15664,CTF,,North Facility Sg/Sh,,,,,,,,13842,CLASSROOM,15664,15664,51,,1,SPI
CTF-spi15665,CTF,,North Facility Sk/Sj,,,,,,,,5659,CLASSROOM,15665,15665,51,,1,SPI
CTF-spi15666,CTF,,North Fac. - Roof Towers & Guard Towers,,,,,,,,1164,LOOKOUT (GUARD STATION),15666,15666,51,,1,SPI
CTF-spi15667,CTF,,Sl Admin. Bldg. And Sl-V Visiting,,,,,,,,21564,OFFICE (INSTITUTIONAL),15667,15667,51,,1,SPI
CTF-spi15668,CTF,,"Sp Yard A Toilet, So Yard B Toilet",,,,,,,,188,COMFORT STATION/RESTROOMS/LAVATORIES,15668,15668,51,,1,SPI
CTF-spi15669,CTF,,Vs-1 Vocational Shop No. 1 Bldg,,,,,,,,23793,CLASSROOM,15669,15669,51,,1,SPI
CTF-spi15672,CTF,,S-1 Backgate House & Truck Passgate,,,,,,,,270,LOOKOUT (GUARD STATION),15672,S-1,51,,1,SPI
CTF-spi15673,CTF,,S-67 Vocational Plumbing Mockup,,,,,,,,795,CLASSROOM,15673,S-67,51,,1,SPI
CTF-spi15674,CTF,,"Dorm Nos. 3, 4, 5, 6, 7",,,,,,,,41445,DORMITORY,15674,15674,51,,1,SPI
CTF-spi15676,CTF,,S-15 Red Barn,,,,,,,,2464,STORAGE BUILDING,15676,S-15,51,,1,SPI
CTF-spi15677,CTF,,"S-16, S-17 Geenhouse #1 & #2 (Vacant)",,,,,,,1953,2829,NURSERY/GREENHOUSE,15677,S-17,51,,1,SPI
CTF-spi15678,CTF,,S-18 Family Visiting Trailer (Vacant),,,,,,,,672,RELOCATABLE RESIDENCE,15678,S-18,51,,1,SPI
CTF-spi15679,CTF,,S-19 Family Visiting Duplex,,,,,,,,1200,DORMITORY,15679,S-19,51,,1,SPI
CTF-spi15680,CTF,,Residences (Sh20 Isu Office),,,,,,,1953,3286,RESIDENCE (SINGLE FAMILY),15680,15680,51,,1,SPI
CTF-spi15681,CTF,,S-22 Family Visiting Office,,,,,,,,960,OFFICE (INSTITUTIONAL),15681,S-22,51,,1,SPI
CTF-spi15682,CTF,,S-23 Farm Workcrew Office,,,,,,,,800,OFFICE (INSTITUTIONAL),15682,S-23,51,,1,SPI
CTF-spi28675,CTF,,S-24 Control/Pbx,,,,,,,,960,OFFICE (INSTITUTIONAL),28675,S-24,51,,1,SPI
CTF-spi28676,CTF,,S-25 Mac Office,,,,,,,,400,OFFICE (INSTITUTIONAL),28676,S-25,51,,1,SPI
CTF-spi28678,CTF,,S-27 Dental Lab/Medical Records,,,,,,,1953,2370,CLASSROOM,28678,S-27,51,,1,SPI
CTF-spi28679,CTF,,S-28 Ingrounds/Horticulture,,,,,,,,1920,CLASSROOM,28679,S-28,51,,1,SPI
CTF-spi28680,CTF,,S-29 Voc. Horticulture,,,,,,,,960,CLASSROOM,28680,S-29,51,,1,SPI
CTF-spi28681,CTF,,S-30 Irrigation Well #1,,,,,,,,100,PUMP/WELL HOUSE,28681,S-30,51,,1,SPI
CTF-spi28682,CTF,,Quonset Housing,,,,,,,,19062,RESIDENCE (SINGLE FAMILY),28682,#28682,51,,1,SPI
CTF-spi28683,CTF,,Sh-47 Quonset Housing #47,,,,,,,,1920,RESIDENCE (SINGLE FAMILY),28683,SH-47,51,,1,SPI
CTF-spi28684,CTF,,"S-52 Classrooms #3, 4",,,,,,,,1382,CLASSROOM,28684,S-52,51,,1,SPI
CTF-spi28685,CTF,,S-51,,,,,,,,960,CLASSROOM,28685,S-51,51,,1,SPI
CTF-spi28686,CTF,,S-53 Library,,,,,,,,480,LIBRARY,28686,S-53,51,,1,SPI
CTF-spi28687,CTF,,S-54 Laundry Room,,,,,,,,320,LAUNDRY,28687,S-54,51,,1,SPI
CTF-spi28688,CTF,,S-55 Watch Office,,,,,,,,2000,OFFICE (INSTITUTIONAL),28688,S-55,51,,1,SPI
CTF-spi28689,CTF,,S-56 Music Room,,,,,,,,640,CLASSROOM,28689,S-56,51,,1,SPI
CTF-spi28690,CTF,,S-57 Barber Shop,,,,,,,,480,OFFICE (INSTITUTIONAL),28690,S-57,51,,1,SPI
CTF-spi28692,CTF,,S-59 Vocational Classroom,,,,,,,,1157,CLASSROOM,28692,S-59,51,,1,SPI
CTF-spi28693,CTF,,Inside Plumbing Shop,,,,,,,,960,SHOP,28693,S-60,51,,1,SPI
CTF-spi28694,CTF,,Engineer Shop,,,,,,,,2976,SHOP,28694,S-61,51,,1,SPI
CTF-spi28695,CTF,,S-62 Boiler Room,,,,,,,,1560,UTILITY,28695,S-62,51,,1,SPI
CTF-spi28696,CTF,,"Storage S-63, S-68",,,,,,,,8735,STORAGE BUILDING,28696,#28696,51,,1,SPI
CTF-spi28697,CTF,,S-64 Culinary,,,,,,,,14842,KITCHEN,28697,S-64,51,,1,SPI
CTF-spi28702,CTF,,S-71 Entrance Bldg.,,,,,,,,864,OFFICE (INSTITUTIONAL),28702,S-71,51,,1,SPI
CTF-spi28703,CTF,,S-73 Armory,,,,,,,,149,ARMORY,28703,S-73,51,,1,SPI
CTF-spi28704,CTF,,S-75 Outside Maintenance,,,,,,,,5078,SHOP,28704,S-75,51,,1,SPI
CTF-spi28705,CTF,,S-76 Outside Maintenance Storage,,,,,,,,324,STORAGE BUILDING,28705,S-76,51,,1,SPI
CTF-spi28706,CTF,,S-78 Sports Equipment Storage,,,,,,,,165,STORAGE,28706,S-78,51,,1,SPI
CTF-spi28707,CTF,,S-101 Tool Shed And Storage,,,,,,,,366,STORAGE BUILDING,28707,S-101,51,,1,SPI
CTF-spi28708,CTF,,"S-103 Sewage Plant, Control Bldg.",,,,,,,,1288,UTILITY,28708,S-103,51,,1,SPI
CTF-spi28709,CTF,,S-104 Laboratory,,,,,,,,480,LABORATORY,28709,S-104,51,,1,SPI
CTF-spi28710,CTF,,S-100 Storage Shed,,,,,,,,249,SHED,28710,S-100,51,,1,SPI
CTF-spi28715,CTF,,Sh-1 Warden'S Residence,,,,,,,,3285,RESIDENCE (SINGLE FAMILY),28715,SH-1,51,,1,SPI
CTF-spi28716,CTF,,Sh-1 Warden'S Residence Teahouse,,,,,,,,325,RECREATION BUILDING,28716,SH-1,51,,1,SPI
CTF-spi28717,CTF,,Sh-1A Garage - Residence,,,,,,,,1034,GARAGE (RESIDENCE),28717,SH-1A,51,,1,SPI
CTF-spi28718,CTF,,Sh2 Centralized Watch Office,,,,,,,1953,10140,OFFICE (INSTITUTIONAL),28718,#28718,51,,1,SPI
CTF-spi28719,CTF,,Sh-2A Bso Carport & Sh-3A Pers. Carport,,,,,,,,6940,CARPORT,28719,#28719,51,,1,SPI
CTF-spi28720,CTF,,Old Residence (Business Services),,,,,,,1953,2343,OFFICE (INSTITUTIONAL),28720,SH-5,51,,1,SPI
CTF-spi28721,CTF,,"Carports Sh-4A, Sh-5A & Sh-6A",,,,,,,,3249,CARPORT,28721,#28721,51,,1,SPI
CTF-spi28722,CTF,,Accounting,,,,,,,1953,1907,OFFICE (INSTITUTIONAL),28722,SH-6,51,,1,SPI
CTF-spi28723,CTF,,Sh-4 Credit Union,,,,,,,,2370,OFFICE (INSTITUTIONAL),28723,SH-4,51,,1,SPI
CTF-spi28724,CTF,,6 Two-Bedroom Residences Sh-7 Thru Sh-12,,,,,,,,7704,RESIDENCE (SINGLE FAMILY),28724,#28724,51,,1,SPI
CTF-spi28725,CTF,,6 Garages Residences Sh-7A Thru Sh-12A,,,,,,,,1440,GARAGE (RESIDENCE),28725,#28725,51,,1,SPI
CTF-spi28726,CTF,,4 3-Bedroom Residences Sh-13 Thru Sh-16,,,,,,,,6128,RESIDENCE (SINGLE FAMILY),28726,#28726,51,,1,SPI
CTF-spi28727,CTF,,Garages Residences Sh-13 Thru Sh-16,,,,,,,,2420,GARAGE (RESIDENCE),28727,#28727,51,,1,SPI
CTF-spi28728,CTF,,Sh-17 Residence No. 17 3-Bedroom,,,,,,,,1356,RESIDENCE (SINGLE FAMILY),28728,#28728,51,,1,SPI
CTF-spi28729,CTF,,"Sh-19 Gatehouse, Tri-Facility",,,,,,,,105,LOOKOUT (GUARD STATION),28729,SH-19,51,,1,SPI
CTF-spi28732,CTF,,S-202 Well No. 4,,,,,,,,71,PUMP/WELL HOUSE,28732,S-202,51,,1,SPI
CTF-spi28735,CTF,,S-203 Chlorination Station,,,,,,,,216,UTILITY,28735,S-203,51,,1,SPI
CTF-spi28736,CTF,,S-204 Domestic Water Wet Well,,,,,,,,529,UTILITY,28736,S-204,51,,1,SPI
CTF-spi28737,CTF,,S-205 Booster Pump House,,,,,,,,496,PUMP/WELL HOUSE,28737,S-205,51,,1,SPI
CTF-spi28738,CTF,,S-206 Hay Barn,,,,,,,,4608,BARN,28738,S-206,51,,1,SPI
CTF-spi28739,CTF,,S-217 Hay Barn,,,,,,,,5760,BARN,28739,S-217,51,,1,SPI
CTF-spi28740,CTF,,S-208 Calf Barn (Vacant),,,,,,,1953,3557,BARN,28740,S-208,51,,1,SPI
CTF-spi28741,CTF,,S-210 Milking Barn (Vacant),,,,,,,1953,5634,BARN,28741,S-210,51,,1,SPI
CTF-spi28742,CTF,,S-211 Dairy Boiler Room (Vacant),,,,,,,1953,456,UTILITY,28742,S-211,51,,1,SPI
CTF-spi28743,CTF,,S-212 Cooling Tower (Vacant),,,,,,,1953,267,UTILITY,28743,S-212,51,,1,SPI
CTF-spi28744,CTF,,S-213 Cow & Calf Barn (Vacant),,,,,,,1953,2637,BARN,28744,S-213,51,,1,SPI
CTF-spi28745,CTF,,S-214 Bull Barn (Vacant),,,,,,,1953,871,BARN,28745,S-214,51,,1,SPI
CTF-spi28746,CTF,,S-215 Calf Barn (Vacant),,,,,,,1953,1692,BARN,28746,S-215,51,,1,SPI
CTF-spi28747,CTF,,S-216 Feeder Barn (Vacant),,,,,,,1953,3317,BARN,28747,S-216,51,,1,SPI
CTF-spi28748,CTF,,S-218 Farm Office (Vacant),,,,,,,1953,517,OFFICE (INSTITUTIONAL),28748,S-218,51,,1,SPI
CTF-spi28749,CTF,,S-219 Grain Storage (Vacant),,,,,,,1953,1320,SHED,28749,S-219,51,,1,SPI
CTF-spi2875,CTF,,S-230 Corp Yard Office/Shop,,,,,,,,2665,SHOP,2875,#28757,51,,1,SPI
CTF-spi28750,CTF,,S-220 Garden Shop/Equip Shop (Vacant),,,,,,,1953,428,SHOP,28750,S-220,51,,1,SPI
CTF-spi28751,CTF,,S-221 Impliment Shed,,,,,,,,4800,SHED,28751,S-221,51,,1,SPI
CTF-spi28752,CTF,,S-222 Tractor Shed,,,,,,,,4800,SHED,28752,S-222,51,,1,SPI
CTF-spi28753,CTF,,S-223 Farm Shop,,,,,,,,6480,SHOP,28753,S-223,51,,1,SPI
CTF-spi28754,CTF,,S-225 Inmate Day Labor,,,,,,,,756,OFFICE (INSTITUTIONAL),28754,S-225,51,,1,SPI
CTF-spi28755,CTF,,S-226 Inmate Day Labor,,,,,,,,705,OFFICE (INSTITUTIONAL),28755,S-226,51,,1,SPI
CTF-spi28756,CTF,,S-228 Storage No. 1,,,,,,,,1858,STORAGE BUILDING,28756,S-228,51,,1,SPI
CTF-spi28758,CTF,,S-231 Corp Yard Toilet Facility,,,,,,,,96,COMFORT STATION/RESTROOMS/LAVATORIES,28758,S-231,51,,1,SPI
CTF-spi28759,CTF,,S-232 Sheetmetal/Out Grounds Office,,,,,,,,4680,SHOP,28759,S-232,51,,1,SPI
CTF-spi28760,CTF,,Storage Sheds S-234 Thru S-239,,,,,,,,9480,SHED,28760,#28760,51,,1,SPI
CTF-spi28761,CTF,,S-240 Boiler Chemical Storage,,,,,,,,1008,STORAGE BUILDING,28761,S-240,51,,1,SPI
CTF-spi28763,CTF,,S-241 Sand Blasting Shed,,,,,,,,600,SHED,28763,S-241,51,,1,SPI
CTF-spi36782,CTF,,Ppp Industries Tower,,,,,,,,96,LOOKOUT (GUARD STATION),36782,PPP,51,,1,SPI
CTF-spi36783,CTF,,"X-1 Central Fac Roof, Tower X-Wing",,,,,,,,64,LOOKOUT (GUARD STATION),36783,X-1,51,,1,SPI
CTF-spi36784,CTF,,"O-3 Central Fac Roof, Tower O-Wing West",,,,,,,,64,LOOKOUT (GUARD STATION),36784,O-3,51,,1,SPI
CTF-spi36785,CTF,,"O-1 Central Fac Roof, Tower O-Wing East",,,,,,,,64,LOOKOUT (GUARD STATION),36785,O-1,51,,1,SPI
CTF-spi36786,CTF,,"O-2 Central Fac Roof, Tower O-Wing East",,,,,,,,64,LOOKOUT (GUARD STATION),36786,O-2,51,,1,SPI
CTF-spi36787,CTF,,S-10 Voc. Floor/Tile Classroom-South Fac,,,,,,,,480,CLASSROOM,36787,S-10,51,,1,SPI
CTF-spi36788,CTF,,Sr Sallyport No. 6,,,,,,,,136,LOOKOUT (GUARD STATION),36788,SR,51,,1,SPI
CTF-spi36789,CTF,,"Ms Maintenance Shops, North Facility",,,,,,,,6141,SHOP,36789,MS,51,,1,SPI
CTF-spi36790,CTF,,Vs-2 Vocational Shop 2,,,,,,,1988,20510,CLASSROOM,36790,VS-2,51,,1,SPI
CTF-spi36791,CTF,,E-1 West Gate Roof Tower,,,,,,,1988,64,LOOKOUT (GUARD STATION),36791,E-1,51,,1,SPI
CTF-spi36792,CTF,,Cmc - Central Main Corridor-West Gate,,,,,,,1988,566,LOOKOUT (GUARD STATION),36792,CMC,51,,1,SPI
CTF-spi36793,CTF,,Cmc - Central Main Corridor-East Gate,,,,,,,1988,2300,LOOKOUT (GUARD STATION),36793,CMC,51,,1,SPI
CTF-spi36794,CTF,,Cmc - Central Main Corridor,,,,,,,1988,16267,LOOKOUT (GUARD STATION),36794,CMC,51,,1,SPI
CTF-spi36795,CTF,,Cmc - Tunnel Area,,,,,,,,20512,UTILITY,36795,CMC,51,,1,SPI
CTF-spi36797,CTF,,S-11 Tower 11,,,,,,,1993,121,LOOKOUT (GUARD STATION),36797,S-11,51,,1,SPI
CTF-spi36798,CTF,,S-12 Tower 12,,,,,,,1993,121,LOOKOUT (GUARD STATION),36798,S-12,51,,1,SPI
CTF-spi36799,CTF,,S-13 Tower 13,,,,,,,1988,223,LOOKOUT (GUARD STATION),36799,S-13,51,,1,SPI
CTF-spi36800,CTF,,S-14 Tower 14,,,,,,,1993,121,LOOKOUT (GUARD STATION),36800,S-14,51,,1,SPI
CTF-spi36802,CTF,,S-92 Irrigation Well #2,,,,,,,1988,64,PUMP/WELL HOUSE,36802,S-92,51,,1,SPI
CTF-spi36803,CTF,,S-227 Restroom Idl,,,,,,,1988,107,COMFORT STATION/RESTROOMS/LAVATORIES,36803,S-227,51,,1,SPI
CTF-spi37700,CTF,,S-58 Gymnasium - South Facility,,,,,,,1994,10318,GYMNASIUM,37700,S-58,51,,1,SPI
CTF-spi37701,CTF,,Family Visiting Duplexes - Central,,,,,,,1992,5694,RESIDENCE (MULTI-FAMILY),37701,SEE COMMENTS FOR DETAIL,51,,1,SPI
CTF-spi37702,CTF,,S-69 Admin./Support Bldg.-South Fac.,,,,,,,1995,24200,OFFICE (INSTITUTIONAL),37702,S-69,51,,1,SPI
CTF-spi37703,CTF,,Freezer Storage #19 & #20 - Central Fac.,,,,,,,1995,1600,STORAGE BUILDING,37703,,51,,1,SPI
CTF-spi38330,CTF,,Sw Toro Dormitory,,,,,,,1996,13244,DORMITORY,38330,SW,51,,1,SPI
CTF-spi38331,CTF,,Sv Fremont Dormitory,,,,,,,1996,13244,DORMITORY,38331,SV,51,,1,SPI
CTF-spi38332,CTF,,S-2 Dormitory No. 2 (South Facility),,,,,,,1996,13244,DORMITORY,38332,S-2,51,,1,SPI
CTF-spi39036,CTF,,Dd-2 Firehouse Garage,,,,,,,1996,1560,GARAGE/PARKING STRUCTURE,39036,DD-2,51,,1,SPI
CTF-spi39037,CTF,,Sz Classroom (E-Bed) North Fac. (Vacant),,,,,,,1997,4320,CLASSROOM,39037,SZ,51,,1,SPI
CTF-spi39038,CTF,,Sx Med. Clinic (E-Bed) No. Fac.,,,,,,,1997,1502,HOSPITAL/CLINIC/TREATMENT CENTER,39038,SX,51,,1,SPI
CTF-spi39548,CTF,,Vv Lockshop / Armory,,,,,,,1997,1700,ARMORY,39548,VV,51,,1,SPI
CTF-spi39973,CTF,,S-102 Storage Shed,,,,,,,1950,120,SHED,39973,S-102,51,,1,SPI
CTF-spi39974,CTF,,Ts Sallyport 8,,,,,,,1985,96,LOOKOUT (GUARD STATION),39974,TS,51,,1,SPI
CTF-spi39975,CTF,,Rr-1 Hazardous Materials Storage,,,,,,,1999,700,SHED,39975,RR-1,51,,1,SPI
CTF-spi39976,CTF,,Sh-18 Staff Residences Sewage Lift Sta.,,,,,,,,312,UTILITY,39976,SH-18,51,,1,SPI
CTF-spi39977,CTF,,Tt Storage,,,,,,,,561,SHED,39977,TT,51,,1,SPI
CTF-spi39978,CTF,,Dd-3 Fire Extinguisher Service Bldg,,,,,,,1995,320,SHOP,39978,DD-3,51,,1,SPI
CTF-spi39979,CTF,,S-200 Well 7 Pump House,,,,,,,,170,PUMP/WELL HOUSE,39979,S-200,51,,1,SPI
CTF-spi39980,CTF,,S-201 Well 6 Pump House,,,,,,,,170,PUMP/WELL HOUSE,39980,S-201,51,,1,SPI
CTF-spi39981,CTF,,Fr Firing Range Toilet,,,,,,,,400,COMFORT STATION/RESTROOMS/LAVATORIES,39981,FR,51,,1,SPI
CTF-spi39982,CTF,,Sh-17A Garage Residence 17,,,,,,,1953,624,GARAGE (RESIDENCE),39982,SH-17A,51,,1,SPI
CTF-spi43379,CTF,,A-51 Plant Operations,,,,,,,,3600,OFFICE (INSTITUTIONAL),43379,A-51,51,,1,SPI
CTF-spi43380,CTF,,A-51-A,,,,,,,,600,OFFICE (INSTITUTIONAL),43380,A-51-A,51,,1,SPI
CTF-spi43889,CTF,,S-224 Inmate Day Labor,,,,,,,2000,2310,SHOP,43889,S-224,51,,1,SPI
CTF-spi43890,CTF,,S-209 Medical It Office,,,,,,,1997,1440,OFFICE (INSTITUTIONAL),43890,S-209,51,,1,SPI
CTF-spi44465,CTF,,Rasp Building Qq-2,,,,,,,2003,3000,SHOP,44465,QQ-2,51,,1,SPI
CTF-spi44466,CTF,,S-242 Drinking Water Chlorination Bldg,,,,,,,2003,96,UTILITY,44466,S-242,51,,1,SPI
CTF-spi44467,CTF,,X-2 X-Wing Ad-Seg Tower,,,,,,,2003,56,LOOKOUT (GUARD STATION),44467,X-2,51,,1,SPI
CTF-spi44988,CTF,,S--243 Prison Industry Warehouse,,,,,,,2003,4000,WAREHOUSE,44988,S-243,51,,1,SPI
CTF-spi4870,CTF,,Modular Building S-83 (Vacant),,,,,,,2000,5040,RELOCATABLE OFFICE,4870,,51,,1,SPI
CTF-spi51560,CTF,,38 Small Management Exercise Yards,,,,,,,2009,5700,SMALL MANAGEMENT EXERCISE YARDS,51560,,51,,1,SPI
CTF-spi5382,CTF,,Osap Modular,,,,,,,2004,5443,RELOCATABLE OFFICE,5382,,51,,1,SPI
CTF-spi58361,CTF,,Bldg Sik-Facility A Primary Care Clinic,,,,,,,2019,3467,HOSPITAL/CLINIC/TREATMENT CENTER,58361,SIK,51,,1,SPI
CTF-spi58362,CTF,,Bldg  Ij-Facility C Primary Care Clinic,,,,,,,2019,4460,HOSPITAL/CLINIC/TREATMENT CENTER,58362,IJ,51,,1,SPI
CTF-spi58363,CTF,,Bldg S-90-Facility D Primary Care Clinic,,,,,,,2019,3467,HOSPITAL/CLINIC/TREATMENT CENTER,58363,S-90,51,,1,SPI
CVSP-central-health-services,CVSP,,Central Health Services,,,,health_care,,,,,,,,,,2,Sep_2020_Quarterly-ADA_Final;September2021QuarterlyReport-ADA
CVSP-central-health-services-building,CVSP,,Central Health Services building,,,,health_care,,,,,,,,,,1,MPAR2022:P-1415-00085
CVSP-health-care-administration-and-health-records-building,CVSP,,health care administration and health records building,,,,admin,,,,,,,,,,2,Sep_2020_Quarterly-ADA_Final;September2021QuarterlyReport-ADA
CVSP-health-care-administration-building,CVSP,,Health Care Administration building,,,,admin,,,,,,,,,,1,MPAR2022:P-1415-00085
CVSP-spi37940,CVSP,,Central Administration,,,,,,,1987,26604,OFFICE (INSTITUTIONAL),37940,A-01,9288,,1,SPI
CVSP-spi37941,CVSP,,Central Kitchen,,,,,,,1987,20160,KITCHEN,37941,C-01,9288,,1,SPI
CVSP-spi37942,CVSP,,Pia Food Service Satelite A,,,,,,,1987,5684,DINING/CAFETERIA,37942,C-02,9288,,1,SPI
CVSP-spi37943,CVSP,,Pia Food Service Satelite B,,,,,,,1987,5684,DINING/CAFETERIA,37943,C-03,9288,,1,SPI
CVSP-spi37944,CVSP,,Pia Food Service Satelite C,,,,,,,1987,5684,DINING/CAFETERIA,37944,C-04,9288,,1,SPI
CVSP-spi37945,CVSP,,Pia Food Service Satelite D,,,,,,,1987,5684,DINING/CAFETERIA,37945,C-05,9288,,1,SPI
CVSP-spi37946,CVSP,,Facility Food Service Satelite A,,,,,,,1987,12384,DINING/CAFETERIA,37946,C-06,9288,,1,SPI
CVSP-spi37947,CVSP,,Facility Food Service Satelite B,,,,,,,1987,12384,DINING/CAFETERIA,37947,C-07,9288,,1,SPI
CVSP-spi37948,CVSP,,Facility Food Service Satelite C,,,,,,,1987,12384,DINING/CAFETERIA,37948,C-08,9288,,1,SPI
CVSP-spi37949,CVSP,,Facility Food Service Satelite D,,,,,,,1987,12384,DINING/CAFETERIA,37949,C-09,9288,,1,SPI
CVSP-spi37950,CVSP,,Housing Unit #1,,,,,,,1987,23333,DORMITORY,37950,H-01,9288,,1,SPI
CVSP-spi37951,CVSP,,Housing Unit #2,,,,,,,1987,23333,DORMITORY,37951,H-02,9288,,1,SPI
CVSP-spi37952,CVSP,,Housing Unit #3,,,,,,,1987,23333,DORMITORY,37952,H-03,9288,,1,SPI
CVSP-spi37953,CVSP,,Housing Unit #4,,,,,,,1987,23333,DORMITORY,37953,H-04,9288,,1,SPI
CVSP-spi37954,CVSP,,Housing Unit #5,,,,,,,1987,23333,DORMITORY,37954,H-05,9288,,1,SPI
CVSP-spi37955,CVSP,,Housing Unit #6,,,,,,,1987,23333,DORMITORY,37955,H-06,9288,,1,SPI
CVSP-spi37956,CVSP,,Housing Unit #7,,,,,,,1987,23333,DORMITORY,37956,H-07,9288,,1,SPI
CVSP-spi37957,CVSP,,Housing Unit #8,,,,,,,1987,23333,DORMITORY,37957,H-08,9288,,1,SPI
CVSP-spi37958,CVSP,,Housing Unit #9,,,,,,,1987,23333,DORMITORY,37958,H-09,9288,,1,SPI
CVSP-spi37959,CVSP,,Housing Unit #10,,,,,,,1987,23333,DORMITORY,37959,H-10,9288,,1,SPI
CVSP-spi37960,CVSP,,Housing Unit #11,,,,,,,1987,23333,DORMITORY,37960,H-11,9288,,1,SPI
CVSP-spi37961,CVSP,,Administrative Segregation,,,,,,,1987,23876,DORMITORY,37961,H-12,9288,,1,SPI
CVSP-spi37962,CVSP,,Pia Central Laundry,,,,,,,1987,14711,LAUNDRY,37962,I-01,9288,,1,SPI
CVSP-spi37963,CVSP,,"Mill And Cabinet Facilty ""B""",,,,,,,1987,36000,CLASSROOM,37963,I-02,9288,,1,SPI
CVSP-spi37964,CVSP,,Pia Sewing Factory,,,,,,,1987,16000,SHOP,37964,I-03,9288,,1,SPI
CVSP-spi37965,CVSP,,Maintenance Warehouse,,,,,,,1987,26908,WAREHOUSE,37965,I-04,9288,,1,SPI
CVSP-spi37966,CVSP,,General Warehouse/Pia Warehouse,,,,,,,1987,88200,WAREHOUSE,37966,W-05/I-05,9288,,1,SPI
CVSP-spi37967,CVSP,,Central Health,,,,,,,1987,14420,HOSPITAL/CLINIC/TREATMENT CENTER,37967,M-01,9288,,1,SPI
CVSP-spi37968,CVSP,,Recycle And Salvage Program,,,,,,,1987,2025,EQUIPMENT/MAINTENANCE BUILDING,37968,M-03,9288,,1,SPI
CVSP-spi37969,CVSP,,Fire House,,,,,,,1987,5500,FIREHOUSE/FOREST FIRE STATION,37969,M-02,9288,,1,SPI
CVSP-spi37970,CVSP,,Board Of Prison Terms/ A-B Visiting,,,,,,,1987,14078,VISITATION FACILITY,37970,P-01,9288,,1,SPI
CVSP-spi37971,CVSP,,Family Visiting Unit #1,,,,,,,1987,3224,VISITATION FACILITY,37971,P-02,9288,,1,SPI
CVSP-spi37972,CVSP,,Family Visiting Unit #2,,,,,,,1987,3076,VISITATION FACILITY,37972,P-03,9288,,1,SPI
CVSP-spi37973,CVSP,,C-D Visiting,,,,,,,1987,11878,VISITATION FACILITY,37973,P-04,9288,,1,SPI
CVSP-spi37974,CVSP,,Vocational Education A,,,,,,,1987,16800,CLASSROOM,37974,P-05,9288,,1,SPI
CVSP-spi37975,CVSP,,Vocational Education B,,,,,,,1987,14560,CLASSROOM,37975,P-06,9288,,1,SPI
CVSP-spi37976,CVSP,,Vocational Education C,,,,,,,1987,11680,CLASSROOM,37976,P-07,9288,,1,SPI
CVSP-spi37977,CVSP,,Vocational Education D,,,,,,,1987,15360,CLASSROOM,37977,P-08,9288,,1,SPI
CVSP-spi37978,CVSP,,Facility Programs And Services A,,,,,,,1987,32729,OFFICE (INSTITUTIONAL),37978,P-09,9288,,1,SPI
CVSP-spi37979,CVSP,,Facility Programs And Services B,,,,,,,1987,32729,OFFICE (INSTITUTIONAL),37979,P-10,9288,,1,SPI
CVSP-spi37980,CVSP,,Facility Programs And Services C,,,,,,,1987,32729,OFFICE (INSTITUTIONAL),37980,P-11,9288,,1,SPI
CVSP-spi37981,CVSP,,Facility Programs And Services D,,,,,,,1987,32729,OFFICE (INSTITUTIONAL),37981,P-12,9288,,1,SPI
CVSP-spi37982,CVSP,,Visitor Processing,,,,,,,1987,2883,STAGING AREA,37982,P-13,9288,,1,SPI
CVSP-spi37983,CVSP,,Central Library/Media,,,,,,,1987,5315,LIBRARY,37983,P-14,9288,,1,SPI
CVSP-spi37984,CVSP,,Visiting Center,,,,,,,1987,1440,RELOCATABLE OFFICE,37984,P-15,9288,,1,SPI
CVSP-spi37985,CVSP,,Central Operations And Control,,,,,,,1987,6224,OFFICE (INSTITUTIONAL),37985,S-01,9288,,1,SPI
CVSP-spi37986,CVSP,,Receiving And Release,,,,,,,1987,3782,OFFICE (INSTITUTIONAL),37986,S-02,9288,,1,SPI
CVSP-spi37987,CVSP,,Guard Tower #1,,,,,,,1987,197,LOOKOUT (GUARD STATION),37987,S-03,9288,,1,SPI
CVSP-spi37988,CVSP,,Guard Tower #2,,,,,,,1987,197,LOOKOUT (GUARD STATION),37988,S-04,9288,,1,SPI
CVSP-spi37989,CVSP,,Weapons Training Building,,,,,,,1987,912,ARMORY,37989,S-05,9288,,1,SPI
CVSP-spi37990,CVSP,,Vehicle Sallport/Guard House,,,,,,,1987,150,LOOKOUT (GUARD STATION),37990,S-06,9288,,1,SPI
CVSP-spi37991,CVSP,,Locksmith/Armory,,,,,,,1987,1560,ARMORY,37991,S-07,9288,,1,SPI
CVSP-spi37992,CVSP,,Water Treatment Control Building,,,,,,,1987,9500,UTILITY,37992,U-01,9288,,1,SPI
CVSP-spi37993,CVSP,,Wastewater Treatment Building,,,,,,,1987,2400,UTILITY,37993,U-03,9288,,1,SPI
CVSP-spi37994,CVSP,,Emergency Power Plant,,,,,,,1987,1800,UTILITY,37994,U-02,9288,,1,SPI
CVSP-spi37996,CVSP,,Volatile Storage,,,,,,,1987,576,SHED,37996,W-06,9288,,1,SPI
CVSP-spi37997,CVSP,,Volatile Storage Statelite A,,,,,,,1987,81,SHED,37997,W-08,9288,,1,SPI
CVSP-spi37998,CVSP,,Volatile Storage Statelite B,,,,,,,1987,81,SHED,37998,W-09,9288,,1,SPI
CVSP-spi37999,CVSP,,Volatile Storage Statelite C,,,,,,,1987,81,SHED,37999,W-10,9288,,1,SPI
CVSP-spi38000,CVSP,,Volatile Storage Statelite D,,,,,,,1987,81,SHED,38000,W-11,9288,,1,SPI
CVSP-spi38001,CVSP,,Vehicle Maintenance,,,,,,,1987,6000,SERVICE STATION,38001,W-07,9288,,1,SPI
CVSP-spi38003,CVSP,,Build. Maintenance Service Satelite A,,,,,,,1987,3120,SHOP,38003,W-01,9288,,1,SPI
CVSP-spi38004,CVSP,,Build. Maintenance Service Satelite B,,,,,,,1987,3120,SHOP,38004,W-02,9288,,1,SPI
CVSP-spi38005,CVSP,,Build. Maintenance Service Satelite C,,,,,,,1987,3120,SHOP,38005,W-03,9288,,1,SPI
CVSP-spi38006,CVSP,,Building Maintenance Service D,,,,,,,1987,6720,SHOP,38006,W-04,9288,,1,SPI
CVSP-spi43807,CVSP,,Wastewater Chlorine /  Scrubber Building,,,,,,,1992,1500,UTILITY,43807,U-22,9288,,1,SPI
CVSP-spi5122,CVSP,,Osap,,,,,,,2004,6272,RELOCATABLE OFFICE,5122,P-20,9288,,1,SPI
CVSP-spi51525,CVSP,,H.V.A.C. - Chiller Plant,,,,,,,2009,7200,UTILITY,51525,U-32,9288,,1,SPI
CVSP-spi51559,CVSP,,20 Small Management Exercise Yards,,,,,,,2009,3000,SMALL MANAGEMENT EXERCISE YARDS,51559,,9288,,1,SPI
CVSP-spi57614,CVSP,,Ev Charging Stations (10-Level 2 Ports),,,,,,,2020,0,ELECTRIC VEHICLE CHARGING STATION,57614,,9288,,1,SPI
FOL-1,FOL,1,Metal Fabrication Building#1,,,,,,,1951,18932,SHOP,14674,METAL FABRICATION BLDG #1,39,,3,SPI;Sep_2020_Quarterly-ADA_Final;September2021QuarterlyReport-ADA
FOL-2,FOL,2,,,,,,,,,,,,,,,1,September2021QuarterlyReport-ADA
FOL-4,FOL,4,,,,,,ASU,,,,,,,,,1,MPAR2022:P-1718-00123
FOL-5,FOL,5,Cell Block Five,,,,housing,,,,,,,,,,3,Sep_2020_Quarterly-ADA_Final;September2021QuarterlyReport-ADA;MPAR2022:P-0809-01089
FOL-C02,FOL,C02,Main Kitchen And Minimum Kitchen,,,,,,,1894,34533,DINING/CAFETERIA,14662,C02,39,,1,SPI
FOL-H01,FOL,H01,Cell Block#1;Cell Block 1,,,,housing,,,1908,83850,DORMITORY,14721,H01,39,,2,SPI;MPAR2022:P-2122-00138
FOL-H04,FOL,H04,Cell Block #4,,,,,,,1951,33309,DORMITORY,50532,H04,39,,1,SPI
FOL-I01,FOL,I01,Industries Office Building,,,,,,,1958,3400,OFFICE (INSTITUTIONAL),14672,I01,39,,1,SPI
FOL-I02,FOL,I02,Prison Industries Storage Building,,,,,,,2008,1250,STORAGE BUILDING,50826,I02,39,,1,SPI
FOL-I04,FOL,I04,Metal Fabrication Building#2,,,,,,,1952,14285,SHOP,14675,I04,39,,1,SPI
FOL-I05,FOL,I05,Metal Fabrication Building#3,,,,,,,1957,13380,SHOP,14676,I05,39,,1,SPI
FOL-I06,FOL,I06,License Plant Factory,,,,,,,1953,47649,SHOP,14678,I06,39,,1,SPI
FOL-I07,FOL,I07,Inmate Shower Facility - Pia,,,,,,,1990,4020,SHOWER,50538,I07,39,,1,SPI
FOL-I10,FOL,I10,Metal Fabrication Steel Storage,,,,,,,1948,4800,STORAGE BUILDING,14673,I10,39,,1,SPI
FOL-I13,FOL,I13,Prison Industries Electrical Building,,,,,,,2007,529,UTILITY,50827,I13,39,,1,SPI
FOL-I15,FOL,I15,Prison Industries Sheet Metal Storage,,,,,,,2007,1250,STORAGE BUILDING,50828,I15,39,,1,SPI
FOL-M02,FOL,M02,"Fire House, Engine Barn & Office Bldg",,,,,,,1949,6332,FIREHOUSE/FOREST FIRE STATION,14644,M02,39,,1,SPI
FOL-M04,FOL,M04,Pia Maintenance Areas,,,,,,,1959,594,SHOP,50829,M04,39,,1,SPI
FOL-M05,FOL,M05,Valley House #4 Procurement,,,,,,,1938,2016,OFFICE (INSTITUTIONAL),14646,M05,39,,1,SPI
FOL-M06,FOL,M06,Fsp Museum,,,,,,,1938,2700,MUSEUM,14647,M06,39,,1,SPI
FOL-M07,FOL,M07,United States Post Office,,,,,,,1925,612,OFFICE (INSTITUTIONAL),14725,M07,39,,1,SPI
FOL-M08,FOL,M08,Dental Clinic,,,,,,,1991,6871,HOSPITAL/CLINIC/TREATMENT CENTER,14631,M08,39,,1,SPI
FOL-M11,FOL,M11,Trust Office - Valley House #7,,,,,,,1930,2650,OFFICE (INSTITUTIONAL),50528,M11,39,,1,SPI
FOL-M13,FOL,M13,Fsp Recycle,,,,,,,1995,2087,EQUIPMENT/MAINTENANCE BUILDING,50523,M13,39,,1,SPI
FOL-M14,FOL,M14,Vocational Landscapping - Upper,,,,,,,1950,1232,CLASSROOM,50545,M14,39,,1,SPI
FOL-M20,FOL,M20,Institution Mailroom Old Folsom,,,,,,,,2200,OFFICE (INSTITUTIONAL),14645,M20,39,,1,SPI
FOL-M22,FOL,M22,Valley Lawns,,,,,,,1950,1440,OFFICE (INSTITUTIONAL),14643,M22,39,,1,SPI
FOL-M24,FOL,M24,Prison Industries Inspection Post,,,,,,,2007,153,LOOKOUT (GUARD STATION),50825,M24,39,,1,SPI
FOL-P05,FOL,P05,Library,,,,,,,1991,4000,LIBRARY,2063,P05,39,,1,SPI
FOL-P08,FOL,P08,Visitor Processing,,,,,,,,5000,OFFICE (INSTITUTIONAL),14632,P08,39,,1,SPI
FOL-P11,FOL,P11,Visiting Room,,,,,,,1918,7600,VISITATION FACILITY,14666,P11,39,,1,SPI
FOL-P13,FOL,P13,Plant Operations Landscaping,,,,,,,,2112,CLASSROOM,14665,P13,39,,1,SPI
FOL-P14,FOL,P14,Vocational Masonry Bldg,,,,,,,1985,1660,CLASSROOM,50522,P14,39,,1,SPI
FOL-P16,FOL,P16,Valley Houses S&I #10,,,,,,,1938,2600,OFFICE (INSTITUTIONAL),14648,P16,39,,1,SPI
FOL-P28,FOL,P28,Faith-Based Program Building,,,,,,,2008,2701,OFFICE (INSTITUTIONAL),50833,P28,39,,1,SPI
FOL-S01,FOL,S01,Inmate Shower Facility - Lower Yard,,,,,,,1990,4020,SHOWER,50539,S01,39,,1,SPI
FOL-S05,FOL,S05,Receiving & Release,,,,,,,1962,4100,OFFICE (INSTITUTIONAL),50537,S05,39,,1,SPI
FOL-S07,FOL,S07,Entrance Gate Old Folsom,,,,,,,,694,LOOKOUT (GUARD STATION),14635,S07,39,,1,SPI
FOL-S33,FOL,S33,Armory - Locksmith,,,,,,,1992,1721,ARMORY,50544,S33,39,,1,SPI
FOL-S36,FOL,S36,Crisis Response Team - Valley House #108,,,,,,,1938,1080,OFFICE (INSTITUTIONAL),14657,S36,39,,1,SPI
FOL-S38,FOL,S38,West Gate Security Processing Building,,,,,,,2007,201,OFFICE (INSTITUTIONAL),50832,S38,39,,1,SPI
FOL-U05,FOL,U05,Old Water Filtration Plant,,,,,,,1940,10943,UTILITY,50529,U05,39,,1,SPI
FOL-W04,FOL,W04,Industrial Warehouse,,,,,,,1967,30054,WAREHOUSE,14677,W04,39,,1,SPI
FOL-W05,FOL,W05,Old Power House,,,,,,,1891,19483,CLASSROOM,50533,W05,39,,1,SPI
FOL-W06,FOL,W06,Bus Repair Garage,,,,,,,1968,3600,GARAGE/PARKING STRUCTURE,14713,W06,39,,1,SPI
FOL-W08,FOL,W08,Maintenance Garage Old Folsom,,,,,,,1935,8100,SHOP,14723,W08,39,,1,SPI
FOL-W14,FOL,W14,Vocational Bldg. Maint. - Valley,,,,,,,1975,2604,CLASSROOM,50542,W14,39,,1,SPI
FOL-W16,FOL,W16,Valley Lawns,,,,,,,1950,1213,OFFICE (INSTITUTIONAL),50546,W16,39,,1,SPI
FOL-W21,FOL,W21,Hazordous Materials Shed,,,,,,,1990,1008,SHED,50547,W21,39,,1,SPI
FOL-W26,FOL,W26,Lower Yard Crew #2 Quonsets,,,,,,,1970,1890,STORAGE BUILDING,50543,W26,39,,1,SPI
FOL-W27,FOL,W27,Maintenance Storage Quonsets,,,,,,,1950,4312,STORAGE,50831,W27,39,,1,SPI
FOL-cell-block-five,FOL,,Cell Block Five,,,,housing,,,,,,,,,,3,Sep_2020_Quarterly-ADA_Final;September2021QuarterlyReport-ADA;sen_sub5_agenda_2021-02-11
FOL-central-health-services,FOL,,Central Health Services,,,,health_care,,,,,,,,,,2,Sep_2020_Quarterly-ADA_Final;September2021QuarterlyReport-ADA
FOL-central-health-services-building,FOL,,Central Health Services building,,,,health_care,,,,,,,,,,1,MPAR2022:P-1011-00015
FOL-education-annex,FOL,,Education Annex,,,,program,,,,,,,,,,2,Sep_2020_Quarterly-ADA_Final;September2021QuarterlyReport-ADA
FOL-spi14628,FOL,,Water Treatment Plant,,,,,,,1985,4012,UTILITY,14628,U02,39,,1,SPI
FOL-spi14633,FOL,,Larkin Hall In-Service Trainnig,,,,,,,1937,6206,STORAGE BUILDING,14633,M09,39,,1,SPI
FOL-spi14636,FOL,,Old Dormitories Camp Represa,,,,,,,1949,35700,DORMITORY,14636,H700 TO H1300,39,,1,SPI
FOL-spi14637,FOL,,New Dormitories Camp Represa,,,,,,,1959,12420,DORMITORY,14637,H100 TO H600,39,,1,SPI
FOL-spi14638,FOL,,Kitchen Camp Represa,,,,,,,1959,3760,KITCHEN,14638,KITCHEN CAMP REPRESA,39,,1,SPI
FOL-spi14639,FOL,,Maint. Warehouse Old Folsom,,,,,,,,8860,STORAGE BUILDING,14639,WAREHOUSE,39,,1,SPI
FOL-spi14640,FOL,,Power House 22 Sub-Station (Pia),,,,,,,,416,UTILITY,14640,POWER HOUSE 22 SUBSTATION,39,,1,SPI
FOL-spi14642,FOL,,Vending Machines,,,,,,,1956,1620,STORAGE BUILDING,14642,M19,39,,1,SPI
FOL-spi14649,FOL,,Valley Houses Resident#21,,,,,,,1919,2700,RESIDENCE (SINGLE FAMILY),14649,RES21,39,,1,SPI
FOL-spi14650,FOL,,Valley House Resident#22,,,,,,,1919,2700,RESIDENCE (SINGLE FAMILY),14650,RES22,39,,1,SPI
FOL-spi14651,FOL,,Valley House Resident#25,,,,,,,1922,1080,RESIDENCE (SINGLE FAMILY),14651,RES25,39,,1,SPI
FOL-spi14652,FOL,,Valley House Resident#26,,,,,,,1938,1080,RESIDENCE (SINGLE FAMILY),14652,RES26,39,,1,SPI
FOL-spi14653,FOL,,Valley House Resident#27,,,,,,,1938,1080,RESIDENCE (SINGLE FAMILY),14653,VALLEY HOUSE #27,39,,1,SPI
FOL-spi14654,FOL,,Valley House Resident#28,,,,,,,1938,1080,RESIDENCE (SINGLE FAMILY),14654,RES28,39,,1,SPI
FOL-spi14655,FOL,,Valley House Resident#29,,,,,,,1938,1080,RESIDENCE (SINGLE FAMILY),14655,RES29,39,,1,SPI
FOL-spi14656,FOL,,Valley House Resident#30,,,,,,,1938,1080,RESIDENCE (SINGLE FAMILY),14656,RES30,39,,1,SPI
FOL-spi14658,FOL,,Valley Houses Resident#201,,,,,,,1938,1148,RESIDENCE (SINGLE FAMILY),14658,RES201,39,,1,SPI
FOL-spi14659,FOL,,Valley Houses Resident#401,,,,,,,1938,1204,RESIDENCE (SINGLE FAMILY),14659,RES401,39,,1,SPI
FOL-spi14660,FOL,,Valley Houses Resident Garages,,,,,,,1938,16074,GARAGE/PARKING STRUCTURE,14660,VALLEY HOUSES RES GARAGE,39,,1,SPI
FOL-spi14661,FOL,,Gun Towers,,,,,,,,1620,LOOKOUT (GUARD STATION),14661,"S10 TO S28, S31, S34, S35",39,,1,SPI
FOL-spi14663,FOL,,Maintenance Hanger (Including Storage),,,,,,,1948,14100,WAREHOUSE,14663,"W01, W02",39,,1,SPI
FOL-spi14664,FOL,,Cell Blocks#2&#3 And Hospital Admin Bldg,,,,,,,1931,194900,DORMITORY,14664,"H02, H03",39,,1,SPI
FOL-spi14667,FOL,,Vocational Education,,,,,,,1948,14320,CLASSROOM,14667,VOCATIONAL EDUCATION,39,,1,SPI
FOL-spi14668,FOL,,Main Yard Buildings,,,,,,,1915,31826,OFFICE (INSTITUTIONAL),14668,S02 (SEE COMMENTS),39,,1,SPI
FOL-spi14669,FOL,,Cell Block #5 And O & G Building,,,,,,,1880,92935,DORMITORY,14669,CELL BLOCK #5 & OG BLDG.,39,,1,SPI
FOL-spi14670,FOL,,Ly Maint Bd/Painters/Plumbers/Carpenters,,,,,,,1946,47372,SHOP,14670,LOWER YARD MAINTENANCE,39,,1,SPI
FOL-spi14671,FOL,,Filtration Plant,,,,,,,,5650,UTILITY,14671,U02,39,,1,SPI
FOL-spi14679,FOL,,Industries Maintenance,,,,,,,1950,6160,EQUIPMENT/MAINTENANCE BUILDING,14679,I08,39,,1,SPI
FOL-spi14682,FOL,,Old Dairy Boiler Room,,,,,,,1919,408,UTILITY,14682,ABANDONED,39,,1,SPI
FOL-spi14684,FOL,,Valley Houses Resident#402,,,,,,,1938,1204,RESIDENCE (SINGLE FAMILY),14684,RES402,39,,1,SPI
FOL-spi14685,FOL,,Valley Houses Resident#403,,,,,,,1938,1204,RESIDENCE (SINGLE FAMILY),14685,RES403,39,,1,SPI
FOL-spi14686,FOL,,Valley Houses Resident#404,,,,,,,1938,1204,RESIDENCE (SINGLE FAMILY),14686,RES404,39,,1,SPI
FOL-spi14687,FOL,,Valley Houses Resident#405,,,,,,,1938,1204,RESIDENCE (SINGLE FAMILY),14687,RES405,39,,1,SPI
FOL-spi14688,FOL,,Valley Houses Resident#411,,,,,,,1938,1204,RESIDENCE (SINGLE FAMILY),14688,RES411,39,,1,SPI
FOL-spi14689,FOL,,Valley Houses Resident#202,,,,,,,1931,1148,RESIDENCE (SINGLE FAMILY),14689,RES202,39,,1,SPI
FOL-spi14690,FOL,,Valley Houses Resident#205,,,,,,,1931,1148,RESIDENCE (SINGLE FAMILY),14690,RES205,39,,1,SPI
FOL-spi14691,FOL,,Valley Houses Resident#206,,,,,,,1931,1148,RESIDENCE (SINGLE FAMILY),14691,RES206,39,,1,SPI
FOL-spi14692,FOL,,Valley Houses Resident#209,,,,,,,1931,1148,RESIDENCE (SINGLE FAMILY),14692,RES209,39,,1,SPI
FOL-spi14693,FOL,,Valley Houses Resident#210,,,,,,,1931,1148,RESIDENCE (SINGLE FAMILY),14693,VALLEY HOUSE #210,39,,1,SPI
FOL-spi14694,FOL,,Valley Houses Resident#212,,,,,,,1931,1148,RESIDENCE (SINGLE FAMILY),14694,RES212,39,,1,SPI
FOL-spi14695,FOL,,Valley Houses Resident#213,,,,,,,1931,1148,RESIDENCE (SINGLE FAMILY),14695,RES213,39,,1,SPI
FOL-spi14696,FOL,,Valley Houses Resident#214,,,,,,,1931,1148,RESIDENCE (SINGLE FAMILY),14696,RES214,39,,1,SPI
FOL-spi14697,FOL,,Valley Houses Resident#303,,,,,,,1931,1148,RESIDENCE (SINGLE FAMILY),14697,RES303,39,,1,SPI
FOL-spi14698,FOL,,Valley Houses Resident#304,,,,,,,1931,1148,RESIDENCE (SINGLE FAMILY),14698,RES304,39,,1,SPI
FOL-spi14699,FOL,,Valley Houses Resident#305,,,,,,,1931,1148,RESIDENCE (SINGLE FAMILY),14699,RES305,39,,1,SPI
FOL-spi14700,FOL,,Valley Houses Resident#306,,,,,,,1931,1148,RESIDENCE (SINGLE FAMILY),14700,RES306,39,,1,SPI
FOL-spi14701,FOL,,Valley Houses Resident#307,,,,,,,1931,1148,RESIDENCE (SINGLE FAMILY),14701,RES307,39,,1,SPI
FOL-spi14702,FOL,,Valley Houses Resident#308,,,,,,,1931,1148,RESIDENCE (SINGLE FAMILY),14702,RES308,39,,1,SPI
FOL-spi14703,FOL,,Valley Houses Resident#309,,,,,,,1931,1148,RESIDENCE (SINGLE FAMILY),14703,RES309,39,,1,SPI
FOL-spi14704,FOL,,Valley Houses Resident#310,,,,,,,1931,1148,RESIDENCE (SINGLE FAMILY),14704,RES310,39,,1,SPI
FOL-spi14705,FOL,,"Csp, Glass Shop, Valley Houses Res#312",,,,,,,1931,1148,OFFICE (INSTITUTIONAL),14705,RES312,39,,1,SPI
FOL-spi14706,FOL,,Valley Houses Resident#110,,,,,,,1938,1080,RESIDENCE (SINGLE FAMILY),14706,RES110,39,,1,SPI
FOL-spi14707,FOL,,Valley Houses Resident#113,,,,,,,1938,1080,RESIDENCE (SINGLE FAMILY),14707,RES113,39,,1,SPI
FOL-spi14708,FOL,,Valley Houses Resident#114,,,,,,,1938,1080,RESIDENCE (SINGLE FAMILY),14708,RES 114,39,,1,SPI
FOL-spi14709,FOL,,Valley Houses Resident#116,,,,,,,1919,1080,RESIDENCE (SINGLE FAMILY),14709,RES116,39,,1,SPI
FOL-spi14710,FOL,,Valley Houses Resident#117,,,,,,,1922,1080,RESIDENCE (SINGLE FAMILY),14710,RES117,39,,1,SPI
FOL-spi14711,FOL,,Valley Houses Resident#119,,,,,,,1922,1080,RESIDENCE (SINGLE FAMILY),14711,RES119,39,,1,SPI
FOL-spi14712,FOL,,Valley Houses Resident#120,,,,,,,1938,1080,RESIDENCE (SINGLE FAMILY),14712,RES120,39,,1,SPI
FOL-spi14716,FOL,,Medical Training Area,,,,,,,1979,1900,OFFICE (INSTITUTIONAL),14716,P10,39,,1,SPI
FOL-spi14717,FOL,,Medical Training Area,,,,,,,1979,1900,OFFICE (INSTITUTIONAL),14717,P10,39,,1,SPI
FOL-spi14718,FOL,,Family Visiting #3,,,,,,,1979,1900,VISITATION FACILITY,14718,P10,39,,1,SPI
FOL-spi14719,FOL,,Family Visiting #4,,,,,,,1979,1400,VISITATION FACILITY,14719,P10,39,,1,SPI
FOL-spi14720,FOL,,"Family Visiting #5, 6 And 7",,,,,,,1979,1800,VISITATION FACILITY,14720,P10,39,,1,SPI
FOL-spi36945,FOL,,Valley Houses Resident #121,,,,,,,,1080,RESIDENCE (SINGLE FAMILY),36945,RES121,39,,1,SPI
FOL-spi36946,FOL,,Valley Houses Resident #123,,,,,,,,1080,RESIDENCE (SINGLE FAMILY),36946,RES123,39,,1,SPI
FOL-spi43911,FOL,,Mobile Office,,,,,,,,1800,RELOCATABLE OFFICE,43911,59158,39,,1,SPI
FOL-spi43912,FOL,,Mobile Office,,,,,,,,1970,RELOCATABLE OFFICE,43912,59159,39,,1,SPI
FOL-spi45489,FOL,,Actiflow Pretreatment Unit,,,,,,,2004,0,UTILITY,45489,U02,39,,1,SPI
FOL-spi50524,FOL,,Old Cow And Calf Barn,,,,,,,1950,2702,STORAGE,50524,,39,,1,SPI
FOL-spi50525,FOL,,Old Dairy Warehouse,,,,,,,1920,975,STORAGE,50525,,39,,1,SPI
FOL-spi50530,FOL,,Larkin Hall,,,,,,,1937,0,CLASSROOM,50530,M09,39,,1,SPI
FOL-spi50531,FOL,,Folsom Women'S Facility,,,,,,,1990,82447,HOSPITAL/CLINIC/TREATMENT CENTER,50531,"W18, W19 ,W20, W21",39,,1,SPI
FOL-spi50534,FOL,,Camp 12 Conservation Corp,,,,,,,1959,14465,DORMITORY,50534,"W13, W14",39,,1,SPI
FOL-spi50535,FOL,,Post 8 Warehouse,,,,,,,1945,358,STORAGE,50535,W17,39,,1,SPI
FOL-spi50536,FOL,,Valley Trades,,,,,,,1960,5530,SHOP,50536,W17,39,,1,SPI
FOL-spi50540,FOL,,Old Dairy Barn,,,,,,,1963,2702,STORAGE,50540,,39,,1,SPI
FOL-spi50541,FOL,,Small Management Exercise Yards,,,,,,,2002,2700,SMALL MANAGEMENT EXERCISE YARDS,50541,P29,39,,1,SPI
FOL-spi50824,FOL,,Computer Services Trailer,,,,,,,1935,614,CONCESSION,50824,M19,39,,1,SPI
FOL-spi50830,FOL,,Pia Sign Shop Shear Area,,,,,,,1954,593,SHOP,50830,I08,39,,1,SPI
FOL-spi51563,FOL,,10 Small Management Exercise Yards,,,,,,,2009,1500,SMALL MANAGEMENT EXERCISE YARDS,51563,P29,39,,1,SPI
FOL-spi6853,FOL,,Drp Modular Building,,,,,,,2016,3780,RELOCATABLE OFFICE,6853,,39,,1,SPI
HDSP-212,HDSP,212,Water Pump Station,,,,,,,1995,2508,PUMP/WELL HOUSE,38263,KITCHELL- 212 BLDG.,9982,,1,SPI
HDSP-301,HDSP,301,Guard Tower 1,,,,,,,1995,150,LOOKOUT (GUARD STATION),38060,KITCHELL-301 BLDG.,9982,,1,SPI
HDSP-302,HDSP,302,Guard Tower 2,,,,,,,1995,150,LOOKOUT (GUARD STATION),38061,KITCHELL-302 BLDG.,9982,,1,SPI
HDSP-304,HDSP,304,Guard Tower 4,,,,,,,1995,150,LOOKOUT (GUARD STATION),38063,KITCHELL-304 BLDG.,9982,,1,SPI
HDSP-305,HDSP,305,Guard Tower 5,,,,,,,1995,150,LOOKOUT (GUARD STATION),38064,KITCHELL-305 BLDG.,9982,,1,SPI
HDSP-307,HDSP,307,Guard Tower 7,,,,,,,1995,150,LOOKOUT (GUARD STATION),38066,KITCHELL-307 BLDG.,9982,,1,SPI
HDSP-308,HDSP,308,Guard Tower 8,,,,,,,1995,150,LOOKOUT (GUARD STATION),38067,KITCHELL-308 BLDG.,9982,,1,SPI
HDSP-309,HDSP,309,Guard Tower 9,,,,,,,1995,150,LOOKOUT (GUARD STATION),38068,KITCHELL-309 BLDG.,9982,,1,SPI
HDSP-310,HDSP,310,Guard Tower 10,,,,,,,1995,150,LOOKOUT (GUARD STATION),38069,KITCHELL- 310 BLDG.,9982,,1,SPI
HDSP-311,HDSP,311,Guard Tower 11,,,,,,,1995,150,LOOKOUT (GUARD STATION),38070,KITCHELL- 311 BLDG.,9982,,1,SPI
HDSP-312,HDSP,312,Guard Tower 12,,,,,,,1995,150,LOOKOUT (GUARD STATION),38071,KITCHELL- 312 BLDG.,9982,,1,SPI
HDSP-313,HDSP,313,Guard Tower 13,,,,,,,1995,150,LOOKOUT (GUARD STATION),38072,KITCHELL- 313 BLDG.,9982,,1,SPI
HDSP-321,HDSP,321,"Housing Unit Level Iii, A Yard",,,,,,,1995,25000,DORMITORY,38073,KITCHELL-321 BLDG.,9982,,1,SPI
HDSP-322,HDSP,322,"Housing Unit Level Iii, A Yard",,,,,,,1995,25000,DORMITORY,38074,KITCHELL- 322 BLDG.,9982,,1,SPI
HDSP-323,HDSP,323,"Housing Unit Level Iii, A Yard",,,,,,,1995,25000,DORMITORY,38075,KITCHELL-323 BLDG.,9982,,1,SPI
HDSP-324,HDSP,324,"Housing Unit Level Iii, A Yard",,,,,,,1995,25000,DORMITORY,38076,KITCHELL- 324 BLDG.,9982,,1,SPI
HDSP-325,HDSP,325,"Housing Unit Level Iii, A Yard (Ad Seg)",,,,,,,1995,25000,DORMITORY,38077,KITCHELL- 325 BLDG.,9982,,1,SPI
HDSP-326,HDSP,326,"Housing Unit Level Iii, B Yard",,,,,,,1995,25000,DORMITORY,38078,KITCHELL- 326 BLDG.,9982,,1,SPI
HDSP-327,HDSP,327,"Housing Unit Level Iii, B Yard (Recepti)",,,,,,,1995,25000,DORMITORY,38079,KITCHELL- 327 BLDG.,9982,,1,SPI
HDSP-328,HDSP,328,"Housing Unit Level Iii, B Yard",,,,,,,1995,25000,DORMITORY,38080,KITCHELL- 328 BLDG.,9982,,1,SPI
HDSP-329,HDSP,329,"Housing Unit Level Iii, B Yard",,,,,,,1995,25000,DORMITORY,38081,KITCHELL- 329 BLDG.,9982,,1,SPI
HDSP-330,HDSP,330,"Housing Unit Level Iii, B Yard",,,,,,,1995,25000,DORMITORY,38082,KITCHELL- 330 BLDG.,9982,,1,SPI
HDSP-341,HDSP,341,"Housing Unit Level Iv, C Yard",,,,,,,1995,42000,DORMITORY,38083,KITCHELL- 341 BLDG.,9982,,1,SPI
HDSP-342,HDSP,342,"Housing Unit Level Iv, C Yard",,,,,,,1995,42000,DORMITORY,38084,KITCHELL- 342 BLDG.,9982,,1,SPI
HDSP-343,HDSP,343,"Housing Unit Level Iv, C Yard",,,,,,,1995,42000,DORMITORY,38085,KITCHELL- 343 BLDG.,9982,,1,SPI
HDSP-344,HDSP,344,"Housing Unit Level Iv, C Yard",,,,,,,1995,42000,DORMITORY,38086,KITCHELL- 344 BLDG.,9982,,1,SPI
HDSP-351,HDSP,351,"Housing Unit Level Iv, D Yard",,,,housing,,,1995,42000,DORMITORY,38087,KITCHELL- 351 BLDG.,9982,,3,SPI;MPAR2024:P-2324-00144;MPAR2025:P-2021-00058
HDSP-352,HDSP,352,"Housing Unit Level Iv, D Yard",,,,housing,,,1995,42000,DORMITORY,38088,KITCHELL- 352 BLDG.,9982,,2,SPI;MPAR2024:P-2324-00144
HDSP-353,HDSP,353,"Housing Unit Level Iv, D Yard",,,,,,,1995,42000,DORMITORY,38089,KITCHELL- 353 BLDG.,9982,,1,SPI
HDSP-354,HDSP,354,"Housing Unit Level Iv, D Yard",,,,,,,1995,42000,DORMITORY,38090,KITCHELL- 354 BLDG.,9982,,1,SPI
HDSP-420,HDSP,420,Central Operations,,,,,,,1995,6145,OFFICE (INSTITUTIONAL),38091,KITCHELL- 420 BLDG.,9982,,1,SPI
HDSP-421,HDSP,421,A Facilities Program/Support Services,,,,,,,1995,17664,OFFICE (INSTITUTIONAL),38092,KITCHELL- 421 BLDG.,9982,,1,SPI
HDSP-422,HDSP,422,"Gymnasium, A Yard",,,,,,,1995,7395,GYMNASIUM,38093,KITCHELL- 422 BLDG.,9982,,1,SPI
HDSP-423,HDSP,423,"Food Service, A Yard",,,,,,,1995,12496,DINING/CAFETERIA,38094,KITCHELL- 423 BLDG.,9982,,1,SPI
HDSP-430,HDSP,430,B.O.P.T./Central Control/Visiting,,,,,,,1995,19290,OFFICE (INSTITUTIONAL),38095,KITCHELL- 430 BLDG.,9982,,1,SPI
HDSP-431,HDSP,431,B Facilities Program/Support Services,,,,,,,1995,17664,OFFICE (INSTITUTIONAL),38096,KITCHELL- 431 BLDG.,9982,,1,SPI
HDSP-432,HDSP,432,"Gymnasium, B Yard",,,,,,,1995,7395,GYMNASIUM,38097,KITCHELL- 432 BLDG.,9982,,1,SPI
HDSP-433,HDSP,433,"Food Service, B Yard",,,,,,,1995,12496,DINING/CAFETERIA,38098,KITCHELL- 433 BLDG.,9982,,1,SPI
HDSP-440,HDSP,440,Bopt/Complex Control/Visiting Level Iv,,,,,,,1995,19290,OFFICE (INSTITUTIONAL),38099,KITCHELL- 440 BLDG.,9982,,1,SPI
HDSP-441,HDSP,441,C Facilities Program/Support Services,,,,,,,1995,17664,OFFICE (INSTITUTIONAL),38100,KITCHELL- 441 BLDG.,9982,,1,SPI
HDSP-442,HDSP,442,"Gymnasium, C Yard",,,,,,,1995,7395,GYMNASIUM,38101,KITCHELL- 442 BLDG.,9982,,1,SPI
HDSP-443,HDSP,443,"Gun Post, C Yard",,,,,,,1995,396,LOOKOUT (GUARD STATION),38102,KITCHELL- 443 BLDG.,9982,,1,SPI
HDSP-444,HDSP,444,"Gun Post, C Yard",,,,,,,1995,396,LOOKOUT (GUARD STATION),38103,KITCHELL- 444 BLDG.,9982,,1,SPI
HDSP-451,HDSP,451,D Facilities Program/Support Services,,,,,,,1995,17664,OFFICE (INSTITUTIONAL),38104,KITCHELL- 451 BLDG.,9982,,1,SPI
HDSP-452,HDSP,452,"Gymnasium, D Fac.",,,,,,,1995,7395,GYMNASIUM,38105,KITCHELL- 452 BLDG.,9982,,1,SPI
HDSP-453,HDSP,453,"Gun Post, D Yard",,,,,,,1995,396,LOOKOUT (GUARD STATION),38106,KITCHELL- 453 BLDG.,9982,,1,SPI
HDSP-454,HDSP,454,"Gun Post, D Yard",,,,,,,1995,396,LOOKOUT (GUARD STATION),38107,KITCHELL- 454 BLDG.,9982,,1,SPI
HDSP-455,HDSP,455,,,,,housing,,,,,,,,,,2,MPAR2024:P-2324-00144;MPAR2025:P-2021-00058
HDSP-460,HDSP,460,Receiving And Release,,,,,,,1995,5585,OFFICE (INSTITUTIONAL),38108,KITCHELL- 460 BLDG.,9982,,1,SPI
HDSP-461,HDSP,461,Central Health Services,,,,health_care,,,1995,34000,HOSPITAL/CLINIC/TREATMENT CENTER,38109,KITCHELL- 461 BLDG.,9982,,3,SPI;Sep_2020_Quarterly-ADA_Final;September2021QuarterlyReport-ADA
HDSP-462,HDSP,462,Central Kitchen,,,,,,,1995,20740,KITCHEN,38110,KITCHELL- 462 BLDG.,9982,,1,SPI
HDSP-481,HDSP,481,Retherm Kitchen,,,,,,,1995,7878,KITCHEN,38111,KITCHELL- 481 BLDG.,9982,,1,SPI
HDSP-483,HDSP,483,Mental Health,,,,,,,1997,4332,HOSPITAL/CLINIC/TREATMENT CENTER,38112,KITCHELL- 483 BLDG.,9982,,1,SPI
HDSP-486,HDSP,486,Laundry,,,,,,,1995,15352,LAUNDRY,38113,KITCHELL- 486 BLDG.,9982,,1,SPI
HDSP-521,HDSP,521,"Vocational Education, B Fac.",,,,,,,1995,13650,CLASSROOM,38114,KITCHELL- 521 BLDG.,9982,,1,SPI
HDSP-522,HDSP,522,"Vocational Education, B Fac.",,,,,,,1995,15120,CLASSROOM,38115,KITCHELL- 522 BLDG.,9982,,1,SPI
HDSP-523,HDSP,523,"Vocational Education, C Yard",,,,,,,1995,20160,CLASSROOM,38116,KITCHELL- 523 BLDG.,9982,,1,SPI
HDSP-524,HDSP,524,"Vocational Education, C Yard",,,,,,,1995,18830,CLASSROOM,38117,KITCHELL- 524 BLDG.,9982,,1,SPI
HDSP-525,HDSP,525,"Vocational Education, D Yard",,,,,,,1995,19180,CLASSROOM,38118,KITCHELL- 525 BLDG.,9982,,1,SPI
HDSP-526,HDSP,526,"Vocational Education, D Yard",,,,,,,1995,12390,CLASSROOM,38119,KITCHELL- 526 BLDG.,9982,,1,SPI
HDSP-528,HDSP,528,Greenhouse,,,,,,,1995,336,NURSERY/GREENHOUSE,38121,KITCHELL- 528 BLDG.,9982,,1,SPI
HDSP-531,HDSP,531,"Food Satellite, A Fac",,,,,,,1995,3969,DINING/CAFETERIA,38122,KITCHELL- 531 BLDG.,9982,,1,SPI
HDSP-532,HDSP,532,"Food Satellite, B Fac",,,,,,,1995,3969,DINING/CAFETERIA,38123,KITCHELL- 532 BLDG.,9982,,1,SPI
HDSP-533,HDSP,533,"Food Satellite, C Fac.",,,,,,,1995,3969,DINING/CAFETERIA,38124,KITCHELL- 533 BLDG.,9982,,1,SPI
HDSP-534,HDSP,534,"Food Satellite, D Fac",,,,,,,1995,3969,DINING/CAFETERIA,38125,KITCHELL- 534 BLDG.,9982,,1,SPI
HDSP-541,HDSP,541,Library,,,,,,,1995,5040,LIBRARY,38126,KITCHELL- 541 BLDG.,9982,,1,SPI
HDSP-551,HDSP,551,"Maintenance Satellite, A Yard",,,,,,,1995,2550,SHOP,38127,KITCHELL- 551 BLDG.,9982,,1,SPI
HDSP-552,HDSP,552,"Maintenance Satellite, B Yard",,,,,,,1995,2550,SHOP,38128,KITCHELL- 552 BLDG.,9982,,1,SPI
HDSP-553,HDSP,553,Central Maintanance,,,,,,,1995,8100,SHOP,38129,KITCHELL- 553 BLDG.,9982,,1,SPI
HDSP-554,HDSP,554,"Maintanance Satellite, D Yard",,,,,,,1995,2550,SHOP,38130,KITCHELL- 554 BLDG.,9982,,1,SPI
HDSP-561,HDSP,561,"Work Change, A Yard",,,,,,,1995,625,LOOKOUT (GUARD STATION),38131,KITCHELL- 561 BLDG.,9982,,1,SPI
HDSP-562,HDSP,562,"Work Change, B Yard",,,,,,,1995,625,LOOKOUT (GUARD STATION),38132,KITCHELL- 562 BLDG.,9982,,1,SPI
HDSP-563,HDSP,563,"Work Change, C Yard",,,,,,,1995,625,LOOKOUT (GUARD STATION),38133,KITCHELL- 563 BLDG.,9982,,1,SPI
HDSP-564,HDSP,564,"Work Change, D Yard",,,,,,,1995,625,LOOKOUT (GUARD STATION),38134,KITCHELL- 564 BLDG.,9982,,1,SPI
HDSP-571,HDSP,571,"Volatile Storage, A Fac.",,,,,,,1995,100,STORAGE,38135,KITCHELL- 571 BLDG.,9982,,1,SPI
HDSP-572,HDSP,572,"Volatile Storage, B Fac.",,,,,,,1995,100,STORAGE,38136,KITCHELL- 572 BLDG.,9982,,1,SPI
HDSP-573,HDSP,573,"Volatile Storage, C Fac.",,,,,,,,100,STORAGE,38137,KITCHELL- 573 BLDG.,9982,,1,SPI
HDSP-574,HDSP,574,"Volatile Storage, D Fac.",,,,,,,,100,STORAGE,38138,KITCHELL- 574 BLDG.,9982,,1,SPI
HDSP-601,HDSP,601,Generator Bldg.,,,,,,,1995,2445,UTILITY,38139,KITCHELL- 601 BLDG.,9982,,1,SPI
HDSP-603,HDSP,603,Central Heating Plant,,,,,,,1995,7200,SHOP,38140,KITCHELL- 603 BLDG.,9982,,1,SPI
HDSP-701,HDSP,701,Warehouse Central,,,,,,,1995,59560,WAREHOUSE,38141,KITCHELL- 701 BLDG.,9982,,1,SPI
HDSP-702,HDSP,702,Volatile Storage Bldg.,,,,,,,1995,880,STORAGE,38142,KITCHELL- 702 BLDG.,9982,,1,SPI
HDSP-703,HDSP,703,Vehicle And Mainenance Bldg.,,,,,,,1995,5148,SERVICE STATION,38143,KITCHELL- 703 BLDG.,9982,,1,SPI
HDSP-707,HDSP,707,Laundry/Chemical Storage Bldg.,,,,,,,1995,880,STORAGE,38144,KITCHELL- 707 BLDG.,9982,,1,SPI
HDSP-708,HDSP,708,Hazardous Waste Storage Bldg.,,,,,,,1995,893,STORAGE,38145,KITCHELL- 708 BLDG.,9982,,1,SPI
HDSP-800,HDSP,800,Central Administration,,,,,,,1995,30528,OFFICE (INSTITUTIONAL),38146,KITCHELL- 800 BLDG.,9982,,1,SPI
HDSP-801,HDSP,801,Family Visiting Level Iii,,,,,,,1995,4056,VISITATION FACILITY,38147,KITCHELL- 801 BLDG.,9982,,1,SPI
HDSP-802,HDSP,802,Family Visiting Level Iv,,,,,,,1995,4004,VISITATION FACILITY,38148,KITCHELL- 802 BLDG.,9982,,1,SPI
HDSP-803,HDSP,803,Visitor/Staff Processing,,,,,,,1995,3580,VISITATION FACILITY,38149,KITCHELL- 803 BLDG.,9982,,1,SPI
HDSP-804,HDSP,804,Vehicle/Sallyport Officer Bldg.,,,,,,,1995,120,LOOKOUT (GUARD STATION),38150,KITCHELL- 804 BLDG.,9982,,1,SPI
HDSP-805,HDSP,805,Armory/Locksmith,,,,,,,1995,1715,ARMORY,38151,KITCHELL- 805 BLDG.,9982,,1,SPI
HDSP-807,HDSP,807,Gatehouse,,,,,,,1995,120,LOOKOUT (GUARD STATION),38153,KITCHELL- 807 BLDG.,9982,,1,SPI
HDSP-808,HDSP,808,Multi-Purpose Bldg.,,,,,,,1995,2400,OFFICE (INSTITUTIONAL),38154,KITCHELL-808 BLDG.,9982,,1,SPI
HDSP-902,HDSP,902,Housing Unit-Level I,,,,,,,1995,13244,DORMITORY,38156,KITCHELL- 902 BLDG.,9982,,1,SPI
HDSP-903,HDSP,903,Program And Support Services Level Iv,,,,,,,1995,12900,OFFICE (INSTITUTIONAL),38157,KITCHELL- 903 BLDG.,9982,,1,SPI
HDSP-904,HDSP,904,Support Services Level I,,,,,,,1995,6075,OFFICE (INSTITUTIONAL),38158,KITCHELL- 904 BLDG.,9982,,1,SPI
HDSP-905,HDSP,905,Family Visiting-Level I,,,,,,,1995,832,VISITATION FACILITY,38159,KITCHELL- 905 BLDG.,9982,,1,SPI
HDSP-C2,HDSP,C2,,,,C,,,,,,,,,,,1,Appendix-1-CDCR-Adult-Institutions-ADA
HDSP-C8,HDSP,C8,,,,C,,,,,,,,,,,1,Appendix-1-CDCR-Adult-Institutions-ADA
HDSP-D3,HDSP,D3,,,,D,,,,,,,,,,,1,Appendix-1-CDCR-Adult-Institutions-ADA
HDSP-D4,HDSP,D4,,,,D,,,,,,,,,,,1,Appendix-1-CDCR-Adult-Institutions-ADA
HDSP-central-health-services-building,HDSP,,Central Health Services building,,,,health_care,,,,,,,,,,1,MPAR2022:P-1314-00344
HDSP-correctional-treatment-center,HDSP,,Correctional Treatment Center,,,,health_care,,,,,,,,,,1,MPAR2022:P-1617-00025
HDSP-spi38062,HDSP,,Guard Tower 3,,,,,,,1995,150,LOOKOUT (GUARD STATION),38062,KITCHELL -303 BLDG.,9982,,1,SPI
HDSP-spi38065,HDSP,,Guard Tower 6,,,,,,,1995,150,LOOKOUT (GUARD STATION),38065,KITCHELL - 306 BLDG.,9982,,1,SPI
HDSP-spi38120,HDSP,,"Vocational Education, A Yard",,,,,,,1995,17080,CLASSROOM,38120,KITHCHELL- 527 BLDG.,9982,,1,SPI
HDSP-spi38155,HDSP,,Housing Unit-Level I,,,,,,,1995,13244,DORMITORY,38155,KITCHELL- 901 BLD,9982,,1,SPI
HDSP-spi38264,HDSP,,Weapons Training And Firing Ranges,,,,,,,1995,3732,TRAINING FACILITY,38264,"KITCHELL- 216, 217A&B BLD",9982,,1,SPI
HDSP-spi39540,HDSP,,Well A,,,,,,,1995,480,PUMP/WELL HOUSE,39540,,9982,,1,SPI
HDSP-spi39541,HDSP,,Well B,,,,,,,1995,480,PUMP/WELL HOUSE,39541,,9982,,1,SPI
HDSP-spi39542,HDSP,,Well C,,,,,,,1995,480,PUMP/WELL HOUSE,39542,,9982,,1,SPI
HDSP-spi39543,HDSP,,Friends Outside Office,,,,,,,1997,1440,RELOCATABLE OFFICE,39543,,9982,,1,SPI
HDSP-spi50401,HDSP,,Administrative Segregation Housing Unit,,,,,,,2003,25204,DORMITORY,50401,,9982,,1,SPI
HDSP-spi51564,HDSP,,6 Ad Seg Small Management Yards,,,,,,,2008,900,SMALL MANAGEMENT EXERCISE YARDS,51564,,9982,,1,SPI
HDSP-spi51565,HDSP,,Arsenic Removal Facility,,,,,,,2008,4240,WATER MONITORING STATION,51565,,9982,,1,SPI
HDSP-spi55015,HDSP,,Well House For Well #217,,,,,,,2011,288,PUMP/WELL HOUSE,55015,,9982,,1,SPI
HDSP-spi55016,HDSP,,Well House For Well #218,,,,,,,2011,288,PUMP/WELL HOUSE,55016,,9982,,1,SPI
ISP-301,ISP,301,Tower 1,,,,,,,1992,104,LOOKOUT (GUARD STATION),39399,301,10102,,1,SPI
ISP-302,ISP,302,Tower 2,,,,,,,1992,104,LOOKOUT (GUARD STATION),39400,302,10102,,1,SPI
ISP-303,ISP,303,Tower 3,,,,,,,1992,104,LOOKOUT (GUARD STATION),39401,303,10102,,1,SPI
ISP-304,ISP,304,Tower 4,,,,,,,1992,104,LOOKOUT (GUARD STATION),39402,304,10102,,1,SPI
ISP-305,ISP,305,Tower 5,,,,,,,1992,104,LOOKOUT (GUARD STATION),39403,305,10102,,1,SPI
ISP-306,ISP,306,Tower 6,,,,,,,1992,104,LOOKOUT (GUARD STATION),39404,306,10102,,1,SPI
ISP-307,ISP,307,Tower 7,,,,,,,1992,104,LOOKOUT (GUARD STATION),39405,307,10102,,1,SPI
ISP-308,ISP,308,Tower 8,,,,,,,1992,104,LOOKOUT (GUARD STATION),39406,308,10102,,1,SPI
ISP-309,ISP,309,Tower 9,,,,,,,1992,104,LOOKOUT (GUARD STATION),39407,309,10102,,1,SPI
ISP-310,ISP,310,Tower 10,,,,,,,1992,104,LOOKOUT (GUARD STATION),39408,310,10102,,1,SPI
ISP-311,ISP,311,Tower 11,,,,,,,1992,104,LOOKOUT (GUARD STATION),39409,311,10102,,1,SPI
ISP-312,ISP,312,Tower 12,,,,,,,1992,104,LOOKOUT (GUARD STATION),39410,312,10102,,1,SPI
ISP-321,ISP,321,Housing Unit A-1,,,,,,,1992,24110,DORMITORY,39411,321,10102,,1,SPI
ISP-322,ISP,322,Housing Unit A-2,,,,,,,1992,24110,DORMITORY,39412,322,10102,,1,SPI
ISP-323,ISP,323,Housing Unit A-3,,,,,,,1992,24110,DORMITORY,39413,323,10102,,1,SPI
ISP-324,ISP,324,Housing Unit A-4,,,,,,,1992,24110,DORMITORY,39414,324,10102,,1,SPI
ISP-325,ISP,325,Housing Unit A-5,325/A5;A-5,,,housing,,,1992,24760,DORMITORY,39415,325,10102,,3,SPI;Sep_2020_Quarterly-ADA_Final;September2021QuarterlyReport-ADA
ISP-331,ISP,331,Housing Unit B-1,331/B1;B1,,,housing,,,1992,24110,DORMITORY,39416,331,10102,,2,SPI;September2021QuarterlyReport-ADA
ISP-332,ISP,332,Housing Unit B-2,B2,,,housing,,,1992,24110,DORMITORY,39417,332,10102,,2,SPI;September2021QuarterlyReport-ADA
ISP-333,ISP,333,Housing Unit B-3,B3,,,housing,,,1992,24110,DORMITORY,39418,333,10102,,2,SPI;September2021QuarterlyReport-ADA
ISP-334,ISP,334,Housing Unit B-4,,,,,,,1992,24110,DORMITORY,39419,334,10102,,1,SPI
ISP-335,ISP,335,Housing Unit B-5,335/B5;B-5,,,housing,,,1992,24110,DORMITORY,39420,335,10102,,3,SPI;Sep_2020_Quarterly-ADA_Final;September2021QuarterlyReport-ADA
ISP-341,ISP,341,Housing Unit C-1,C-1,,,housing,,,1992,24110,DORMITORY,39421,341,10102,,3,SPI;Sep_2020_Quarterly-ADA_Final;September2021QuarterlyReport-ADA
ISP-342,ISP,342,Housing Unit C-2,342/C2;C2,,,housing,,,1992,24110,DORMITORY,39422,342,10102,,2,SPI;September2021QuarterlyReport-ADA
ISP-343,ISP,343,Housing Unit C-3,343/C3;C3,,,housing,,,1992,24110,DORMITORY,39423,343,10102,,2,SPI;September2021QuarterlyReport-ADA
ISP-344,ISP,344,Housing Unit C-4,344/C4;C4,,,housing,,,1992,24110,DORMITORY,39424,344,10102,,2,SPI;September2021QuarterlyReport-ADA
ISP-345,ISP,345,Housing Unit C-5,C5,,,housing,,,1992,24110,DORMITORY,39425,345,10102,,2,SPI;September2021QuarterlyReport-ADA
ISP-351,ISP,351,Housing Unit D-1,D1,,,housing,,,1992,24110,DORMITORY,39426,351,10102,,2,SPI;September2021QuarterlyReport-ADA
ISP-352,ISP,352,Housing Unit D-2,D2,,,housing,,,1992,24110,DORMITORY,39427,352,10102,,2,SPI;September2021QuarterlyReport-ADA
ISP-353,ISP,353,Housing Unit D-3,353/D3;D3,,,housing,,,1992,24110,DORMITORY,39428,353,10102,,3,SPI;Sep_2020_Quarterly-ADA_Final;September2021QuarterlyReport-ADA
ISP-354,ISP,354,Housing Unit D-4,354/D4;D4,,,housing,,,1992,24110,DORMITORY,39429,354,10102,,3,SPI;Sep_2020_Quarterly-ADA_Final;September2021QuarterlyReport-ADA
ISP-355,ISP,355,Housing Unit D-5,355/D5;D-5,,,housing,,,1992,24110,DORMITORY,39430,355,10102,,3,SPI;Sep_2020_Quarterly-ADA_Final;September2021QuarterlyReport-ADA
ISP-420,ISP,420,Central Operations,,,,,,,1992,6165,OFFICE (INSTITUTIONAL),39431,420,10102,,3,SPI;Sep_2020_Quarterly-ADA_Final;September2021QuarterlyReport-ADA
ISP-421,ISP,421,A Facility Program Support,,,,,,,1992,24495,OFFICE (INSTITUTIONAL),39432,421,10102,,3,SPI;Sep_2020_Quarterly-ADA_Final;September2021QuarterlyReport-ADA
ISP-421G,ISP,421G,,,,,,,,,,,,,,,1,September2021QuarterlyReport-ADA
ISP-422,ISP,422,A Food Service Satellite,,,,,,,1992,12692,DINING/CAFETERIA,39442,422,10102,,3,SPI;Sep_2020_Quarterly-ADA_Final;September2021QuarterlyReport-ADA
ISP-430,ISP,430,A&B Visiting/Board Of Prison Terms/Ctrl,,,Vocational D Yard,,,,1992,20032,VISITATION FACILITY,39436,430,10102,,3,SPI;Sep_2020_Quarterly-ADA_Final;September2021QuarterlyReport-ADA
ISP-431,ISP,431,B Facility Program Support,,,,,,,1992,24495,OFFICE (INSTITUTIONAL),39433,431,10102,,3,SPI;Sep_2020_Quarterly-ADA_Final;September2021QuarterlyReport-ADA
ISP-431G,ISP,431G,,,,,,,,,,,,,,,1,September2021QuarterlyReport-ADA
ISP-432,ISP,432,B Food Service Satellite;Culinary,,,,kitchen,,,1992,12692,DINING/CAFETERIA,39443,432,10102,,3,SPI;Sep_2020_Quarterly-ADA_Final;September2021QuarterlyReport-ADA
ISP-440,ISP,440,C&D Visiting/Board Of Prison Terms/Ctrl;Complex Control,,,,other,,,1992,20032,VISITATION FACILITY,39437,440,10102,,2,SPI;September2021QuarterlyReport-ADA
ISP-441,ISP,441,C Facility Program Support;C Programs;C-Gym,,,,program;recreation,,,1992,24495,OFFICE (INSTITUTIONAL),39434,441,10102,use,3,SPI;September2021QuarterlyReport-ADA;Sep_2020_Quarterly-ADA_Final
ISP-442,ISP,442,C Food Service Satellite;C-Yard Culinary,,,C,kitchen,,,1992,12692,DINING/CAFETERIA,39444,442,10102,,2,SPI;September2021QuarterlyReport-ADA
ISP-451,ISP,451,D Facility Program Support,,,,,,,1992,24495,OFFICE (INSTITUTIONAL),39435,451,10102,,3,SPI;Sep_2020_Quarterly-ADA_Final;September2021QuarterlyReport-ADA
ISP-452,ISP,452,D Food Satellite Services,,,,,,,1992,12692,DINING/CAFETERIA,39445,452,10102,,1,SPI
ISP-460,ISP,460,Receiving And Release,,,,,,,1992,4966,OFFICE (INSTITUTIONAL),39438,460,10102,,2,SPI;September2021QuarterlyReport-ADA
ISP-461,ISP,461,Central Health,,,,,,,1992,18672,HOSPITAL/CLINIC/TREATMENT CENTER,39439,461,10102,,1,SPI
ISP-462,ISP,462,Central Kitchen,,,,,,,1992,20740,KITCHEN,39440,462,10102,,1,SPI
ISP-464,ISP,464,Steam Generator Building,,,,,,,1992,1000,UTILITY,39441,464,10102,,1,SPI
ISP-521,ISP,521,A Vocational Education,,,,,,,1992,15260,CLASSROOM,39446,521,10102,,2,SPI;September2021QuarterlyReport-ADA
ISP-522,ISP,522,A Vocational Education,,,,,,,1992,16800,CLASSROOM,39447,522,10102,,3,SPI;Sep_2020_Quarterly-ADA_Final;September2021QuarterlyReport-ADA
ISP-523,ISP,523,Greenhouse,,,Vocational A Yard,,,,1992,666,NURSERY/GREENHOUSE,39454,523,10102,,2,SPI;September2021QuarterlyReport-ADA
ISP-524,ISP,524,B Vocational Education,,,Vocational B Yard,,,,1992,17780,CLASSROOM,39448,524,10102,,3,SPI;Sep_2020_Quarterly-ADA_Final;September2021QuarterlyReport-ADA
ISP-525,ISP,525,B Vocational Education;B Vocational,,,Vocational B Yard,program,,,1992,20160,CLASSROOM,39449,525,10102,,2,SPI;September2021QuarterlyReport-ADA
ISP-526,ISP,526,C Vocational Education,,,,,,,1992,15260,CLASSROOM,39450,526,10102,,3,SPI;Sep_2020_Quarterly-ADA_Final;September2021QuarterlyReport-ADA
ISP-527,ISP,527,C Vocational Education,,,,,,,1992,19180,CLASSROOM,39451,527,10102,,3,SPI;Sep_2020_Quarterly-ADA_Final;September2021QuarterlyReport-ADA
ISP-528,ISP,528,D Vocational Education,,,Vocational D Yard,,,,1992,21140,CLASSROOM,39452,528,10102,,3,SPI;Sep_2020_Quarterly-ADA_Final;September2021QuarterlyReport-ADA
ISP-529,ISP,529,D Vocational Education,,,Vocational D Yard,,,,1992,24640,CLASSROOM,39453,529,10102,,3,SPI;Sep_2020_Quarterly-ADA_Final;September2021QuarterlyReport-ADA
ISP-530,ISP,530,Modular Building,,,Vocational B Yard,,,,2002,4970,RELOCATABLE OFFICE,5121,530,10102,,3,SPI;Sep_2020_Quarterly-ADA_Final;September2021QuarterlyReport-ADA
ISP-531,ISP,531,Work Zone Food Svc Satellite A Facility;Cafeteria,,,Vocational A Yard,kitchen,,,1992,3969,DINING/CAFETERIA,39455,531,10102,,2,SPI;September2021QuarterlyReport-ADA
ISP-532,ISP,532,Work Zone Food Svc Satellite B Facility,,,Vocational B Yard,,,,1992,3969,DINING/CAFETERIA,39456,532,10102,,3,SPI;Sep_2020_Quarterly-ADA_Final;September2021QuarterlyReport-ADA
ISP-533,ISP,533,Work Zone Food Svc Satellite C Facility,,,,,,,1992,3969,DINING/CAFETERIA,39457,533,10102,,1,SPI
ISP-534,ISP,534,Work Zone Food Svc Satellite D Facility,,,Vocational D Yard,,,,1992,3969,DINING/CAFETERIA,39458,534,10102,,3,SPI;Sep_2020_Quarterly-ADA_Final;September2021QuarterlyReport-ADA
ISP-541,ISP,541,Central Library/Media Cntr/Arts In Corr,,,,,,,1992,5040,LIBRARY,39459,541,10102,,1,SPI
ISP-551,ISP,551,Bldg Maintenance Satellite A Facility,,,,,,,1992,2550,SHOP,39461,551,10102,,3,SPI;Sep_2020_Quarterly-ADA_Final;September2021QuarterlyReport-ADA
ISP-552,ISP,552,Central Building Maintenance,,,Vocational B Yard,,,,1992,8100,SHOP,39460,552,10102,,3,SPI;Sep_2020_Quarterly-ADA_Final;September2021QuarterlyReport-ADA
ISP-553,ISP,553,Bldg Maintenance Satellite C Facility,,,,,,,1992,2550,SHOP,39462,553,10102,,1,SPI
ISP-554,ISP,554,Bldg Maintenance Satellite D Facility,,,Vocational D Yard,,,,1992,2550,SHOP,39463,554,10102,,3,SPI;Sep_2020_Quarterly-ADA_Final;September2021QuarterlyReport-ADA
ISP-561,ISP,561,Work Change Building A Facility,,,,,,,1992,625,WORK CHANGE,39464,561,10102,,2,SPI;September2021QuarterlyReport-ADA
ISP-562,ISP,562,Work Change Building B Facility,,,Vocational B Yard,,,,1992,625,WORK CHANGE,39465,562,10102,,3,SPI;Sep_2020_Quarterly-ADA_Final;September2021QuarterlyReport-ADA
ISP-563,ISP,563,Work Change Building C Facility,,,Vocational D Yard,,,,1992,625,WORK CHANGE,39466,563,10102,,3,SPI;Sep_2020_Quarterly-ADA_Final;September2021QuarterlyReport-ADA
ISP-564,ISP,564,Work Change Building D Facility,,,Vocational D Yard,,,,1992,625,WORK CHANGE,39467,564,10102,,3,SPI;Sep_2020_Quarterly-ADA_Final;September2021QuarterlyReport-ADA
ISP-571,ISP,571,Volatile Storage A Facility,,,,,,,1992,100,SHED,39468,571,10102,,2,SPI;September2021QuarterlyReport-ADA
ISP-572,ISP,572,Volatile Storage B Facility,,,Vocational B Yard,,,,1992,100,SHED,39469,572,10102,,3,SPI;Sep_2020_Quarterly-ADA_Final;September2021QuarterlyReport-ADA
ISP-573,ISP,573,Volatile Storage C Facility,,,,,,,1992,100,SHED,39470,573,10102,,1,SPI
ISP-574,ISP,574,Volatile Storage D Facility,,,Vocational D Yard,,,,1992,100,SHED,39471,574,10102,,3,SPI;Sep_2020_Quarterly-ADA_Final;September2021QuarterlyReport-ADA
ISP-576,ISP,576,Building / Grounds Maintenance,,,,,,,1992,1898,EQUIPMENT/MAINTENANCE BUILDING,39472,576,10102,,1,SPI
ISP-601,ISP,601,Switchgear / Generator Building,,,,,,,1992,1750,UTILITY,39473,601,10102,,2,SPI;September2021QuarterlyReport-ADA
ISP-700,ISP,700,Warehouse,,,,,,,1992,52679,WAREHOUSE,39474,700,10102,,2,SPI;September2021QuarterlyReport-ADA
ISP-701,ISP,701,Volatile Storage (Warehouse Area),,,,,,,1992,880,WAREHOUSE,39475,701,10102,,2,SPI;September2021QuarterlyReport-ADA
ISP-800,ISP,800,Central Administration Building;Administration,,,,admin,,,1992,31147,OFFICE (INSTITUTIONAL),39476,800,10102,,3,SPI;Sep_2020_Quarterly-ADA_Final;September2021QuarterlyReport-ADA
ISP-801,ISP,801,Family Visiting,,,,visiting,,,1992,2456,VISITATION FACILITY,39477,801,10102,,2,SPI;September2021QuarterlyReport-ADA
ISP-802,ISP,802,Family Visiting,,,,,,,1992,2456,VISITATION FACILITY,39478,802,10102,,2,SPI;September2021QuarterlyReport-ADA
ISP-803,ISP,803,Visitor Processing/Pedestrian Sallyport;Staff Entrance,,,,other,,,1992,3483,VISITATION FACILITY,39479,803,10102,,2,SPI;September2021QuarterlyReport-ADA
ISP-804,ISP,804,Vehicle Sallyport / Officer Station;Guard Shack,,,,other,,,1992,120,LOOKOUT (GUARD STATION),39480,804,10102,,2,SPI;September2021QuarterlyReport-ADA
ISP-805,ISP,805,Armory / Locksmith;Armory,,,,other,,,1992,1721,ARMORY,39481,805,10102,,2,SPI;September2021QuarterlyReport-ADA
ISP-806,ISP,806,,,,,,,,,,,,,,,1,September2021QuarterlyReport-ADA
ISP-808,ISP,808,Inservice Training Classroom,,,,,,,1997,1536,CLASSROOM,44473,808,10102,,3,SPI;Sep_2020_Quarterly-ADA_Final;September2021QuarterlyReport-ADA
ISP-809,ISP,809,Procurement Building,,,,,,,1997,1536,OFFICE (INSTITUTIONAL),44474,809,10102,,3,SPI;Sep_2020_Quarterly-ADA_Final;September2021QuarterlyReport-ADA
ISP-901,ISP,901,Level 1 Dorm - 100 Beds,,,,,,,1992,13244,DORMITORY,39483,901,10102,,2,SPI;September2021QuarterlyReport-ADA
ISP-902,ISP,902,Level 1 Dorm - 100 Beds,,,,,,,1992,13244,DORMITORY,39484,902,10102,,2,SPI;September2021QuarterlyReport-ADA
ISP-903,ISP,903,Level 1 Program And Support Services;E-Yard Programs,,,E,program,,,1992,11556,OFFICE (INSTITUTIONAL),39485,903,10102,,2,SPI;September2021QuarterlyReport-ADA
ISP-904,ISP,904,Level 1 Family Visiting;Family Visiting,,,,visiting,,,1992,810,VISITATION FACILITY,39486,904,10102,,2,SPI;September2021QuarterlyReport-ADA
ISP-905,ISP,905,Level 1 Support Services,,,,,,,1992,5400,VISITATION FACILITY,39487,905,10102,,2,SPI;September2021QuarterlyReport-ADA
ISP-911,ISP,911,Level 1 Dorm - 100 Beds F Facility,,,,,,,1992,13244,DORMITORY,39488,911,10102,,2,SPI;September2021QuarterlyReport-ADA
ISP-912,ISP,912,Level 1 Dorm - 100 Beds F Facility,,,,,,,1992,13244,DORMITORY,39489,912,10102,,2,SPI;September2021QuarterlyReport-ADA
ISP-913,ISP,913,Facility F Level 1 Program Services,,,,,,,1992,11556,OFFICE (INSTITUTIONAL),39490,913,10102,,2,SPI;September2021QuarterlyReport-ADA
ISP-914,ISP,914,Level 1 Family Visiting;Family Visiting,,,,visiting,,,1992,810,VISITATION FACILITY,39491,914,10102,,2,SPI;September2021QuarterlyReport-ADA
ISP-915,ISP,915,Level 1 Support Services,,,,,,,1992,5400,OFFICE (INSTITUTIONAL),39494,915,10102,,2,SPI;September2021QuarterlyReport-ADA
ISP-central-health-services,ISP,,Central Health Services,,,,health_care,,,,,,,,,,2,Sep_2020_Quarterly-ADA_Final;September2021QuarterlyReport-ADA
ISP-central-health-services-building,ISP,,Central Health Services building,,,,health_care,,,,,,,,,,1,MPAR2022:P-1415-00084
ISP-spi51566,ISP,,20 Small Management Exercise Yards,,,,,,,2009,3000,SMALL MANAGEMENT EXERCISE YARDS,51566,,10102,,1,SPI
ISP-spi57617,ISP,,Ev Charging Stations (10-Level 2 Ports),,,,,,,2020,0,ELECTRIC VEHICLE CHARGING STATION,57617,,10102,,1,SPI
KVSP-1101,KVSP,1101,Central Health,,,,,,,2004,33373,HOSPITAL/CLINIC/TREATMENT CENTER,50278,1101,10424,,1,SPI
KVSP-1201,KVSP,1201,Central Kitchen,,,,,,,2004,20545,KITCHEN,50276,1201,10424,,1,SPI
KVSP-1202,KVSP,1202,Steam Gen Bldg,,,,,,,2004,2185,UTILITY,50277,1202,10424,,1,SPI
KVSP-200,KVSP,200,Wastewater Treatment Plant,,,,,,,2004,1600,UTILITY,51171,200,10424,,1,SPI
KVSP-201,KVSP,201,Wastewater Treatment Plant,,,,,,,2004,0,UTILITY,50275,201,10424,,1,SPI
KVSP-301,KVSP,301,Sallyport Tower (1),,,,,,,2004,169,LOOKOUT (GUARD STATION),50312,301,10424,,1,SPI
KVSP-302,KVSP,302,Pmtr Tower (12),,,,,,,2004,169,LOOKOUT (GUARD STATION),51172,302,10424,,1,SPI
KVSP-303,KVSP,303,Pmtr Tower (1),,,,,,,2004,169,LOOKOUT (GUARD STATION),50314,303,10424,,1,SPI
KVSP-304,KVSP,304,Pmtr Tower (2),,,,,,,2004,169,LOOKOUT (GUARD STATION),50315,304,10424,,1,SPI
KVSP-305,KVSP,305,Pmtr Tower (3),,,,,,,2004,169,LOOKOUT (GUARD STATION),50316,305,10424,,1,SPI
KVSP-306,KVSP,306,Pmtr Tower (4),,,,,,,2004,169,LOOKOUT (GUARD STATION),50317,306,10424,,1,SPI
KVSP-307,KVSP,307,Pmtr Tower (5),,,,,,,2004,169,LOOKOUT (GUARD STATION),50318,307,10424,,1,SPI
KVSP-308,KVSP,308,Sallyport Tower (2),,,,,,,2004,169,LOOKOUT (GUARD STATION),50313,308,10424,,1,SPI
KVSP-309,KVSP,309,Pmtr Tower (6),,,,,,,2004,169,LOOKOUT (GUARD STATION),50319,309,10424,,1,SPI
KVSP-310,KVSP,310,Pmtr Tower (7),,,,,,,2004,169,LOOKOUT (GUARD STATION),50320,310,10424,,1,SPI
KVSP-311,KVSP,311,Pmtr Tower (8),,,,,,,2004,169,LOOKOUT (GUARD STATION),50321,311,10424,,1,SPI
KVSP-312,KVSP,312,Pmtr Tower (9),,,,,,,2004,169,LOOKOUT (GUARD STATION),50322,312,10424,,1,SPI
KVSP-313,KVSP,313,Pmtr Tower (10),,,,,,,2004,169,LOOKOUT (GUARD STATION),50323,313,10424,,1,SPI
KVSP-314,KVSP,314,Pmtr Tower (11),,,,,,,2004,169,LOOKOUT (GUARD STATION),50324,314,10424,,1,SPI
KVSP-321,KVSP,321,180 Housing- Level Iv (1),,,,,,,2004,50203,DORMITORY,50293,321,10424,,1,SPI
KVSP-322,KVSP,322,180 Housing- Level Iv (2),,,,,,,2004,50203,DORMITORY,50294,322,10424,,1,SPI
KVSP-323,KVSP,323,180 Housing- Level Iv (3),,,,,,,2004,50203,DORMITORY,50295,323,10424,,1,SPI
KVSP-324,KVSP,324,180 Housing- Level Iv (4),,,,,,,2004,50203,DORMITORY,50296,324,10424,,1,SPI
KVSP-331,KVSP,331,180 Housing- Level Iv (5),,,,,,,2004,50203,DORMITORY,50297,331,10424,,1,SPI
KVSP-332,KVSP,332,180 Housing- Level Iv (6),,,,,,,2004,50203,DORMITORY,50298,332,10424,,1,SPI
KVSP-333,KVSP,333,180 Housing- Level Iv (7),,,,,,,2004,50203,DORMITORY,50299,333,10424,,1,SPI
KVSP-334,KVSP,334,180 Housing- Level Iv (8),,,,,,,2004,50203,DORMITORY,50300,334,10424,,1,SPI
KVSP-341,KVSP,341,180 Housing- Level Iv (9),,,C,housing,,,2004,50203,DORMITORY,50301,341,10424,,5,SPI;MPAR2025:P-2526-00145;MPAR2025:P-2526-00157;bcp_2025-26_air_cooling_pilot_8144;coleman_ecf8558-1_heat_report_exhibits_2025-02-28
KVSP-342,KVSP,342,180 Housing- Level Iv (10),,,C,housing,,,2004,50203,DORMITORY,50302,342,10424,,3,SPI;bcp_2025-26_air_cooling_pilot_8144;coleman_ecf8558-1_heat_report_exhibits_2025-02-28
KVSP-343,KVSP,343,180 Housing- Level Iv (11),,,,,,,2004,50203,DORMITORY,50303,343,10424,,1,SPI
KVSP-344,KVSP,344,180 Housing- Level Iv (12),,,C,housing,,,2004,50203,DORMITORY,50304,344,10424,,5,SPI;MPAR2025:P-2526-00145;MPAR2025:P-2526-00157;bcp_2025-26_air_cooling_pilot_8144;coleman_ecf8558-1_heat_report_exhibits_2025-02-28
KVSP-351,KVSP,351,180 Housing- Level Iv (13),,,,,,,2004,50203,DORMITORY,50305,351,10424,,1,SPI
KVSP-352,KVSP,352,180 Housing- Level Iv (14),,,,,,,2004,50203,DORMITORY,50306,352,10424,,1,SPI
KVSP-353,KVSP,353,180 Housing- Level Iv (15),,,,,,,2004,50203,DORMITORY,50307,353,10424,,1,SPI
KVSP-354,KVSP,354,180 Housing- Level Iv (16),,,,,,,2004,50706,DORMITORY,50308,354,10424,,1,SPI
KVSP-360,KVSP,360,Ad Seg - New Design (1),,,,,,,2004,27547,DORMITORY,50310,360,10424,,1,SPI
KVSP-361,KVSP,361,Ad Seg - New Design (2),,,,,,,2004,27547,DORMITORY,50311,361,10424,,1,SPI
KVSP-401,KVSP,401,Central Srvcs Bldg,,,,,,,2004,22425,OFFICE (INSTITUTIONAL),50332,401,10424,,1,SPI
KVSP-402,KVSP,402,Complex Srvcs Bldg,,,,,,,2004,19310,OFFICE (INSTITUTIONAL),50333,402,10424,,1,SPI
KVSP-403,KVSP,403,Receiving And Release,,,,,,,2004,4966,OFFICE (INSTITUTIONAL),50326,403,10424,,1,SPI
KVSP-421,KVSP,421,Fpss Without Gym (1),,,,,,,2004,16246,OFFICE (INSTITUTIONAL),50360,421,10424,,1,SPI
KVSP-422,KVSP,422,Gym (1),,,,,,,2004,7397,GYMNASIUM,50328,422,10424,,1,SPI
KVSP-423,KVSP,423,Yard Gun Post - Facility A1,,,,,,,2004,169,LOOKOUT (GUARD STATION),51173,423,10424,,1,SPI
KVSP-424,KVSP,424,"Yard Gun Post, A-2",,,,,,,2004,169,LOOKOUT (GUARD STATION),50309,424,10424,,1,SPI
KVSP-431,KVSP,431,Fpss Without Gym (2),,,,,,,2004,16246,OFFICE (INSTITUTIONAL),50361,431,10424,,1,SPI
KVSP-432,KVSP,432,Gym (2),,,,,,,2004,7397,GYMNASIUM,50329,432,10424,,1,SPI
KVSP-433,KVSP,433,Yard Gun Post - Facility B1,,,,,,,2004,169,LOOKOUT (GUARD STATION),51174,433,10424,,1,SPI
KVSP-434,KVSP,434,Yard Gun Post - Facility B2,,,,,,,2004,169,LOOKOUT (GUARD STATION),51175,434,10424,,1,SPI
KVSP-441,KVSP,441,Fpss Without Gym (3),,,C,,,,2004,16246,OFFICE (INSTITUTIONAL),50362,441,10424,,2,SPI;September2021QuarterlyReport-ADA
KVSP-442,KVSP,442,Gym (3),,,,,,,2004,7397,GYMNASIUM,50330,442,10424,,1,SPI
KVSP-443,KVSP,443,Yard Gun Post - Facility C1,,,,,,,2004,169,LOOKOUT (GUARD STATION),51176,443,10424,,1,SPI
KVSP-444,KVSP,444,Yard Gun Post - Facility C2,,,,,,,2004,169,LOOKOUT (GUARD STATION),51177,444,10424,,1,SPI
KVSP-445,KVSP,445,Res Mental Health,,,,,,,2004,7753,OFFICE (INSTITUTIONAL),50327,445,10424,,1,SPI
KVSP-451,KVSP,451,Fpss Without Gym (4),,,,,,,2004,16246,OFFICE (INSTITUTIONAL),50363,451,10424,,1,SPI
KVSP-452,KVSP,452,Gym (4),,,,,,,2004,7397,GYMNASIUM,50331,452,10424,,1,SPI
KVSP-453,KVSP,453,Yard Gun Post - Facility D1,,,,,,,2004,169,LOOKOUT (GUARD STATION),51178,453,10424,,1,SPI
KVSP-454,KVSP,454,Yard Gun Post - Facility D2,,,,,,,2004,169,LOOKOUT (GUARD STATION),51179,454,10424,,1,SPI
KVSP-521,KVSP,521,Work Change (1),,,,,,,2004,629,WORK CHANGE,50351,521,10424,,1,SPI
KVSP-522,KVSP,522,Central Bldg. Maint,,,,,,,2004,8676,EQUIPMENT/MAINTENANCE BUILDING,50347,522,10424,,1,SPI
KVSP-523,KVSP,523,Volatile Storage Sat (1),,,,,,,2004,100,STORAGE BUILDING,50343,523,10424,,1,SPI
KVSP-524,KVSP,524,Work Zone Food Serv Sat (1),,,,,,,2004,2800,DINING/CAFETERIA,50356,524,10424,,1,SPI
KVSP-525,KVSP,525,Vocational Education - A Yard,,,,,,,2004,10080,CLASSROOM,50369,525,10424,,1,SPI
KVSP-526,KVSP,526,Vocational Education - A Yard,,,,,,,2004,12586,CLASSROOM,50370,526,10424,,1,SPI
KVSP-527,KVSP,527,Vocational Education - A Yard,,,,,,,2004,14140,CLASSROOM,50371,527,10424,,1,SPI
KVSP-531,KVSP,531,Work Change (2),,,,,,,2004,629,WORK CHANGE,50352,531,10424,,1,SPI
KVSP-532,KVSP,532,Bldg. Maintenance Sat. (1),,,,,,,2004,2550,EQUIPMENT/MAINTENANCE BUILDING,50348,532,10424,,1,SPI
KVSP-533,KVSP,533,Volatile Storage Sat (2),,,,,,,2004,100,STORAGE BUILDING,50344,533,10424,,1,SPI
KVSP-534,KVSP,534,Work Zone Food Serv Sat (2),,,,,,,2004,2800,DINING/CAFETERIA,50357,534,10424,,1,SPI
KVSP-535,KVSP,535,Vocational Education - B Yard,,,,,,,2004,12693,CLASSROOM,50372,535,10424,,1,SPI
KVSP-536,KVSP,536,Vocational Education - B Yard,,,,,,,2004,17696,CLASSROOM,50373,536,10424,,1,SPI
KVSP-541,KVSP,541,Work Change (3),,,,,,,2004,629,WORK CHANGE,50353,541,10424,,1,SPI
KVSP-542,KVSP,542,Bldg. Maintenance Sat. (2),,,,,,,2004,2550,EQUIPMENT/MAINTENANCE BUILDING,50349,542,10424,,1,SPI
KVSP-543,KVSP,543,Volatile Storage Sat (3),,,,,,,2004,100,STORAGE BUILDING,50345,543,10424,,1,SPI
KVSP-544,KVSP,544,Work Zone Food Serv Sat (3),,,,,,,2004,2800,DINING/CAFETERIA,50358,544,10424,,1,SPI
KVSP-545,KVSP,545,Vocational Education - C Yard,,,,,,,2004,9590,CLASSROOM,50374,545,10424,,1,SPI
KVSP-546,KVSP,546,Vocational Education - C Yard,,,,,,,2004,13160,CLASSROOM,50375,546,10424,,1,SPI
KVSP-547,KVSP,547,Vocational Education - C Yard,,,,,,,2004,15190,CLASSROOM,50376,547,10424,,1,SPI
KVSP-551,KVSP,551,Work Change (4),,,,,,,2004,629,WORK CHANGE,50354,551,10424,,1,SPI
KVSP-552,KVSP,552,Bldg. Maintenance Sat. (3),,,,,,,2004,2550,EQUIPMENT/MAINTENANCE BUILDING,50350,552,10424,,1,SPI
KVSP-553,KVSP,553,Volatile Storage Sat (4),,,,,,,2004,100,STORAGE BUILDING,50346,553,10424,,1,SPI
KVSP-554,KVSP,554,Work Zone Food Serv Sat (4),,,,,,,2004,2800,DINING/CAFETERIA,50341,554,10424,,1,SPI
KVSP-555,KVSP,555,Vocational Education - D Yard,,,,,,,2004,13580,CLASSROOM,50377,555,10424,,1,SPI
KVSP-556,KVSP,556,Vocational Education - D Yard,,,,,,,2004,10150,CLASSROOM,50378,556,10424,,1,SPI
KVSP-557,KVSP,557,Library/Media/Aic,,,,,,,2004,5111,LIBRARY,50359,557,10424,,1,SPI
KVSP-558,KVSP,558,Work Change (5),,,,,,,2004,629,WORK CHANGE,50355,558,10424,,1,SPI
KVSP-559,KVSP,559,Academic Education - D Yard,,,,,,,2004,11760,CLASSROOM,50379,559,10424,,1,SPI
KVSP-563,KVSP,563,Volatile Storage Warehouse,,,,,,,2004,880,STORAGE BUILDING,50342,563,10424,,1,SPI
KVSP-6,KVSP,6,,,,,housing,,,,,,,,,,2,coleman_ecf8558-1_heat_report_exhibits_2025-02-28;coleman_ecf8558_31st_round_heat_report_2025-02-28
KVSP-605,KVSP,605,Water Booster Pump Station,,,,,,,2004,700,PUMP/WELL HOUSE,51180,605,10424,,1,SPI
KVSP-612,KVSP,612,Arsenic Removal Water Treatment System,,,,,,,2013,2200,UTILITY,55451,612,10424,,1,SPI
KVSP-6B,KVSP,6B,,,,,housing,,,,,,,,,,1,coleman_ecf8558_31st_round_heat_report_2025-02-28
KVSP-7,KVSP,7,,,,,housing,,,,,,,,,,2,coleman_ecf8558-1_heat_report_exhibits_2025-02-28;coleman_ecf8558_31st_round_heat_report_2025-02-28
KVSP-701,KVSP,701,Whse & Ldry Staging,,,,,,,2004,52664,WAREHOUSE,50337,701,10424,,1,SPI
KVSP-704,KVSP,704,Vehicle Building Maintenance,,,,,,,2004,6120,EQUIPMENT/MAINTENANCE BUILDING,50336,704,10424,,1,SPI
KVSP-705,KVSP,705,Haz. Material Storage,,,,,,,2004,880,STORAGE BUILDING,50339,705,10424,,1,SPI
KVSP-706,KVSP,706,Haz. Waste Storage,,,,,,,2004,688,STORAGE BUILDING,50340,706,10424,,1,SPI
KVSP-707,KVSP,707,Rasp,,,,,,,2004,2639,EQUIPMENT/MAINTENANCE BUILDING,50338,707,10424,,1,SPI
KVSP-8,KVSP,8,,,,,housing,,,,,,,,,,1,coleman_ecf8558_31st_round_heat_report_2025-02-28
KVSP-801,KVSP,801,Central Admin,,,,,,,2004,34535,OFFICE (INSTITUTIONAL),50283,801,10424,,1,SPI
KVSP-802,KVSP,802,Visitor/Staff Processing,,,,,,,2004,3685,VISITATION FACILITY,50284,802,10424,,1,SPI
KVSP-803,KVSP,803,Veh Sally Officer Station,,,,,,,2004,120,LOOKOUT (GUARD STATION),50290,803,10424,,1,SPI
KVSP-804,KVSP,804,Armory/Locksmith,,,,,,,2004,2209,ARMORY,50288,804,10424,,1,SPI
KVSP-805,KVSP,805,Family Visiting / 5 Unit,,,,,,,2004,4433,VISITATION FACILITY,50334,805,10424,,1,SPI
KVSP-806,KVSP,806,Family Visiting / 1 Unit,,,,,,,2004,858,VISITATION FACILITY,50335,806,10424,,1,SPI
KVSP-808,KVSP,808,Entrance Gatehouse,,,,,,,2004,120,LOOKOUT (GUARD STATION),50291,808,10424,,1,SPI
KVSP-809,KVSP,809,Weapons Training Classroom,,,,,,,2004,912,CLASSROOM,50285,809,10424,,1,SPI
KVSP-810P,KVSP,810P,Firing Platform: Pistols,,,,,,,2004,1232,TRAINING FACILITY,50287,810P,10424,,1,SPI
KVSP-810R,KVSP,810R,Firing Platform: Rifles,,,,,,,2004,3435,TRAINING FACILITY,50286,810R,10424,,1,SPI
KVSP-811,KVSP,811,Rpe Building,,,,,,,2004,285,OFFICE (INSTITUTIONAL),50292,811,10424,,1,SPI
KVSP-901,KVSP,901,Level 1 Dorm (1),,,,,,,2004,13244,DORMITORY,50279,901,10424,,1,SPI
KVSP-902,KVSP,902,Level 1 Dorm (2),,,,,,,2004,13244,DORMITORY,50280,902,10424,,1,SPI
KVSP-903,KVSP,903,Level 1 Fac Surpt,,,,,,,2004,5378,OFFICE (INSTITUTIONAL),50282,903,10424,,1,SPI
KVSP-904,KVSP,904,Level 1 Fpss,,,,,,,2004,12420,OFFICE (INSTITUTIONAL),50281,904,10424,,1,SPI
KVSP-correctional-treatment-center,KVSP,,Correctional Treatment Center,,,,health_care,CTC,,,,,,,,,2,Sep_2020_Quarterly-ADA_Final;September2021QuarterlyReport-ADA
KVSP-spi51542,KVSP,,13 Small Management Exercise Yards,,,,,,,2009,1950,SMALL MANAGEMENT EXERCISE YARDS,51542,,10424,,1,SPI
KVSP-spi55802,KVSP,,20 Small Management Yards For Ad Seg (1),,,,,,,2004,3000,SMALL MANAGEMENT EXERCISE YARDS,55802,,10424,,1,SPI
KVSP-spi55803,KVSP,,20 Small Management Yards For Ad Seg (2),,,,,,,2004,3000,SMALL MANAGEMENT EXERCISE YARDS,55803,,10424,,1,SPI
KVSP-spi57619,KVSP,,Ev Charging Stations (10-Level 2 Ports),,,,,,,2020,0,ELECTRIC VEHICLE CHARGING STATION,57619,,10424,,1,SPI
LAC-201,LAC,201,Sewage Pre-Treatment,,,,,,,1992,594,UTILITY,43641,201,9474,,1,SPI
LAC-202,LAC,202,Water Storage Tank #1,,,,,,,1992,1790,PUMP/WELL HOUSE,43642,202,9474,,1,SPI
LAC-203,LAC,203,Water Storage Tank #2,,,,,,,1992,1790,PUMP/WELL HOUSE,43643,203,9474,,1,SPI
LAC-301,LAC,301,Perimeter Observation Tower,,,,,,,1992,120,LOOKOUT (GUARD STATION),43563,301,9474,,1,SPI
LAC-302,LAC,302,Perimeter Observation Tower,,,,,,,1992,120,LOOKOUT (GUARD STATION),43564,302,9474,,1,SPI
LAC-303,LAC,303,Perimeter Observation Tower,,,,,,,1992,120,LOOKOUT (GUARD STATION),43565,303,9474,,1,SPI
LAC-304,LAC,304,Perimeter Observation Tower,,,,,,,1992,120,LOOKOUT (GUARD STATION),43566,304,9474,,1,SPI
LAC-305,LAC,305,Perimeter Observation Tower,,,,,,,1992,120,LOOKOUT (GUARD STATION),43567,305,9474,,1,SPI
LAC-306,LAC,306,Perimeter Observation Tower,,,,,,,1992,120,LOOKOUT (GUARD STATION),43568,306,9474,,1,SPI
LAC-307,LAC,307,Perimeter Observation Tower,,,,,,,1992,120,LOOKOUT (GUARD STATION),43569,307,9474,,1,SPI
LAC-308,LAC,308,Perimeter Observation Tower,,,,,,,1992,120,LOOKOUT (GUARD STATION),43570,308,9474,,1,SPI
LAC-309,LAC,309,Perimeter Observation Tower,,,,,,,1992,120,LOOKOUT (GUARD STATION),43571,309,9474,,1,SPI
LAC-310,LAC,310,Perimeter Observation Tower,,,,,,,1992,120,LOOKOUT (GUARD STATION),43572,310,9474,,1,SPI
LAC-311,LAC,311,Perimeter Observation Tower,,,,,,,1992,120,LOOKOUT (GUARD STATION),43573,311,9474,,1,SPI
LAC-312,LAC,312,Perimeter Observation Tower,,,,,,,1992,120,LOOKOUT (GUARD STATION),43574,312,9474,,1,SPI
LAC-331,LAC,331,Housing Unit A-1,A1,,,,,,1992,24177,DORMITORY,43575,331,9474,,2,SPI;coleman_ecf8558_31st_round_heat_report_2025-02-28
LAC-3310,LAC,3310,Housing Unit B-5,,,,,,,1992,24177,DORMITORY,43584,3310,9474,,1,SPI
LAC-332,LAC,332,Housing Unit A-2,,,,,,,1992,24177,DORMITORY,43576,332,9474,,1,SPI
LAC-333,LAC,333,Housing Unit A-3,A3,,,,,,1992,24177,DORMITORY,43577,333,9474,,2,SPI;coleman_ecf8558_31st_round_heat_report_2025-02-28
LAC-334,LAC,334,Housing Unit A-4,,,,,,,1992,24728,DORMITORY,43578,334,9474,,1,SPI
LAC-335,LAC,335,Housing Unit A-5,,,,,,,1992,24177,DORMITORY,43579,335,9474,,1,SPI
LAC-336,LAC,336,Housing Unit B-1,,,,,,,1992,24177,DORMITORY,43580,336,9474,,1,SPI
LAC-337,LAC,337,Housing Unit B-2,,,,,,,1992,24177,DORMITORY,43581,337,9474,,1,SPI
LAC-338,LAC,338,Housing Unit B-3,,,,,,,1992,24177,DORMITORY,43582,338,9474,,1,SPI
LAC-339,LAC,339,Housing Unit B-4,,,,,,,1992,24177,DORMITORY,43583,339,9474,,1,SPI
LAC-341,LAC,341,Housing Unit C-1,C1,,,,,,1992,24177,DORMITORY,43585,341,9474,,3,SPI;MPAR2025:P-2324-00140;coleman_ecf8558_31st_round_heat_report_2025-02-28
LAC-3410,LAC,3410,Housing Unit D-5,D5,,D,housing,,,1992,24177,DORMITORY,43594,3410,9474,,12,SPI;MPAR2024:P-2324-00140;MPAR2025:P-2324-00149;MPAR2025:P-2526-00146;MPAR2025:P-2526-00158;bcp_2025-26_air_cooling_pilot_8144;coleman_ecf8558-1_heat_report_exhibits_2025-02-28;MPAR2022:P-2021-00197;Sep_2020_Quarterly-ADA_Final;September2021QuarterlyReport-ADA;coleman_ecf8558_31st_round_heat_report_2025-02-28;sen_sub5_agenda_2021-02-11
LAC-342,LAC,342,Housing Unit C-2,,,,,,,1992,24177,DORMITORY,43586,342,9474,,2,SPI;MPAR2025:P-2324-00140
LAC-343,LAC,343,Housing Unit C-3,,,,,,,1992,24177,DORMITORY,43587,343,9474,,1,SPI
LAC-344,LAC,344,Housing Unit C-4,,,,,,,1992,24177,DORMITORY,43588,344,9474,,1,SPI
LAC-345,LAC,345,Housing Unit C-5,,,,,,,1992,24177,DORMITORY,43589,345,9474,,1,SPI
LAC-346,LAC,346,Housing Unit D-1,,,D,housing,,,1992,24177,DORMITORY,43590,346,9474,,2,SPI;MPAR2025:P-2324-00149
LAC-347,LAC,347,Housing Unit D-2,,,D,housing,,,1992,24177,DORMITORY,43591,347,9474,,3,SPI;MPAR2024:P-2324-00140;MPAR2025:P-2324-00149
LAC-348,LAC,348,Housing Unit D-3,D3,,D,housing,EOP,,1992,24177,DORMITORY,43592,348,9474,,8,SPI;MPAR2024:P-2324-00140;MPAR2025:P-2324-00149;MPAR2025:P-2526-00146;MPAR2025:P-2526-00158;bcp_2025-26_air_cooling_pilot_8144;coleman_ecf8558-1_heat_report_exhibits_2025-02-28;MPAR2022:P-1718-00125
LAC-349,LAC,349,Housing Unit D-4,D4,,D,housing,EOP,,1992,24177,DORMITORY,43593,349,9474,,5,SPI;MPAR2024:P-2324-00140;bcp_2025-26_air_cooling_pilot_8144;coleman_ecf8558-1_heat_report_exhibits_2025-02-28;MPAR2022:P-1718-00125
LAC-421,LAC,421,Central Kitchen,,,,,,,1992,20160,KITCHEN,43595,421,9474,,2,SPI;MPAR2025:P-2324-00140
LAC-431,LAC,431,A Satilite Kitchen,,,,,,,1992,12885,KITCHEN,43596,431,9474,,1,SPI
LAC-432,LAC,432,A Program & Services,,,,,,,1992,24640,OFFICE (INSTITUTIONAL),43597,432,9474,,1,SPI
LAC-433,LAC,433,Central Operations,,,,,,,1992,6163,OFFICE (INSTITUTIONAL),43598,433,9474,,1,SPI
LAC-434,LAC,434,A & B Visition / Central Operations,,,,,,,1992,19904,VISITATION FACILITY,43599,434,9474,,1,SPI
LAC-435,LAC,435,B Yard Gym,,,,,,,1992,7397,GYMNASIUM,43600,435,9474,,1,SPI
LAC-436,LAC,436,B Program & Services,,,,,,,1992,24640,OFFICE (INSTITUTIONAL),43601,436,9474,,1,SPI
LAC-437,LAC,437,B Satilite Kitchen,,,,,,,1992,12885,KITCHEN,43602,437,9474,,1,SPI
LAC-441,LAC,441,C Satilite Kitchen,,,,,,,1992,12885,KITCHEN,43603,441,9474,,1,SPI
LAC-442,LAC,442,C Program & Services,,,,,,,1992,17453,OFFICE (INSTITUTIONAL),43604,442,9474,,1,SPI
LAC-443,LAC,443,C Yard Gym,,,,,,,1992,7397,GYMNASIUM,43605,443,9474,,1,SPI
LAC-444,LAC,444,C & D Visiting / Bd Of Prison Terms,,,,,,,1992,17584,OFFICE (INSTITUTIONAL),43606,444,9474,,1,SPI
LAC-444A,LAC,444A,Mental Health Building,,,,,,,2002,6760,HOSPITAL/CLINIC/TREATMENT CENTER,55775,444A,9474,,1,SPI
LAC-445,LAC,445,D Yard Gym,,,,,,,1992,7397,GYMNASIUM,43607,445,9474,,1,SPI
LAC-446,LAC,446,D Program & Services,,,,,,,1992,17453,OFFICE (INSTITUTIONAL),43608,446,9474,,1,SPI
LAC-447,LAC,447,D Satilite Kitchen,,,,,,,1992,12885,KITCHEN,43609,447,9474,,1,SPI
LAC-450,LAC,450,Receiving & Release,,,,,,,1992,4965,OFFICE (INSTITUTIONAL),43610,450,9474,,1,SPI
LAC-451,LAC,451,Correctional Treatment Center,,,,,,,1990,20070,HOSPITAL/CLINIC/TREATMENT CENTER,39991,451,9474,,1,SPI
LAC-451A,LAC,451A,Corr. Treatment Center (Medical),,,,,,,1992,2160,HOSPITAL/CLINIC/TREATMENT CENTER,43661,451 A,9474,,1,SPI
LAC-495,LAC,495,Armory & Locksmith,,,,,,,1992,1720,ARMORY,43612,495,9474,,1,SPI
LAC-501,LAC,501,A-Yard P.I.A. Laundry,,,,,,,1992,20150,LAUNDRY,43613,501,9474,,1,SPI
LAC-502,LAC,502,B Yard Voc. / Education,,,,,,,1992,33460,CLASSROOM,43614,502,9474,,1,SPI
LAC-503,LAC,503,C Yard P.I.A. Asmin.,,,,,,,1992,20000,OFFICE (INSTITUTIONAL),43615,503,9474,,1,SPI
LAC-504,LAC,504,C Yard P.I.A. Detergent,,,,,,,1992,20000,OFFICE (INSTITUTIONAL),43616,504,9474,,1,SPI
LAC-505,LAC,505,D Yard P.I.A. Printing,,,,,,,1992,20400,OFFICE (INSTITUTIONAL),43617,505,9474,,1,SPI
LAC-521,LAC,521,A Yard Voc. / Education,,,,,,,1992,28420,CLASSROOM,43618,521,9474,,1,SPI
LAC-522,LAC,522,B Yard Voc. / Education,,,,,,,1992,22680,CLASSROOM,43619,522,9474,,1,SPI
LAC-523,LAC,523,C Yard Voc. / Education,,,,,,,1992,26460,CLASSROOM,43620,523,9474,,1,SPI
LAC-523A,LAC,523A,Ada/Fire Personnel,,,,,,,,1440,RELOCATABLE MEDICAL FACILITY,1054,523A,9474,,1,SPI
LAC-524,LAC,524,D Yard Voc. / Education,,,,,,,1992,27335,CLASSROOM,43621,524,9474,,1,SPI
LAC-531,LAC,531,A - Yard Voc. Dining Hall,,,,,,,1992,3969,DINING/CAFETERIA,43622,531,9474,,1,SPI
LAC-532,LAC,532,B - Yard Voc. Dining Hall,,,,,,,1992,3969,DINING/CAFETERIA,43623,532,9474,,1,SPI
LAC-533,LAC,533,C - Yard Voc. Dining Hall,,,,,,,1992,3969,DINING/CAFETERIA,43624,533,9474,,1,SPI
LAC-534,LAC,534,Eop Treatment Facility,,,,,,,2014,14257,HOSPITAL/CLINIC/TREATMENT CENTER,57091,534,9474,,1,SPI
LAC-551,LAC,551,Central Plant Operations,,,,,,,1992,8100,OFFICE (INSTITUTIONAL),43626,551,9474,,1,SPI
LAC-552,LAC,552,B Yard Satilite Maintenance,,,,,,,1992,2550,STORAGE BUILDING,43627,552,9474,,1,SPI
LAC-553,LAC,553,Weilding & Cehicle Maintenance,,,,,,,1992,5772,SERVICE STATION,43628,553,9474,,1,SPI
LAC-554,LAC,554,C Yard Satilite Maintenance,,,,,,,1992,2550,STORAGE BUILDING,43629,554,9474,,1,SPI
LAC-555,LAC,555,D Yard Satilite Maintenance,,,,,,,1992,2550,STORAGE BUILDING,43630,555,9474,,1,SPI
LAC-555A,LAC,555A,Substance Abuse Program (Medical),,,,,,,1999,4320,RELOCATABLE MEDICAL FACILITY,4662,555 A,9474,,1,SPI
LAC-561,LAC,561,A Yard Work Change,,,,,,,1992,625,WORK CHANGE,43631,561,9474,,1,SPI
LAC-562,LAC,562,B Yard Work Change,,,,,,,1992,625,WORK CHANGE,43632,562,9474,,1,SPI
LAC-563,LAC,563,C Yard Work Change,,,,,,,1992,625,WORK CHANGE,43633,563,9474,,1,SPI
LAC-564,LAC,564,D Yard Work Change,,,,,,,1992,625,WORK CHANGE,43634,564,9474,,1,SPI
LAC-565,LAC,565,A - Volatile Storage,,,,,,,1992,100,STORAGE,43635,565,9474,,1,SPI
LAC-567,LAC,567,B - Volatile Storage,,,,,,,1992,100,STORAGE,43636,567,9474,,1,SPI
LAC-568,LAC,568,C - Volatile Storage - P.I.A.,,,,,,,1992,100,STORAGE,43637,568,9474,,1,SPI
LAC-569,LAC,569,C - Volatile Storage,,,,,,,1992,100,STORAGE,43638,569,9474,,1,SPI
LAC-570,LAC,570,D - Volatile Storage,,,,,,,1992,100,STORAGE,43639,570,9474,,1,SPI
LAC-571,LAC,571,Warehouse Storage,,,,,,,1992,880,WAREHOUSE,43640,571,9474,,1,SPI
LAC-602,LAC,602,Generator Building,,,,,,,1992,3080,UTILITY,43644,602,9474,,1,SPI
LAC-700,LAC,700,General & P.I.A. Warehouse,,,,,,,1992,66960,WAREHOUSE,43645,700,9474,,1,SPI
LAC-800,LAC,800,Central Admin. & Staff Services,,,,,,,1992,30941,OFFICE (INSTITUTIONAL),43647,800,9474,,1,SPI
LAC-801,LAC,801,Family Visiting (A & B Yards),,,,,,,1992,3957,VISITATION FACILITY,43648,801,9474,,1,SPI
LAC-802,LAC,802,Family Visiting (C & D Yards),,,,,,,1992,3957,VISITATION FACILITY,43649,802,9474,,1,SPI
LAC-803,LAC,803,Firing Range Classroom,,,,,,,1992,1046,TRAINING FACILITY,43650,803,9474,,1,SPI
LAC-804,LAC,804,Firing Range,,,,,,,1992,4324,TRAINING FACILITY,43651,804,9474,,1,SPI
LAC-805,LAC,805,Visiting Processing,,,,,,,1992,2882,OFFICE (INSTITUTIONAL),43652,805,9474,,1,SPI
LAC-806,LAC,806,Sallyport Officers Station,,,,,,,1992,120,LOOKOUT (GUARD STATION),43653,806,9474,,1,SPI
LAC-807,LAC,807,Enterance Gatehouse,,,,,,,1992,120,LOOKOUT (GUARD STATION),43654,807,9474,,1,SPI
LAC-808,LAC,808,Visitors Center / Friends Outside,,,,,,,1992,1440,VISITATION FACILITY,43663,808,9474,,1,SPI
LAC-901,LAC,901,Level One Housing,,,,,,,1992,13244,DORMITORY,43655,901,9474,,1,SPI
LAC-902,LAC,902,Level One Housing,,,,,,,1992,13244,DORMITORY,43656,902,9474,,1,SPI
LAC-903,LAC,903,Level One Program & Services,,,,,,,1992,11610,OFFICE (INSTITUTIONAL),43657,903,9474,,1,SPI
LAC-904,LAC,904,Level 1 Family Visiting,,,,,,,1992,810,VISITATION FACILITY,43658,904,9474,,1,SPI
LAC-905,LAC,905,Level 1 Support Services,,,,,,,1992,5400,OFFICE (INSTITUTIONAL),43659,905,9474,,1,SPI
LAC-facility-c-visiting-area,LAC,,Facility C visiting area,,,C,visiting,,,,,,,,,,1,coleman_ecf8558_31st_round_heat_report_2025-02-28
LAC-new-pharmacy-building,LAC,,New Pharmacy Building,,,,health_care,,,,,,,,,,1,MPAR2022:P-2122-00110
LAC-satellite-kitchen-a,LAC,,satellite kitchen A,,,A,kitchen,,,,,,,,,,1,coleman_ecf8558_31st_round_heat_report_2025-02-28
LAC-spi44416,LAC,,Correctional Treatment Center Warehouse,,,,,,,1999,2000,STORAGE BUILDING,44416,451-B,9474,,1,SPI
LAC-spi50273,LAC,,Administrative Segregation Housing Unit,,,,,,,2002,25204,DORMITORY,50273,,9474,,1,SPI
LAC-spi51543,LAC,,34 Small Management Exercise Yards,,,,,,,2009,5100,SMALL MANAGEMENT EXERCISE YARDS,51543,,9474,,1,SPI
LAC-spi57092,LAC,,20 Small Management Yards,,,,,,,2014,0,SMALL MANAGEMENT EXERCISE YARDS,57092,,9474,,1,SPI
LAC-spi57615,LAC,,Ev Charging Stations (10-Level 2 Ports),,,,,,,2020,0,ELECTRIC VEHICLE CHARGING STATION,57615,,9474,,1,SPI
MCSP-A1,MCSP,A1,"Central Corridor, Bldg A1 & A2",,,,,,,,134525,OFFICE (INSTITUTIONAL),36805,A1 & A2,43,,1,SPI
MCSP-A3,MCSP,A3,Facility A Clothing Exchange,,,,,,,2018,3586,STORAGE BUILDING,57265,A3,43,,1,SPI
MCSP-B1,MCSP,B1,"Central Corridor, Bldg B1",,,,,,,,51204,OFFICE (INSTITUTIONAL),36806,B1,43,,1,SPI
MCSP-B2,MCSP,B2,"Central Corridor, Bldg B2 & B3",,,,,,,,94286,OFFICE (INSTITUTIONAL),36807,B2 & B3,43,,1,SPI
MCSP-B3,MCSP,B3,"Correctional Treatment Centers, Phase Ii",,,,,,,2003,0,HOSPITAL/CLINIC/TREATMENT CENTER,44506,B3,43,,1,SPI
MCSP-B4,MCSP,B4,Cogeneration Plant,,,,,,,,2083,UTILITY,28921,B4,43,,1,SPI
MCSP-B5,MCSP,B5,Mental Health Bldg.,,,,,,,2004,6617,HOSPITAL/CLINIC/TREATMENT CENTER,50587,B5,43,,1,SPI
MCSP-B6,MCSP,B6,Vocational Landscaping Modular,,,,,,,1996,2160,RELOCATABLE CLASSROOM,4618,B6,43,,2,SPI;coleman_ecf8558_31st_round_heat_report_2025-02-28
MCSP-B7,MCSP,B7,B7 - Mental Health,,,,housing,,,2009,4320,RELOCATABLE MEDICAL FACILITY,51110,B7,43,,3,SPI;coleman_ecf8558-1_heat_report_exhibits_2025-02-28;coleman_ecf8558_31st_round_heat_report_2025-02-28
MCSP-B8,MCSP,B8,Facility B Clothing Exchange,,,,,,,2018,3586,STORAGE BUILDING,57266,B8,43,,1,SPI
MCSP-B9,MCSP,B9,Pharmacy And Laboratory,,,,,,,2018,2471,HOSPITAL/CLINIC/TREATMENT CENTER,57264,B9,43,,1,SPI
MCSP-C12,MCSP,C12,,,,,housing,ASU,,,,,,,,,1,MPAR2022:P-1718-00126
MCSP-C14,MCSP,C14,,,,,housing,,,,,,,,,,2,coleman_ecf8558-1_heat_report_exhibits_2025-02-28;coleman_ecf8558_31st_round_heat_report_2025-02-28
MCSP-C3,MCSP,C3,Asu Primary Care & Asu-Eop Mental Health,,,,,,,2018,6162,HOSPITAL/CLINIC/TREATMENT CENTER,57263,C3,43,,1,SPI
MCSP-C4,MCSP,C4,Facility C Clothing Exchange,,,,,,,2018,3586,STORAGE BUILDING,57267,C4,43,,1,SPI
MCSP-C5,MCSP,C5,Health Modular,,,,,,,,4320,RELOCATABLE MEDICAL FACILITY,50588,C5,43,,1,SPI
MCSP-D01,MCSP,D01,Family Visiting - D01,,,,,,,2018,3019,VISITATION FACILITY,57359,D01,43,,1,SPI
MCSP-D02,MCSP,D02,Program Support Services - D02,,,,,,,2018,45310,OFFICE (INSTITUTIONAL),57360,D02,43,,1,SPI
MCSP-D03,MCSP,D03,Facility Support Services - D03,,,,,,,2018,23950,OFFICE (INSTITUTIONAL),57361,D03,43,,1,SPI
MCSP-D04,MCSP,D04,Work Change - D04,,,,,,,2018,1058,WORK CHANGE,57362,D04,43,,1,SPI
MCSP-D05,MCSP,D05,Work Zone - D05,,,,,,,2018,22010,DINING/CAFETERIA,57363,D05,43,,1,SPI
MCSP-D1,MCSP,D1,General Visiting,,,,,,,,29300,VISITATION FACILITY,28918,D1,43,,1,SPI
MCSP-D16,MCSP,D16,Level Ii Dormitory - D16,,,,,,,2018,47906,DORMITORY,57364,D16,43,,1,SPI
MCSP-D17,MCSP,D17,Level Ii Dormitory - D17,,,,,,,2018,47906,DORMITORY,57365,D17,43,,1,SPI
MCSP-D18,MCSP,D18,Level Ii Eop Dormitory - D18,,,,,,,2018,47906,DORMITORY,57366,D18,43,,1,SPI
MCSP-E01,MCSP,E01,Family Visiting - E01,,,,,,,2018,3019,VISITATION FACILITY,57367,E01,43,,1,SPI
MCSP-E02,MCSP,E02,Program Support Services - E02,,,,,,,2018,45310,OFFICE (INSTITUTIONAL),57368,E02,43,,1,SPI
MCSP-E03,MCSP,E03,Facility Support Services - E03,,,,,,,2018,23950,OFFICE (INSTITUTIONAL),57369,E03,43,,1,SPI
MCSP-E04,MCSP,E04,Work Change - E04,,,,,,,2018,1058,WORK CHANGE,57370,E04,43,,1,SPI
MCSP-E05,MCSP,E05,Work Zone - E05,,,,,,,2018,42056,DINING/CAFETERIA,57371,E05,43,,1,SPI
MCSP-E1,MCSP,E1,Visitors Entrance,,,,,,,,3335,OFFICE (INSTITUTIONAL),28901,E1,43,,1,SPI
MCSP-E19,MCSP,E19,Level Ii Dormitory - E19,,,,,,,2018,47906,DORMITORY,57372,E19,43,,1,SPI
MCSP-E2,MCSP,E2,Administration,,,,,,,,28000,OFFICE (INSTITUTIONAL),28900,E2,43,,1,SPI
MCSP-E20,MCSP,E20,Level Ii Dormitory - E20,,,,,,,2018,47906,DORMITORY,57373,E20,43,,1,SPI
MCSP-E21,MCSP,E21,Level Ii Dormitory - E21,,,,,,,2018,47906,DORMITORY,57374,E21,43,,1,SPI
MCSP-E4,MCSP,E4,Front Entrance Gate House,,,,,,,,48,LOOKOUT (GUARD STATION),43436,E4,43,,1,SPI
MCSP-E5,MCSP,E5,Rear Gate House,,,,,,,,116,LOOKOUT (GUARD STATION),43437,E5,43,,1,SPI
MCSP-G1,MCSP,G1,Level 1 Inmate Programs Services,,,,,,,,11400,OFFICE (INSTITUTIONAL),28911,G1,43,,1,SPI
MCSP-G2.1,MCSP,G2.1,Level 1 Dormitory,,,,,,,,19640,DORMITORY,28912,G2.1,43,,1,SPI
MCSP-G2.2,MCSP,G2.2,Level 1 Dormitory,,,,,,,,19640,DORMITORY,28913,G2.2,43,,1,SPI
MCSP-G3,MCSP,G3,Level 1 Inmate Visiting,,,,,,,,5433,VISITATION FACILITY,28914,G3,43,,1,SPI
MCSP-H1,MCSP,H1,Fire House,,,,,,,,2176,FIREHOUSE/FOREST FIRE STATION,28908,H1,43,,1,SPI
MCSP-H2,MCSP,H2,Fire Truck Storage,,,,,,,,2226,EQUIPMENT/MAINTENANCE BUILDING,28909,H2,43,,1,SPI
MCSP-J1,MCSP,J1,Vehicle Maintenance,,,,,,,,3659,GARAGE/PARKING STRUCTURE,28906,J1,43,,1,SPI
MCSP-J2,MCSP,J2,Maintenance Satellite,,,,,,,,2731,EQUIPMENT/MAINTENANCE BUILDING,28907,J2,43,,1,SPI
MCSP-K1,MCSP,K1,Armory Lockshop,,,,,,,,1600,ARMORY,28910,K1,43,,1,SPI
MCSP-L1,MCSP,L1,Warehouse,,,,,,,,85942,WAREHOUSE,28916,L1,43,,1,SPI
MCSP-M08,MCSP,M08,New Beginnings Modular,,,,,,,1988,720,RELOCATABLE OFFICE,37935,M08,43,,1,SPI
MCSP-M10,MCSP,M10,Rasp Building,,,,,,,1997,2000,EQUIPMENT/MAINTENANCE BUILDING,38734,M10,43,,1,SPI
MCSP-N1,MCSP,N1,Gunnery Range,,,,,,,,1680,ARMORY,28915,N1,43,,1,SPI
MCSP-N2,MCSP,N2,Waste Water Treatment Plant,,,,,,,,999,UTILITY,28917,N2,43,,1,SPI
MCSP-S01,MCSP,S01,Visitor And Staff Enterance,,,,,,,2018,2940,OFFICE (INSTITUTIONAL),57375,S01,43,,1,SPI
MCSP-S02,MCSP,S02,Pedestrian Sallyport Tower,,,,,,,2018,170,LOOKOUT (GUARD STATION),57376,S02,43,,1,SPI
MCSP-S04,MCSP,S04,Health Services,,,,,,,2018,22405,HOSPITAL/CLINIC/TREATMENT CENTER,57378,S04,43,,1,SPI
MCSP-S05,MCSP,S05,Receiving And Release,,,,,,,2018,8723,OFFICE (INSTITUTIONAL),57379,S05,43,,1,SPI
MCSP-S06,MCSP,S06,Vehicle Sallyport Tower,,,,,,,2018,170,LOOKOUT (GUARD STATION),57380,S06,43,,1,SPI
MCSP-S07,MCSP,S07,Vehicle Sallyport Gatehouse,,,,,,,2018,180,LOOKOUT (GUARD STATION),57381,S07,43,,1,SPI
MCSP-U05,MCSP,U05,Filter Belt Press,,,,,,,1995,1530,UTILITY,37938,U05,43,,1,SPI
MCSP-W02,MCSP,W02,Volatile Storage,,,,,,,1987,323,SHED,37937,W02,43,,1,SPI
MCSP-W08,MCSP,W08,Hazardous Storage - 90 Days,,,,,,,1995,1652,SHED,37939,W08,43,,1,SPI
MCSP-W09,MCSP,W09,Nursery,,,,,,,1988,754,NURSERY/GREENHOUSE,37936,W09,43,,1,SPI
MCSP-correctional-treatment-center,MCSP,,Correctional Treatment Center,,,,health_care,,,,,,,,,,1,MPAR2022:P-1718-00344
MCSP-spi28902,MCSP,,Healthcare Administration,,,,,,,,1560,OFFICE (INSTITUTIONAL),28902,D2 SEE BLOCK 24,43,,1,SPI
MCSP-spi28903,MCSP,,Conjugal Visiting,,,,,,,,1560,RESIDENCE (MULTI-FAMILY),28903,D4 SEE BLOCK 24,43,,1,SPI
MCSP-spi28904,MCSP,,Conjugal Visiting,,,,,,,,1560,RESIDENCE (MULTI-FAMILY),28904,D6 SEE BLOCK 24,43,,1,SPI
MCSP-spi28905,MCSP,,Office G4,,,,,,,,748,OFFICE (INSTITUTIONAL),28905,G4-SEE BLOCK 24,43,,1,SPI
MCSP-spi28919,MCSP,,Gun Towers,,,,,,,,890,LOOKOUT (GUARD STATION),28919,GT.1,43,,1,SPI
MCSP-spi28922,MCSP,,Level 4 Inmate Housing Unit,,,,,,,,24808,DORMITORY,28922,Y1 SEE BLOCK 24,43,,1,SPI
MCSP-spi28923,MCSP,,Level 4 Inmate Housing Unit,,,,,,,,24808,DORMITORY,28923,Y2 SEE BLOCK 24,43,,1,SPI
MCSP-spi28924,MCSP,,Level 4 Inmate Housing Unit,,,,,,,,24808,DORMITORY,28924,Y3 SEE BLOCK 24,43,,1,SPI
MCSP-spi28925,MCSP,,Level 4 Inmate Housing Unit,,,,,,,,24808,DORMITORY,28925,Y4 SEE BLOCK 24,43,,1,SPI
MCSP-spi28926,MCSP,,Level 4 Inmate Housing Unit,,,,,,,,24808,DORMITORY,28926,Y5 SEE BLOCK 24,43,,1,SPI
MCSP-spi28927,MCSP,,Level 3 Inmate Housing Unit,,,,,,,,24986,DORMITORY,28927,Y6 SEE BLOCK 24,43,,1,SPI
MCSP-spi28928,MCSP,,Level 3 Inmate Housing Unit,,,,,,,,24986,DORMITORY,28928,Y7 SEE BLOCK 24,43,,1,SPI
MCSP-spi28929,MCSP,,Level 3 Inmate Housing Unit,,,,,,,,24986,DORMITORY,28929,Y8 SEE BLOCK 24,43,,1,SPI
MCSP-spi28930,MCSP,,Level 3 Inmate Housing Unit,,,,,,,,24986,DORMITORY,28930,Y9 SEE BLOCK 24,43,,1,SPI
MCSP-spi29113,MCSP,,Level 3 Inmate Housing Unit,,,,,,,,24986,DORMITORY,29113,Y10 SEE BLOCK 24,43,,1,SPI
MCSP-spi29114,MCSP,,Level 3 Inmate Housing Unit,,,,,,,,24986,DORMITORY,29114,Y11 SEE BLOCK 24,43,,1,SPI
MCSP-spi29115,MCSP,,Administrative Segregation Housing Unit,,,,,,,,25789,DORMITORY,29115,Y12 SEE BLOCK 24,43,,1,SPI
MCSP-spi29116,MCSP,,Level 3 Inmate Housing Unit,,,,,,,,24986,DORMITORY,29116,Y13 SEE BLOCK 24,43,,1,SPI
MCSP-spi29117,MCSP,,Level 3 Inmate Housing Unit,,,,,,,,24986,DORMITORY,29117,Y14 SEE BLOCK 24,43,,1,SPI
MCSP-spi29118,MCSP,,Level 3 Inmate Housing Unit,,,,,,,,24986,DORMITORY,29118,Y15 SEE BLOCK 24,43,,1,SPI
MCSP-spi36808,MCSP,,C1 & C2 / Receiving And Release,,,,,,,1994,129048,OFFICE (INSTITUTIONAL),36808,C1 & C2,43,,1,SPI
MCSP-spi43438,MCSP,,Inmate Day Labor Modular,,,,,,,,720,RELOCATABLE OFFICE,43438,,43,,1,SPI
MCSP-spi4617,MCSP,,In-Service Training Modular B,,,,,,,1996,2160,RELOCATABLE CLASSROOM,4617,A02 - MODULAR B,43,,1,SPI
MCSP-spi51567,MCSP,,20 Small Management Exercise Yards,,,,,,,2009,3000,SMALL MANAGEMENT EXERCISE YARDS,51567,,43,,1,SPI
MCSP-spi56667,MCSP,,Wastewater Treatment Office/Lab,,,,,,,2016,1200,OFFICE (INSTITUTIONAL),56667,W-1,43,,1,SPI
MCSP-spi57358,MCSP,,Central Utility Plant,,,,,,,2018,1680,UTILITY,57358,D,43,,1,SPI
MCSP-spi57383,MCSP,,Gunwalk/Catwalk,,,,,,,2018,950,LOOKOUT (GUARD STATION),57383,,43,,1,SPI
MCSP-spi961,MCSP,,Modular / I.S.T. Modular A,,,,,,,1988,2160,RELOCATABLE CLASSROOM,961,A02 - MODULAR A,43,,1,SPI
NKSP-100,NKSP,100,Friends Outside Visitor Center,,,,,,,1991,1440,VISITATION FACILITY,43441,100,9648,,1,SPI
NKSP-200,NKSP,200,Central Transportation Modular,,,,,,,2006,1776,RELOCATABLE OFFICE,5669,200,9648,,1,SPI
NKSP-201,NKSP,201,Wastewater Pump Station,,,,,,,1991,965,PUMP/WELL HOUSE,43442,201,9648,,1,SPI
NKSP-202,NKSP,202,Fire Pump Station,,,,,,,1991,750,PUMP/WELL HOUSE,43443,202,9648,,1,SPI
NKSP-301,NKSP,301,"Level Iii Housing, A-1 (Celled)",,,,,,,1991,24782,DORMITORY,43444,301,9648,,1,SPI
NKSP-302,NKSP,302,"Level Iii Housing, A-2 (Celled)",,,,,,,1991,24782,DORMITORY,43445,302,9648,,1,SPI
NKSP-303,NKSP,303,"Level Iii Housing, A-3 (Celled)",,,,,,,1991,24782,DORMITORY,43446,303,9648,,1,SPI
NKSP-304,NKSP,304,"Level Iii Housing, A-4 (Ad-Seg Celled)",,,,,,,1991,25387,DORMITORY,43447,304,9648,,1,SPI
NKSP-305,NKSP,305,"Level Iii Housing, A-5 (Celled)",,,,,,,1991,24782,DORMITORY,43448,305,9648,,1,SPI
NKSP-306,NKSP,306,Central Kitchen,,,,,,,1991,21050,KITCHEN,43449,306,9648,,1,SPI
NKSP-307,NKSP,307,Food Service Satellite,,,,,,,1991,12681,KITCHEN,43450,307,9648,,1,SPI
NKSP-308,NKSP,308,Level Iii Program Support,,,,,,,1991,24640,OFFICE (INSTITUTIONAL),43512,308,9648,,1,SPI
NKSP-309,NKSP,309,Central Control & Operations,,,,,,,1991,33132,OFFICE (INSTITUTIONAL),43513,309,9648,,1,SPI
NKSP-310,NKSP,310,Work Change Level Iii,,,,,,,1991,625,WORK CHANGE,43451,310,9648,,1,SPI
NKSP-311,NKSP,311,Armory / Lockshop,,,,,,,1991,1616,ARMORY,43452,311,9648,,1,SPI
NKSP-401,NKSP,401,"Rc Housing, D-1 (Celled)",,,,,,,1991,20639,DORMITORY,43453,401,9648,,1,SPI
NKSP-402,NKSP,402,"Rc Housing, D-2 (Celled)",,,,,,,1991,20639,DORMITORY,43454,402,9648,,1,SPI
NKSP-403,NKSP,403,"Rc Housing, D-3 (Celled)",,,,,,,1991,20639,DORMITORY,43455,403,9648,,1,SPI
NKSP-404,NKSP,404,"Rc Housing, D-4 (Celled)",,,,,,,1991,20639,DORMITORY,43456,404,9648,,1,SPI
NKSP-405,NKSP,405,"Rc Housing, D-5 (Celled)",,,,,,,1991,20639,DORMITORY,43457,405,9648,,1,SPI
NKSP-406,NKSP,406,"Rc Housing, D-6 (Celled)",,,,,,,1991,20639,DORMITORY,43458,406,9648,,1,SPI
NKSP-407,NKSP,407,"Rc Housing, B-6 (Celled)",,,,,,,1991,20639,DORMITORY,43459,407,9648,,1,SPI
NKSP-408,NKSP,408,"Rc Housing, B-5 (Celled)",,,,,,,1991,20639,DORMITORY,43460,408,9648,,1,SPI
NKSP-409,NKSP,409,"Rc Housing, B-4 (Celled)",,,,,,,1991,20639,DORMITORY,43461,409,9648,,1,SPI
NKSP-410,NKSP,410,"Rc Housing, B-3 (Celled)",,,,,,,1991,20639,DORMITORY,43462,410,9648,,1,SPI
NKSP-411,NKSP,411,"Rc Housing, B-2 (Celled)",,,,,,,1991,20639,DORMITORY,43463,411,9648,,1,SPI
NKSP-412,NKSP,412,"Rc Housing, B-1 (Celled)",,,,,,,1991,20639,DORMITORY,43464,412,9648,,1,SPI
NKSP-413,NKSP,413,"Rc Housing, C-1",,,,,,,1991,20623,DORMITORY,43465,413,9648,,1,SPI
NKSP-414,NKSP,414,"Rc Housing, C-2",,,,,,,1991,20623,DORMITORY,43466,414,9648,,1,SPI
NKSP-415,NKSP,415,"Rc Housing, C-3",,,,,,,1991,20623,DORMITORY,43467,415,9648,,1,SPI
NKSP-416,NKSP,416,"Rc Housing, C-4",,,,,,,1991,20623,DORMITORY,43468,416,9648,,1,SPI
NKSP-417,NKSP,417,"Rc Housing, C-East",,,,,,,1991,3345,DORMITORY,43501,417,9648,,1,SPI
NKSP-417B,NKSP,417B,Facility B Yard Guard Post,,,,,,,1991,130,LOOKOUT (GUARD STATION),43469,417B,9648,,1,SPI
NKSP-417C,NKSP,417C,Facility C Yard Guard Post,,,,,,,1991,130,LOOKOUT (GUARD STATION),43470,417C,9648,,1,SPI
NKSP-417D,NKSP,417D,Facility D Yard Guard Post,,,,,,,1991,130,LOOKOUT (GUARD STATION),43471,417D,9648,,1,SPI
NKSP-417E,NKSP,417E,Facility D Ad-Seg Guard Post,,,,,,,1991,130,LOOKOUT (GUARD STATION),43472,417E,9648,,1,SPI
NKSP-418,NKSP,418,"Rc Housing, C-West",,,,,,,1991,3345,DORMITORY,43502,418,9648,,1,SPI
NKSP-419,NKSP,419,Drug Rehabilitation Program,,,,,,,2009,4899,RELOCATABLE OFFICE,5763,419,9648,,1,SPI
NKSP-490,NKSP,490,Medical Storage Building,,,,,,,2003,2000,STORAGE BUILDING,50414,490,9648,,1,SPI
NKSP-500,NKSP,500,Mental Health Administration,,,,,,,2003,2017,OFFICE (INSTITUTIONAL),50412,500,9648,,1,SPI
NKSP-501,NKSP,501,Reception Ctr Screening & Evaluation Prg,,,,,,,2003,2685,HOSPITAL/CLINIC/TREATMENT CENTER,44507,501,9648,,1,SPI
NKSP-502,NKSP,502,Plant Operations,,,,,,,1991,8220,OFFICE (INSTITUTIONAL),43518,502,9648,,1,SPI
NKSP-503,NKSP,503,Vocational Education,,,,,,,1991,32448,CLASSROOM,43473,503,9648,,1,SPI
NKSP-504,NKSP,504,"Volatile Storage, Plant Operations",,,,,,,1991,100,OFFICE (INSTITUTIONAL),43517,504,9648,,1,SPI
NKSP-505,NKSP,505,Warehouse,,,,,,,1991,67890,WAREHOUSE,43474,505,9648,,1,SPI
NKSP-506,NKSP,506,"Volatile Store, Warehouse",,,,,,,1991,860,WAREHOUSE,43475,506,9648,,1,SPI
NKSP-507,NKSP,507,Garage,,,,,,,1991,6744,GARAGE/PARKING STRUCTURE,43476,507,9648,,1,SPI
NKSP-508,NKSP,508,Fire House,,,,,,,1991,3804,FIREHOUSE/FOREST FIRE STATION,43477,508,9648,,1,SPI
NKSP-509,NKSP,509,Recycling,,,,,,,1991,1936,EQUIPMENT/MAINTENANCE BUILDING,43478,509,9648,,1,SPI
NKSP-510,NKSP,510,Thermal Fluid Building,,,,,,,1991,807,OFFICE (INSTITUTIONAL),43516,510,9648,,1,SPI
NKSP-601,NKSP,601,Perimeter Tower 1 / Pedestrian Sallyport,,,,,,,1991,80,LOOKOUT (GUARD STATION),43479,601,9648,,1,SPI
NKSP-602,NKSP,602,Perimeter Tower 2,,,,,,,1991,80,LOOKOUT (GUARD STATION),43480,602,9648,,1,SPI
NKSP-603,NKSP,603,Perimeter Tower 3,,,,,,,1991,80,LOOKOUT (GUARD STATION),43481,603,9648,,1,SPI
NKSP-604,NKSP,604,Perimeter Tower 4,,,,,,,1991,80,LOOKOUT (GUARD STATION),43482,604,9648,,1,SPI
NKSP-605,NKSP,605,Perimeter Tower 5 / Vehicle Sallyport,,,,,,,1991,80,LOOKOUT (GUARD STATION),43483,605,9648,,1,SPI
NKSP-606,NKSP,606,Perimeter Tower 6,,,,,,,1991,80,LOOKOUT (GUARD STATION),43484,606,9648,,1,SPI
NKSP-607,NKSP,607,Perimeter Tower 7,,,,,,,1991,80,LOOKOUT (GUARD STATION),43485,607,9648,,1,SPI
NKSP-608,NKSP,608,Perimeter Tower 8,,,,,,,1991,80,LOOKOUT (GUARD STATION),43486,608,9648,,1,SPI
NKSP-609,NKSP,609,Perimeter Tower 9,,,,,,,1991,80,LOOKOUT (GUARD STATION),43487,609,9648,,1,SPI
NKSP-610,NKSP,610,Vehicle Sallyport Officers Station,,,,,,,1991,128,LOOKOUT (GUARD STATION),43488,610,9648,,1,SPI
NKSP-611,NKSP,611,Entry Gate,,,,,,,1991,128,LOOKOUT (GUARD STATION),43489,611,9648,,1,SPI
NKSP-612,NKSP,612,Switchgear / Emergency Generator,,,,,,,1991,2340,UTILITY,43514,612,9648,,1,SPI
NKSP-613,NKSP,613,Service Yard Gate,,,,,,,1991,128,LOOKOUT (GUARD STATION),43515,613,9648,,1,SPI
NKSP-614,NKSP,614,Hub Transportation Armory,,,,,,,1991,110,ARMORY,43497,614,9648,,1,SPI
NKSP-651,NKSP,651,Facitlty B Yard Toilet,,,,,,,1991,130,COMFORT STATION/RESTROOMS/LAVATORIES,43490,651,9648,,1,SPI
NKSP-652,NKSP,652,Facitlty C Yard Toilet,,,,,,,1991,130,COMFORT STATION/RESTROOMS/LAVATORIES,43491,652,9648,,1,SPI
NKSP-653,NKSP,653,Facitlty D Yard Toilet,,,,,,,1991,130,COMFORT STATION/RESTROOMS/LAVATORIES,43492,653,9648,,1,SPI
NKSP-654,NKSP,654,Facitlty A Yard Toilet,,,,,,,1991,130,COMFORT STATION/RESTROOMS/LAVATORIES,43493,654,9648,,1,SPI
NKSP-655,NKSP,655,20 Small Management Exercise Yards,,,,,,,2009,3000,SMALL MANAGEMENT EXERCISE YARDS,51568,655,9648,,1,SPI
NKSP-700,NKSP,700,Mental Health Modular,,,,,,,1997,2160,RELOCATABLE OFFICE,498,700,9648,,1,SPI
NKSP-701,NKSP,701,Reception Center Services,,,,,,,1991,34619,OFFICE (INSTITUTIONAL),43510,701,9648,,1,SPI
NKSP-701AA,NKSP,701AA,Medical Records,,,,,,,2003,2825,OFFICE (INSTITUTIONAL),50413,701AA,9648,,1,SPI
NKSP-702,NKSP,702,Rc Support & Complex Control,,,,,,,1991,22744,OFFICE (INSTITUTIONAL),43506,702,9648,,1,SPI
NKSP-801,NKSP,801,Central Administration,,,,,,,1991,28488,OFFICE (INSTITUTIONAL),43505,801,9648,,1,SPI
NKSP-802,NKSP,802,Visitor Process,,,,,,,1991,3580,OFFICE (INSTITUTIONAL),43511,802,9648,,1,SPI
NKSP-803,NKSP,803,Family Visiting Level Iii,,,,,,,1991,2456,VISITATION FACILITY,43507,803,9648,,1,SPI
NKSP-804,NKSP,804,Range Classroom,,,,,,,1991,912,CLASSROOM,43494,804,9648,,1,SPI
NKSP-805,NKSP,805,Accounting,,,,,,,1991,1568,OFFICE (INSTITUTIONAL),43500,805,9648,,1,SPI
NKSP-805A,NKSP,805A,Platform Rifle Range,,,,,,,1991,1602,LOOKOUT (GUARD STATION),43495,805A,9648,,1,SPI
NKSP-805B,NKSP,805B,Platform Rifle Range,,,,,,,1991,720,LOOKOUT (GUARD STATION),43496,805B,9648,,1,SPI
NKSP-901,NKSP,901,"Level I Housing, E-1",,,M Yard,housing,,,1991,13244,DORMITORY,43508,901,9648,,2,SPI;MPAR2022:P-1617-00021
NKSP-902,NKSP,902,"Level I Housing, E-2",,,M Yard,housing,,,1991,13244,DORMITORY,43509,902,9648,,2,SPI;MPAR2022:P-1617-00021
NKSP-903,NKSP,903,Level I Program Services,,,,,,,1991,11556,OFFICE (INSTITUTIONAL),43498,903,9648,,1,SPI
NKSP-904,NKSP,904,Level I Support Services,,,,,,,1991,5400,OFFICE (INSTITUTIONAL),43499,904,9648,,1,SPI
NKSP-905,NKSP,905,Level I Family Visiting,,,,,,,1991,800,VISITATION FACILITY,43504,905,9648,,1,SPI
NKSP-central-health-services,NKSP,,Central Health Services,,,,health_care,,,,,,,,,,3,MPAR2022:P-1213-00220;Sep_2020_Quarterly-ADA_Final;September2021QuarterlyReport-ADA
NKSP-correctional-case-management-building,NKSP,,correctional case management building,,,,,,,,,,,,,,2,Sep_2020_Quarterly-ADA_Final;September2021QuarterlyReport-ADA
NKSP-receiving-and-release,NKSP,,Receiving and Release,,,,other,,,,,,,,,,2,Sep_2020_Quarterly-ADA_Final;September2021QuarterlyReport-ADA
NKSP-spi43503,NKSP,,Correctional Treatment Center,,,,,,,1991,6968,HOSPITAL/CLINIC/TREATMENT CENTER,43503,701 CTC,9648,,1,SPI
NKSP-spi50415,NKSP,,In-Service Training,,,,,,,2003,2017,RELOCATABLE CLASSROOM,50415,,9648,,1,SPI
NKSP-spi57616,NKSP,,Ev Charging Stations (10-Level 2 Ports),,,,,,,2020,0,ELECTRIC VEHICLE CHARGING STATION,57616,,9648,,1,SPI
PBSP-A1/A2,PBSP,A1/A2,A1 And A2 Housing Units,A1;A2,,,,,,1989,45312,DORMITORY,38404,,37,,2,SPI;June2026QuarterlyReport-ADA
PBSP-A3/A4,PBSP,A3/A4,A3 And A4 Housing Units,A3;A4,,,,,,1989,45312,DORMITORY,38405,,37,,3,SPI;December2025QuarterlyReport-ADAFinal;March2026QuarterlyReport-ADA
PBSP-A5/A6,PBSP,A5/A6,A5 And A6 Housing Units,A5;A6,,,,,,1989,45312,DORMITORY,38406,,37,,3,SPI;December2025QuarterlyReport-ADAFinal;September_2025_Quarterly_Report-ADA
PBSP-A7/A8,PBSP,A7/A8,A7 And A8 Housing Units,A7;A8,,,,,,1989,45312,DORMITORY,38407,,37,,3,SPI;December2025QuarterlyReport-ADAFinal;September_2025_Quarterly_Report-ADA
PBSP-B1/B2,PBSP,B1/B2,B1 And B2 Housing Units (Dormitory),,,,,,,1989,45312,DORMITORY,38410,,37,,1,SPI
PBSP-B3/B4,PBSP,B3/B4,B3 And B4 Housing Units,,,,,,,1989,45312,DORMITORY,38409,,37,,1,SPI
PBSP-B5/B6,PBSP,B5/B6,B5 And B6 Housing Units,,,,,,,1989,45312,DORMITORY,38460,,37,,1,SPI
PBSP-B7/B8,PBSP,B7/B8,B7 And B8 Housing Units,,,,,,,1989,45312,DORMITORY,38408,,37,,1,SPI
PBSP-central-kitchen,PBSP,,Central Kitchen,,,,kitchen,,,,,,,,,,3,MPAR2022:P-1617-00109;Sep_2020_Quarterly-ADA_Final;September2021QuarterlyReport-ADA
PBSP-laundry,PBSP,,Laundry,,,,laundry,,,,,,,,,,1,MPAR2022:P-1920-00082
PBSP-main-kitchen,PBSP,,Main Kitchen,,,,kitchen,,,,,,,,,,1,MPAR2022:P-1920-00082
PBSP-spi38395,PBSP,,Central Administration,,,,,,,1989,27530,OFFICE (INSTITUTIONAL),38395,,37,,1,SPI
PBSP-spi38396,PBSP,,Level I Program Services,,,,,,,1989,5400,OFFICE (INSTITUTIONAL),38396,,37,,1,SPI
PBSP-spi38397,PBSP,,Level 1 Support Bldg / Food Service,,,,,,,1989,23112,DINING/CAFETERIA,38397,,37,,1,SPI
PBSP-spi38398,PBSP,,Facility A Program Services / Workchange,,,,,,,1989,26909,OFFICE (INSTITUTIONAL),38398,,37,,1,SPI
PBSP-spi38399,PBSP,,Facility B Program Services / Workchange,,,,,,,1989,26909,OFFICE (INSTITUTIONAL),38399,,37,,1,SPI
PBSP-spi38400,PBSP,,Security Housing Unit,,,,,,,1989,338744,DORMITORY,38400,,37,,1,SPI
PBSP-spi38401,PBSP,,Security Housing Unit Volatile Storage,,,,,,,1989,100,STORAGE,38401,,37,,1,SPI
PBSP-spi38402,PBSP,,Facility A Central Kitchen / Pia Kitchen,,,,,,,1989,27050,KITCHEN,38402,,37,,1,SPI
PBSP-spi38403,PBSP,,Facility B Voc.Ed. / Office Space,,,,,,,1989,31000,OFFICE (INSTITUTIONAL),38403,,37,,1,SPI
PBSP-spi38411,PBSP,,"Level I Housing, B Dorm",,,,,,,1989,15100,DORMITORY,38411,,37,,1,SPI
PBSP-spi38412,PBSP,,"Level I Housing, A Dorm",,,,,,,1989,15100,DORMITORY,38412,,37,,1,SPI
PBSP-spi38413,PBSP,,Facility A  Pia Laundry / R&R,,,,,,,1989,26500,LAUNDRY,38413,,37,,1,SPI
PBSP-spi38414,PBSP,,"Fac. B Health Care Support/Pia Shoe,Boot",,,,,,,1989,21752,OFFICE (INSTITUTIONAL),38414,,37,,1,SPI
PBSP-spi38415,PBSP,,Pia General Volatile Storage,,,,,,,1989,944,STORAGE,38415,,37,,1,SPI
PBSP-spi38416,PBSP,,Pia / Maintenance Warehousee,,,,,,,1989,18180,WAREHOUSE,38416,,37,,1,SPI
PBSP-spi38417,PBSP,,Infirmary / Specialty Clinic,,,,,,,1989,17240,HOSPITAL/CLINIC/TREATMENT CENTER,38417,,37,,1,SPI
PBSP-spi38418,PBSP,,Firehouse,,,,,,,1989,3536,FIREHOUSE/FOREST FIRE STATION,38418,,37,,1,SPI
PBSP-spi38419,PBSP,,Facility A  Vocational Education,,,,,,,1989,13320,CLASSROOM,38419,,37,,1,SPI
PBSP-spi38420,PBSP,,Facility B Education / Gp Admin. Offices,,,,,,,1989,5280,OFFICE (INSTITUTIONAL),38420,,37,,1,SPI
PBSP-spi38421,PBSP,,Level I Family Visiting,,,,,,,1989,806,VISITATION FACILITY,38421,,37,,1,SPI
PBSP-spi38422,PBSP,,Gp Family Visiting,,,,,,,1989,3252,VISITATION FACILITY,38422,,37,,1,SPI
PBSP-spi38423,PBSP,,Central Ctrl/Central Svs/Bpt/Gp Visiting,,,,,,,1989,26519,OFFICE (INSTITUTIONAL),38423,,37,,1,SPI
PBSP-spi38424,PBSP,,Future Visitor Center/Hospitality House,,,,,,,1989,1225,VISITATION FACILITY,38424,,37,,1,SPI
PBSP-spi38425,PBSP,,Gp Entrance / Gp Visitor Processing,,,,,,,1989,2910,OFFICE (INSTITUTIONAL),38425,,37,,1,SPI
PBSP-spi38426,PBSP,,Gatehouse,,,,,,,1989,96,LOOKOUT (GUARD STATION),38426,,37,,1,SPI
PBSP-spi38427,PBSP,,Firing Range Classroom,,,,,,,1989,1152,TRAINING FACILITY,38427,,37,,1,SPI
PBSP-spi38429,PBSP,,Guard Tower 01,,,,,,,1989,105,LOOKOUT (GUARD STATION),38429,,37,,1,SPI
PBSP-spi38430,PBSP,,Guard Tower 02,,,,,,,1989,105,LOOKOUT (GUARD STATION),38430,,37,,1,SPI
PBSP-spi38431,PBSP,,Guard Tower 03,,,,,,,1989,105,LOOKOUT (GUARD STATION),38431,,37,,1,SPI
PBSP-spi38432,PBSP,,Guard Tower 04,,,,,,,1989,105,LOOKOUT (GUARD STATION),38432,,37,,1,SPI
PBSP-spi38433,PBSP,,Guard Tower 10,,,,,,,1989,105,LOOKOUT (GUARD STATION),38433,,37,,1,SPI
PBSP-spi38434,PBSP,,Guard Tower 11,,,,,,,1989,105,LOOKOUT (GUARD STATION),38434,,37,,1,SPI
PBSP-spi38435,PBSP,,Armory / Locksmith,,,,,,,1989,1721,ARMORY,38435,,37,,1,SPI
PBSP-spi38436,PBSP,,Receiving And Release,,,,,,,1989,3782,OFFICE (INSTITUTIONAL),38436,,37,,1,SPI
PBSP-spi38437,PBSP,,In-Service Training Modulars,,,,,,,1987,3400,OFFICE (INSTITUTIONAL),38437,,37,,1,SPI
PBSP-spi38438,PBSP,,Waste Water Treatment Plant,,,,,,,1989,3541,UTILITY,38438,,37,,1,SPI
PBSP-spi38440,PBSP,,Pp And L Substation,,,,,,,1989,300,EQUIPMENT/MAINTENANCE BUILDING,38440,,37,,1,SPI
PBSP-spi38441,PBSP,,Boiler House,,,,,,,1989,6750,UTILITY,38441,,37,,1,SPI
PBSP-spi38442,PBSP,,Guard Tower 05,,,,,,,1989,105,LOOKOUT (GUARD STATION),38442,,37,,1,SPI
PBSP-spi38443,PBSP,,Guard Tower 06,,,,,,,1989,105,LOOKOUT (GUARD STATION),38443,,37,,1,SPI
PBSP-spi38444,PBSP,,Guard Tower 07,,,,,,,1989,105,LOOKOUT (GUARD STATION),38444,,37,,1,SPI
PBSP-spi38445,PBSP,,Guard Tower 08,,,,,,,1989,105,LOOKOUT (GUARD STATION),38445,,37,,1,SPI
PBSP-spi38446,PBSP,,Guard Tower 09,,,,,,,1989,105,LOOKOUT (GUARD STATION),38446,,37,,1,SPI
PBSP-spi38447,PBSP,,Emergency Generator / Switchgear Bldg,,,,,,,1989,3308,EQUIPMENT/MAINTENANCE BUILDING,38447,,37,,1,SPI
PBSP-spi38449,PBSP,,Sludge Storage Basin,,,,,,,1989,180,STORAGE,38449,,37,,1,SPI
PBSP-spi38450,PBSP,,Facility B Maintenance Building,,,,,,,1989,6720,SHOP,38450,,37,,1,SPI
PBSP-spi38451,PBSP,,Facility A Maintenance Building,,,,,,,1989,3172,SHOP,38451,,37,,1,SPI
PBSP-spi38452,PBSP,,Motor Pool,,,,,,,1989,5148,GARAGE/PARKING STRUCTURE,38452,,37,,1,SPI
PBSP-spi38453,PBSP,,Support Warehouse / Mailroom,,,,,,,1989,52020,WAREHOUSE,38453,,37,,1,SPI
PBSP-spi38454,PBSP,,Facility A Volatile Storage,,,,,,,1989,100,STORAGE,38454,,37,,1,SPI
PBSP-spi38455,PBSP,,Facility B Volatile Storage,,,,,,,1989,100,STORAGE,38455,,37,,1,SPI
PBSP-spi38456,PBSP,,Motor Pool Volatile Storage,,,,,,,1989,1008,STORAGE,38456,,37,,1,SPI
PBSP-spi38457,PBSP,,Recycling And Salvaging,,,,,,,1989,1936,EQUIPMENT/MAINTENANCE BUILDING,38457,,37,,1,SPI
PBSP-spi38459,PBSP,,Pole Barn,,,,,,,1989,11250,STORAGE BUILDING,38459,,37,,1,SPI
PBSP-spi453,PBSP,,"Office Space, Modular",,,,,,,1997,2160,RELOCATABLE OFFICE,453,,37,,1,SPI
PBSP-spi50408,PBSP,,Administrative Segregation Housing Unit,,,,,,,2004,25204,DORMITORY,50408,,37,,1,SPI
PBSP-spi51569,PBSP,,5 Small Management Exercise Yards,,,,,,,2009,750,SMALL MANAGEMENT EXERCISE YARDS,51569,,37,,1,SPI
PBSP-spi5189,PBSP,,Quality Management Support Unit Modular,,,,,,,2003,1420,RELOCATABLE OFFICE,5189,,37,,1,SPI
PBSP-spi55163,PBSP,,Telemedicine Modular,,,,,,,2012,484,RELOCATABLE OFFICE,55163,,37,,1,SPI
PBSP-spi6023,PBSP,,Women'S Locker Room,,,,,,,2009,720,RELOCATABLE OFFICE,6023,,37,,1,SPI
PVSP-301,PVSP,301,Guard Tower No. 1,,,,,,,1994,190,LOOKOUT (GUARD STATION),40331,301,9733,,1,SPI
PVSP-302,PVSP,302,Guard Tower No. 2,,,,,,,1994,190,LOOKOUT (GUARD STATION),40332,302,9733,,1,SPI
PVSP-303,PVSP,303,Guard Tower No. 3,,,,,,,1994,190,LOOKOUT (GUARD STATION),40333,303,9733,,1,SPI
PVSP-304,PVSP,304,Guard Tower No. 4,,,,,,,1994,190,LOOKOUT (GUARD STATION),40334,304,9733,,1,SPI
PVSP-305,PVSP,305,Guard Tower No. 5,,,,,,,1994,190,LOOKOUT (GUARD STATION),40335,305,9733,,1,SPI
PVSP-306,PVSP,306,Guard Tower No. 6,,,,,,,1994,190,LOOKOUT (GUARD STATION),40336,306,9733,,1,SPI
PVSP-307,PVSP,307,Guard Tower No. 7,,,,,,,1994,190,LOOKOUT (GUARD STATION),40337,307,9733,,1,SPI
PVSP-308,PVSP,308,Guard Tower No. 8,,,,,,,1994,190,LOOKOUT (GUARD STATION),40338,308,9733,,1,SPI
PVSP-309,PVSP,309,Guard Tower No. 9,,,,,,,1994,190,LOOKOUT (GUARD STATION),40339,309,9733,,1,SPI
PVSP-310,PVSP,310,Guard Tower No. 10,,,,,,,1994,190,LOOKOUT (GUARD STATION),40340,310,9733,,1,SPI
PVSP-311,PVSP,311,Guard Tower No. 11,,,,,,,1994,190,LOOKOUT (GUARD STATION),40341,311,9733,,1,SPI
PVSP-312,PVSP,312,Guard Tower No. 12,,,,,,,1994,190,LOOKOUT (GUARD STATION),40342,312,9733,,1,SPI
PVSP-331,PVSP,331,270 Housing Unit D-1,,,D,housing,,,1994,24110,DORMITORY,40343,331,9733,,2,SPI;MPAR2022:P-1617-00573
PVSP-332,PVSP,332,270 Housing Unit D-2,,,D,housing,,,1994,24110,DORMITORY,40344,332,9733,,2,SPI;MPAR2022:P-1617-00573
PVSP-333,PVSP,333,270 Housing Unit D-3,,,D,housing,,,1994,24110,DORMITORY,40345,333,9733,,2,SPI;MPAR2022:P-1617-00573
PVSP-334,PVSP,334,270 Housing Unit D-4 Ad-Seg,,,D,housing,,,1994,24760,DORMITORY,40346,334,9733,,2,SPI;MPAR2022:P-1617-00573
PVSP-335,PVSP,335,270 Housing Unit D-5,,,D,housing,,,1994,24110,DORMITORY,40347,335,9733,,2,SPI;MPAR2022:P-1617-00573
PVSP-336,PVSP,336,270 Housing Unit C-1,,,C,housing,,,1994,24110,DORMITORY,40348,336,9733,,2,SPI;MPAR2022:P-1617-00573
PVSP-337,PVSP,337,270 Housing Unit C-2,,,C,housing,,,1994,24110,DORMITORY,40349,337,9733,,2,SPI;MPAR2022:P-1617-00573
PVSP-338,PVSP,338,270 Housing Unit C-3,,,C,housing,,,1994,24110,DORMITORY,40350,338,9733,,2,SPI;MPAR2022:P-1617-00573
PVSP-339,PVSP,339,270 Housing Unit C-4,,,C,housing,,,1994,24110,DORMITORY,40351,339,9733,,2,SPI;MPAR2022:P-1617-00573
PVSP-340,PVSP,340,270 Housing Unit C-5,,,C,housing,,,1994,24110,DORMITORY,40352,340,9733,,2,SPI;MPAR2022:P-1617-00573
PVSP-341,PVSP,341,270 Housing Unit B-1,,,B,housing,,,1994,24110,DORMITORY,40353,341,9733,,2,SPI;MPAR2022:P-1617-00573
PVSP-342,PVSP,342,270 Housing Unit B-2,,,B,housing,,,1994,24110,DORMITORY,40354,342,9733,,2,SPI;MPAR2022:P-1617-00573
PVSP-343,PVSP,343,270 Housing Unit B-3,,,B,housing,,,1994,24110,DORMITORY,40355,343,9733,,2,SPI;MPAR2022:P-1617-00573
PVSP-344,PVSP,344,270 Housing Unit B-4,,,B,housing,,,1994,24110,DORMITORY,40356,344,9733,,2,SPI;MPAR2022:P-1617-00573
PVSP-345,PVSP,345,270 Housing Unit B-5,,,B,housing,,,1994,24110,DORMITORY,40357,345,9733,,2,SPI;MPAR2022:P-1617-00573
PVSP-346,PVSP,346,270 Housing Unit A-1,,,A,housing,,,1994,24110,DORMITORY,40358,346,9733,,2,SPI;MPAR2022:P-1617-00573
PVSP-347,PVSP,347,270 Housing Unit A-2,,,A,housing,,,1994,24110,DORMITORY,40359,347,9733,,2,SPI;MPAR2022:P-1617-00573
PVSP-348,PVSP,348,270 Housing Unit A-3,,,A,housing,,,1994,24110,DORMITORY,40360,348,9733,,2,SPI;MPAR2022:P-1617-00573
PVSP-349,PVSP,349,270 Housing Unit A-4,,,A,housing,,,1994,24110,DORMITORY,40361,349,9733,,2,SPI;MPAR2022:P-1617-00573
PVSP-350,PVSP,350,270 Housing Unit A-5,,,A,housing,,,1994,24110,DORMITORY,40362,350,9733,,2,SPI;MPAR2022:P-1617-00573
PVSP-421,PVSP,421,Central Kitchen,,,,kitchen,,,1994,20740,KITCHEN,40363,421,9733,,3,SPI;MPAR2022:P-2122-00147;MPAR2024:P-2324-00112
PVSP-431,PVSP,431,A-Facility Food Service Satellite,,,,,,,1994,12692,DINING/CAFETERIA,40364,431,9733,,1,SPI
PVSP-432,PVSP,432,A-Facility Program,,,,,,,1994,24495,OFFICE (INSTITUTIONAL),40365,432,9733,,1,SPI
PVSP-433,PVSP,433,Central Operations,,,,,,,1994,6165,OFFICE (INSTITUTIONAL),40366,433,9733,,1,SPI
PVSP-434,PVSP,434,Central Control / A-B Visiting,,,,,,,1994,20032,VISITATION FACILITY,40367,434,9733,,1,SPI
PVSP-436,PVSP,436,B-Facility Program Services,,,,,,,1994,24495,OFFICE (INSTITUTIONAL),40368,436,9733,,1,SPI
PVSP-437,PVSP,437,B-Facility Food Service Satellite,,,,,,,1994,12692,DINING/CAFETERIA,40369,437,9733,,1,SPI
PVSP-441,PVSP,441,C-Facility Food Service Satellite,,,,,,,1994,12692,DINING/CAFETERIA,40370,441,9733,,1,SPI
PVSP-442,PVSP,442,C-Facility Program Services,,,,,,,1994,24495,OFFICE (INSTITUTIONAL),40371,442,9733,,1,SPI
PVSP-444,PVSP,444,Complex Control / C-D Visiting,,,,,,,1994,20032,VISITATION FACILITY,40372,444,9733,,1,SPI
PVSP-446,PVSP,446,D-Facility Program Services,,,,,,,1994,24495,OFFICE (INSTITUTIONAL),40373,446,9733,,1,SPI
PVSP-447,PVSP,447,D-Facility Food Service Satellite,,,,,,,1994,12692,DINING/CAFETERIA,40374,447,9733,,1,SPI
PVSP-450,PVSP,450,Receiving And Release,,,,,,,1994,4966,OFFICE (INSTITUTIONAL),40375,450,9733,,1,SPI
PVSP-451,PVSP,451,Central Health Service,,,,,,,1994,19700,HOSPITAL/CLINIC/TREATMENT CENTER,40376,451,9733,,1,SPI
PVSP-452,PVSP,452,Medical Storage Building,,,,,,,2003,3000,OFFICE (INSTITUTIONAL),44412,452,9733,,1,SPI
PVSP-460,PVSP,460,Hazardous Materials Facility,,,,,,,1994,688,SHED,40377,460,9733,,1,SPI
PVSP-495,PVSP,495,Armory/Lockshop,,,,,,,1994,1721,ARMORY,40378,495,9733,,1,SPI
PVSP-521,PVSP,521,Vocational Education  A-Facility  (521),,,,,,,1994,15260,CLASSROOM,40379,521,9733,,1,SPI
PVSP-522,PVSP,522,Vocational Education  A-Facility  (522),,,,,,,1994,17700,CLASSROOM,40380,522,9733,,1,SPI
PVSP-523,PVSP,523,Vocational Education  B-Facility  (523),,,,,,,1994,20160,CLASSROOM,40381,523,9733,,1,SPI
PVSP-524,PVSP,524,Vocational Education  B-Facility  (524),,,,,,,1994,17780,CLASSROOM,40382,524,9733,,1,SPI
PVSP-525,PVSP,525,Vocational Education  C-Facility  (525),,,,,,,1994,19180,CLASSROOM,40383,525,9733,,1,SPI
PVSP-526,PVSP,526,Vocational Education  C-Facility  (526),,,,,,,1994,15330,CLASSROOM,40384,526,9733,,1,SPI
PVSP-527,PVSP,527,Vocational Education  D-Facility  (527),,,,,,,1994,24710,CLASSROOM,40385,527,9733,,1,SPI
PVSP-528,PVSP,528,Vocational Education  D-Facility  (528),,,,,,,1994,21140,CLASSROOM,40386,528,9733,,1,SPI
PVSP-529,PVSP,529,Corr. Treatment Ctr. Annex/Media Ctr.,,,,,,,1994,5040,OFFICE (INSTITUTIONAL),40387,529,9733,,1,SPI
PVSP-530,PVSP,530,Greenhouse Voc. Education Facility,,,,,,,1994,666,CLASSROOM,40388,530,9733,,1,SPI
PVSP-531,PVSP,531,A-Vocations Food Service Center,,,,,,,1994,3969,DINING/CAFETERIA,40389,531,9733,,1,SPI
PVSP-532,PVSP,532,B-Vocations Food Service Satellite,,,,,,,1994,3969,DINING/CAFETERIA,40390,532,9733,,1,SPI
PVSP-533,PVSP,533,C-Vocations Food Service Satellite,,,,,,,1994,3969,DINING/CAFETERIA,40391,533,9733,,1,SPI
PVSP-534,PVSP,534,D-Vocations Food Service Satellite,,,,,,,1994,3969,DINING/CAFETERIA,40392,534,9733,,1,SPI
PVSP-541,PVSP,541,Steam Generation Building,,,,,,,1994,2154,UTILITY,40393,541,9733,,1,SPI
PVSP-551,PVSP,551,B-Facility Central Bldg. Maintenance,,,,,,,1994,8100,SHOP,40394,551,9733,,1,SPI
PVSP-552,PVSP,552,A-Facility Bldg. Maintenance Sat.,,,,,,,1994,2250,SHOP,40395,552,9733,,1,SPI
PVSP-554,PVSP,554,C-Facility Bldg. Maintenance Sat.,,,,,,,1994,2250,SHOP,40396,554,9733,,1,SPI
PVSP-555,PVSP,555,D-Facility Bldg. Maintenance Sat.,,,,,,,1994,2250,SHOP,40397,555,9733,,1,SPI
PVSP-561,PVSP,561,A-Facility Work Change,,,,,,,1994,625,WORK CHANGE,40398,561,9733,,1,SPI
PVSP-562,PVSP,562,B-Facility Work Change,,,,,,,1994,625,WORK CHANGE,40399,562,9733,,1,SPI
PVSP-563,PVSP,563,C-Facility Work Change,,,,,,,1994,625,WORK CHANGE,40400,563,9733,,1,SPI
PVSP-564,PVSP,564,D-Facility Work Change,,,,,,,1994,625,WORK CHANGE,40401,564,9733,,1,SPI
PVSP-565,PVSP,565,B-Facility Maintenance Volatile Storage,,,,,,,1994,100,STORAGE BUILDING,40402,565,9733,,1,SPI
PVSP-567,PVSP,567,A-Facility Maintenance Volatile Storage,,,,,,,1994,100,STORAGE BUILDING,40403,567,9733,,1,SPI
PVSP-569,PVSP,569,C-Facility Maintenance Volatile Storage,,,,,,,1994,100,STORAGE BUILDING,40404,569,9733,,1,SPI
PVSP-570,PVSP,570,D-Facility Maintenance Volatile Storage,,,,,,,1994,100,STORAGE BUILDING,40405,570,9733,,1,SPI
PVSP-571,PVSP,571,Maintenance Wrhse. Volatile Storage Bldg,,,,,,,1994,880,STORAGE BUILDING,40406,571,9733,,1,SPI
PVSP-580,PVSP,580,Modular Building (Yard B),,,,,,,2001,4970,RELOCATABLE OFFICE,4981,580,9733,,1,SPI
PVSP-581,PVSP,581,Modular Building (Yard C),,,,,,,2001,4970,RELOCATABLE OFFICE,4982,581,9733,,1,SPI
PVSP-600,PVSP,600,Generators / Switchgear,,,,,,,1994,1650,UTILITY,40407,600,9733,,1,SPI
PVSP-620,PVSP,620,Head Works (Wwtp),,,,,,,1994,816,UTILITY,40408,620,9733,,1,SPI
PVSP-621,PVSP,621,Clorination Facility,,,,,,,1994,144,UTILITY,40409,621,9733,,1,SPI
PVSP-622,PVSP,622,Waste Water Treatment Operations Bldg.,,,,,,,1994,1000,UTILITY,40410,622,9733,,1,SPI
PVSP-623,PVSP,623,Water Booster Station,,,,,,,1994,240,UTILITY,40411,623,9733,,1,SPI
PVSP-624,PVSP,624,Influent Pump Station,,,,,,,1994,1176,UTILITY,40412,624,9733,,1,SPI
PVSP-625,PVSP,625,Storm Drainage Pump Station,,,,,,,1994,240,PUMP/WELL HOUSE,40413,625,9733,,1,SPI
PVSP-626,PVSP,626,Recycle And Salvage Program,,,,,,,1994,2640,EQUIPMENT/MAINTENANCE BUILDING,40414,626,9733,,1,SPI
PVSP-627,PVSP,627,Effluent Pump Station,,,,,,,1994,901,PUMP/WELL HOUSE,40415,627,9733,,1,SPI
PVSP-700,PVSP,700,General Warehouse,,,,,,,1994,52679,WAREHOUSE,40416,700,9733,,1,SPI
PVSP-701,PVSP,701,Firehouse,,,,,,,1994,3870,FIREHOUSE/FOREST FIRE STATION,40417,701,9733,,1,SPI
PVSP-703,PVSP,703,Fire Extinguisher Building,,,,,,,1994,320,FIREHOUSE/FOREST FIRE STATION,40418,703,9733,,1,SPI
PVSP-704,PVSP,704,Vehicle / Building Maintenance,,,,,,,1994,5827,GARAGE/PARKING STRUCTURE,40419,704,9733,,1,SPI
PVSP-800,PVSP,800,Central Administration,,,,,,,1994,31391,OFFICE (INSTITUTIONAL),40420,800,9733,,1,SPI
PVSP-801,PVSP,801,Family Visiting A & B Facilities,,,,,,,1994,2456,VISITATION FACILITY,40421,801,9733,,1,SPI
PVSP-802,PVSP,802,Family Visiting C & D Facilities,,,,,,,1994,2456,VISITATION FACILITY,40422,802,9733,,1,SPI
PVSP-803,PVSP,803,Weapons Training Classroom,,,,,,,1994,912,CLASSROOM,40423,803,9733,,1,SPI
PVSP-805,PVSP,805,Visitor Processing,,,,,,,1994,3483,OFFICE (INSTITUTIONAL),40426,805,9733,,1,SPI
PVSP-806,PVSP,806,Sallyport Officer Station,,,,,,,1994,120,LOOKOUT (GUARD STATION),40427,806,9733,,1,SPI
PVSP-807,PVSP,807,Entrance Gate House,,,,,,,1994,120,LOOKOUT (GUARD STATION),40428,807,9733,,1,SPI
PVSP-811,PVSP,811,Administration (Accounting),,,,,,,1997,1536,OFFICE (INSTITUTIONAL),39515,811,9733,,1,SPI
PVSP-812,PVSP,812,Administration (Procurement),,,,,,,1997,1536,OFFICE (INSTITUTIONAL),39516,812,9733,,1,SPI
PVSP-813,PVSP,813,Mailbox Vestibule,,,,,,,2000,280,OFFICE (INSTITUTIONAL),40430,813,9733,,1,SPI
PVSP-901,PVSP,901,E-Facility Housing Dormitory No. 1,,,,,,,1994,13244,DORMITORY,40431,901,9733,,1,SPI
PVSP-902,PVSP,902,E-Facility Housing Dormitory No. 2,,,,,,,1994,13244,DORMITORY,40432,902,9733,,1,SPI
PVSP-903,PVSP,903,E-Facility Program And Services,,,,,,,1994,11556,OFFICE (INSTITUTIONAL),40433,903,9733,,1,SPI
PVSP-904,PVSP,904,E-Facility Family Visiting,,,,,,,1994,810,VISITATION FACILITY,40434,904,9733,,1,SPI
PVSP-905,PVSP,905,E-Facility Visiting And Support Services,,,,,,,1994,5400,VISITATION FACILITY,40435,905,9733,,1,SPI
PVSP-906,PVSP,906,Farm House,,,,,,,,3887,RESIDENCE (SINGLE FAMILY),50558,906,9733,,1,SPI
PVSP-central-health-services,PVSP,,Central Health Services,,,,health_care,,,,,,,,,,5,December2025QuarterlyReport-ADAFinal;Sep_2020_Quarterly-ADA_Final;September2021QuarterlyReport-ADA;September_2025_Quarterly_Report-ADA;plata_ecf3963_receiver_triannual_59_2025-06-02
PVSP-central-health-services-building,PVSP,,Central Health Services building,,,,health_care,,,,,,,,,,1,MPAR2022:P-1314-00412
PVSP-pharmacy-and-lab-building,PVSP,,Pharmacy and Lab building,,,,health_care,,,,,,,,,,1,MPAR2022:P-1314-00412
PVSP-spi50364,PVSP,,Administrative Segregation Housing Unit,,,,,,,2003,25204,DORMITORY,50364,,9733,,1,SPI
PVSP-spi51570,PVSP,,20 Small Management Exercise Yards,,,,,,,2009,3000,SMALL MANAGEMENT EXERCISE YARDS,51570,,9733,,1,SPI
PVSP-spi55020,PVSP,,"Bar Screen, Pre-Lift Station",,,,,,,2011,0,UTILITY,55020,,9733,,1,SPI
PVSP-spi5635,PVSP,,Medical Records Modular,,,,,,,2006,2130,RELOCATABLE OFFICE,5635,,9733,,1,SPI
RJD-1.1,RJD,1.1,Housing Unit 1,,,,,,,1989,18505,DORMITORY,15124,1.1,49,,1,SPI
RJD-1.13,RJD,1.13,Facility One Classroom,,,,,,,,2592,CLASSROOM,39549,1.13,49,,1,SPI
RJD-1.2,RJD,1.2,Housing Unit 2,,,,,,,1989,18505,DORMITORY,15125,1.2,49,,1,SPI
RJD-1.3,RJD,1.3,Housing Unit 3,,,,,,,1989,18505,DORMITORY,15126,1.3,49,,1,SPI
RJD-1.4,RJD,1.4,Housing Unit 4,,,,,,,1989,18505,DORMITORY,15127,1.4,49,,1,SPI
RJD-1.5,RJD,1.5,Housing Unit 5,,,,,,,1989,18505,DORMITORY,15128,1.5,49,,1,SPI
RJD-1.6,RJD,1.6,Fac 1 Visiting Apt,,,,,,,1989,2064,VISITATION FACILITY,15168,1.6,49,,1,SPI
RJD-1.8,RJD,1.8,South Visitor Bldg,,,,,,,1989,11840,VISITATION FACILITY,15122,1.8,49,,1,SPI
RJD-1.9,RJD,1.9,Inmate Assignments Fac 1,,,,,,,1989,1708,OFFICE (INSTITUTIONAL),15152,1.9,49,,1,SPI
RJD-2.1,RJD,2.1,Housing Unit 10,,,,,,,1989,18505,DORMITORY,15133,2.1,49,,1,SPI
RJD-2.11,RJD,2.11,Central Kitchen,,,,,,,1989,21120,KITCHEN,15149,2.11,49,,1,SPI
RJD-2.12,RJD,2.12,Fac 2 Pia Bakery,,,,,,,1989,14400,SHOP,15160,2.12,49,,1,SPI
RJD-2.2,RJD,2.2,Housing Unit 9,,,,,,,1989,18505,DORMITORY,15132,2.2,49,,1,SPI
RJD-2.3,RJD,2.3,Housing Unit 8,,,,,,,1989,18505,DORMITORY,15131,2.3,49,,1,SPI
RJD-2.4,RJD,2.4,Housing Unit 7,,,,,,,1989,18505,DORMITORY,15130,2.4,49,,1,SPI
RJD-2.5,RJD,2.5,Housing Unit 6 Adseg,,,,,,,1989,19158,DORMITORY,15129,2.5,49,,1,SPI
RJD-2.6,RJD,2.6,Fac 2 Visiting Apt,,,,,,,1989,1768,VISITATION FACILITY,15169,2.6,49,,1,SPI
RJD-2.8,RJD,2.8,North Visitor Bldg,,,,,,,1989,11840,VISITATION FACILITY,15123,2.8,49,,1,SPI
RJD-2.9,RJD,2.9,Fac 2 Education Bldg,,,,,,,1989,1708,CLASSROOM,15156,2.9,49,,1,SPI
RJD-3.1,RJD,3.1,Housing Unit 11,,,,,,,1989,18505,DORMITORY,15134,3.1,49,,1,SPI
RJD-3.10,RJD,3.10,Facility Three Classroom,,,,,,,,2592,CLASSROOM,39550,3.10,49,,1,SPI
RJD-3.12,RJD,3.12,Cccms Treatment Modular,,,,,,,2006,5384,RELOCATABLE OFFICE,5688,3.12,49,,2,SPI;MPAR2025:P-2526-00164
RJD-3.2,RJD,3.2,Housing Unit 12,,,,,,,1989,18505,DORMITORY,15135,3.2,49,,1,SPI
RJD-3.3,RJD,3.3,Housing Unit 13,,,,,,,1989,18505,DORMITORY,15136,3.3,49,,1,SPI
RJD-3.4,RJD,3.4,Housing Unit 14,,,,,,,1989,18505,DORMITORY,15137,3.4,49,,1,SPI
RJD-3.5,RJD,3.5,Housing Unit 15,,,,,,,1989,18505,DORMITORY,15138,3.5,49,,1,SPI
RJD-3.6,RJD,3.6,Fac 3 Visiting Apt,,,,,,,1898,1768,VISITATION FACILITY,15170,3.6,49,,1,SPI
RJD-3.8,RJD,3.8,Pia Laundry,,,,,,,1989,23295,LAUNDRY,15150,3.8,49,,1,SPI
RJD-4.1,RJD,4.1,Housing Unit 20,,,,,,,1989,18505,DORMITORY,15143,4.1,49,,1,SPI
RJD-4.12,RJD,4.12,Modular Building,,,,,,,2009,950,RELOCATABLE CLASSROOM,51153,4.12,49,,1,SPI
RJD-4.2,RJD,4.2,Housing Unit 19,19,,Yard 4,housing,,,1989,18505,DORMITORY,15142,4.2,49,,2,SPI;MPAR2022:P-1213-00089
RJD-4.3,RJD,4.3,Housing Unit 18,18,,Yard 4,housing,,,1989,18505,DORMITORY,15141,4.3,49,,2,SPI;MPAR2022:P-1213-00089
RJD-4.4,RJD,4.4,Housing Unit 17,17,,Yard 4,housing,,,1989,18505,DORMITORY,15140,4.4,49,,2,SPI;MPAR2022:P-1213-00089
RJD-4.5,RJD,4.5,Housing Unit 16,16,,Yard 4,housing,,,1989,18505,DORMITORY,15139,4.5,49,,2,SPI;MPAR2022:P-1213-00089
RJD-4.6,RJD,4.6,Fac 4 Visiting Apt,,,,,,,1989,1768,VISITATION FACILITY,15171,4.6,49,,1,SPI
RJD-4.8,RJD,4.8,Central Infirmary,,,,,,,1989,23102,HOSPITAL/CLINIC/TREATMENT CENTER,15151,4.8,49,,1,SPI
RJD-4.9,RJD,4.9,Fac 4 Pia Textile,,,,,,,1989,72992,SHOP,15167,4.9,49,,1,SPI
RJD-5.1,RJD,5.1,Tower 1,,,,,,,1989,75,LOOKOUT (GUARD STATION),15108,5.1,49,,1,SPI
RJD-5.10,RJD,5.10,Tower 10,,,,,,,1989,75,LOOKOUT (GUARD STATION),15117,5.10,49,,1,SPI
RJD-5.11,RJD,5.11,Tower 11,,,,,,,1989,75,LOOKOUT (GUARD STATION),15118,5.11,49,,1,SPI
RJD-5.12,RJD,5.12,Tower 12,,,,,,,1989,75,LOOKOUT (GUARD STATION),15119,5.12,49,,1,SPI
RJD-5.13,RJD,5.13,Visitor'S Processing Center,,,,,,,1989,5655,OFFICE (INSTITUTIONAL),15121,5.13,49,,1,SPI
RJD-5.14,RJD,5.14,Central Administration,,,,,,,1989,27520,OFFICE (INSTITUTIONAL),15094,5.14,49,,1,SPI
RJD-5.15,RJD,5.15,Housing Unit No 21,,,,,,,1989,15422,DORMITORY,15098,5.15,49,,1,SPI
RJD-5.16,RJD,5.16,Housing Unit No22,,,,,,,1989,15422,DORMITORY,15099,5.16,49,,1,SPI
RJD-5.17,RJD,5.17,Minimum Visiting Room,,,,,,,1989,4080,VISITATION FACILITY,15096,5.17,49,,1,SPI
RJD-5.18,RJD,5.18,Minimum Admin,,,,,,,1989,17322,OFFICE (INSTITUTIONAL),15095,5.18,49,,1,SPI
RJD-5.19,RJD,5.19,Firehouse,,,,,,,1989,5510,FIREHOUSE/FOREST FIRE STATION,15107,5.19,49,,1,SPI
RJD-5.2,RJD,5.2,Tower 2,,,,,,,1989,75,LOOKOUT (GUARD STATION),15109,5.2,49,,1,SPI
RJD-5.20,RJD,5.20,Armory Bldg.,,,,,,,1989,1407,ARMORY,15105,5.20,49,,1,SPI
RJD-5.21,RJD,5.21,Maintenance Building,,,,,,,1989,14469,EQUIPMENT/MAINTENANCE BUILDING,15103,5.21,49,,1,SPI
RJD-5.22,RJD,5.22,Support Warehouse,,,,,,,1989,51563,WAREHOUSE,15101,5.22,49,,1,SPI
RJD-5.25,RJD,5.25,East Sallyport Bldg,,,,,,,1989,444,LOOKOUT (GUARD STATION),15106,5.25,49,,1,SPI
RJD-5.26,RJD,5.26,Minimum Family Visit Apartment,,,,,,,1989,889,VISITATION FACILITY,15097,5.26,49,,1,SPI
RJD-5.28,RJD,5.28,Modular Building,,,,,,,2001,4970,RELOCATABLE OFFICE,5039,5.28,49,,2,SPI;MPAR2025:P-2526-00164
RJD-5.3,RJD,5.3,Tower 3,,,,,,,1989,75,LOOKOUT (GUARD STATION),15110,5.3,49,,1,SPI
RJD-5.30,RJD,5.30,Ist Classroom   No. 1,,,,,,,,1536,CLASSROOM,39551,5.30,49,,1,SPI
RJD-5.31,RJD,5.31,Ist Classroom   No. 2,,,,,,,,1536,CLASSROOM,39552,5.31,49,,1,SPI
RJD-5.32,RJD,5.32,Modular Buildings,,,,,,,1996,2160,RELOCATABLE OFFICE,37906,5.32,49,,1,SPI
RJD-5.33,RJD,5.33,Modular Building,,,,,,,2009,1410,RELOCATABLE CLASSROOM,51151,5.33,49,,1,SPI
RJD-5.34,RJD,5.34,Modular Building,,,,,,,1996,1440,RELOCATABLE OFFICE,37905,5.34,49,,1,SPI
RJD-5.4,RJD,5.4,Tower 4,,,,,,,1989,75,LOOKOUT (GUARD STATION),15111,5.4,49,,1,SPI
RJD-5.5,RJD,5.5,Tower 5,,,,,,,1989,75,LOOKOUT (GUARD STATION),15112,5.5,49,,1,SPI
RJD-5.6,RJD,5.6,Tower 6,,,,,,,1989,75,LOOKOUT (GUARD STATION),15113,5.6,49,,1,SPI
RJD-5.7,RJD,5.7,Tower 7,,,,,,,1989,75,LOOKOUT (GUARD STATION),15114,5.7,49,,1,SPI
RJD-5.8,RJD,5.8,Tower 8,,,,,,,1989,75,LOOKOUT (GUARD STATION),15115,5.8,49,,1,SPI
RJD-5.9,RJD,5.9,Tower 9,,,,,,,1989,75,LOOKOUT (GUARD STATION),15116,5.9,49,,1,SPI
RJD-B6,RJD,B6,,,,B,housing,ASU,,,,,,,,,2,MPAR2022:P-1718-00128;MPAR2023:P-1213-00318
RJD-B7,RJD,B7,,,,B,housing,ASU,,,,,,,,,2,MPAR2022:P-1718-00128;MPAR2023:P-1213-00318
RJD-C14,RJD,C14,,,,,housing,EOP,,,,,,,,,1,MPAR2022:P-1718-00128
RJD-spi15102,RJD,,Pia Warehouse,,,,,,,1989,35463,WAREHOUSE,15102,5.22A,49,,1,SPI
RJD-spi15104,RJD,,Firing Range Bldg,,,,,,,1989,913,TRAINING FACILITY,15104,5.27A,49,,1,SPI
RJD-spi15144,RJD,,Fac 1 Admin,,,,,,,1989,19441,OFFICE (INSTITUTIONAL),15144,1.7 A-F,49,,1,SPI
RJD-spi15145,RJD,,Fac 2 Admin,,,,,,,1989,20581,OFFICE (INSTITUTIONAL),15145,2.7 A-F,49,,1,SPI
RJD-spi15146,RJD,,Fac 3 Admin,,,,,,,1989,20581,OFFICE (INSTITUTIONAL),15146,3.7 A-F,49,,1,SPI
RJD-spi15147,RJD,,Fac 4 Admin,,,,,,,1989,19441,OFFICE (INSTITUTIONAL),15147,4.7 A-F,49,,1,SPI
RJD-spi15153,RJD,,Fac 1 Workchange,,,,,,,1989,2880,OFFICE (INSTITUTIONAL),15153,1.12H-I,49,,1,SPI
RJD-spi15154,RJD,,Fac 1 Inmate Service,,,,,,,1989,33636,OFFICE (INSTITUTIONAL),15154,1.12A-G,49,,1,SPI
RJD-spi15155,RJD,,Fac 1 Voc Shops,,,,,,,1989,58080,CLASSROOM,15155,1.11A-H,49,,1,SPI
RJD-spi15157,RJD,,Fac 2 Workchange,,,,,,,1989,1680,OFFICE (INSTITUTIONAL),15157,2.10A-B,49,,1,SPI
RJD-spi15158,RJD,,Fac 2 Inmate Service,,,,,,,1989,15702,OFFICE (INSTITUTIONAL),15158,2.14A-D,49,,1,SPI
RJD-spi15159,RJD,,Fac 2 Voc Shops,,,,,,,,33120,CLASSROOM,15159,2.13A-F,49,,1,SPI
RJD-spi15161,RJD,,Fac 3 Workchange,,,,,,,1989,2880,OFFICE (INSTITUTIONAL),15161,3.9 D/E,49,,1,SPI
RJD-spi15162,RJD,,Fac 3 Inmate Service,,,,,,,1989,17520,OFFICE (INSTITUTIONAL),15162,3.9 F/J,49,,1,SPI
RJD-spi15163,RJD,,Fac 3 Pia Voc Bldg,,,,,,,1989,31200,CLASSROOM,15163,3.9 A-C,49,,1,SPI
RJD-spi15164,RJD,,Fac 3 Energy Plant,,,,,,,1989,23241,UTILITY,15164,3.9 CEP,49,,1,SPI
RJD-spi15165,RJD,,Fac 4 Pia Workchange,,,,,,,1989,4937,OFFICE (INSTITUTIONAL),15165,4.9 A-B,49,,1,SPI
RJD-spi15166,RJD,,Fac 4 Inmate Service,,,,,,,1989,15120,OFFICE (INSTITUTIONAL),15166,4.9 C-F,49,,1,SPI
RJD-spi51571,RJD,,20 Small Management Exercise Yards,,,,,,,2008,3000,SMALL MANAGEMENT EXERCISE YARDS,51571,2.4 OUTSIDE,49,,1,SPI
RJD-spi51572,RJD,,20 Small Management Exercise Yards,,,,,,,2009,3000,SMALL MANAGEMENT EXERCISE YARDS,51572,2.3 OUTSIDE,49,,1,SPI
SAC-1,SAC,1,Vocational Education Landscaping Bldg#1,,,,,,,1985,500,CLASSROOM,14629,14629,10486,,1,SPI
SAC-2,SAC,2,Vocational Education Landscaping Bldg#2,,,,,,,1985,500,CLASSROOM,14630,14630,10486,,1,SPI
SAC-A,SAC,A,Modular Building A,,,,program,,,,,,,,,,3,December2025QuarterlyReport-ADAFinal;March2026QuarterlyReport-ADA;September_2025_Quarterly_Report-ADA
SAC-A1/A2,SAC,A1/A2,Facility A Housing Building #1 & 2,,,,housing,,,1985,36301,DORMITORY,14598,14598,10486,,2,SPI;MPAR2022:P-1718-00129
SAC-A3/A4,SAC,A3/A4,Facility A Housing Building # 3 & 4,,,,housing,EOP,,1985,36301,DORMITORY,14599,14599,10486,,2,SPI;MPAR2022:P-1718-00129
SAC-A5/A6,SAC,A5/A6,Facility A Housing Building #5 & 6,,,,housing,,,1985,36301,DORMITORY,14600,14600,10486,,2,SPI;MPAR2022:P-1718-00129
SAC-A7/A8,SAC,A7/A8,Facility A Housing Building #7 & 8,,,,housing,,,1985,36301,DORMITORY,14601,14601,10486,,2,SPI;MPAR2024:P-2324-00145
SAC-B,SAC,B,Modular Building B,,,,program,,,,,,,,,,3,December2025QuarterlyReport-ADAFinal;March2026QuarterlyReport-ADA;September_2025_Quarterly_Report-ADA
SAC-B1/B2,SAC,B1/B2,Facility B Housing Building #1 & 2,,,,,,,1985,36301,DORMITORY,14602,14602,10486,,1,SPI
SAC-B3/B4,SAC,B3/B4,Facility B Housing Building #3 & 4,,,,housing,EOP,,1985,36301,DORMITORY,14603,14603,10486,,2,SPI;MPAR2022:P-1718-00129
SAC-B5/B6,SAC,B5/B6,Facility B Housing Building #5 & 6,,,,,,,1985,36301,DORMITORY,14604,14604,10486,,1,SPI
SAC-B7/B8,SAC,B7/B8,Facility B Housing Building #7 & 8,,,,housing,,,1985,36301,DORMITORY,14605,14605,10486,,2,SPI;MPAR2022:P-1718-00129
SAC-C,SAC,C,Modular Building C,,,C,program,,,,,,,,,,3,December2025QuarterlyReport-ADAFinal;March2026QuarterlyReport-ADA;September_2025_Quarterly_Report-ADA
SAC-C1/C2,SAC,C1/C2,Facility C Housing Building #1 & 2,,,,,,,1985,36301,DORMITORY,14606,14606,10486,,1,SPI
SAC-C3/C4,SAC,C3/C4,Facility C Housing Building #3 & 4,,,,,,,1985,36301,DORMITORY,14607,14607,10486,,1,SPI
SAC-C5/C6,SAC,C5/C6,Facility C Housing Building #5 & 6,,,,,,,1985,36301,DORMITORY,14608,14608,10486,,1,SPI
SAC-C7/C8,SAC,C7/C8,Facility C Housing Building #7 & 8,,,,,,,1985,36301,DORMITORY,14609,14609,10486,,1,SPI
SAC-central-health-services,SAC,,Central Health Services,,,,health_care,,,,,,,,,,2,Sep_2020_Quarterly-ADA_Final;September2021QuarterlyReport-ADA
SAC-correctional-treatment-center,SAC,,Correctional Treatment Center,,,A,health_care,,,,,,,,,,1,MPAR2022:P-1415-00052
SAC-new-pharmacy-building,SAC,,New Pharmacy Building,,,,health_care,,,,,,,,,,1,MPAR2022:P-2122-00111
SAC-spi14610,SAC,,Facility A Administrations,,,,,,,1985,36264,OFFICE (INSTITUTIONAL),14610,14610,10486,,1,SPI
SAC-spi14611,SAC,,Facility B Administration,,,,,,,1985,28680,OFFICE (INSTITUTIONAL),14611,14611,10486,,1,SPI
SAC-spi14612,SAC,,Facility C Administration,,,,,,,1985,28680,OFFICE (INSTITUTIONAL),14612,14612,10486,,1,SPI
SAC-spi14613,SAC,,Facility A Support Services,,,,,,,1985,28806,OFFICE (INSTITUTIONAL),14613,14613,10486,,1,SPI
SAC-spi14614,SAC,,Facility B Support Services,,,,,,,1985,28806,OFFICE (INSTITUTIONAL),14614,14614,10486,,1,SPI
SAC-spi14615,SAC,,Facility C Support Services,,,,,,,1985,28806,OFFICE (INSTITUTIONAL),14615,14615,10486,,1,SPI
SAC-spi14616,SAC,,New Folsom Guard Tower,,,,,,,1985,2256,LOOKOUT (GUARD STATION),14616,14616,10486,,1,SPI
SAC-spi14617,SAC,,Central Kitchen Bldg Fac C Industries,,,,,,,1985,99396,KITCHEN,14617,14617,10486,,1,SPI
SAC-spi14618,SAC,,A Facility Treatement Center E.O.P.,,,,,,,1985,169065,HOSPITAL/CLINIC/TREATMENT CENTER,14618,14618,10486,,1,SPI
SAC-spi14619,SAC,,Dormitory Building A New Folsom,,,,,,,1985,15912,DORMITORY,14619,14619,10486,,1,SPI
SAC-spi14620,SAC,,Dormitory Building B New Folsom,,,,,,,1985,15912,DORMITORY,14620,14620,10486,,1,SPI
SAC-spi14621,SAC,,Dormitory Buildings Support Services Blg,,,,,,,1985,22824,DORMITORY,14621,14621,10486,,1,SPI
SAC-spi14622,SAC,,Main Administration,,,,,,,1985,46376,OFFICE (INSTITUTIONAL),14622,14622,10486,,1,SPI
SAC-spi14623,SAC,,Armory Locksmith New Folsom,,,,,,,1985,672,ARMORY,14623,14623,10486,,1,SPI
SAC-spi14624,SAC,,Receiving Warehouse New Folsom,,,,,,,1985,92160,WAREHOUSE,14624,14624,10486,,1,SPI
SAC-spi14625,SAC,,Prison Industries Receiving Warehouse,,,,,,,1985,92160,WAREHOUSE,14625,14625,10486,,1,SPI
SAC-spi14626,SAC,,Central Plant Maintenance Building,,,,,,,1985,18432,UTILITY,14626,14626,10486,,1,SPI
SAC-spi14627,SAC,,Vehicle Maintenance Garage New Folsom,,,,,,,1985,5500,SERVICE STATION,14627,14627,10486,,1,SPI
SAC-spi43827,SAC,,Family Visiting #1,,,,,,,1985,1900,VISITATION FACILITY,43827,,10486,,1,SPI
SAC-spi43828,SAC,,Family Visiting #2,,,,,,,1985,1900,VISITATION FACILITY,43828,,10486,,1,SPI
SAC-spi43829,SAC,,Family Visiting #3,,,,,,,1985,1900,VISITATION FACILITY,43829,,10486,,1,SPI
SAC-spi43830,SAC,,Family Visiting #4,,,,,,,1985,1900,VISITATION FACILITY,43830,,10486,,1,SPI
SAC-spi44500,SAC,,Firing Range,,,,,,,1985,1500,TRAINING FACILITY,44500,RANGE CLASSROOMS,10486,,1,SPI
SAC-spi44501,SAC,,A Facility Treatment Center,,,,,,,2002,7293,HOSPITAL/CLINIC/TREATMENT CENTER,44501,,10486,,1,SPI
SAC-spi50399,SAC,,Administrative Segregation Housing Unit,,,,,,,2004,25204,DORMITORY,50399,,10486,,1,SPI
SAC-spi50400,SAC,,Small Management Exercise Yards,,,,,,,2004,0,SMALL MANAGEMENT EXERCISE YARDS,50400,,10486,,1,SPI
SAC-spi51544,SAC,,18 Small Management Exercise Yards,,,,,,,2009,2700,SMALL MANAGEMENT EXERCISE YARDS,51544,,10486,,1,SPI
SAC-spi55453,SAC,,Psychiatric Svc Unit Treatment & Office,,,,,,,2013,22158,HOSPITAL/CLINIC/TREATMENT CENTER,55453,,10486,,1,SPI
SATF-301,SATF,301,Tower 1,,,,,,,1997,169,LOOKOUT (GUARD STATION),40171,301,10105,,1,SPI
SATF-302,SATF,302,Tower 2,,,,,,,1997,169,LOOKOUT (GUARD STATION),40172,302,10105,,1,SPI
SATF-303,SATF,303,Tower 3,,,,,,,1997,169,LOOKOUT (GUARD STATION),40173,303,10105,,1,SPI
SATF-304,SATF,304,Tower 4,,,,,,,1997,169,LOOKOUT (GUARD STATION),40174,304,10105,,1,SPI
SATF-305,SATF,305,Tower 5,,,,,,,1997,169,LOOKOUT (GUARD STATION),40175,305,10105,,1,SPI
SATF-306,SATF,306,Tower 6,,,,,,,1997,169,LOOKOUT (GUARD STATION),40176,306,10105,,1,SPI
SATF-307,SATF,307,Tower 7,,,,,,,1997,169,LOOKOUT (GUARD STATION),40177,307,10105,,1,SPI
SATF-308,SATF,308,Tower 8,,,,,,,1997,169,LOOKOUT (GUARD STATION),40178,308,10105,,1,SPI
SATF-309,SATF,309,Tower 9,,,,,,,1997,169,LOOKOUT (GUARD STATION),40179,309,10105,,1,SPI
SATF-310,SATF,310,Tower 10,,,,,,,1997,169,LOOKOUT (GUARD STATION),40180,310,10105,,1,SPI
SATF-311,SATF,311,Tower 11,,,,,,,1997,169,LOOKOUT (GUARD STATION),40181,311,10105,,1,SPI
SATF-312,SATF,312,Tower 12,,,,,,,1997,169,LOOKOUT (GUARD STATION),40182,312,10105,,1,SPI
SATF-313,SATF,313,Tower 13,,,,,,,1997,169,LOOKOUT (GUARD STATION),40183,313,10105,,1,SPI
SATF-314,SATF,314,Tower 14,,,,,,,1997,169,LOOKOUT (GUARD STATION),40184,314,10105,,1,SPI
SATF-315,SATF,315,Tower 15,,,,,,,1997,169,LOOKOUT (GUARD STATION),40185,315,10105,,1,SPI
SATF-316,SATF,316,Tower 16,,,,,,,1997,169,LOOKOUT (GUARD STATION),40186,316,10105,,1,SPI
SATF-317,SATF,317,Tower 17,,,,,,,1997,169,LOOKOUT (GUARD STATION),40187,317,10105,,1,SPI
SATF-318,SATF,318,Tower 18,,,,,,,1997,169,LOOKOUT (GUARD STATION),40188,318,10105,,1,SPI
SATF-319,SATF,319,Tower 19,,,,,,,1997,169,LOOKOUT (GUARD STATION),40189,319,10105,,1,SPI
SATF-320,SATF,320,Tower 20,,,,,,,1997,169,LOOKOUT (GUARD STATION),40190,320,10105,,1,SPI
SATF-321,SATF,321,Housing Unit A-1,,,,,,,1997,23064,DORMITORY,40191,321,10105,,1,SPI
SATF-322,SATF,322,Housing Unit A-2,,,,,,,1997,23064,DORMITORY,40192,322,10105,,1,SPI
SATF-323,SATF,323,Housing Unit A-3,,,,,,,1997,23064,DORMITORY,40193,323,10105,,1,SPI
SATF-331,SATF,331,Housing Unit B-1,,,,,,,1997,23064,DORMITORY,40194,331,10105,,1,SPI
SATF-332,SATF,332,Housing Unit B-2,,,,,,,1997,23064,DORMITORY,40195,332,10105,,1,SPI
SATF-333,SATF,333,Housing Unit B-3,,,,,,,1997,23064,DORMITORY,40196,333,10105,,1,SPI
SATF-341,SATF,341,"Housing Unit C-1, C-2",,,,,,,1997,50203,DORMITORY,40197,341,10105,,1,SPI
SATF-342,SATF,342,"Housing Unit C-3, C-4",,,,,,,1997,50203,DORMITORY,40198,342,10105,,1,SPI
SATF-343,SATF,343,"Housing Unit C-5, C-6",,,,,,,1997,50203,DORMITORY,40199,343,10105,,1,SPI
SATF-344,SATF,344,"Housing Unit C-7, C-8",C7,,,,,,1997,50203,DORMITORY,40200,344,10105,,2,SPI;coleman_ecf8558-1_heat_report_exhibits_2025-02-28
SATF-351,SATF,351,Housing Unit D-1,,,,,,,1997,24555,DORMITORY,40201,351,10105,,1,SPI
SATF-352,SATF,352,Housing Unit D-2,,,,,,,1997,24555,DORMITORY,40202,352,10105,,1,SPI
SATF-353,SATF,353,Housing Unit D-3,,,,,,,1997,24555,DORMITORY,40203,353,10105,,1,SPI
SATF-354,SATF,354,Housing Unit D-4,,,,,,,1997,24555,DORMITORY,40204,354,10105,,1,SPI
SATF-355,SATF,355,Housing Unit D-5,,,,,,,1997,24555,DORMITORY,40205,355,10105,,1,SPI
SATF-361,SATF,361,Housing Unit E-1,,,,,,,1997,25845,DORMITORY,40206,361,10105,,1,SPI
SATF-362,SATF,362,Housing Unit E-2,,,,,,,1997,24555,DORMITORY,40207,362,10105,,1,SPI
SATF-363,SATF,363,Housing Unit E-3,,,,,,,1997,24555,DORMITORY,40208,363,10105,,1,SPI
SATF-364,SATF,364,Housing Unit E-4,,,,,,,1997,24555,DORMITORY,40209,364,10105,,1,SPI
SATF-365,SATF,365,Housing Unit E-5,,,,,,,1997,24555,DORMITORY,40210,365,10105,,1,SPI
SATF-371,SATF,371,Housing Unit F-1,,,,,,,1997,41915,DORMITORY,40211,371,10105,,3,SPI;December2025QuarterlyReport-ADAFinal;September_2025_Quarterly_Report-ADA
SATF-372,SATF,372,Housing Unit F-2,,,,,,,1997,41915,DORMITORY,40212,372,10105,,3,SPI;December2025QuarterlyReport-ADAFinal;September_2025_Quarterly_Report-ADA
SATF-373,SATF,373,Housing Unit F-3,,,,,,,1997,41915,DORMITORY,40213,373,10105,,3,SPI;December2025QuarterlyReport-ADAFinal;September_2025_Quarterly_Report-ADA
SATF-381,SATF,381,Housing Unit G-1,,,,,,,1997,41915,DORMITORY,40214,381,10105,,3,SPI;December2025QuarterlyReport-ADAFinal;September_2025_Quarterly_Report-ADA
SATF-382,SATF,382,Housing Unit G-2,,,,,,,1997,41915,DORMITORY,40215,382,10105,,3,SPI;December2025QuarterlyReport-ADAFinal;September_2025_Quarterly_Report-ADA
SATF-383,SATF,383,Housing Unit G-3,,,,,,,1997,41915,DORMITORY,40216,383,10105,,3,SPI;December2025QuarterlyReport-ADAFinal;September_2025_Quarterly_Report-ADA
SATF-383 B,SATF,383 B,,,,,,,,,,,,,,,2,December2025QuarterlyReport-ADAFinal;September_2025_Quarterly_Report-ADA
SATF-383 C,SATF,383 C,,,,,,,,,,,,,,,2,December2025QuarterlyReport-ADAFinal;September_2025_Quarterly_Report-ADA
SATF-423,SATF,423,Facility A Dining,,,,,,,1997,12692,DINING/CAFETERIA,40218,423,10105,,1,SPI
SATF-430,SATF,430,Complex I,,,,,,,1997,19295,OFFICE (INSTITUTIONAL),40219,430,10105,,1,SPI
SATF-433,SATF,433,Facility B Dining,,,,,,,1997,12692,DINING/CAFETERIA,40221,433,10105,,1,SPI
SATF-440,SATF,440,Complex Ii,,,,,,,1997,10966,OFFICE (INSTITUTIONAL),40222,440,10105,,2,SPI;MPAR2025:P-2526-00165
SATF-441,SATF,441,Facility C Program,,,,,,,1997,17780,OFFICE (INSTITUTIONAL),40223,441,10105,,1,SPI
SATF-442,SATF,442,Facility C Gym,,,,,,,1997,7397,GYMNASIUM,40224,442,10105,,2,SPI;MPAR2025:P-2526-00165
SATF-445,SATF,445,Mental Health Services,,,,,,,1997,4309,HOSPITAL/CLINIC/TREATMENT CENTER,40225,445,10105,,1,SPI
SATF-446,SATF,446,Gunpost - C1,,,,,,,1997,113,LOOKOUT (GUARD STATION),40571,446,10105,,1,SPI
SATF-447,SATF,447,Gunpost - C2,,,,,,,1997,113,LOOKOUT (GUARD STATION),40572,447,10105,,1,SPI
SATF-448,SATF,448,Correctional Treatment Center,,,,,,,1997,36190,HOSPITAL/CLINIC/TREATMENT CENTER,40226,448,10105,,1,SPI
SATF-450,SATF,450,Central Operations,,,,,,,1997,8018,OFFICE (INSTITUTIONAL),40227,450,10105,,1,SPI
SATF-453,SATF,453,Facility D Dining,,,,,,,1997,12692,DINING/CAFETERIA,40229,453,10105,,1,SPI
SATF-460,SATF,460,Complex Iii / Central Control;Complex Control,,,,other,,,1997,19295,OFFICE (INSTITUTIONAL),40230,460,10105,,2,SPI;MPAR2025:P-2526-00161
SATF-463,SATF,463,Facility E Dining,,,,,,,1997,12692,DINING/CAFETERIA,40232,463,10105,,1,SPI
SATF-470,SATF,470,Receiving And Release,,,,,,,1997,5734,OFFICE (INSTITUTIONAL),40233,470,10105,,1,SPI
SATF-473,SATF,473,Facility F Dining,,,,,,,1997,12692,DINING/CAFETERIA,40235,473,10105,,1,SPI
SATF-474,SATF,474,Zone Control,,,,,,,1997,120,LOOKOUT (GUARD STATION),40236,474,10105,,1,SPI
SATF-475,SATF,475,Facility F Visiting / Voc Ed,,,,,,,1997,18962,VISITATION FACILITY,40237,475,10105,,1,SPI
SATF-480,SATF,480,Complex Iv,,,,,,,1997,7759,OFFICE (INSTITUTIONAL),40238,480,10105,,1,SPI
SATF-483,SATF,483,Facility G Dining,,,,,,,1997,12692,DINING/CAFETERIA,40240,483,10105,,1,SPI
SATF-484,SATF,484,Zone Control,,,,,,,1997,120,LOOKOUT (GUARD STATION),40241,484,10105,,1,SPI
SATF-485,SATF,485,Facility G Visiting / Voc Ed,,,,,,,1997,18962,VISITATION FACILITY,40242,485,10105,,1,SPI
SATF-491,SATF,491,Central Kitchen,,,,,,,1997,22366,KITCHEN,40243,491,10105,,1,SPI
SATF-492,SATF,492,Retherm,,,,,,,1997,5900,KITCHEN,40244,492,10105,,1,SPI
SATF-493,SATF,493,Boiler House,,,,,,,1997,2248,UTILITY,40245,493,10105,,1,SPI
SATF-521,SATF,521,Facility A Work Change,,,,,,,1997,629,WORK CHANGE,40246,521,10105,,1,SPI
SATF-522,SATF,522,Facility A Voc Dining,,,,,,,1997,3969,DINING/CAFETERIA,40247,522,10105,,1,SPI
SATF-523,SATF,523,Facility A Satellite Maintenance,,,,,,,1997,2550,CLASSROOM,40248,523,10105,,1,SPI
SATF-524,SATF,524,Facility A Volatile Storage,,,,,,,1997,100,SHED,40249,524,10105,,1,SPI
SATF-525,SATF,525,Facility A  Voc Ed,,,,,,,1997,13300,CLASSROOM,40250,525,10105,,1,SPI
SATF-526,SATF,526,Facility A  Voc Ed,,,,,,,1997,24920,CLASSROOM,40251,526,10105,,1,SPI
SATF-531,SATF,531,Facility B Work Change,,,,,,,1997,629,WORK CHANGE,40252,531,10105,,1,SPI
SATF-532,SATF,532,Facility B Voc Dining,,,,,,,1997,3969,DINING/CAFETERIA,40253,532,10105,,1,SPI
SATF-533,SATF,533,Facility B Satellite Maintenance,,,,,,,1997,2550,EQUIPMENT/MAINTENANCE BUILDING,40254,533,10105,,1,SPI
SATF-534,SATF,534,Facility B Volatile Storage,,,,,,,1997,100,SHED,40255,534,10105,,1,SPI
SATF-535,SATF,535,Facility B  Voc Ed,,,,,,,1997,18200,CLASSROOM,40256,535,10105,,1,SPI
SATF-536,SATF,536,Facility B  Voc Ed,,,,,,,1997,12950,CLASSROOM,40257,536,10105,,1,SPI
SATF-537,SATF,537,Central Library / Media Center,,,,,,,1997,5111,LIBRARY,40258,537,10105,,1,SPI
SATF-541,SATF,541,Facility C Work Change,,,,,,,1997,629,WORK CHANGE,40259,541,10105,,1,SPI
SATF-542,SATF,542,19 - Station Hemodialysis Clinic,,,,,,,1997,4752,HOSPITAL/CLINIC/TREATMENT CENTER,40260,542,10105,,1,SPI
SATF-543,SATF,543,Central Building Maintenance,,,,,,,1997,2550,EQUIPMENT/MAINTENANCE BUILDING,40261,543,10105,,1,SPI
SATF-544,SATF,544,Facility C Volatile Storage,,,,,,,1997,100,SHED,40262,544,10105,,1,SPI
SATF-545,SATF,545,Central Building Maintenance,,,,,,,1997,9520,EQUIPMENT/MAINTENANCE BUILDING,40263,545,10105,,1,SPI
SATF-546,SATF,546,Central Building Maintenance,,,,,,,1997,20160,EQUIPMENT/MAINTENANCE BUILDING,40264,546,10105,,1,SPI
SATF-551,SATF,551,Facility D Work Change,,,,,,,1997,629,WORK CHANGE,40265,551,10105,,1,SPI
SATF-552,SATF,552,Facility D Voc Dining,,,,,,,1997,3969,DINING/CAFETERIA,40266,552,10105,,1,SPI
SATF-553,SATF,553,Pia Food Packaging Storage,,,,,,,1997,2550,STORAGE BUILDING,40267,553,10105,,1,SPI
SATF-554,SATF,554,Facility D Volatile Storage,,,,,,,1997,100,SHED,40268,554,10105,,1,SPI
SATF-555,SATF,555,Pia Food Packaging Enterprise,,,,,,,1997,20095,SHOP,40269,555,10105,,1,SPI
SATF-556,SATF,556,Facility D  Voc Ed,,,,,,,1997,10920,CLASSROOM,40270,556,10105,,1,SPI
SATF-557,SATF,557,Greenhouse,,,,,,,1997,675,NURSERY/GREENHOUSE,40271,557,10105,,1,SPI
SATF-561,SATF,561,Facility E Work Change,,,,,,,1997,629,WORK CHANGE,40272,561,10105,,1,SPI
SATF-562,SATF,562,Facility E Voc Dining,,,,,,,1997,3969,DINING/CAFETERIA,40273,562,10105,,1,SPI
SATF-563,SATF,563,Facility E Voc Ed,,,,,,,1997,11076,OFFICE (INSTITUTIONAL),40274,563,10105,,1,SPI
SATF-564,SATF,564,Facility E Volatile Storage,,,,,,,1997,100,SHED,40275,564,10105,,1,SPI
SATF-565,SATF,565,Facility E  Voc Ed,,,,,,,1997,18830,CLASSROOM,40276,565,10105,,1,SPI
SATF-566,SATF,566,Facility E  Voc Ed,,,,,,,1997,17220,CLASSROOM,40277,566,10105,,1,SPI
SATF-600,SATF,600,Switchgear Building,,,,,,,1997,1054,EQUIPMENT/MAINTENANCE BUILDING,40278,600,10105,,1,SPI
SATF-601,SATF,601,Standby Generator No. 1,,,,,,,1997,443,UTILITY,40279,601,10105,,1,SPI
SATF-602,SATF,602,Standby Generator No. 2,,,,,,,1997,443,UTILITY,40280,602,10105,,1,SPI
SATF-603,SATF,603,Standby Generator No. 3,,,,,,,1997,443,UTILITY,40281,603,10105,,1,SPI
SATF-604,SATF,604,Standby Generator No. 4,,,,,,,1997,443,UTILITY,40282,604,10105,,1,SPI
SATF-606,SATF,606,Ctc Generator,,,,,,,1997,124,UTILITY,40283,606,10105,,1,SPI
SATF-615,SATF,615,Centerforce,,,,,,,1997,1440,VISITATION FACILITY,40284,615,10105,,1,SPI
SATF-621,SATF,621,Facility A Storage Shed,,,,,,,1997,100,SHED,40285,621,10105,,1,SPI
SATF-631,SATF,631,Facility B Storage Shed,,,,,,,1997,100,SHED,40286,631,10105,,1,SPI
SATF-641,SATF,641,Facility C Storage Shed,,,,,,,1997,100,SHED,40287,641,10105,,1,SPI
SATF-651,SATF,651,Facility D Storage Shed,,,,,,,1997,100,SHED,40288,651,10105,,1,SPI
SATF-661,SATF,661,Facility E Storage Shed,,,,,,,1997,100,SHED,40289,661,10105,,1,SPI
SATF-671,SATF,671,Facility F Storage Shed,,,,,,,1997,100,SHED,40290,671,10105,,1,SPI
SATF-681,SATF,681,Facility G Storage Shed,,,,,,,1997,100,SHED,40291,681,10105,,1,SPI
SATF-701,SATF,701,Central Warehouse,,,,,,,1997,78550,WAREHOUSE,40292,701,10105,,1,SPI
SATF-702,SATF,702,Hazardous Material Storage,,,,,,,1997,880,SHED,40293,702,10105,,1,SPI
SATF-703,SATF,703,Rasp,,,,,,,1997,2639,EQUIPMENT/MAINTENANCE BUILDING,40294,703,10105,,1,SPI
SATF-704,SATF,704,Hazardous Material Storage,,,,,,,1997,688,SHED,40295,704,10105,,1,SPI
SATF-705,SATF,705,Garage / Grounds,,,,,,,1997,6120,GARAGE/PARKING STRUCTURE,40296,705,10105,,1,SPI
SATF-706,SATF,706,Fire House Dorm,,,,,,,1997,1694,FIREHOUSE/FOREST FIRE STATION,55037,706,10105,,1,SPI
SATF-707,SATF,707,Fire Extinguisher Building,,,,,,,1997,320,FIREHOUSE/FOREST FIRE STATION,55038,707,10105,,1,SPI
SATF-708,SATF,708,Volatile Storage Bldg.,,,,,,,1997,880,SHED,40570,708,10105,,1,SPI
SATF-800,SATF,800,Central Administration,,,,,,,1997,42306,OFFICE (INSTITUTIONAL),40297,800,10105,,1,SPI
SATF-801,SATF,801,West Visitor'S Entrance,,,,,,,1997,2969,LOOKOUT (GUARD STATION),40298,801,10105,,1,SPI
SATF-803,SATF,803,East Visitor'S Entrance,,,,,,,1997,2969,LOOKOUT (GUARD STATION),40300,803,10105,,1,SPI
SATF-804,SATF,804,Gate House,,,,,,,1997,120,LOOKOUT (GUARD STATION),40301,804,10105,,1,SPI
SATF-805,SATF,805,Armory/Locksmith,,,,,,,1997,2209,ARMORY,40302,805,10105,,1,SPI
SATF-806,SATF,806,Vehicle Sallyport,,,,,,,1997,120,LOOKOUT (GUARD STATION),40303,806,10105,,1,SPI
SATF-810,SATF,810,Administration Modulars,,,,,,,1997,8100,RELOCATABLE OFFICE,40305,810,10105,,1,SPI
SATF-831,SATF,831,Family Visiting/6-Station Hemodialysis,,,,,,,1997,5373,VISITATION FACILITY,40306,831,10105,,1,SPI
SATF-831A,SATF,831A,Hemodialysis Maintenance & Storage Bldg.,,,,,,,2006,288,EQUIPMENT/MAINTENANCE BUILDING,50548,831A,10105,,1,SPI
SATF-871,SATF,871,Family Visiting,,,,,,,1997,5425,VISITATION FACILITY,40307,871,10105,,1,SPI
SATF-central-health-services,SATF,,Central Health Services,,,,health_care,,,,,,,,,,2,Sep_2020_Quarterly-ADA_Final;September2021QuarterlyReport-ADA
SATF-central-health-services-building,SATF,,Central Health Services building,,,,health_care,,,,,,,,,,1,MPAR2022:P-1314-00201
SATF-spi40217,SATF,,Facility A Program And Gym,,,,,,,1997,25189,OFFICE (INSTITUTIONAL),40217,421/422,10105,,1,SPI
SATF-spi40220,SATF,,Facility B Program And Gym,,,,,,,1997,25189,OFFICE (INSTITUTIONAL),40220,431/432,10105,,1,SPI
SATF-spi40228,SATF,,Facility D Program And Gym,,,,,,,1997,25189,OFFICE (INSTITUTIONAL),40228,451/452,10105,,1,SPI
SATF-spi40231,SATF,,Facility E Program And Gym,,,,,,,1997,25189,OFFICE (INSTITUTIONAL),40231,461/462,10105,,1,SPI
SATF-spi40234,SATF,,Facility F Program And Life Skills,,,,,,,1997,10860,OFFICE (INSTITUTIONAL),40234,471/472,10105,,1,SPI
SATF-spi40239,SATF,,Facility G Program And Gym,,,,,,,1997,15047,OFFICE (INSTITUTIONAL),40239,481/482,10105,,1,SPI
SATF-spi50368,SATF,,Administrative Segregation Housing Unit,,,,,,,2002,25204,DORMITORY,50368,,10105,,1,SPI
SATF-spi51554,SATF,,10 Small Management Exercise Yards,,,,,,,2009,1500,SMALL MANAGEMENT EXERCISE YARDS,51554,,10105,,1,SPI
SCC-1,SCC,1,,,,Tuolumne,housing,,,,,,,,,,1,MPAR2022:P-1617-00136
SCC-2,SCC,2,,,,Tuolumne,housing,,,,,,,,,,2,MPAR2022:P-1617-00136;MPAR2023:P-2324-00033
SCC-3,SCC,3,,,,Tuolumne,housing,,,,,,,,,,1,MPAR2022:P-1617-00136
SCC-4,SCC,4,,,,Tuolumne,housing,,,,,,,,,,1,MPAR2022:P-1617-00136
SCC-5,SCC,5,,,,Tuolumne,housing,,,,,,,,,,1,MPAR2022:P-1617-00136
SCC-central-health-services,SCC,,Central Health Services,,,,health_care,,,,,,,,,,2,Sep_2020_Quarterly-ADA_Final;September2021QuarterlyReport-ADA
SCC-central-health-services-building,SCC,,Central Health Services Building,,,,health_care,,,,,,,,,,1,MPAR2022:P-1819-00143
SCC-clarifier-building,SCC,,Clarifier Building,,,,plant,,,,,,,,,,1,MPAR2022:P-2122-00156
SCC-health-care-administration-building,SCC,,Health Care Administration building,,,,admin,,,,,,,,,,2,Sep_2020_Quarterly-ADA_Final;September2021QuarterlyReport-ADA
SCC-main-medical-building,SCC,,Main Medical Building,,,,health_care,,,,,,,,,,1,MPAR2024:P-2021-00249
SCC-spi14739,SCC,,Tuolumne Admininstation,,,,,,,,26905,OFFICE (INSTITUTIONAL),14739,14739,35,,1,SPI
SCC-spi14740,SCC,,General Visiting And Facility Control,,,,,,,,6335,VISITATION FACILITY,14740,14740,35,,1,SPI
SCC-spi14741,SCC,,Food Service,,,,,,,,13865,DINING/CAFETERIA,14741,14741,35,,1,SPI
SCC-spi14742,SCC,,Visiting Processing,,,,,,,,1000,OFFICE (INSTITUTIONAL),14742,14742,35,,1,SPI
SCC-spi14743,SCC,,"Pia, Warehouse",,,,,,,,4100,STORAGE BUILDING,14743,14743,35,,1,SPI
SCC-spi14744,SCC,,Vocational Education,,,,,,,,22150,CLASSROOM,14744,14744,35,,1,SPI
SCC-spi14745,SCC,,Prison Industries Sewing,,,,,,,,14810,CLASSROOM,14745,14745,35,,1,SPI
SCC-spi14746,SCC,,Building Maintenance,,,,,,,,3120,SHOP,14746,14746,35,,1,SPI
SCC-spi14747,SCC,,Housing Unit Number One,,,,,,,,19578,DORMITORY,14747,14747,35,,1,SPI
SCC-spi14748,SCC,,Housing Unit Number Two,,,,,,,,19578,DORMITORY,14748,14748,35,,1,SPI
SCC-spi14749,SCC,,Housing Unit Number Three,,,,,,,,19578,DORMITORY,14749,14749,35,,1,SPI
SCC-spi14750,SCC,,Housing Unit Number Four,,,,,,,,19578,DORMITORY,14750,14750,35,,1,SPI
SCC-spi14751,SCC,,Housing Unit Number Five,,,,,,,,19578,DORMITORY,14751,14751,35,,1,SPI
SCC-spi14752,SCC,,Facility C Family Visiting Duplex #1,,,,,,,,540,VISITATION FACILITY,14752,14752,35,,1,SPI
SCC-spi14753,SCC,,Facility C Family Visiting Duplex #2,,,,,,,,540,VISITATION FACILITY,14753,14753,35,,1,SPI
SCC-spi14754,SCC,,Guard Tower Number Eight,,,,,,,,62,LOOKOUT (GUARD STATION),14754,14754,35,,1,SPI
SCC-spi14755,SCC,,Guard Tower Number Nine,,,,,,,,62,LOOKOUT (GUARD STATION),14755,14755,35,,1,SPI
SCC-spi14756,SCC,,Guard Tower Number Ten,,,,,,,,62,LOOKOUT (GUARD STATION),14756,14756,35,,1,SPI
SCC-spi14757,SCC,,Guard Tower Number Eleven,,,,,,,,62,LOOKOUT (GUARD STATION),14757,14757,35,,1,SPI
SCC-spi14758,SCC,,Guard Tower Number Twelve,,,,,,,,62,LOOKOUT (GUARD STATION),14758,14758,35,,1,SPI
SCC-spi14759,SCC,,Guard Tower Number Thirteen,,,,,,,,62,LOOKOUT (GUARD STATION),14759,,35,,1,SPI
SCC-spi14760,SCC,,Guard Tower Number Fourteen,,,,,,,,62,LOOKOUT (GUARD STATION),14760,14760,35,,1,SPI
SCC-spi14761,SCC,,Guard Tower Number Fifteen,,,,,,,,62,LOOKOUT (GUARD STATION),14761,14761,35,,1,SPI
SCC-spi14762,SCC,,Guard Tower Number Sixteen,,,,,,,,84,LOOKOUT (GUARD STATION),14762,14762,35,,1,SPI
SCC-spi14763,SCC,,Work Change,,,,,,,,650,OFFICE (INSTITUTIONAL),14763,14763,35,,1,SPI
SCC-spi14764,SCC,,Volatile Storage Building,,,,,,,,100,SHED,14764,14764,35,,1,SPI
SCC-spi14765,SCC,,Armory,,,,,,,,200,ARMORY,14765,14765,35,,1,SPI
SCC-spi14767,SCC,,Sallyport Gatehouse,,,,,,,,50,LOOKOUT (GUARD STATION),14767,14767,35,,1,SPI
SCC-spi14768,SCC,,"Fac C, Boiler Room",,,,,,,,1000,UTILITY,14768,14768,35,,1,SPI
SCC-spi14769,SCC,,Friends Outside,,,,,,,,1105,VISITATION FACILITY,14769,14769,35,,1,SPI
SCC-spi14770,SCC,,Administration Building,,,,,,,,24696,OFFICE (INSTITUTIONAL),14770,14770,35,,1,SPI
SCC-spi14771,SCC,,In Service Training Building Snackbar,,,,,,,,8365,CLASSROOM,14771,14771,35,,1,SPI
SCC-spi14772,SCC,,Business Services,,,,,,,,8696,OFFICE (INSTITUTIONAL),14772,14772,35,,1,SPI
SCC-spi14773,SCC,,Chapels,,,,,,,,11431,CHAPEL,14773,14773,35,,1,SPI
SCC-spi14774,SCC,,Main Medical/Academic Education Building,,,,,,,,33600,HOSPITAL/CLINIC/TREATMENT CENTER,14774,14774,35,,1,SPI
SCC-spi14775,SCC,,"Kitchen, Dining Rooms",,,,,,,,34000,DINING/CAFETERIA,14775,14775,35,,1,SPI
SCC-spi14776,SCC,,Activities Canteen Clothing,,,,,,,,23100,STORAGE BUILDING,14776,14776,35,,1,SPI
SCC-spi14777,SCC,,Medium Security Housing,,,,,,,,56122,DORMITORY,14777,14777,35,,1,SPI
SCC-spi14778,SCC,,Maintenance Vocational Shops,,,,,,,,30431,CLASSROOM,14778,14778,35,,1,SPI
SCC-spi14779,SCC,,Laundry Building,,,,,,,,13841,LAUNDRY,14779,14779,35,,1,SPI
SCC-spi14780,SCC,,Boiler Plant,,,,,,,,5370,UTILITY,14780,14780,35,,1,SPI
SCC-spi14781,SCC,,Firehouse,,,,,,,,3434,FIREHOUSE/FOREST FIRE STATION,14781,14781,35,,1,SPI
SCC-spi14782,SCC,,Forestry Training Program,,,,,,,,13380,STORAGE BUILDING,14782,14782,35,,1,SPI
SCC-spi14783,SCC,,Service Station,,,,,,,,1806,SERVICE STATION,14783,14783,35,,1,SPI
SCC-spi14784,SCC,,Support Warehouse,,,,,,,,36547,WAREHOUSE,14784,14784,35,,1,SPI
SCC-spi14785,SCC,,Facility A Minimum Housing,,,,,,,,53652,DORMITORY,14785,14785,35,,1,SPI
SCC-spi14786,SCC,,Maintenance Warehouse,,,,,,,,6400,STORAGE BUILDING,14786,14786,35,,1,SPI
SCC-spi14787,SCC,,Camp Office,,,,,,,,3152,OFFICE (INSTITUTIONAL),14787,14787,35,,1,SPI
SCC-spi14788,SCC,,Control Building,,,,,,,,767,OFFICE (INSTITUTIONAL),14788,14788,35,,1,SPI
SCC-spi14789,SCC,,Guard Post,,,,,,,,176,LOOKOUT (GUARD STATION),14789,14789,35,,1,SPI
SCC-spi14792,SCC,,Guard Tower Number One,,,,,,,,64,LOOKOUT (GUARD STATION),14792,14792,35,,1,SPI
SCC-spi14793,SCC,,Guard Tower Number Two,,,,,,,,64,LOOKOUT (GUARD STATION),14793,14793,35,,1,SPI
SCC-spi14794,SCC,,Guard Tower Number Three,,,,,,,,64,LOOKOUT (GUARD STATION),14794,14794,35,,1,SPI
SCC-spi14795,SCC,,Guard Tower Number Four,,,,,,,,64,LOOKOUT (GUARD STATION),14795,14795,35,,1,SPI
SCC-spi14796,SCC,,Guard Tower Number Five,,,,,,,,64,LOOKOUT (GUARD STATION),14796,14796,35,,1,SPI
SCC-spi14797,SCC,,Guard Tower Number Six,,,,,,,,64,LOOKOUT (GUARD STATION),14797,14797,35,,1,SPI
SCC-spi14798,SCC,,Guard Tower Number Seven,,,,,,,,64,LOOKOUT (GUARD STATION),14798,14798,35,,1,SPI
SCC-spi14799,SCC,,Employee Wellness Center,,,,,,,,1500,RECREATION BUILDING,14799,14799,35,,1,SPI
SCC-spi14800,SCC,,Facility A Counselors Trailer,,,,,,,,2144,RELOCATABLE OFFICE,14800,14800,35,,1,SPI
SCC-spi14801,SCC,,Investigative Services Unit,,,,,,,,1200,RESIDENCE (MULTI-FAMILY),14801,14801,35,,1,SPI
SCC-spi14802,SCC,,Facility B Counselors Trailor,,,,,,,,1800,RELOCATABLE OFFICE,14802,14802,35,,1,SPI
SCC-spi14803,SCC,,Firehouse Classroom And Workshop,,,,,,,,1760,FIREHOUSE/FOREST FIRE STATION,14803,14803,35,,1,SPI
SCC-spi14804,SCC,,Out Grounds Chemical Storage Trailer,,,,,,,,296,SHED,14804,14804,35,,1,SPI
SCC-spi14805,SCC,,Fire Extingusher Service Building,,,,,,,,186,SHED,14805,14805,35,,1,SPI
SCC-spi14806,SCC,,Grounds Keeper Tool Shed Plaza Area,,,,,,,,96,SHED,14806,14806,35,,1,SPI
SCC-spi14807,SCC,,Inmate Restroom,,,,,,,,54,COMFORT STATION/RESTROOMS/LAVATORIES,14807,14807,35,,1,SPI
SCC-spi14808,SCC,,Storage Shed At The Range Number One,,,,,,,,68,SHED,14808,14808,35,,1,SPI
SCC-spi14809,SCC,,Storage Shed At The Range,,,,,,,,68,SHED,14809,14809,35,,1,SPI
SCC-spi14810,SCC,,Grounds Keeper Tool Shed At The Range,,,,,,,,98,SHED,14810,14810,35,,1,SPI
SCC-spi14811,SCC,,Investigative Svces Unit Electrical Room,,,,,,,,86,SHED,14811,14811,35,,1,SPI
SCC-spi14812,SCC,,Transformer Bldg. Min.Family Visiting,,,,,,,,66,UTILITY,14812,14812,35,,1,SPI
SCC-spi14813,SCC,,Equipment Storage Building,,,,,,,,432,SHED,14813,14813,35,,1,SPI
SCC-spi14814,SCC,,Blower House-Tool Room Sewer Plant,,,,,,,,819,UTILITY,14814,14814,35,,1,SPI
SCC-spi14815,SCC,,Sewage Treatment Laboratory,,,,,,,,1447,UTILITY,14815,14815,35,,1,SPI
SCC-spi14816,SCC,,Pcb Storage,,,,,,,,1008,SHED,14816,14816,35,,1,SPI
SCC-spi14817,SCC,,Ecology Building,,,,,,,,2000,STORAGE BUILDING,14817,14817,35,,1,SPI
SCC-spi14818,SCC,,Water Treatment,,,,,,,,310,UTILITY,14818,14818,35,,1,SPI
SCC-spi14819,SCC,,Water Treatment Chemical Feed,,,,,,,,240,UTILITY,14819,14819,35,,1,SPI
SCC-spi14820,SCC,,Booster Pump House,,,,,,,,380,UTILITY,14820,14820,35,,1,SPI
SCC-spi14824,SCC,,Storage Maintenance Corporation Yard,,,,,,,,520,SHED,14824,14824,35,,1,SPI
SCC-spi15558,SCC,,Booster Pump Station,,,,,,,,328,UTILITY,15558,15558,35,,1,SPI
SCC-spi15570,SCC,,Inmate Rest Rooms,,,,,,,,144,COMFORT STATION/RESTROOMS/LAVATORIES,15570,15570,35,,1,SPI
SCC-spi39670,SCC,,Legal Records Annex,,,,,,,1997,1680,OFFICE (INSTITUTIONAL),39670,,35,,1,SPI
SCC-spi40625,SCC,,Sewer Plant Maintenance Shop,,,,,,,2000,1650,SHOP,40625,,35,,1,SPI
SCC-spi40626,SCC,,Chemical Storage Bldg.,,,,,,,2000,800,STORAGE BUILDING,40626,,35,,1,SPI
SCC-spi44261,SCC,,Lock Shop,,,,,,,2001,608,SHOP,44261,,35,,1,SPI
SCC-spi44263,SCC,,Waste Water Treatment Plant,,,,,,,2001,0,UTILITY,44263,,35,,1,SPI
SCC-spi44264,SCC,,Admin Classification Bldg.,,,,,,,2002,594,CLASSROOM,44264,,35,,1,SPI
SCC-spi44460,SCC,,Sap-Tuolumne / Relocatable Office Space,,,,,,,1999,4260,RELOCATABLE OFFICE,44460,,35,,1,SPI
SCC-spi44461,SCC,,Plant Operations Office Space/Modulars,,,,,,,1988,1440,RELOCATABLE OFFICE,44461,,35,,1,SPI
SCC-spi4821,SCC,,Sapms Baseline/Reloctable Office,,,,,,,1999,4260,RELOCATABLE OFFICE,4821,,35,,1,SPI
SCC-spi51576,SCC,,20 Small Management Exercise Yards,,,,,,,2009,3000,SMALL MANAGEMENT EXERCISE YARDS,51576,,35,,1,SPI
SCC-spi977,SCC,,Fire Captain Quarters,,,,,,,1983,1440,RELOCATABLE OFFICE,977,,35,,1,SPI
SOL-1,SOL,1,Building 1,,,,,,,,25050,DORMITORY,15260,H-01,10104,,1,SPI
SOL-10,SOL,10,Building 10,,,,housing,ASU,,,24662,DORMITORY,15269,H-10,10104,,4,SPI;MPAR2022:P-1718-00130;Sep_2020_Quarterly-ADA_Final;September2021QuarterlyReport-ADA
SOL-101,SOL,101,Recycling And Salvage Program,,,,,,,1990,10050,EQUIPMENT/MAINTENANCE BUILDING,44055,101,10104,,1,SPI
SOL-11,SOL,11,Building 11,,,,,,,,24662,DORMITORY,15670,H-11,10104,,1,SPI
SOL-12,SOL,12,Building 12,,,,housing,,,,25050,DORMITORY,15671,H-12,10104,,3,SPI;Sep_2020_Quarterly-ADA_Final;September2021QuarterlyReport-ADA
SOL-13,SOL,13,Building 13,,,,,,,,25050,DORMITORY,15272,H-13,10104,,1,SPI
SOL-14,SOL,14,Building 14,,,,,,,,25050,DORMITORY,15273,H-14,10104,,1,SPI
SOL-15,SOL,15,Building 15,,,,,,,,25050,DORMITORY,15274,H-15,10104,,1,SPI
SOL-16,SOL,16,"Building No. 16, Housing Unit",,,,,,,1997,13244,DORMITORY,39031,,10104,,1,SPI
SOL-17,SOL,17,"Building No. 17, Housing Unit",,,,,,,1997,13244,DORMITORY,39032,,10104,,1,SPI
SOL-18,SOL,18,"Building No. 18, Housing Unit",,,,,,,1997,13244,DORMITORY,39033,,10104,,1,SPI
SOL-19,SOL,19,"Building No. 19, Housing Unit",,,,,,,1997,13244,DORMITORY,39034,,10104,,1,SPI
SOL-2,SOL,2,Building 2,,,,,,,,24662,DORMITORY,15261,H-02,10104,,1,SPI
SOL-20,SOL,20,Building 20,,,,,,,,25050,DORMITORY,15275,H-16,10104,,1,SPI
SOL-205,SOL,205,Records Modular #1,,,,,,,1993,1560,RELOCATABLE OFFICE,44056,205,10104,,1,SPI
SOL-206,SOL,206,Records Modular #2,,,,,,,1993,1560,RELOCATABLE OFFICE,44057,206,10104,,1,SPI
SOL-207,SOL,207,Records Modular #3,,,,,,,1993,1560,RELOCATABLE OFFICE,44058,207,10104,,1,SPI
SOL-208,SOL,208,Records Modular #4,,,,,,,1993,1560,RELOCATABLE OFFICE,44059,208,10104,,1,SPI
SOL-21,SOL,21,Building 21,,,,,,,,25050,DORMITORY,15276,H-17,10104,,1,SPI
SOL-210,SOL,210,Range Control Room,,,,,,,1994,144,SECURITY ROOM,44060,210,10104,,1,SPI
SOL-22,SOL,22,Building 22,,,,,,,,25050,DORMITORY,15277,H-18,10104,,1,SPI
SOL-23,SOL,23,Building 23,,,,,,,,25050,DORMITORY,15278,H-19,10104,,1,SPI
SOL-24,SOL,24,"Building No. 24, Housing Unit",,,,,,,1997,13244,DORMITORY,39035,,10104,,1,SPI
SOL-3,SOL,3,Building 3,,,,,,,,24662,DORMITORY,15262,H-03,10104,,1,SPI
SOL-4,SOL,4,Building 4,,,,,,,,24662,DORMITORY,15263,H-04,10104,,1,SPI
SOL-5,SOL,5,Building 5,,,,,,,,24662,DORMITORY,15264,H-05,10104,,1,SPI
SOL-510,SOL,510,Modular Building,,,,,,,2000,2100,RELOCATABLE OFFICE,4725,510,10104,,1,SPI
SOL-512,SOL,512,Medical Storage,,,,,,,2003,1975,STORAGE BUILDING,44469,512,10104,,1,SPI
SOL-6,SOL,6,Building 6,,,,,,,,25050,DORMITORY,15265,H-06,10104,,1,SPI
SOL-605,SOL,605,Level 3 Work Change,,,,,,,,800,SHED,15291,605,10104,,1,SPI
SOL-7,SOL,7,Building 7,,,,housing,,,,25050,DORMITORY,15266,H-07,10104,,3,SPI;Sep_2020_Quarterly-ADA_Final;September2021QuarterlyReport-ADA
SOL-8,SOL,8,Building 8,,,,housing,,,,24662,DORMITORY,15267,H-08,10104,,3,SPI;Sep_2020_Quarterly-ADA_Final;September2021QuarterlyReport-ADA
SOL-808,SOL,808,Level 2 Work Change,,,,,,,,800,SHED,15295,808,10104,,1,SPI
SOL-812,SOL,812,"Building No. 812 - Education, Class Room",,,,,,,1997,4320,CLASSROOM,39028,,10104,,1,SPI
SOL-813,SOL,813,"Building No. 813 - Education, Class Room",,,,,,,1997,4320,CLASSROOM,39029,,10104,,1,SPI
SOL-814,SOL,814,"Building No. 814 - Education, Class Room",,,,,,,1997,4320,CLASSROOM,39026,,10104,,1,SPI
SOL-815,SOL,815,"Building No. 815 - Education, Class Room",,,,,,,1997,4320,CLASSROOM,39030,,10104,,1,SPI
SOL-816,SOL,816,Level Ii -Osap,,,,,,,1999,3600,CLASSROOM,44061,816,10104,,1,SPI
SOL-9,SOL,9,Building 9,,,,,,,,24662,DORMITORY,15268,H-09,10104,,1,SPI
SOL-central-health-services,SOL,,Central Health Services,,,,health_care,,,,,,,,,,3,MPAR2022:P-1213-00198;Sep_2020_Quarterly-ADA_Final;September2021QuarterlyReport-ADA
SOL-receiving-and-release,SOL,,Receiving and Release,,,,other,,,,,,,,,,1,MPAR2022:P-1213-00198
SOL-spi15256,SOL,,Administration Building,,,,,,,,20480,OFFICE (INSTITUTIONAL),15256,A-01,10104,,1,SPI
SOL-spi15257,SOL,,Ctrl Kitchen/Corr Treatment Ctr (Ctc),,,,,,,,47775,KITCHEN,15257,C-01,10104,,1,SPI
SOL-spi15258,SOL,,Level 3 Program Support,,,,,,,,77328,OFFICE (INSTITUTIONAL),15258,C-02,10104,,1,SPI
SOL-spi15259,SOL,,Level 2 Program Support,,,,,,,,108340,OFFICE (INSTITUTIONAL),15259,C-03,10104,,1,SPI
SOL-spi15279,SOL,,Metal Fab,,,,,,,,62682,SHOP,15279,I-01,10104,,1,SPI
SOL-spi15280,SOL,,Vehicle Repair,,,,,,,,41405,SHOP,15280,I-02,10104,,1,SPI
SOL-spi15281,SOL,,Pia Lens Lab / Voc. Ed.,,,,,,,,48960,SHOP,15281,I-03,10104,,1,SPI
SOL-spi15282,SOL,,Pia Warehouse,,,,,,,,79155,WAREHOUSE,15282,I-05,10104,,1,SPI
SOL-spi15283,SOL,,Bookbindry,,,,,,,,44000,SHOP,15283,I-07,10104,,1,SPI
SOL-spi15284,SOL,,Friendship House,,,,,,,,1440,VISITATION FACILITY,15284,P-09,10104,,1,SPI
SOL-spi15285,SOL,,Towers 1-15,,,,,,,,4755,LOOKOUT (GUARD STATION),15285,S-01-15,10104,,1,SPI
SOL-spi15286,SOL,,Office And Canine Housing,,,,,,,,680,OFFICE (INSTITUTIONAL),15286,S-16,10104,,1,SPI
SOL-spi15287,SOL,,Level 3 Visitor Processing,,,,,,,,1904,OFFICE (INSTITUTIONAL),15287,S-17,10104,,1,SPI
SOL-spi15288,SOL,,Central Control,,,,,,,,1165,LOOKOUT (GUARD STATION),15288,S-18,10104,,1,SPI
SOL-spi15289,SOL,,Custody \ R & R,,,,,,,,9152,LOOKOUT (GUARD STATION),15289,S-19,10104,,1,SPI
SOL-spi15290,SOL,,Armory,,,,,,,,1024,ARMORY,15290,S-20,10104,,1,SPI
SOL-spi15292,SOL,,Truck Sallyport,,,,,,,,268,LOOKOUT (GUARD STATION),15292,S-22,10104,,1,SPI
SOL-spi15293,SOL,,Gate House,,,,,,,,176,LOOKOUT (GUARD STATION),15293,S-23,10104,,1,SPI
SOL-spi15294,SOL,,Level 2 Visitor Processing,,,,,,,,1792,OFFICE (INSTITUTIONAL),15294,S-24,10104,,1,SPI
SOL-spi15296,SOL,,Service Building,,,,,,,,1570,UTILITY,15296,W-01,10104,,1,SPI
SOL-spi15297,SOL,,Maintenance Building,,,,,,,,11830,SHOP,15297,W-02,10104,,1,SPI
SOL-spi15298,SOL,,General Warehouse,,,,,,,,69256,WAREHOUSE,15298,W-03,10104,,1,SPI
SOL-spi15299,SOL,,Flammable Storage,,,,,,,,1536,STORAGE BUILDING,15299,W-04,10104,,1,SPI
SOL-spi15324,SOL,,Water Treatment Plant,,,,,,,,4000,UTILITY,15324,WPP,10104,,1,SPI
SOL-spi3472,SOL,,West Building,,,,,,,,17080,RELOCATABLE OFFICE,3472,,10104,,1,SPI
SOL-spi37657,SOL,,Relocatable Classroom,,,,,,,1993,2160,RELOCATABLE CLASSROOM,37657,,10104,,1,SPI
SOL-spi37673,SOL,,Modular Building,,,,,,,,720,RELOCATABLE OFFICE,37673,,10104,,1,SPI
SOL-spi39024,SOL,,Medical Annex,,,,,,,1997,1505,HOSPITAL/CLINIC/TREATMENT CENTER,39024,,10104,,1,SPI
SOL-spi39025,SOL,,"Bldg. No. 611 - Ist Training, Class Room",,,,,,,1997,1536,CLASSROOM,39025,,10104,,1,SPI
SOL-spi39027,SOL,,"Bldg. No. 610 - Ist Training, Class Room",,,,,,,1997,1536,CLASSROOM,39027,,10104,,1,SPI
SOL-spi44471,SOL,,Osap Level Iii,,,,,,,2003,5700,OFFICE (INSTITUTIONAL),44471,,10104,,1,SPI
SOL-spi44508,SOL,,Correctional Clinical Case Management,,,,,,,2002,1853,OFFICE (INSTITUTIONAL),44508,,10104,,1,SPI
SOL-spi4666,SOL,,Modular Building,,,,,,,1999,4320,RELOCATABLE OFFICE,4666,,10104,,1,SPI
SOL-spi51147,SOL,,Dars Modular Building A,,,,,,,2008,6720,OFFICE (INSTITUTIONAL),51147,,10104,,1,SPI
SOL-spi51148,SOL,,Dars Modular Building B,,,,,,,2008,6720,OFFICE (INSTITUTIONAL),51148,,10104,,1,SPI
SOL-spi51546,SOL,,20 Small Management Exercise Yards,,,,,,,2009,3000,SMALL MANAGEMENT EXERCISE YARDS,51546,,10104,,1,SPI
SOL-spi5187,SOL,,Relocatable Office,,,,,,,2003,4760,RELOCATABLE OFFICE,5187,,10104,,1,SPI
SOL-spi56680,SOL,,Concrete Retention Pond & Pump Station,,,,,,,2017,6000,UTILITY,56680,,10104,,1,SPI
SOL-spi57618,SOL,,Ev Charging Stations (18-Level 2 Ports),,,,,,,2020,0,ELECTRIC VEHICLE CHARGING STATION,57618,,10104,,1,SPI
SQ-1,SQ,1,East Gate-Gift Shop & Visitor Waiting,,,,,,,1938,1058,VISITATION FACILITY,27179,SQ-B-1,52,,1,SPI
SQ-102,SQ,102,Lift Station,,,,,,,1986,1551,PUMP/WELL HOUSE,27260,SQ-B-102,52,,1,SPI
SQ-104,SQ,104,Gas Meter Building,,,,,,,1937,352,UTILITY,27261,SQ-B-104,52,,1,SPI
SQ-105,SQ,105,Booster Pumphouse,,,,,,,,168,PUMP/WELL HOUSE,27262,SQ-B-105,52,,1,SPI
SQ-11,SQ,11,Lactation Room,,,,,,,1946,264,LACTATION ROOM,27187,SQ-B-11,52,,1,SPI
SQ-110,SQ,110,Arc - Modular,,,,,,,1998,2304,RELOCATABLE OFFICE,43954,110,52,,1,SPI
SQ-13,SQ,13,Tower One Lift Station,,,,,,,,168,PUMP/WELL HOUSE,27189,SQ-B-13,52,,1,SPI
SQ-14,SQ,14,Snack Bar,,,,,,,1940,4000,CONCESSION,27190,SQ-B-14,52,,1,SPI
SQ-15,SQ,15,Employee Lounge,,,,,,,,1766,CONCESSION,27191,SQ-B-15,52,,1,SPI
SQ-18,SQ,18,Records Building,,,,,,,1896,47532,OFFICE (INSTITUTIONAL),27194,SQ-B-18,52,,1,SPI
SQ-19,SQ,19,Chapel Building,,,,,,,1961,7611,CHAPEL,27195,SQ-B-19,52,,1,SPI
SQ-2,SQ,2,Tamal Post Office,,,,,,,1886,2172,MUSEUM,27180,SQ-B-2,52,,1,SPI
SQ-20,SQ,20,Adjustment Center,,,,,,,1961,22548,DORMITORY,27196,SQ-B-20,52,,2,SPI;FINAL-San-Quentin-Report_1.3.24
SQ-21,SQ,21,Yard Office - 4 Post,,,,,,,1963,280,OFFICE (INSTITUTIONAL),27197,SQ-B-21,52,,1,SPI
SQ-22,SQ,22,Central Health Services Facility;New Central Health Services Building,,,,health_care,,,2009,132000,HOSPITAL/CLINIC/TREATMENT CENTER,51186,SQ-B-22,52,,2,SPI;MPAR2022:P-1718-00079
SQ-23,SQ,23,North Block,,,,housing,,,1932,65763,DORMITORY,27199,SQ-B-23,52,,3,SPI;FINAL-San-Quentin-Report_1.3.24;June2026QuarterlyReport-ADA
SQ-24,SQ,24,East Block,,,,housing,GP,,1928,67188,DORMITORY,27200,SQ-B-24,52,,6,SPI;December2025QuarterlyReport-ADAFinal;FINAL-San-Quentin-Report_1.3.24;MPAR2024:P-2324-00163;MPAR2025:P-2223-00071;MPAR2025:P-2526-00166
SQ-26,SQ,26,Food Service;Dining Halls and Kitchen,,,,kitchen,,,1912,47180,DINING/CAFETERIA,27201,SQ-B-26,52,,2,SPI;MPAR2022:P-1718-00079
SQ-27,SQ,27,Canteen,,,,,,,2000,2200,CONCESSION,27202,SQ-B-27,52,,1,SPI
SQ-28,SQ,28,South Block,,,,,,,1913,99111,DORMITORY,27203,SQ-B-28,52,,2,SPI;FINAL-San-Quentin-Report_1.3.24
SQ-29,SQ,29,Hospital And Clinic - Neumiller,,,,,,,1927,70884,HOSPITAL/CLINIC/TREATMENT CENTER,27204,SQ-B-29,52,,1,SPI
SQ-30,SQ,30,West Block,,,,,,,1927,68800,DORMITORY,27205,SQ-B-30,52,,2,SPI;FINAL-San-Quentin-Report_1.3.24
SQ-32,SQ,32,Vocational Building,,,,program,,,,,,,,,,5,FINAL-San-Quentin-Report_1.3.24;Sep_2020_Quarterly-ADA_Final;September2021QuarterlyReport-ADA;sen_sub5_agenda_vote_outcomes_2018-03-15;MPAR2022:P-1718-00133
SQ-33,SQ,33,Gymnasium,,,,,,,1966,27512,GYMNASIUM,27208,SQ-B-33,52,,1,SPI
SQ-34,SQ,34,Boiler House,,,,,,,1925,2728,UTILITY,27209,SQ-B-34,52,,1,SPI
SQ-36,SQ,36,Maximum Family Visiting,,,,,,,1977,1250,HOTEL/LODGE/CABIN,27211,SQ-B-36,52,,1,SPI
SQ-37,SQ,37,Mvb-Gate House,,,,,,,,657,LOOKOUT (GUARD STATION),27212,SQ-B-37,52,,1,SPI
SQ-38,SQ,38,former California Prison Industry Authority Warehouse;old Prison Industry Building,,,,,,,,,,,,,,5,December2025QuarterlyReport-ADAFinal;September_2025_Quarterly_Report-ADA;MPAR2023:P-2324-00002;sen_sub5_agenda_2025-03-06;FINAL-San-Quentin-Report_1.3.24
SQ-39,SQ,39,Mattress - Factory,,,,,,,1945,22723,SHOP,27214,SQ-B-39,52,,1,SPI
SQ-40,SQ,40,Storage,,,,,,,,308,STORAGE BUILDING,27215,SQ-B-40,52,,1,SPI
SQ-41,SQ,41,Vocational Building Maintenance,,,,,,,1945,6400,SHOP,27216,SQ-B-41,52,,1,SPI
SQ-42,SQ,42,Property Warehouse - Shoe Factory,,,,,,,1964,6000,STORAGE BUILDING,27217,SQ-B-42,52,,1,SPI
SQ-43,SQ,43,Mvb,,,,,,,1947,105300,SHOP,27218,SQ-B-43,52,,1,SPI
SQ-44,SQ,44,Sally Port,,,,,,,1947,232,LOOKOUT (GUARD STATION),27219,SQ-B-44,52,,1,SPI
SQ-45,SQ,45,Firehouse,,,,,,,1947,6478,FIREHOUSE/FOREST FIRE STATION,27220,SQ-B-45,52,,1,SPI
SQ-46,SQ,46,Warehouse 1,,,,,,,1904,3531,STORAGE BUILDING,27221,SQ-B-46,52,,1,SPI
SQ-48,SQ,48,Industries Warehouse,,,,,,,1957,36746,WAREHOUSE,27222,SQ-B-48,52,,1,SPI
SQ-50,SQ,50,"Warehouse 2, 3, 4 & 5",,,,,,,,3776,WAREHOUSE,27223,SQ-B-50,52,,1,SPI
SQ-51,SQ,51,Storage-Horse Barn,,,,,,,1913,8748,STORAGE BUILDING,27224,SQ-B-51,52,,1,SPI
SQ-52,SQ,52,Pumphouse - Salt Water - Pump & Pier,,,,,,,,460,PUMP/WELL HOUSE,27225,SQ-B-52,52,,1,SPI
SQ-53,SQ,53,Garage,,,,,,,1944,5346,SHOP,27226,SQ-B-53,52,,1,SPI
SQ-54,SQ,54,Vocational Auto Shop Classroom-Auto Bays,,,,,,,,5151,CLASSROOM,27228,SQ-B-54,52,,1,SPI
SQ-55,SQ,55,Maintenance Warehouse,,,,,,,1948,18000,WAREHOUSE,27227,SQ-B-55,52,,1,SPI
SQ-56,SQ,56,Clothing/Print Warehouse,,,,,,,1946,9848,STORAGE BUILDING,27229,SQ-B-56,52,,1,SPI
SQ-57,SQ,57,Warehouse 6,,,,,,,,165,STORAGE BUILDING,27230,SQ-B-57,52,,1,SPI
SQ-58,SQ,58,Property Storage,,,,,,,1964,910,STORAGE BUILDING,27231,SQ-B-58,52,,1,SPI
SQ-59,SQ,59,Minimum Family Visiting,,,,,,,1957,4704,HOTEL/LODGE/CABIN,27232,SQ-B-59,52,,1,SPI
SQ-6,SQ,6,In-Service-Training,,,,,,,1918,4074,CLASSROOM,27182,SQ-B-6,52,,1,SPI
SQ-60,SQ,60,Levee Gate,,,,,,,1946,108,LOOKOUT (GUARD STATION),27233,SQ-B-60,52,,1,SPI
SQ-62,SQ,62,Sewage Plant Complex,,,,,,,,775,UTILITY,27235,SQ-B-62,52,,1,SPI
SQ-63,SQ,63,Sewage Plant Disposal Office,,,,,,,,216,OFFICE (INSTITUTIONAL),27236,SQ-B-63,52,,1,SPI
SQ-64,SQ,64,Landscape Warehouse,,,,,,,1938,1708,STORAGE BUILDING,27237,SQ-B-64,52,,1,SPI
SQ-65,SQ,65,Landscape Office - Out Grounds,,,,,,,1938,1148,OFFICE (INSTITUTIONAL),27238,SQ-B-65,52,,1,SPI
SQ-66,SQ,66,Storage,,,,,,,,1708,OFFICE (INSTITUTIONAL),27239,SQ-B-66,52,,1,SPI
SQ-67,SQ,67,Detergent Plant,,,,,,,1906,14070,SHOP,27240,SQ-B-67,52,,1,SPI
SQ-68,SQ,68,Vector Control Office,,,,,,,,740,LAUNDRY,27241,SQ-B-68,52,,1,SPI
SQ-7,SQ,7,Procurement And Mail Room,,,,,,,1929,3860,OFFICE (INSTITUTIONAL),27183,SQ-B-7,52,,1,SPI
SQ-71,SQ,71,Ranch Mess Hall,,,,,,,,6360,DINING/CAFETERIA,27243,SQ-B-71,52,,1,SPI
SQ-73,SQ,73,Outside Construction Office & Tool Room,,,,,,,1950,2654,STORAGE BUILDING,27245,SQ-B-73,52,,1,SPI
SQ-74,SQ,74,Outside Construction Welding Shop,,,,,,,,540,SHOP,27246,SQ-B-74,52,,1,SPI
SQ-75,SQ,75,Outside Construction Paint Shop,,,,,,,,861,SHOP,27247,SQ-B-75,52,,1,SPI
SQ-76,SQ,76,Construction Shed,,,,,,,,9788,SHED,27248,SQ-B-76,52,,1,SPI
SQ-78,SQ,78,West Gate,,,,,,,1968,96,LOOKOUT (GUARD STATION),27249,SQ-B-78,52,,1,SPI
SQ-8,SQ,8,Administration,,,,,,,1918,13385,OFFICE (INSTITUTIONAL),27184,SQ-B-8,52,,1,SPI
SQ-80,SQ,80,Ranch Dorm A,,,,,,,,13104,DORMITORY,27250,SQ-B-80,52,,1,SPI
SQ-88,SQ,88,Laundry Distribution,,,,,,,,264,CONCESSION,27254,SQ-B-88,52,,1,SPI
SQ-89,SQ,89,Lower Yard Sergeant Shack,,,,,,,,54,OFFICE (INSTITUTIONAL),27255,SQ-B-89,52,,1,SPI
SQ-9,SQ,9,Electrical Sub Station,,,,,,,1945,1230,UTILITY,27185,SQ-B-9,52,,1,SPI
SQ-92,SQ,92,Lethal Injection Room,,,,,,,1983,630,RECREATION BUILDING,27258,SQ-B-92,52,,1,SPI
SQ-93,SQ,93,East Block Visiting,,,,,,,1981,3438,RECREATION BUILDING,27259,SQ-B-93,52,,1,SPI
SQ-A,SQ,A,,,,,program,,,,,,,,,,2,December2025QuarterlyReport-ADAFinal;September_2025_Quarterly_Report-ADA
SQ-B,SQ,B,,,,,program,,,,,,,,,,2,December2025QuarterlyReport-ADAFinal;September_2025_Quarterly_Report-ADA
SQ-C,SQ,C,,,,,program,,,,,,,,,,2,December2025QuarterlyReport-ADAFinal;September_2025_Quarterly_Report-ADA
SQ-D,SQ,D,,,,,program,,,,,,,,,,2,December2025QuarterlyReport-ADAFinal;September_2025_Quarterly_Report-ADA
SQ-boiler-building,SQ,,boiler building,,,,plant,,,,,,,,,,4,December2025QuarterlyReport-ADAFinal;MPAR2022:P-1314-00510;September2021QuarterlyReport-ADA;September_2025_Quarterly_Report-ADA
SQ-boiler-facility,SQ,,boiler facility,,,,plant,,,,,,,,,,2,Sep_2020_Quarterly-ADA_Final;September2021QuarterlyReport-ADA
SQ-boiler-plant-facility,SQ,,Boiler Plant Facility,,,,plant,,,,,,,,,,1,sen_sub5_agenda_vote_outcomes_2018-03-15
SQ-educational-and-vocational-center,SQ,,Educational and Vocational Center,,,,program,,,,,,,,,,1,MPAR2023:P-2324-00002
SQ-gym,SQ,,Gym,,,,recreation,,,,,,,,,,1,sen_sub5_agenda_vote_outcomes_2018-03-15
SQ-kitchen-bakery,SQ,,Kitchen/Bakery,,,,kitchen,,,,,,,,,,1,MPAR2022:P-2122-00115
SQ-main-kitchen,SQ,,Main Kitchen,,,,kitchen,,,,,,,,,,3,MPAR2022:P-1011-00212;MPAR2022:P-1617-00140;MPAR2024:P-1516-00130
SQ-north-dining-hall,SQ,,North Dining Hall,,,,kitchen,,,,,,,,,,1,MPAR2022:P-2122-00115
SQ-pipe-fitter-s-building,SQ,,pipe fitter's building,,,,,,,,,,,,,,3,December2025QuarterlyReport-ADAFinal;September2021QuarterlyReport-ADA;September_2025_Quarterly_Report-ADA
SQ-south-dining-hall,SQ,,South Dining Hall,,,,kitchen,,,,,,,,,,1,MPAR2022:P-2122-00115
SQ-spi15571,SQ,,Residence Staff Housing #1,,,,,,,1926,1211,RESIDENCE (SINGLE FAMILY),15571,SQ-R-1,52,,1,SPI
SQ-spi15572,SQ,,Residence Staff Housing #2,,,,,,,1926,1211,RESIDENCE (SINGLE FAMILY),15572,SQ-R-2,52,,1,SPI
SQ-spi15573,SQ,,Residence Staff Housing #3,,,,,,,1926,1211,RESIDENCE (SINGLE FAMILY),15573,SQ-R-3,52,,1,SPI
SQ-spi15574,SQ,,Residence Staff Housing #4,,,,,,,1926,1216,RESIDENCE (SINGLE FAMILY),15574,SQ-R-4,52,,1,SPI
SQ-spi15575,SQ,,Residence Staff Housing #5,,,,,,,1926,1211,RESIDENCE (SINGLE FAMILY),15575,SQ-R-5,52,,1,SPI
SQ-spi15576,SQ,,Residence Staff Housing #6,,,,,,,1926,1216,RESIDENCE (SINGLE FAMILY),15576,SQ-R-6,52,,1,SPI
SQ-spi15577,SQ,,Residence Staff Housing #7,,,,,,,1926,1211,RESIDENCE (SINGLE FAMILY),15577,SQ-R-7,52,,1,SPI
SQ-spi15578,SQ,,Residence Staff Housing #8,,,,,,,1926,1216,RESIDENCE (SINGLE FAMILY),15578,SQ-R-8,52,,1,SPI
SQ-spi15579,SQ,,Residence Staff Housing #9,,,,,,,1926,1211,RESIDENCE (SINGLE FAMILY),15579,SQ-R-9,52,,1,SPI
SQ-spi15580,SQ,,Residence Staff Housing #11,,,,,,,1926,1216,RESIDENCE (SINGLE FAMILY),15580,SQ-R-11,52,,1,SPI
SQ-spi15581,SQ,,Residence Staff Housing #12,,,,,,,1926,1211,RESIDENCE (SINGLE FAMILY),15581,SQ-R-12,52,,1,SPI
SQ-spi15582,SQ,,Residence Staff Housing #13,,,,,,,1926,1216,RESIDENCE (SINGLE FAMILY),15582,SQ-R-13,52,,1,SPI
SQ-spi15583,SQ,,Residence Staff Housing #14,,,,,,,1926,1211,RESIDENCE (SINGLE FAMILY),15583,SQ-R-14,52,,1,SPI
SQ-spi15584,SQ,,Residence Staff Housing #15,,,,,,,1926,1211,RESIDENCE (SINGLE FAMILY),15584,SQ-R-15,52,,1,SPI
SQ-spi15585,SQ,,Residence Staff Housing #16,,,,,,,1926,1211,RESIDENCE (SINGLE FAMILY),15585,SQ-R-16,52,,1,SPI
SQ-spi15586,SQ,,Residence Staff Housing #17,,,,,,,1926,1216,RESIDENCE (SINGLE FAMILY),15586,SQ-R-17,52,,1,SPI
SQ-spi15587,SQ,,Residence Staff Housing #18,,,,,,,1926,895,RESIDENCE (SINGLE FAMILY),15587,SQ-R-18,52,,1,SPI
SQ-spi15588,SQ,,Residence Staff Housing #19,,,,,,,1926,1211,RESIDENCE (SINGLE FAMILY),15588,SQ-R-19,52,,1,SPI
SQ-spi15589,SQ,,Residence Staff Housing #20,,,,,,,1926,762,RESIDENCE (SINGLE FAMILY),15589,SQ-R-20,52,,1,SPI
SQ-spi15590,SQ,,Residence Staff Housing #21,,,,,,,1926,1211,RESIDENCE (SINGLE FAMILY),15590,SQ-R-21,52,,1,SPI
SQ-spi15591,SQ,,Residence Staff Housing #22,,,,,,,1926,1028,RESIDENCE (SINGLE FAMILY),15591,SQ-R-22,52,,1,SPI
SQ-spi15592,SQ,,Residence Staff Housing #23,,,,,,,1926,1211,RESIDENCE (SINGLE FAMILY),15592,SQ-R-23,52,,1,SPI
SQ-spi15593,SQ,,Residence Staff Housing #24,,,,,,,1926,980,RESIDENCE (SINGLE FAMILY),15593,SQ-R-24,52,,1,SPI
SQ-spi15594,SQ,,Residence Staff Housing #25,,,,,,,1926,1211,RESIDENCE (SINGLE FAMILY),15594,SQ-R-25,52,,1,SPI
SQ-spi15595,SQ,,Residence Staff Housing #26,,,,,,,1902,1422,RESIDENCE (SINGLE FAMILY),15595,SQ-R-26,52,,1,SPI
SQ-spi15596,SQ,,Residence Staff Housing #27,,,,,,,1926,1287,RESIDENCE (SINGLE FAMILY),15596,SQ-R-27,52,,1,SPI
SQ-spi15597,SQ,,Residence Staff Housing #28,,,,,,,1902,1487,RESIDENCE (SINGLE FAMILY),15597,SQ-R-28,52,,1,SPI
SQ-spi15598,SQ,,Residence Staff Housing #29,,,,,,,1926,1338,RESIDENCE (SINGLE FAMILY),15598,SQ-R-29,52,,1,SPI
SQ-spi15599,SQ,,Residence Staff Housing #30,,,,,,,1902,1482,RESIDENCE (SINGLE FAMILY),15599,SQ-R-30,52,,1,SPI
SQ-spi15600,SQ,,Residence Staff Housing #31,,,,,,,1926,1338,RESIDENCE (SINGLE FAMILY),15600,SQ-R-31,52,,1,SPI
SQ-spi15601,SQ,,Residence Staff Housing #32,,,,,,,1902,1414,RESIDENCE (SINGLE FAMILY),15601,SQ-R-32,52,,1,SPI
SQ-spi15602,SQ,,Residence Staff Housing #34,,,,,,,1902,1459,RESIDENCE (SINGLE FAMILY),15602,SQ-R-34,52,,1,SPI
SQ-spi15603,SQ,,Residence Staff Housing #36,,,,,,,1902,1467,RESIDENCE (SINGLE FAMILY),15603,SQ-R-36,52,,1,SPI
SQ-spi15604,SQ,,Residence Staff Housing #38,,,,,,,1902,1438,RESIDENCE (SINGLE FAMILY),15604,SQ-R-38,52,,1,SPI
SQ-spi15605,SQ,,Residence Staff Housing #40,,,,,,,1902,1480,RESIDENCE (SINGLE FAMILY),15605,SQ-R-40,52,,1,SPI
SQ-spi15606,SQ,,Residence Staff Housing #42,,,,,,,1902,1287,RESIDENCE (SINGLE FAMILY),15606,SQ-R-42,52,,1,SPI
SQ-spi15607,SQ,,Residence Staff Housing #44,,,,,,,1902,1453,RESIDENCE (SINGLE FAMILY),15607,SQ-R-44,52,,1,SPI
SQ-spi15608,SQ,,Residence Staff Housing #46,,,,,,,1926,1180,RESIDENCE (SINGLE FAMILY),15608,SQ-R-46,52,,1,SPI
SQ-spi15609,SQ,,Residence Staff Housing #48,,,,,,,1926,983,RESIDENCE (SINGLE FAMILY),15609,SQ-R-48,52,,1,SPI
SQ-spi15610,SQ,,Residence Staff Housing #50,,,,,,,1926,1068,RESIDENCE (SINGLE FAMILY),15610,SQ-R-50,52,,1,SPI
SQ-spi15611,SQ,,Residence Staff Housing #52,,,,,,,1926,1012,RESIDENCE (SINGLE FAMILY),15611,SQ-R-52,52,,1,SPI
SQ-spi15612,SQ,,Residence Staff Housing #54,,,,,,,1939,1211,RESIDENCE (SINGLE FAMILY),15612,SQ-R-54,52,,1,SPI
SQ-spi15613,SQ,,Residence Staff Housing #56,,,,,,,1939,1197,RESIDENCE (SINGLE FAMILY),15613,SQ-R-56,52,,1,SPI
SQ-spi15614,SQ,,Residence Staff Housing #58,,,,,,,1939,1211,RESIDENCE (SINGLE FAMILY),15614,SQ-R-58,52,,1,SPI
SQ-spi15615,SQ,,Residence Staff Housing #60,,,,,,,1939,1211,RESIDENCE (SINGLE FAMILY),15615,SQ-R-60,52,,1,SPI
SQ-spi15616,SQ,,Residence Staff Housing #62,,,,,,,1939,1211,RESIDENCE (SINGLE FAMILY),15616,SQ-R-62,52,,1,SPI
SQ-spi15617,SQ,,Residence Staff Housing #64,,,,,,,1939,1211,RESIDENCE (SINGLE FAMILY),15617,SQ-R-64,52,,1,SPI
SQ-spi15618,SQ,,Residence Staff Housing #66,,,,,,,1939,1197,RESIDENCE (SINGLE FAMILY),15618,SQ-R-66,52,,1,SPI
SQ-spi15619,SQ,,Residence Staff Housing #68,,,,,,,1939,1239,RESIDENCE (SINGLE FAMILY),15619,SQ-R-68,52,,1,SPI
SQ-spi15620,SQ,,Residence Staff Housing #70,,,,,,,1939,1211,RESIDENCE (SINGLE FAMILY),15620,SQ-R-70,52,,1,SPI
SQ-spi15621,SQ,,Residence Staff Housing #71,,,,,,,1939,1211,RESIDENCE (SINGLE FAMILY),15621,SQ-R-71,52,,1,SPI
SQ-spi15622,SQ,,Residence Staff Housing #72,,,,,,,1939,1211,RESIDENCE (SINGLE FAMILY),15622,SQ-R-72,52,,1,SPI
SQ-spi15623,SQ,,Residence Staff Housing #73,,,,,,,1939,1211,RESIDENCE (SINGLE FAMILY),15623,SQ-R-73,52,,1,SPI
SQ-spi15624,SQ,,Residence Staff Housing #74,,,,,,,1939,1211,RESIDENCE (SINGLE FAMILY),15624,SQ-R-74,52,,1,SPI
SQ-spi15625,SQ,,Residence Staff Housing #75,,,,,,,1939,1211,RESIDENCE (SINGLE FAMILY),15625,SQ-R-75,52,,1,SPI
SQ-spi15626,SQ,,Residence Staff Housing #76,,,,,,,1939,1211,RESIDENCE (SINGLE FAMILY),15626,SQ-R-76,52,,1,SPI
SQ-spi15627,SQ,,Residence Staff Housing #77,,,,,,,1939,1211,RESIDENCE (SINGLE FAMILY),15627,SQ-R-77,52,,1,SPI
SQ-spi15628,SQ,,Residence Staff Housing #78,,,,,,,1939,1211,RESIDENCE (SINGLE FAMILY),15628,SQ-R-78,52,,1,SPI
SQ-spi15629,SQ,,Residence Staff Housing #80,,,,,,,1939,1211,RESIDENCE (SINGLE FAMILY),15629,SQ-R-80,52,,1,SPI
SQ-spi15630,SQ,,Personnel Office,,,,,,,1898,2400,OFFICE (INSTITUTIONAL),15630,B-4,52,,1,SPI
SQ-spi15631,SQ,,Residence #152,,,,,,,1898,1400,RESIDENCE (SINGLE FAMILY),15631,SQ-R-152,52,,1,SPI
SQ-spi27154,SQ,,Residence Staff Housing #112,,,,,,,1930,1248,RESIDENCE (MULTI-FAMILY),27154,SQ-R-112,52,,1,SPI
SQ-spi27155,SQ,,Residence Staff Housing #114,,,,,,,1930,1248,RESIDENCE (MULTI-FAMILY),27155,SQ-R-114,52,,1,SPI
SQ-spi27156,SQ,,Residence Staff Housing #116,,,,,,,1930,1248,RESIDENCE (MULTI-FAMILY),27156,SQ-R-116,52,,1,SPI
SQ-spi27157,SQ,,Residence Staff Housing #118,,,,,,,1930,1248,RESIDENCE (MULTI-FAMILY),27157,SQ-R-118,52,,1,SPI
SQ-spi27158,SQ,,Residence Staff Housing #120,,,,,,,1916,2498,RESIDENCE (SINGLE FAMILY),27158,SQ-R-120,52,,1,SPI
SQ-spi27159,SQ,,Residence Staff Housing #122,,,,,,,1916,2733,RESIDENCE (SINGLE FAMILY),27159,SQ-R-122,52,,1,SPI
SQ-spi27160,SQ,,Residence Staff Housing #124,,,,,,,1892,1670,RESIDENCE (SINGLE FAMILY),27160,SQ-R-124,52,,1,SPI
SQ-spi27161,SQ,,Residence Staff Housing #126,,,,,,,1892,2361,RESIDENCE (SINGLE FAMILY),27161,SQ-R-126,52,,1,SPI
SQ-spi27162,SQ,,Residence Staff Housing #128,,,,,,,1921,2949,RESIDENCE (SINGLE FAMILY),27162,SQ-R-128,52,,1,SPI
SQ-spi27163,SQ,,Residence Staff Housing #130,,,,,,,1922,1248,RESIDENCE (SINGLE FAMILY),27163,SQ-R-130,52,,1,SPI
SQ-spi27164,SQ,,Residence Staff Housing #134,,,,,,,1922,1680,RESIDENCE (SINGLE FAMILY),27164,SQ-R-134,52,,1,SPI
SQ-spi27165,SQ,,Residence Staff Housing #136,,,,,,,1922,1312,RESIDENCE (SINGLE FAMILY),27165,SQ-R-136,52,,1,SPI
SQ-spi27166,SQ,,Residence Staff Housing #138,,,,,,,1922,1460,RESIDENCE (SINGLE FAMILY),27166,SQ-R-138,52,,1,SPI
SQ-spi27167,SQ,,Residence Staff Housing #142,,,,,,,1922,1062,RESIDENCE (SINGLE FAMILY),27167,SQ-R-142,52,,1,SPI
SQ-spi27168,SQ,,Residence Staff Housing #144,,,,,,,1922,1768,RESIDENCE (SINGLE FAMILY),27168,SQ-R-144,52,,1,SPI
SQ-spi27169,SQ,,Residence Staff Housing #148,,,,,,,1892,1912,RESIDENCE (SINGLE FAMILY),27169,SQ-R-148,52,,1,SPI
SQ-spi27170,SQ,,Residence Staff Housing #150,,,,,,,1892,1892,RESIDENCE (SINGLE FAMILY),27170,SQ-R-150,52,,1,SPI
SQ-spi27171,SQ,,Residence Staff Housing #108,,,,,,,1898,3024,RESIDENCE (SINGLE FAMILY),27171,SQ-R-108,52,,1,SPI
SQ-spi27172,SQ,,Residence Staff Housing #201,,,,,,,1922,1130,RESIDENCE (SINGLE FAMILY),27172,SQ-R-201,52,,1,SPI
SQ-spi27173,SQ,,Residence Staff Housing #203,,,,,,,1922,1300,RESIDENCE (SINGLE FAMILY),27173,SQ-R-203,52,,1,SPI
SQ-spi27174,SQ,,Residence Staff Housing #204,,,,,,,1922,1320,RESIDENCE (SINGLE FAMILY),27174,SQ-R-204,52,,1,SPI
SQ-spi27175,SQ,,Residence Staff Housing #205,,,,,,,1922,1158,RESIDENCE (SINGLE FAMILY),27175,SQ-R-205,52,,1,SPI
SQ-spi27176,SQ,,Centerforce Visiting Housing,,,,,,,1922,1594,RESIDENCE (SINGLE FAMILY),27176,SQ-R-206,52,,1,SPI
SQ-spi27177,SQ,,Residence Staff Housing #207,,,,,,,1922,1218,RESIDENCE (SINGLE FAMILY),27177,SQ-R-207,52,,1,SPI
SQ-spi27178,SQ,,Residence Staff Housing #210,,,,,,,1955,2287,RESIDENCE (SINGLE FAMILY),27178,SQ-R-210,52,,1,SPI
SQ-spi27188,SQ,,Arsenal Tower,,,,,,,1932,1800,LOOKOUT (GUARD STATION),27188,SQ-B-12/T-1,52,,1,SPI
SQ-spi27251,SQ,,Rifle Range,,,,,,,1985,624,TRAINING FACILITY,27251,SQ-B-85,52,,1,SPI
SQ-spi27263,SQ,,Tower 2,,,,,,,1906,81,LOOKOUT (GUARD STATION),27263,SQ-T-2,52,,1,SPI
SQ-spi27264,SQ,,Tower 3,,,,,,,1959,81,LOOKOUT (GUARD STATION),27264,SQ-T-3,52,,1,SPI
SQ-spi27265,SQ,,Tower 4 Waterfront,,,,,,,,81,LOOKOUT (GUARD STATION),27265,SQ-T-4,52,,1,SPI
SQ-spi27266,SQ,,Tower 5 Levee Gate,,,,,,,1946,81,LOOKOUT (GUARD STATION),27266,SQ-T-5,52,,1,SPI
SQ-spi27269,SQ,,Tower 8 H Unit North,,,,,,,1980,100,LOOKOUT (GUARD STATION),27269,SQ-T-8,52,,1,SPI
SQ-spi27270,SQ,,Tower 9 H Unit,,,,,,,1995,100,LOOKOUT (GUARD STATION),27270,SQ-T-9,52,,1,SPI
SQ-spi27271,SQ,,Tower 10 H Unit,,,,,,,1995,100,LOOKOUT (GUARD STATION),27271,SQ-T-10,52,,1,SPI
SQ-spi36396,SQ,,Residence Housing & Friends Outside,,,,,,,1898,2736,RESIDENCE (MULTI-FAMILY),36396,SQ-R-101,52,,1,SPI
SQ-spi37709,SQ,,Armory,,,,,,,1990,1249,ARMORY,37709,,52,,1,SPI
SQ-spi39678,SQ,,H Unit - Dorm 1,,,,,,,1997,13244,DORMITORY,39678,,52,,1,SPI
SQ-spi39679,SQ,,H Unit - Dorm 2,,,,,,,1997,13244,DORMITORY,39679,,52,,1,SPI
SQ-spi39680,SQ,,H Unit - Dorm 3,,,,,,,1997,13244,DORMITORY,39680,,52,,1,SPI
SQ-spi39681,SQ,,H Unit - Dorm 4,,,,,,,1997,13244,DORMITORY,39681,,52,,1,SPI
SQ-spi39682,SQ,,H Unit - Dorm 5,,,,,,,1997,13244,DORMITORY,39682,,52,,1,SPI
SQ-spi44281,SQ,,Wall Post # 13,,,,,,,2001,96,LOOKOUT (GUARD STATION),44281,SQ WALLPOST 12,52,,1,SPI
SQ-spi44463,SQ,,H-Unit Administration,,,,,,,1997,13500,OFFICE (INSTITUTIONAL),44463,,52,,1,SPI
SQ-spi44464,SQ,,H-Unit Kitchen/Dining,,,,,,,1997,13500,DINING/CAFETERIA,44464,,52,,1,SPI
SQ-spi51183,SQ,,Upper Yard Medical,,,,,,,2008,8800,RELOCATABLE OFFICE,51183,,52,,1,SPI
SQ-spi51184,SQ,,Medical Warehouse,,,,,,,2009,7000,WAREHOUSE,51184,,52,,1,SPI
SQ-spi51185,SQ,,Decentralized Revocation Unit,,,,,,,2009,2880,OFFICE (INSTITUTIONAL),51185,,52,,1,SPI
SQ-spi51187,SQ,,Indoor Shooting Range,,,,,,,2008,3800,SHED,51187,SQ-B-85,52,,1,SPI
SQ-spi57612,SQ,,Ev Charging Stations (8-Level 2 Ports),,,,,,,2020,0,ELECTRIC VEHICLE CHARGING STATION,57612,,52,,1,SPI
SVSP-301,SVSP,301,Bldg 301 - Guard Tower 1,,,,,,,1996,338,LOOKOUT (GUARD STATION),39043,,10154,,1,SPI
SVSP-302,SVSP,302,Bldg 302 - Guard Tower 2,,,,,,,1996,338,LOOKOUT (GUARD STATION),39044,,10154,,1,SPI
SVSP-303,SVSP,303,Bldg 303 - Guard Tower 3,,,,,,,1996,338,LOOKOUT (GUARD STATION),39045,,10154,,1,SPI
SVSP-304,SVSP,304,Bldg 304 - Guard Tower 4,,,,,,,1996,338,LOOKOUT (GUARD STATION),39046,,10154,,1,SPI
SVSP-305,SVSP,305,Bldg 305 - Guard Tower 5,,,,,,,1996,338,LOOKOUT (GUARD STATION),39047,,10154,,1,SPI
SVSP-306,SVSP,306,Bldg 306 - Guard Tower 6,,,,,,,1996,338,LOOKOUT (GUARD STATION),39048,,10154,,1,SPI
SVSP-307,SVSP,307,Bldg 307 - Guard Tower 7,,,,,,,1996,338,LOOKOUT (GUARD STATION),39049,,10154,,1,SPI
SVSP-308,SVSP,308,Bldg 308 - Guard Tower 8,,,,,,,1996,338,LOOKOUT (GUARD STATION),39050,,10154,,1,SPI
SVSP-309,SVSP,309,Bldg 309 - Guard Tower 9,,,,,,,1996,338,LOOKOUT (GUARD STATION),39051,,10154,,1,SPI
SVSP-310,SVSP,310,Bldg 310 - Guard Tower 10,,,,,,,1996,338,LOOKOUT (GUARD STATION),39052,,10154,,1,SPI
SVSP-311,SVSP,311,Bldg 311 - Guard Tower 11,,,,,,,1996,338,LOOKOUT (GUARD STATION),39053,,10154,,1,SPI
SVSP-312,SVSP,312,Bldg 312 - Guard Tower 12,,,,,,,1996,338,LOOKOUT (GUARD STATION),39054,,10154,,1,SPI
SVSP-313,SVSP,313,Bldg 313 - Guard Tower 13,,,,,,,1996,338,LOOKOUT (GUARD STATION),39055,,10154,,1,SPI
SVSP-321,SVSP,321,Bldg 321 - 270 Housing (Level Iv),,,,,,,1996,24435,DORMITORY,39056,,10154,,1,SPI
SVSP-322,SVSP,322,Bldg 322 - 270 Housing (Level Iv),,,,,,,1996,24435,DORMITORY,39057,,10154,,1,SPI
SVSP-323,SVSP,323,Bldg 323 - 270 Housing (Level Iv),,,,,,,1996,24435,DORMITORY,39058,,10154,,1,SPI
SVSP-324,SVSP,324,Bldg 324 - 270 Housing (Level Iv),,,,,,,1996,24435,DORMITORY,39059,,10154,,1,SPI
SVSP-325,SVSP,325,Bldg 325 - 270 Housing (Level Iv),,,,,,,1996,25085,DORMITORY,39060,,10154,,3,SPI;Sep_2020_Quarterly-ADA_Final;September2021QuarterlyReport-ADA
SVSP-326,SVSP,326,Bldg 326 - 270 Housing (Level Iv),,,,,,,1996,24435,DORMITORY,39061,,10154,,1,SPI
SVSP-327,SVSP,327,Bldg 327 - 270 Housing (Level Iv),,,,,,,1996,24435,DORMITORY,39062,,10154,,1,SPI
SVSP-328,SVSP,328,Bldg 328 - 270 Housing (Level Iv),,,,,,,1996,24435,DORMITORY,39063,,10154,,1,SPI
SVSP-329,SVSP,329,Bldg 329 - 270 Housing (Level Iv),,,,,,,1996,24435,DORMITORY,39064,,10154,,1,SPI
SVSP-330,SVSP,330,Bldg 330 - 270 Housing (Level Iv),,,,,,,1996,24435,DORMITORY,39065,,10154,,1,SPI
SVSP-331,SVSP,331,Bldg 331 - 180 Housing (Level Iv),,,,,,,1996,46540,DORMITORY,39066,,10154,,1,SPI
SVSP-332,SVSP,332,Bldg 332 - 180 Housing (Level Iv),,,,,,,1996,46540,DORMITORY,39067,,10154,,1,SPI
SVSP-333,SVSP,333,Bldg 333 - 180 Housing (Level Iv),,,,,,,1996,46540,DORMITORY,39068,,10154,,1,SPI
SVSP-334,SVSP,334,Bldg 334 - 180 Housing (Level Iv),,,,,,,1996,46540,DORMITORY,39069,,10154,,1,SPI
SVSP-335,SVSP,335,Bldg 335 - 180 Housing (Level Iv),,,,,,,1996,46540,DORMITORY,39070,,10154,,1,SPI
SVSP-336,SVSP,336,Bldg 336 - 180 Housing (Level Iv),,,,,,,1996,46540,DORMITORY,39071,,10154,,1,SPI
SVSP-337,SVSP,337,Bldg 337 - 180 Housing (Level Iv),,,,,,,1996,46540,DORMITORY,39072,,10154,,1,SPI
SVSP-338,SVSP,338,Bldg 338 - 180 Housing (Level Iv),,,,,,,1996,46540,DORMITORY,39073,,10154,,1,SPI
SVSP-420,SVSP,420,Bldg 420 - Central Operations,,,,,,,1996,6165,OFFICE (INSTITUTIONAL),39074,,10154,,2,SPI;MPAR2025:P-2526-00167
SVSP-421,SVSP,421,Bldg 421 - Fac A Program & Support Svcs,,,,,,,1996,18093,OFFICE (INSTITUTIONAL),39075,,10154,,1,SPI
SVSP-422,SVSP,422,Bldg 422 - Gymnasium (Facility A),,,,,,,1996,7392,GYMNASIUM,39076,,10154,,1,SPI
SVSP-423,SVSP,423,Bldg 423 - Facility Food Svcs Satellite,,,,,,,1996,12692,DINING/CAFETERIA,39077,,10154,,1,SPI
SVSP-430,SVSP,430,Bldg 430 - Central Control,,,,,,,1996,20032,VISITATION FACILITY,39078,,10154,,1,SPI
SVSP-431,SVSP,431,Bldg 431 - Fac B Program & Support Svcs,,,,,,,1996,17778,OFFICE (INSTITUTIONAL),39079,,10154,,1,SPI
SVSP-432,SVSP,432,Bldg 432 - Gymnasium (Facility B),,,,,,,1996,7593,GYMNASIUM,39080,,10154,,1,SPI
SVSP-433,SVSP,433,Bldg 433 - Facility Food Svcs Satellite,,,,,,,1996,12692,DINING/CAFETERIA,39082,,10154,,1,SPI
SVSP-440,SVSP,440,Bldg 440 - Complex Control,,,,,,,1996,20032,VISITATION FACILITY,39083,,10154,,1,SPI
SVSP-441,SVSP,441,Bldg 441 - Fac C Program & Support Svcs,,,,,,,1996,17778,OFFICE (INSTITUTIONAL),39084,,10154,,1,SPI
SVSP-442,SVSP,442,Bldg 442 - Gymnasium (Facility C),,,,,,,1996,7593,GYMNASIUM,39085,,10154,,1,SPI
SVSP-443,SVSP,443,Bldg 443 - Yard Gun Post (Facility C),,,,,,,1996,115,LOOKOUT (GUARD STATION),39086,,10154,,1,SPI
SVSP-444,SVSP,444,Bldg 444 - Yard Gun Post (Facility C),,,,,,,1996,115,LOOKOUT (GUARD STATION),39087,,10154,,1,SPI
SVSP-451,SVSP,451,Bldg 451 - Fac D Program & Support Svcs,,,,,,,1996,17778,OFFICE (INSTITUTIONAL),39088,,10154,,1,SPI
SVSP-452,SVSP,452,Bldg 452 - Gymnasium (Facility D),,,,,,,1996,7593,GYMNASIUM,39089,,10154,,1,SPI
SVSP-453,SVSP,453,Bldg 453 - Yard Gun Post (Facility D),,,,,,,1996,115,LOOKOUT (GUARD STATION),39090,,10154,,1,SPI
SVSP-454,SVSP,454,Bldg 454 - Yard Gun Post (Facility D),,,,,,,1996,115,LOOKOUT (GUARD STATION),39091,,10154,,1,SPI
SVSP-460,SVSP,460,Bldg 460 - Receiving And Release,,,,,,,1996,4966,OFFICE (INSTITUTIONAL),39092,,10154,,1,SPI
SVSP-461,SVSP,461,Bldg 461 - Central Health Building,,,,,,,1996,31239,HOSPITAL/CLINIC/TREATMENT CENTER,39093,,10154,,2,SPI;MPAR2025:P-2526-00167
SVSP-462,SVSP,462,Bldg 462 - Central Kitchen,,,,,,,1996,20740,KITCHEN,39094,,10154,,3,SPI;MPAR2024:P-2324-00137;MPAR2025:P-2526-00162
SVSP-464,SVSP,464,Bldg 464 - Steam Generation Building,,,,,,,1996,2154,UTILITY,39095,,10154,,1,SPI
SVSP-465,SVSP,465,"Bldg 465, Mental Health Center",,,,,,,1999,7500,HOSPITAL/CLINIC/TREATMENT CENTER,39545,,10154,,1,SPI
SVSP-468,SVSP,468,Bldg 468 Admin Segregation Housing Unit,,,,,,,2003,25204,DORMITORY,50365,,10154,,1,SPI
SVSP-470,SVSP,470,Bldg 470 General Pop/Outpatient Trtmnt,,,,,,,2014,27100,HOSPITAL/CLINIC/TREATMENT CENTER,55452,,10154,,1,SPI
SVSP-471,SVSP,471,Bldg 471 Asu Primary Care Clinic,,,,,,,2018,2576,HOSPITAL/CLINIC/TREATMENT CENTER,57269,471,10154,,1,SPI
SVSP-484,SVSP,484,Bldg 484 - Centralized Retherm Kitchen,,,,,,,1996,7919,KITCHEN,39096,,10154,,3,SPI;MPAR2024:P-2324-00137;MPAR2025:P-2526-00162
SVSP-521,SVSP,521,Bldg 521 - Vocational Education (Fac A),,,,,,,1996,6712,CLASSROOM,39097,,10154,,1,SPI
SVSP-521A,SVSP,521A,Bldg 521A - Vocational Ed - Greenhouse,,,,,,,1996,640,NURSERY/GREENHOUSE,39098,,10154,,1,SPI
SVSP-522,SVSP,522,Bldg 522 - Vocational Education (Fac A),,,,,,,1996,15260,CLASSROOM,39099,,10154,,1,SPI
SVSP-523,SVSP,523,Bldg 523 - Vocational Education (Fac B),,,,,,,1996,22120,CLASSROOM,39100,,10154,,1,SPI
SVSP-524,SVSP,524,Bldg 524 - Vocational Education (Fac B),,,,,,,1996,19740,CLASSROOM,39101,,10154,,1,SPI
SVSP-525,SVSP,525,Bldg 525 - Vocational Education (Fac C),,,,,,,1996,20160,CLASSROOM,39102,,10154,,1,SPI
SVSP-526,SVSP,526,Bldg 526 - Vocational Education (Fac C),,,,,,,1996,18760,CLASSROOM,39103,,10154,,1,SPI
SVSP-527,SVSP,527,Bldg 527 - Vocational Education (Fac D),,,,,,,1996,19180,CLASSROOM,39104,,10154,,1,SPI
SVSP-528,SVSP,528,Bldg 528 - Vocational Education (Fac D),,,,,,,1996,11410,CLASSROOM,39105,,10154,,1,SPI
SVSP-531,SVSP,531,Bldg 531 - Work Zone Food Satellite,,,,,,,1996,3969,DINING/CAFETERIA,39106,,10154,,1,SPI
SVSP-532,SVSP,532,Bldg 532 - Work Zone Food Satellite,,,,,,,1996,3969,DINING/CAFETERIA,39107,,10154,,1,SPI
SVSP-533,SVSP,533,Bldg 533 - Work Zone Food Satellite,,,,,,,1996,3969,DINING/CAFETERIA,39108,,10154,,1,SPI
SVSP-534,SVSP,534,Bldg 534 - Work Zone Food Satellite,,,,,,,1996,3969,DINING/CAFETERIA,39109,,10154,,1,SPI
SVSP-541,SVSP,541,Bldg 541 - Central Library (Facility B),,,,,,,1996,5040,LIBRARY,39110,,10154,,1,SPI
SVSP-551,SVSP,551,Bldg 551 - Bldg Maintenance Satellite,,,,,,,1996,2550,EQUIPMENT/MAINTENANCE BUILDING,39111,,10154,,1,SPI
SVSP-552,SVSP,552,Bldg 552 - Bldg Maintenance Satellite,,,,,,,1996,2550,EQUIPMENT/MAINTENANCE BUILDING,39112,,10154,,1,SPI
SVSP-553,SVSP,553,Bldg 553 - Central Building Maintenance,,,,,,,1996,8100,EQUIPMENT/MAINTENANCE BUILDING,39113,,10154,,1,SPI
SVSP-554,SVSP,554,Bldg 554 - Bldg Maintenance Satellite,,,,,,,1996,2550,EQUIPMENT/MAINTENANCE BUILDING,39114,,10154,,1,SPI
SVSP-561,SVSP,561,Bldg 561 - Work Change (Facility A),,,,,,,1996,625,WORK CHANGE,39115,,10154,,1,SPI
SVSP-562,SVSP,562,Bldg 562 - Work Change (Facility B),,,,,,,1996,625,WORK CHANGE,39116,,10154,,1,SPI
SVSP-563,SVSP,563,Bldg 563 - Work Change (Facility C),,,,,,,1996,625,WORK CHANGE,39117,,10154,,1,SPI
SVSP-564,SVSP,564,Bldg 564 - Work Change (Facility D),,,,,,,1996,625,WORK CHANGE,39118,,10154,,1,SPI
SVSP-571,SVSP,571,Bldg 571 - Volatile Storage Building,,,,,,,1996,100,SHED,39119,,10154,,1,SPI
SVSP-572,SVSP,572,Bldg 572 - Volatile Storage Building,,,,,,,1996,100,SHED,39120,,10154,,1,SPI
SVSP-573,SVSP,573,Bldg 573 - Volatile Storage Building,,,,,,,1996,100,SHED,39121,,10154,,1,SPI
SVSP-574,SVSP,574,Bldg 574 - Volatile Storage Building,,,,,,,1996,100,SHED,39122,,10154,,1,SPI
SVSP-575,SVSP,575,Bldg 575 - Volatile Storage Building,,,,,,,1996,800,SHED,39123,,10154,,1,SPI
SVSP-605,SVSP,605,Bldg 605 - Water Supply Pump Station,,,,,,,1996,1650,PUMP/WELL HOUSE,39124,,10154,,1,SPI
SVSP-610,SVSP,610,"Bldg 610, Visiting Center Trailer",,,,,,,1996,1440,VISITATION FACILITY,39546,,10154,,1,SPI
SVSP-701,SVSP,701,Bldg 701 - Central Warehouse,,,,,,,1996,52017,WAREHOUSE,39125,,10154,,1,SPI
SVSP-702,SVSP,702,Bldg 702 - Laundry Staging (Warehouse),,,,,,,1996,1104,WAREHOUSE,39126,,10154,,1,SPI
SVSP-703,SVSP,703,Bldg 703 - Hazardous Materials Building,,,,,,,1996,850,SHED,39127,,10154,,1,SPI
SVSP-704,SVSP,704,Bldg 704 - Building/Grounds Maintenance,,,,,,,1996,1883,EQUIPMENT/MAINTENANCE BUILDING,39128,,10154,,1,SPI
SVSP-800,SVSP,800,Bldg 800 - Central Administration,,,,,,,1996,34055,OFFICE (INSTITUTIONAL),39129,,10154,,1,SPI
SVSP-801,SVSP,801,Bldg 801 - Family Visiting,,,,,,,1996,3103,VISITATION FACILITY,39130,,10154,,1,SPI
SVSP-802,SVSP,802,Bldg 802 - Family Visiting,,,,,,,1996,3103,VISITATION FACILITY,39131,,10154,,1,SPI
SVSP-803,SVSP,803,Bldg 803 - Weapons Training Classroom,,,,,,,1996,840,ARMORY,39132,,10154,,1,SPI
SVSP-804P,SVSP,804P,Bldg 804P - Firing Range Platform,,,,,,,1996,1230,TRAINING FACILITY,39134,,10154,,1,SPI
SVSP-804R,SVSP,804R,Bldg 804R - Firing Range Platform,,,,,,,1996,1645,TRAINING FACILITY,39133,,10154,,1,SPI
SVSP-805,SVSP,805,Bldg 805 - Visitor/Staff Processing,,,,,,,1996,2770,OFFICE (INSTITUTIONAL),39135,,10154,,1,SPI
SVSP-807,SVSP,807,Bldg 807 - Vehicle Sallyport/Officer Sta,,,,,,,1996,972,LOOKOUT (GUARD STATION),39136,,10154,,1,SPI
SVSP-809,SVSP,809,Bldg 809 Delegated Testing Modular,,,,,,,2007,720,RELOCATABLE OFFICE,51524,SVSP 809,10154,,1,SPI
SVSP-810,SVSP,810,Bldg 810 - Armory/Locksmith,,,,,,,1996,1596,ARMORY,39138,,10154,,1,SPI
SVSP-901,SVSP,901,Bldg 901 - Housing Unit,,,,,,,1996,12926,DORMITORY,39139,,10154,,1,SPI
SVSP-902,SVSP,902,Bldg 902 - Housing Unit,,,,,,,1996,12926,DORMITORY,39140,,10154,,1,SPI
SVSP-903,SVSP,903,Bldg 903 - Program And Support Services,,,,,,,1996,12517,DORMITORY,39141,,10154,,1,SPI
SVSP-904,SVSP,904,Bldg 904 - Program And Support Services,,,,,,,1996,5835,DORMITORY,39142,,10154,,1,SPI
SVSP-905,SVSP,905,Bldg 905 - Family Visitin,,,,,,,1996,747,VISITATION FACILITY,39143,,10154,,1,SPI
SVSP-C 005 1,SVSP,C 005 1,,,,C,health_care,ICF (2023-05),26 (2023-05),,,,,,,,1,coleman_ecf7833-1_iflex_pip_beds_2023-05-11
SVSP-C 005 2,SVSP,C 005 2,,,,C,health_care,ICF (2023-05),32 (2023-05),,,,,,,,1,coleman_ecf7833-1_iflex_pip_beds_2023-05-11
SVSP-C 006 1,SVSP,C 006 1,,,,C,health_care,ICF (2023-05),26 (2023-05),,,,,,,,1,coleman_ecf7833-1_iflex_pip_beds_2023-05-11
SVSP-C 006 2,SVSP,C 006 2,,,,C,health_care,ICF (2023-05),32 (2023-05),,,,,,,,1,coleman_ecf7833-1_iflex_pip_beds_2023-05-11
SVSP-I 001A1,SVSP,I 001A1,,,,I,health_care,ICF (2023-05),12 (2023-05),,,,,,,,1,coleman_ecf7833-1_iflex_pip_beds_2023-05-11
SVSP-I 001B1,SVSP,I 001B1,,,,I,health_care,ICF (2023-05),10 (2023-05),,,,,,,,1,coleman_ecf7833-1_iflex_pip_beds_2023-05-11
SVSP-I 001C1,SVSP,I 001C1,,,,I,health_care,ICF (2023-05),10 (2023-05),,,,,,,,1,coleman_ecf7833-1_iflex_pip_beds_2023-05-11
SVSP-I 001D1,SVSP,I 001D1,,,,I,health_care,ICF (2023-05),24 (2023-05),,,,,,,,1,coleman_ecf7833-1_iflex_pip_beds_2023-05-11
SVSP-I 002A1,SVSP,I 002A1,,,,I,health_care,ICF (2023-05),26 (2023-05),,,,,,,,1,coleman_ecf7833-1_iflex_pip_beds_2023-05-11
SVSP-I 002B1,SVSP,I 002B1,,,,I,health_care,ICF (2023-05),16 (2023-05),,,,,,,,1,coleman_ecf7833-1_iflex_pip_beds_2023-05-11
SVSP-I 002C1,SVSP,I 002C1,,,,I,health_care,ICF (2023-05),16 (2023-05),,,,,,,,1,coleman_ecf7833-1_iflex_pip_beds_2023-05-11
SVSP-I 002D1,SVSP,I 002D1,,,,I,health_care,ICF (2023-05),16 (2023-05),,,,,,,,1,coleman_ecf7833-1_iflex_pip_beds_2023-05-11
SVSP-spi51573,SVSP,,10 Small Management Exercise Yards,,,,,,,2009,1500,SMALL MANAGEMENT EXERCISE YARDS,51573,,10154,,1,SPI
SVSP-spi51575,SVSP,,64-Bed Mental Health Facility - Coleman,,,,,,,2009,34300,HOSPITAL/CLINIC/TREATMENT CENTER,51575,,10154,,1,SPI
SVSP-treatment-center-2,SVSP,,Treatment Center 2,,,,,,,,,,,,,,1,plata_ecf3963_receiver_triannual_59_2025-06-02
VSP-1101,VSP,1101,Bldg 1101 - Central Health Facility,,,,,,,1995,30646,HOSPITAL/CLINIC/TREATMENT CENTER,43806,,10103,,1,SPI
VSP-201,VSP,201,Bldg 201-Water Storage Tank/Pump Station,,,,,,,1995,875,PUMP/WELL HOUSE,43755,,10103,,1,SPI
VSP-301,VSP,301,Bldg 301-General Population Housing D-1,,,,,,,1995,20820,DORMITORY,43756,,10103,,1,SPI
VSP-302,VSP,302,Bldg 302-General Population Housing D-2,,,,,,,1995,20820,DORMITORY,43757,,10103,,1,SPI
VSP-303,VSP,303,Bldg 303-General Population Housing D-3,,,,,,,1995,20820,DORMITORY,43758,,10103,,1,SPI
VSP-304,VSP,304,Bldg 304-General Population Housing D-4,,,,,,,1995,20820,DORMITORY,43759,,10103,,1,SPI
VSP-305,VSP,305,Bldg 305-General Population Housing C-1,,,,,,,1995,20820,DORMITORY,43760,,10103,,1,SPI
VSP-306,VSP,306,Bldg 306-General Population Housing C-2,,,,,,,1995,20820,DORMITORY,43761,,10103,,1,SPI
VSP-307,VSP,307,Bldg 307-General Population Housing C-3,,,,,,,1995,20820,DORMITORY,43762,,10103,,1,SPI
VSP-308,VSP,308,Bldg 308-General Population Housing C-4,,,,,,,1995,20820,DORMITORY,43763,,10103,,1,SPI
VSP-309,VSP,309,Bldg 309-General Population Housing B-1,,,,,,,1995,20820,DORMITORY,43764,,10103,,1,SPI
VSP-310,VSP,310,Bldg 310-General Population Housing B-2,,,,,,,1995,20820,DORMITORY,43765,,10103,,1,SPI
VSP-311,VSP,311,Bldg 311-General Population Housing B-3,,,,,,,1995,20820,DORMITORY,43766,,10103,,1,SPI
VSP-312,VSP,312,Bldg 312-General Population Housing B-4,,,,,,,1995,20820,DORMITORY,43767,,10103,,1,SPI
VSP-313,VSP,313,Bldg 313-Reception Center Housing  A-1,,,,,,,1995,20820,DORMITORY,43768,,10103,,1,SPI
VSP-314,VSP,314,Bldg 314-Reception Center Housing  A-2,,,,,,,1995,20820,DORMITORY,43769,,10103,,1,SPI
VSP-315,VSP,315,Bldg 315-Reception Center-270(Cells) A-3;Reception Center,,,,,RC,,1995,25084,DORMITORY,43770,,10103,,2,SPI;MPAR2022:P-0809-00204
VSP-316,VSP,316,Bldg 316-Shu/Ad Sef-270 (Cells) Unit A-4,,,,,,,1995,25084,DORMITORY,43771,,10103,,1,SPI
VSP-401,VSP,401,Bldg 401 - C/D Support Services,,,,,,,1995,33938,OFFICE (INSTITUTIONAL),43772,,10103,,1,SPI
VSP-402,VSP,402,Bldg 402 - C/D Facility Administration,,,,,,,1995,4896,OFFICE (INSTITUTIONAL),43773,,10103,,1,SPI
VSP-403,VSP,403,Bldg 403- A/B Support Services/Reception,,,,,,,1995,33938,OFFICE (INSTITUTIONAL),43774,,10103,,1,SPI
VSP-404,VSP,404,Bldg 404-Reception Center/Administration,,,,,,,1995,20944,OFFICE (INSTITUTIONAL),43775,,10103,,1,SPI
VSP-405,VSP,405,Bldg 405 - Receiving & Release,,,,,,,1995,4966,OFFICE (INSTITUTIONAL),43776,,10103,,1,SPI
VSP-406,VSP,406,Bldg 406-Btp/Visiting/Cntrl Control/Isu;BPT/Visiting Center,,,,visiting,,,1995,34029,OFFICE (INSTITUTIONAL),43777,,10103,,3,SPI;MPAR2024:P-2324-00138;MPAR2022:P-1718-00294
VSP-407,VSP,407,Bldg 407 - Library/Chapel/Gym,,,,,,,1995,25836,OFFICE (INSTITUTIONAL),43778,,10103,,1,SPI
VSP-408,VSP,408,Bldg 408 - Academic Education,,,,,,,1995,60224,CLASSROOM,43779,,10103,,1,SPI
VSP-410,VSP,410,Bldg 410 - Central Kitchen;Central Kitchen,,,,kitchen,,,1995,20740,DINING/CAFETERIA,43780,,10103,,2,SPI;MPAR2025:P-2223-00081
VSP-411,VSP,411,Bldg 411 - Pia Laundry/Steam Generator,,,,,,,1995,19264,LAUNDRY,43781,,10103,,1,SPI
VSP-412,VSP,412,Bldg. #412 Integrity,,,,,,,1999,4970,RELOCATABLE CLASSROOM,4904,FP 331-R,10103,,1,SPI
VSP-413,VSP,413,Bldg. 413 Destiny,,,,,,,2000,4970,RELOCATABLE CLASSROOM,4905,FP 331-R,10103,,1,SPI
VSP-414,VSP,414,Ab900 Modular Building,,,,,,,2009,6720,RELOCATABLE CLASSROOM,51097,414,10103,,1,SPI
VSP-501,VSP,501,Bldg 501 - Vocational Education Facility,,,,,,,1995,17466,CLASSROOM,43782,,10103,,1,SPI
VSP-502,VSP,502,Bldg 502 - Greenhouse,,,,,,,1995,672,NURSERY/GREENHOUSE,43783,,10103,,1,SPI
VSP-503,VSP,503,Bldg 503 - Vocational Education Facility,,,,,,,1995,24640,CLASSROOM,43784,,10103,,1,SPI
VSP-504,VSP,504,Bldg 504 - Vocational Education Facility,,,,,,,1995,18760,CLASSROOM,43785,,10103,,1,SPI
VSP-505,VSP,505,Bldg 505 - Optical Lab/Voc Edu Facility,,,,,,,1995,22442,CLASSROOM,43786,,10103,,1,SPI
VSP-507,VSP,507,Bldg 507 - Plant Operations,,,,,,,1995,8100,SHOP,43787,,10103,,1,SPI
VSP-508,VSP,508,Bldg 508  - Volitile Storage,,,,,,,1995,100,SHED,43788,,10103,,1,SPI
VSP-510,VSP,510,Bldg 510 - Garage,,,,,,,1995,3122,GARAGE/PARKING STRUCTURE,57268,510,10103,,1,SPI
VSP-601,VSP,601,Bldg 601 - Visitor'S Center Pad,,,,,,,1995,1380,VISITATION FACILITY,43789,,10103,,1,SPI
VSP-602,VSP,602,Bldg 602 - Standby Generator/Switchgear,,,,,,,1995,0,UTILITY,43790,,10103,,1,SPI
VSP-701,VSP,701,Bldg 701 - Warehouse,,,,,,,1995,53637,WAREHOUSE,43792,,10103,,1,SPI
VSP-702,VSP,702,Bldg 702 - Laundry Chemical Storage,,,,,,,1995,850,SHED,43795,,10103,,1,SPI
VSP-801,VSP,801,Bldg 801 - Central Administration,,,,,,,1995,31391,OFFICE (INSTITUTIONAL),43793,,10103,,1,SPI
VSP-803,VSP,803,Bldg 803 - Visitor/Staff Processing,,,,,,,1995,3483,VISITATION FACILITY,43796,,10103,,1,SPI
VSP-804,VSP,804,Bldg 804 - Family Visiting,,,,,,,1995,2456,VISITATION FACILITY,43797,,10103,,1,SPI
VSP-805,VSP,805,Bldg 805 - Administration Offices,,,,,,,1995,2456,OFFICE (INSTITUTIONAL),43798,,10103,,1,SPI
VSP-806,VSP,806,Bldg 806 - Vehicle Sallyport,,,,,,,1995,120,LOOKOUT (GUARD STATION),43799,,10103,,1,SPI
VSP-807,VSP,807,Bldg 807 - Enterance Gatehouse,,,,,,,1995,120,LOOKOUT (GUARD STATION),43800,,10103,,1,SPI
VSP-808,VSP,808,Bldg 808 - Observation Post,,,,,,,1995,200,LOOKOUT (GUARD STATION),43801,,10103,,1,SPI
VSP-809,VSP,809,Bldg 809 - Observation Post,,,,,,,1995,200,LOOKOUT (GUARD STATION),43802,,10103,,1,SPI
VSP-810,VSP,810,Bldg 810 - Guard Tower #1,,,,,,,1995,190,LOOKOUT (GUARD STATION),43803,,10103,,1,SPI
VSP-811,VSP,811,Bldg 811 - Guard Tower #2,,,,,,,1995,190,LOOKOUT (GUARD STATION),43804,,10103,,1,SPI
VSP-812,VSP,812,Bldg 812 - Armory/Locksmith,,,,,,,1995,1721,ARMORY,43805,,10103,,1,SPI
VSP-central-kitchen,VSP,,Central Kitchen,,,,kitchen,,,,,,,,,,2,MPAR2024:P-2223-00031;MPAR2025:P-2526-00142
VSP-spi50450,VSP,,Inmate Restroom Yard Toilets (Sec. 6.00),,,,,,,2006,500,COMFORT STATION/RESTROOMS/LAVATORIES,50450,,10103,,1,SPI
VSP-spi51577,VSP,,9 Small Management Exercise Yards,,,,,,,2009,1350,SMALL MANAGEMENT EXERCISE YARDS,51577,,10103,,1,SPI
VSP-spi55783,VSP,,B-Yard Inmate Restroom,,,,,,,2014,791,COMBINATION RESTROOM,55783,,10103,,1,SPI
VSP-spi55784,VSP,,C-Yard Inmate Restroom,,,,,,,2014,791,COMBINATION RESTROOM,55784,,10103,,1,SPI
VSP-spi55785,VSP,,D-Yard Inmate Restroom,,,,,,,2014,791,COMBINATION RESTROOM,55785,,10103,,1,SPI
VSP-water-treatment-building,VSP,,water treatment building,,,,plant,,,,,,,,,,4,December2025QuarterlyReport-ADAFinal;June2026QuarterlyReport-ADA;March2026QuarterlyReport-ADA;September_2025_Quarterly_Report-ADA
WSP-101,WSP,101,Casa De Rosas/Center Force,,,,,,,1991,940,CONFERENCE ROOM,37710,BUILDING 101,9647,,1,SPI
WSP-115,WSP,115,Health And Safety / Community Resources,,,,,,,1998,1178,OFFICE (INSTITUTIONAL),39502,BUILDING #115,9647,,1,SPI
WSP-116,WSP,116,Procurement,,,,,,,1998,1178,OFFICE (INSTITUTIONAL),39503,BUILDING #116,9647,,1,SPI
WSP-117,WSP,117,Transformer Station (Sub-Station),,,,,,,1999,7590,UTILITY,40601,BLDG. 117,9647,,1,SPI
WSP-201,WSP,201,Waste Water Station,,,,,,,1991,800,LABORATORY,37711,BUILDING 201,9647,,1,SPI
WSP-202,WSP,202,Water Pump Station,,,,,,,1991,1711,PUMP/WELL HOUSE,37712,BUILDING 202,9647,,1,SPI
WSP-301,WSP,301,Level 3 Housing A-1,,,,,,,1991,24782,DORMITORY,37713,BUILDING 301,9647,,1,SPI
WSP-302,WSP,302,Level 3 Housing. A-2,,,,,,,1991,24782,DORMITORY,37714,BUILDING 302,9647,,1,SPI
WSP-303,WSP,303,Level 3 Housing A-3,,,,,,,1991,24782,DORMITORY,37715,BUILDING 303,9647,,1,SPI
WSP-304,WSP,304,Level 3 Housing A-4,,,,,,,1991,24782,DORMITORY,37716,BUILDING 304,9647,,1,SPI
WSP-305,WSP,305,Level 3 Housing A-5,,,,,,,1991,24782,DORMITORY,37717,BUILDING 305,9647,,1,SPI
WSP-306,WSP,306,Central Kitchen,,,,,,,1991,21050,KITCHEN,37718,BUILDING 306,9647,,1,SPI
WSP-307,WSP,307,Food Service Satillite,,,,,,,1991,12681,KITCHEN,37719,BUILDING 307,9647,,1,SPI
WSP-308,WSP,308,Level 3 Facility Support Services,,,,,,,1991,24640,OFFICE (INSTITUTIONAL),37720,BUILDING 308,9647,,1,SPI
WSP-309,WSP,309,Bpt/Visiting Central Control-Operating,,,,,,,1991,33132,OFFICE (INSTITUTIONAL),37721,BUILDING 309,9647,,1,SPI
WSP-310,WSP,310,Work Change,,,,,,,1991,625,WORK CHANGE,37722,BUILDING 310,9647,,1,SPI
WSP-311,WSP,311,Armory/Locksmith,,,,,,,1991,1726,ARMORY,37723,BUILDING 311,9647,,1,SPI
WSP-401,WSP,401,"Reception Center Housing-Cells, D-1",,,,,,,1991,12987,DORMITORY,37725,BUILDING 401,9647,,1,SPI
WSP-402,WSP,402,"Reception Center Housing-Cells, D-2",,,,,,,1991,12987,DORMITORY,37726,BUILDING 402,9647,,1,SPI
WSP-403,WSP,403,"Reception Center Housing-Cells, D-3",,,,,,,1991,12987,DORMITORY,37727,BUILDING 403,9647,,1,SPI
WSP-404,WSP,404,"Reception Center Housing-Cells, D-4",,,,,,,1991,12987,DORMITORY,37728,BUILDING 404,9647,,1,SPI
WSP-405,WSP,405,"Reception Center Housing Cells, D-5",,,,,,,1991,12987,DORMITORY,37729,BUILDING 405,9647,,1,SPI
WSP-406,WSP,406,"Reception Center Housing-Cells, D-6",,,,,,,1991,12987,DORMITORY,37730,BUILDING 406,9647,,1,SPI
WSP-407,WSP,407,"Reception Center Housing Cells, B-1",,,,,,,1991,12987,DORMITORY,37731,BUILDING 407,9647,,1,SPI
WSP-408,WSP,408,"Reception Center Housing-Cells, B-2",,,,,,,1991,12987,DORMITORY,37732,BUILDING 408,9647,,1,SPI
WSP-409,WSP,409,"Reception Center Housing-Cells, B-3",,,,,,,1991,12987,DORMITORY,37733,BUILDING 409,9647,,1,SPI
WSP-410,WSP,410,"Reception Center Housing-Cells, B-4",,,,,,,1991,12987,DORMITORY,37734,BUILDING 410,9647,,1,SPI
WSP-411,WSP,411,"Reception Center Housing Cells, B-5",,,,,,,1991,12987,DORMITORY,37735,BUILDING 411,9647,,1,SPI
WSP-412,WSP,412,"Reception Center Housing Cells, B-6",,,,,,,1991,12987,DORMITORY,37736,BUILDING 412,9647,,1,SPI
WSP-413,WSP,413,Reception Center Housing-Dorms Fac. C-1,,,,,,,1991,12987,DORMITORY,37737,BUILDING 413,9647,,1,SPI
WSP-414,WSP,414,Reception Center Housing Dorms Fac. C-2,,,,,,,1991,12987,DORMITORY,37738,BUILDING 414,9647,,1,SPI
WSP-415,WSP,415,Reception Center Housing-Dorms Fac. C-3,,,,,,,1991,12987,DORMITORY,37739,BUILDING 415,9647,,1,SPI
WSP-416,WSP,416,Reception Center Housing-Dorms Fac. C-4,,,,,,,1991,12987,DORMITORY,37740,BUILDING 416,9647,,1,SPI
WSP-417,WSP,417,Yard Observation Tower/Facility B,,,,,,,1991,121,LOOKOUT (GUARD STATION),37741,BUILDING 417,9647,,1,SPI
WSP-417C,WSP,417C,Facility C Yard Observation Tower,,,,,,,1991,121,LOOKOUT (GUARD STATION),37742,BUILDING 417C,9647,,1,SPI
WSP-417D,WSP,417D,Facility D Yard Observation Tower,,,,,,,1991,121,LOOKOUT (GUARD STATION),37743,BUILDING 417D,9647,,1,SPI
WSP-418,WSP,418,Reception Ctr Housing-Dorms Facility H-1,,,,,,,1996,13855,DORMITORY,39497,BUILDING #418,9647,,1,SPI
WSP-419,WSP,419,Reception Ctr Housing-Dorms Facility H-2,,,,,,,1996,13855,DORMITORY,39498,BUILDING #419,9647,,1,SPI
WSP-420,WSP,420,Reception Center Facility H Medical,,,,,,,1997,800,HOSPITAL/CLINIC/TREATMENT CENTER,39495,BUILDING #420,9647,,1,SPI
WSP-421,WSP,421,Reception Ctr Housing-Dorms Facility H-3,,,,,,,1996,13855,DORMITORY,39499,BUILDING #421,9647,,1,SPI
WSP-422,WSP,422,Reception Ctr Housing-Dorms Facility H-4,,,,,,,1996,13855,DORMITORY,39500,BUILDING #422,9647,,1,SPI
WSP-423,WSP,423,Reception Ctr Housing-Dorms H-5,,,,,,,1996,13855,DORMITORY,39501,BUILDING #423,9647,,1,SPI
WSP-427,WSP,427,,,,,,,,,,,,,,,1,September2021QuarterlyReport-ADA
WSP-429,WSP,429,,,,,,,,,,,,,,,1,September2021QuarterlyReport-ADA
WSP-501,WSP,501,Central Laundry,,,,,,,1991,25556,LAUNDRY,37744,BUILDING 501,9647,,1,SPI
WSP-502,WSP,502,Building Maintenance,,,,,,,1991,8220,SHOP,37745,BUILDING 502,9647,,1,SPI
WSP-502A,WSP,502A,Greenhouse,,,,,,,1991,841,NURSERY/GREENHOUSE,37746,BUILDING 502A,9647,,1,SPI
WSP-503,WSP,503,Voc. Education Library/Aic/Media,,,,,,,1991,20038,CLASSROOM,37747,BUILDING 503,9647,,1,SPI
WSP-504,WSP,504,Volatile Storage,,,,,,,1991,100,STORAGE,37748,BUILDING 504,9647,,1,SPI
WSP-505,WSP,505,Warehouse,,,,,,,1991,67890,WAREHOUSE,37749,BUILDING 505,9647,,1,SPI
WSP-506,WSP,506,Volatile Storage,,,,,,,1991,836,STORAGE,37750,BUILDING 506,9647,,1,SPI
WSP-507,WSP,507,Vehicle/Building Maintenance,,,,,,,1991,6744,SHOP,37751,BUILDING 507,9647,,1,SPI
WSP-508,WSP,508,Firehouse,,,,,,,1991,3804,FIREHOUSE/FOREST FIRE STATION,37752,BUILDING 508,9647,,1,SPI
WSP-509,WSP,509,Rasp,,,,,,,1991,1936,EQUIPMENT/MAINTENANCE BUILDING,37753,BUILDING 509,9647,,1,SPI
WSP-601,WSP,601,Tower 1/Sub-Armory,,,,,,,1991,58,LOOKOUT (GUARD STATION),37754,BUILDING 601,9647,,1,SPI
WSP-602,WSP,602,Tower 2,,,,,,,1991,58,LOOKOUT (GUARD STATION),37755,BUILDING 602,9647,,1,SPI
WSP-603,WSP,603,Tower 3,,,,,,,1991,58,LOOKOUT (GUARD STATION),37756,BUILDING 603,9647,,1,SPI
WSP-604,WSP,604,Tower 4,,,,,,,1991,58,LOOKOUT (GUARD STATION),37757,BUILDING 604,9647,,1,SPI
WSP-605,WSP,605,Tower 5/Sub-Armory,,,,,,,1991,58,LOOKOUT (GUARD STATION),37758,BUILDING 605,9647,,1,SPI
WSP-606,WSP,606,Tower 6,,,,,,,1991,58,LOOKOUT (GUARD STATION),37759,BUILDING 606,9647,,1,SPI
WSP-607,WSP,607,Tower 7,,,,,,,1991,58,LOOKOUT (GUARD STATION),37760,BUILDING 607,9647,,1,SPI
WSP-608,WSP,608,Tower 8,,,,,,,1991,58,LOOKOUT (GUARD STATION),37761,BUILDING 608,9647,,1,SPI
WSP-609,WSP,609,Tower 9,,,,,,,1991,58,LOOKOUT (GUARD STATION),37762,BUILDING 609,9647,,1,SPI
WSP-610,WSP,610,Vehicle Sallyport,,,,,,,1991,120,LOOKOUT (GUARD STATION),37763,BUILDING 610,9647,,1,SPI
WSP-611,WSP,611,Entry Gate House,,,,,,,1991,120,LOOKOUT (GUARD STATION),37764,BUILDING 611,9647,,1,SPI
WSP-612,WSP,612,Electrical Switchgear,,,,,,,1991,2281,UTILITY,37765,BUILDING 612,9647,,1,SPI
WSP-613,WSP,613,Service Yard Guard Post,,,,,,,1991,120,LOOKOUT (GUARD STATION),37766,BUILDING 613,9647,,1,SPI
WSP-701A,WSP,701A,R/C Work Change,,,,,,,1991,600,WORK CHANGE,37767,BUILDING 701A,9647,,1,SPI
WSP-701B,WSP,701B,Building Maintenance,,,,,,,1991,3403,SHOP,37768,BUILDING 701B,9647,,1,SPI
WSP-701C,WSP,701C,Canteen Staging,,,,,,,1991,2477,CONCESSION,37769,BUILDING 701C,9647,,1,SPI
WSP-701D,WSP,701D,Laundry Staging,,,,,,,1991,3773,LAUNDRY,37770,BUILDING 701D,9647,,1,SPI
WSP-701E,WSP,701E,Retherm Kitchen,,,,,,,1991,11832,KITCHEN,37771,BUILDING 701E,9647,,1,SPI
WSP-701F,WSP,701F,Receiving And Release;Receiving and Release,,,,other,,,1991,8400,OFFICE (INSTITUTIONAL),37772,BUILDING 701F,9647,,2,SPI;MPAR2022:P-1516-00295
WSP-701G,WSP,701G,Medical Diagnostic R/C,,,,,,,1991,4259,HOSPITAL/CLINIC/TREATMENT CENTER,37773,BUILDING 701G,9647,,1,SPI
WSP-701H,WSP,701H,Casework Management,,,,,,,1991,5002,OFFICE (INSTITUTIONAL),37774,BUILDING 701H,9647,,1,SPI
WSP-701I,WSP,701I,Central Health R/C,,,,,,,1991,21262,HOSPITAL/CLINIC/TREATMENT CENTER,37775,BUILDING 701I,9647,,1,SPI
WSP-703,WSP,703,Medical Modulars,,,,,,,1991,2200,RELOCATABLE MEDICAL FACILITY,37791,BUILDING 703,9647,,1,SPI
WSP-704,WSP,704,Dental/Psyche Module,,,,,,,1995,3600,RELOCATABLE OFFICE,3665,704,9647,,1,SPI
WSP-705,WSP,705,Correctional Clinical Case Management,,,,,,,2003,1996,HOSPITAL/CLINIC/TREATMENT CENTER,44512,705,9647,,1,SPI
WSP-706,WSP,706,Reception Ctr Screening & Evaluation Prg,,,,,,,2003,2828,HOSPITAL/CLINIC/TREATMENT CENTER,44511,706,9647,,1,SPI
WSP-707,WSP,707,Facility D Medical Trailer 707,,,,,,,2009,640,RELOCATABLE MEDICAL FACILITY,51102,707,9647,,1,SPI
WSP-708,WSP,708,Facility B Medical Trailer 708,,,,,,,2009,460,RELOCATABLE MEDICAL FACILITY,51101,708,9647,,1,SPI
WSP-709,WSP,709,Facility C Medical Trailer 709,,,,,,,2009,640,RELOCATABLE MEDICAL FACILITY,51100,709,9647,,1,SPI
WSP-801,WSP,801,Central Administration,,,,,,,1991,28488,OFFICE (INSTITUTIONAL),37792,BUILDING 801,9647,,1,SPI
WSP-802,WSP,802,Visitor Processing,,,,,,,1991,3580,VISITATION FACILITY,37793,BUILDING 802,9647,,1,SPI
WSP-803,WSP,803,Level 3 Family Visiting,,,,,,,1991,2470,VISITATION FACILITY,37794,BUILDING 803,9647,,1,SPI
WSP-803E,WSP,803E,Hemodialysis Storage,,,,,,,2005,288,HOSPITAL/CLINIC/TREATMENT CENTER,50407,803E,9647,,1,SPI
WSP-804,WSP,804,Range Classroom/Support,,,,,,,1991,840,CLASSROOM,37795,BUILDING 804,9647,,1,SPI
WSP-805,WSP,805,Mist/Classroom,,,,,,,1994,7440,RELOCATABLE OFFICE,3606,BUILDING 805,9647,,1,SPI
WSP-901,WSP,901,Facility M Building 1,,,,,,,1991,16000,OFFICE (INSTITUTIONAL),37797,BUILDING 901,9647,,1,SPI
WSP-902,WSP,902,Facility M Building 2,,,,,,,1991,16000,OFFICE (INSTITUTIONAL),37798,BUILDING 902,9647,,1,SPI
WSP-903,WSP,903,Level 1 Program And Support,,,,,,,1991,11556,OFFICE (INSTITUTIONAL),37799,BUILDING 903,9647,,1,SPI
WSP-904,WSP,904,Level 1 Support Services,,,,,,,1991,5400,OFFICE (INSTITUTIONAL),37800,BUILDING 904,9647,,1,SPI
WSP-905,WSP,905,Level 1 Family Visiting,,,,,,,1991,776,VISITATION FACILITY,37801,BUILDING 905,9647,,1,SPI
WSP-906,WSP,906,P.I.A. Farm,,,,,,,1991,2130,BARN,37802,BUILDING 906,9647,,1,SPI
WSP-central-health-services,WSP,,Central Health Services,,,,health_care,,,,,,,,,,3,MPAR2022:P-1213-00221;Sep_2020_Quarterly-ADA_Final;September2021QuarterlyReport-ADA
WSP-central-health-services-building,WSP,,Central Health Services Building,,,,health_care,,,,,,,,,,1,MPAR2023:P-2324-00060
WSP-correctional-case-management-and-health-care-administration-building,WSP,,Correctional Case Management and Health Care Administration building;correctional case management and health care administration building,,,,admin,,,,,,,,,,3,MPAR2022:P-1213-00221;Sep_2020_Quarterly-ADA_Final;September2021QuarterlyReport-ADA
WSP-correctional-treatment-center,WSP,,Correctional Treatment Center,,,,health_care,,,,,,,,,,1,MPAR2022:P-1516-00295
WSP-new-pharmacy-building,WSP,,New Pharmacy Building,,,,health_care,,,,,,,,,,1,MPAR2023:P-2324-00060
WSP-spi37776,WSP,,Facility B Chapel,,,,,,,1991,1864,CHAPEL,37776,BUILDING 702 B-1,9647,,1,SPI
WSP-spi37777,WSP,,Medical Facilities B,,,,,,,1991,800,HOSPITAL/CLINIC/TREATMENT CENTER,37777,BUILDING 702 B-2,9647,,1,SPI
WSP-spi37778,WSP,,Facility B Administration,,,,,,,1991,1220,OFFICE (INSTITUTIONAL),37778,BUILDING 702 B-3,9647,,1,SPI
WSP-spi37779,WSP,,Facility B Testing,,,,,,,1991,2522,OFFICE (INSTITUTIONAL),37779,BUILDING 702 B-5,9647,,1,SPI
WSP-spi37780,WSP,,Facility C Medical Facilities,,,,,,,1991,800,HOSPITAL/CLINIC/TREATMENT CENTER,37780,BUILDING 702 C-2,9647,,1,SPI
WSP-spi37781,WSP,,Facility C Administration,,,,,,,1991,1220,OFFICE (INSTITUTIONAL),37781,BUILDING 702 C-3,9647,,1,SPI
WSP-spi37782,WSP,,R/C Complex Control,,,,,,,1991,313,LOOKOUT (GUARD STATION),37782,BUILDING 702 C-4,9647,,1,SPI
WSP-spi37783,WSP,,Facility C Satellite Library,,,,,,,1991,1166,LIBRARY,37783,BUILDING 702 C-5,9647,,1,SPI
WSP-spi37784,WSP,,Facility D Chapel,,,,,,,1991,1864,CHAPEL,37784,BUILDING 702 D-1,9647,,1,SPI
WSP-spi37785,WSP,,Facility D Medical,,,,,,,1991,1864,HOSPITAL/CLINIC/TREATMENT CENTER,37785,BUILDING 702 D-2,9647,,1,SPI
WSP-spi37786,WSP,,Facility D Administration,,,,,,,1991,1220,OFFICE (INSTITUTIONAL),37786,BUILDING 702 D-3,9647,,1,SPI
WSP-spi37787,WSP,,Facility D Satellite Library,,,,,,,1991,1220,LIBRARY,37787,BUILDING 702 D-4,9647,,1,SPI
WSP-spi37788,WSP,,Testing,,,,,,,1991,2522,CLASSROOM,37788,BUILDING 702 D-5,9647,,1,SPI
WSP-spi37789,WSP,,Satellite Library B,,,,,,,1991,1220,LIBRARY,37789,BUILDING 702 B-4,9647,,1,SPI
WSP-spi37790,WSP,,Facility C Chapel,,,,,,,1991,2451,CHAPEL,37790,BUILDING 702 C-1,9647,,1,SPI
WSP-spi51578,WSP,,20 Small Management Exercise Yards,,,,,,,2009,3000,SMALL MANAGEMENT EXERCISE YARDS,51578,,9647,,1,SPI
