cdcr_code,facility,building_id,bed_number,use_current,use_new,designation,page,source
CHCF,A,302A1,101001L,MH Acute Care Facility,Psychiatric Inpatient Program,PIP,18,coleman_ecf7833-1_iflex_pip_beds_2023-05-11
CHCF,A,302A1,102001L,MH Acute Care Facility,Psychiatric Inpatient Program,PIP,18,coleman_ecf7833-1_iflex_pip_beds_2023-05-11
CHCF,A,302A1,103001L,MH Acute Care Facility,Psychiatric Inpatient Program,PIP,18,coleman_ecf7833-1_iflex_pip_beds_2023-05-11
CHCF,A,302A1,104001L,MH Acute Care Facility,Psychiatric Inpatient Program,PIP,18,coleman_ecf7833-1_iflex_pip_beds_2023-05-11
CHCF,A,302A1,105001L,MH Acute Care Facility,Psychiatric Inpatient Program,PIP,18,coleman_ecf7833-1_iflex_pip_beds_2023-05-11
CHCF,A,302A1,106001L,MH Acute Care Facility,Psychiatric Inpatient Program,PIP,18,coleman_ecf7833-1_iflex_pip_beds_2023-05-11
CHCF,A,302A1,107001L,MH Acute Care Facility,Psychiatric Inpatient Program,PIP,18,coleman_ecf7833-1_iflex_pip_beds_2023-05-11
CHCF,A,302A1,108001L,MH Acute Care Facility,Psychiatric Inpatient Program,PIP,18,coleman_ecf7833-1_iflex_pip_beds_2023-05-11
CHCF,A,302A1,109001L,MH Acute Care Facility,Psychiatric Inpatient Program,PIP,18,coleman_ecf7833-1_iflex_pip_beds_2023-05-11
CHCF,A,302A1,110001L,MH Acute Care Facility,Psychiatric Inpatient Program,PIP,18,coleman_ecf7833-1_iflex_pip_beds_2023-05-11
CHCF,A,302A1,111001L,MH Acute Care Facility,Psychiatric Inpatient Program,PIP,18,coleman_ecf7833-1_iflex_pip_beds_2023-05-11
CHCF,A,302A1,112001L,MH Acute Care Facility,Psychiatric Inpatient Program,PIP,18,coleman_ecf7833-1_iflex_pip_beds_2023-05-11
CHCF,A,302A1,113001L,MH Acute Care Facility,Psychiatric Inpatient Program,PIP,18,coleman_ecf7833-1_iflex_pip_beds_2023-05-11
CHCF,A,302A1,114001L,MH Acute Care Facility,Psychiatric Inpatient Program,PIP,18,coleman_ecf7833-1_iflex_pip_beds_2023-05-11
CHCF,A,302A1,115001L,MH Acute Care Facility,Psychiatric Inpatient Program,PIP,18,coleman_ecf7833-1_iflex_pip_beds_2023-05-11
CHCF,A,302A1,116001L,MH Acute Care Facility,Psychiatric Inpatient Program,PIP,18,coleman_ecf7833-1_iflex_pip_beds_2023-05-11
CHCF,A,302A1,117001L,MH Acute Care Facility,Psychiatric Inpatient Program,PIP,18,coleman_ecf7833-1_iflex_pip_beds_2023-05-11
CHCF,A,302A1,118001L,MH Acute Care Facility,Psychiatric Inpatient Program,PIP,18,coleman_ecf7833-1_iflex_pip_beds_2023-05-11
CHCF,A,302A1,119001L,MH Acute Care Facility,Psychiatric Inpatient Program,PIP,18,coleman_ecf7833-1_iflex_pip_beds_2023-05-11
CHCF,A,302A1,120001L,MH Acute Care Facility,Psychiatric Inpatient Program,PIP,18,coleman_ecf7833-1_iflex_pip_beds_2023-05-11
CHCF,A,302A1,121001L,MH Acute Care Facility,Psychiatric Inpatient Program,PIP,18,coleman_ecf7833-1_iflex_pip_beds_2023-05-11
CHCF,A,302A1,122001L,MH Acute Care Facility,Psychiatric Inpatient Program,PIP,18,coleman_ecf7833-1_iflex_pip_beds_2023-05-11
CHCF,A,302A1,123001L,MH Acute Care Facility,Psychiatric Inpatient Program,PIP,18,coleman_ecf7833-1_iflex_pip_beds_2023-05-11
CHCF,A,302A1,124001L,MH Acute Care Facility,Psychiatric Inpatient Program,PIP,19,coleman_ecf7833-1_iflex_pip_beds_2023-05-11
CHCF,A,302A1,125001L,MH Acute Care Facility,Psychiatric Inpatient Program,PIP,19,coleman_ecf7833-1_iflex_pip_beds_2023-05-11
CHCF,A,302A1,126001L,MH Acute Care Facility,Psychiatric Inpatient Program,PIP,19,coleman_ecf7833-1_iflex_pip_beds_2023-05-11
CHCF,A,302A1,127001L,MH Acute Care Facility,Psychiatric Inpatient Program,PIP,19,coleman_ecf7833-1_iflex_pip_beds_2023-05-11
CHCF,A,302A1,128001L,MH Acute Care Facility,Psychiatric Inpatient Program,PIP,19,coleman_ecf7833-1_iflex_pip_beds_2023-05-11
CHCF,A,302A1,129001L,MH Acute Care Facility,Psychiatric Inpatient Program,PIP,19,coleman_ecf7833-1_iflex_pip_beds_2023-05-11
CHCF,A,302A1,130001L,MH Acute Care Facility,Psychiatric Inpatient Program,PIP,19,coleman_ecf7833-1_iflex_pip_beds_2023-05-11
CHCF,A,302A1,131001L,MH Acute Care Facility,Psychiatric Inpatient Program,PIP,19,coleman_ecf7833-1_iflex_pip_beds_2023-05-11
CHCF,A,302A1,132001L,MH Acute Care Facility,Psychiatric Inpatient Program,PIP,19,coleman_ecf7833-1_iflex_pip_beds_2023-05-11
CHCF,A,302A1,133001L,MH Acute Care Facility,Psychiatric Inpatient Program,PIP,19,coleman_ecf7833-1_iflex_pip_beds_2023-05-11
CHCF,A,302A1,134001L,MH Acute Care Facility,Psychiatric Inpatient Program,PIP,19,coleman_ecf7833-1_iflex_pip_beds_2023-05-11
CHCF,A,302A1,135001L,MH Acute Care Facility,Psychiatric Inpatient Program,PIP,19,coleman_ecf7833-1_iflex_pip_beds_2023-05-11
CHCF,A,302A1,136001L,MH Acute Care Facility,Psychiatric Inpatient Program,PIP,19,coleman_ecf7833-1_iflex_pip_beds_2023-05-11
CHCF,A,302A1,137001L,MH Acute Care Facility,Psychiatric Inpatient Program,PIP,19,coleman_ecf7833-1_iflex_pip_beds_2023-05-11
CHCF,A,302A1,138001L,MH Acute Care Facility,Psychiatric Inpatient Program,PIP,19,coleman_ecf7833-1_iflex_pip_beds_2023-05-11
CHCF,A,302A1,139001L,MH Acute Care Facility,Psychiatric Inpatient Program,PIP,19,coleman_ecf7833-1_iflex_pip_beds_2023-05-11
CMF,A,A 2,000201L,MH Intermediate Care Facility,MH Intermediate Care Facility,ICF,19,coleman_ecf7833-1_iflex_pip_beds_2023-05-11
CMF,A,A 2,000202L,MH Intermediate Care Facility,MH Intermediate Care Facility,ICF,19,coleman_ecf7833-1_iflex_pip_beds_2023-05-11
CMF,A,A 2,000203L,MH Intermediate Care Facility,MH Intermediate Care Facility,ICF,19,coleman_ecf7833-1_iflex_pip_beds_2023-05-11
CMF,A,A 2,000204L,MH Intermediate Care Facility,MH Intermediate Care Facility,ICF,19,coleman_ecf7833-1_iflex_pip_beds_2023-05-11
CMF,A,A 2,000205L,MH Intermediate Care Facility,MH Intermediate Care Facility,ICF,19,coleman_ecf7833-1_iflex_pip_beds_2023-05-11
CMF,A,A 2,000206L,MH Intermediate Care Facility,MH Intermediate Care Facility,ICF,19,coleman_ecf7833-1_iflex_pip_beds_2023-05-11
CMF,A,A 2,000207L,MH Intermediate Care Facility,MH Intermediate Care Facility,ICF,19,coleman_ecf7833-1_iflex_pip_beds_2023-05-11
CMF,A,A 2,000208L,MH Intermediate Care Facility,MH Intermediate Care Facility,ICF,19,coleman_ecf7833-1_iflex_pip_beds_2023-05-11
CMF,A,A 2,000209L,MH Intermediate Care Facility,MH Intermediate Care Facility,ICF,19,coleman_ecf7833-1_iflex_pip_beds_2023-05-11
CMF,A,A 2,000210L,MH Intermediate Care Facility,MH Intermediate Care Facility,ICF,20,coleman_ecf7833-1_iflex_pip_beds_2023-05-11
CMF,A,A 2,000211L,MH Intermediate Care Facility,MH Intermediate Care Facility,ICF,20,coleman_ecf7833-1_iflex_pip_beds_2023-05-11
CMF,A,A 2,000212L,MH Intermediate Care Facility,MH Intermediate Care Facility,ICF,20,coleman_ecf7833-1_iflex_pip_beds_2023-05-11
CMF,A,A 2,000213L,MH Intermediate Care Facility,MH Intermediate Care Facility,ICF,20,coleman_ecf7833-1_iflex_pip_beds_2023-05-11
CMF,A,A 2,000214L,MH Intermediate Care Facility,MH Intermediate Care Facility,ICF,20,coleman_ecf7833-1_iflex_pip_beds_2023-05-11
CMF,A,A 2,000215L,MH Intermediate Care Facility,MH Intermediate Care Facility,ICF,20,coleman_ecf7833-1_iflex_pip_beds_2023-05-11
CMF,A,A 2,000216L,MH Intermediate Care Facility,MH Intermediate Care Facility,ICF,20,coleman_ecf7833-1_iflex_pip_beds_2023-05-11
CMF,A,A 2,000217L,MH Intermediate Care Facility,MH Intermediate Care Facility,ICF,20,coleman_ecf7833-1_iflex_pip_beds_2023-05-11
CMF,A,A 2,000218L,MH Intermediate Care Facility,MH Intermediate Care Facility,ICF,20,coleman_ecf7833-1_iflex_pip_beds_2023-05-11
CMF,A,A 2,000219L,MH Intermediate Care Facility,MH Intermediate Care Facility,ICF,20,coleman_ecf7833-1_iflex_pip_beds_2023-05-11
CMF,A,A 2,000220L,MH Intermediate Care Facility,MH Intermediate Care Facility,ICF,20,coleman_ecf7833-1_iflex_pip_beds_2023-05-11
CMF,A,A 2,000221L,MH Intermediate Care Facility,MH Intermediate Care Facility,ICF,20,coleman_ecf7833-1_iflex_pip_beds_2023-05-11
CMF,A,A 2,000222L,MH Intermediate Care Facility,MH Intermediate Care Facility,ICF,20,coleman_ecf7833-1_iflex_pip_beds_2023-05-11
CMF,A,A 2,000223L,MH Intermediate Care Facility,MH Intermediate Care Facility,ICF,20,coleman_ecf7833-1_iflex_pip_beds_2023-05-11
CMF,A,A 2,000224L,MH Intermediate Care Facility,MH Intermediate Care Facility,ICF,20,coleman_ecf7833-1_iflex_pip_beds_2023-05-11
CMF,A,A 2,000225L,MH Intermediate Care Facility,MH Intermediate Care Facility,ICF,20,coleman_ecf7833-1_iflex_pip_beds_2023-05-11
CMF,A,A 2,000226L,MH Intermediate Care Facility,MH Intermediate Care Facility,ICF,20,coleman_ecf7833-1_iflex_pip_beds_2023-05-11
CMF,A,A 2,000227L,MH Intermediate Care Facility,MH Intermediate Care Facility,ICF,20,coleman_ecf7833-1_iflex_pip_beds_2023-05-11
CMF,A,A 2,000228L,MH Intermediate Care Facility,MH Intermediate Care Facility,ICF,20,coleman_ecf7833-1_iflex_pip_beds_2023-05-11
CMF,A,A 2,000229L,MH Intermediate Care Facility,MH Intermediate Care Facility,ICF,20,coleman_ecf7833-1_iflex_pip_beds_2023-05-11
CMF,A,A 2,000230L,MH Intermediate Care Facility,MH Intermediate Care Facility,ICF,20,coleman_ecf7833-1_iflex_pip_beds_2023-05-11
CMF,A,A 2,000231L,MH Intermediate Care Facility,MH Intermediate Care Facility,ICF,20,coleman_ecf7833-1_iflex_pip_beds_2023-05-11
CMF,A,A 2,000232L,MH Intermediate Care Facility,MH Intermediate Care Facility,ICF,20,coleman_ecf7833-1_iflex_pip_beds_2023-05-11
CMF,A,A 2,000233L,MH Intermediate Care Facility,MH Intermediate Care Facility,ICF,20,coleman_ecf7833-1_iflex_pip_beds_2023-05-11
CMF,A,A 2,000234L,MH Intermediate Care Facility,MH Intermediate Care Facility,ICF,20,coleman_ecf7833-1_iflex_pip_beds_2023-05-11
CMF,A,A 2,000235L,MH Intermediate Care Facility,MH Intermediate Care Facility,ICF,20,coleman_ecf7833-1_iflex_pip_beds_2023-05-11
CMF,A,A 2,000236L,MH Intermediate Care Facility,MH Intermediate Care Facility,ICF,20,coleman_ecf7833-1_iflex_pip_beds_2023-05-11
CMF,A,A 2,000237L,MH Intermediate Care Facility,MH Intermediate Care Facility,ICF,20,coleman_ecf7833-1_iflex_pip_beds_2023-05-11
CMF,A,A 2,000238L,MH Intermediate Care Facility,MH Intermediate Care Facility,ICF,21,coleman_ecf7833-1_iflex_pip_beds_2023-05-11
CMF,A,A 2,000239L,MH Intermediate Care Facility,MH Intermediate Care Facility,ICF,21,coleman_ecf7833-1_iflex_pip_beds_2023-05-11
CMF,A,A 2,000240L,MH Intermediate Care Facility,MH Intermediate Care Facility,ICF,21,coleman_ecf7833-1_iflex_pip_beds_2023-05-11
CMF,A,A 2,000241L,MH Intermediate Care Facility,MH Intermediate Care Facility,ICF,21,coleman_ecf7833-1_iflex_pip_beds_2023-05-11
CMF,A,A 2,000242L,MH Intermediate Care Facility,MH Intermediate Care Facility,ICF,21,coleman_ecf7833-1_iflex_pip_beds_2023-05-11
CMF,A,A 2,000243L,MH Intermediate Care Facility,MH Intermediate Care Facility,ICF,21,coleman_ecf7833-1_iflex_pip_beds_2023-05-11
CMF,A,A 2,000244L,MH Intermediate Care Facility,MH Intermediate Care Facility,ICF,21,coleman_ecf7833-1_iflex_pip_beds_2023-05-11
CMF,A,A 3,000301L,MH Intermediate Care Facility,MH Intermediate Care Facility,ICF,21,coleman_ecf7833-1_iflex_pip_beds_2023-05-11
CMF,A,A 3,000302L,MH Intermediate Care Facility,MH Intermediate Care Facility,ICF,21,coleman_ecf7833-1_iflex_pip_beds_2023-05-11
CMF,A,A 3,000303L,MH Intermediate Care Facility,MH Intermediate Care Facility,ICF,21,coleman_ecf7833-1_iflex_pip_beds_2023-05-11
CMF,A,A 3,000304L,MH Intermediate Care Facility,MH Intermediate Care Facility,ICF,21,coleman_ecf7833-1_iflex_pip_beds_2023-05-11
CMF,A,A 3,000305L,MH Intermediate Care Facility,MH Intermediate Care Facility,ICF,21,coleman_ecf7833-1_iflex_pip_beds_2023-05-11
CMF,A,A 3,000306L,MH Intermediate Care Facility,MH Intermediate Care Facility,ICF,21,coleman_ecf7833-1_iflex_pip_beds_2023-05-11
CMF,A,A 3,000307L,MH Intermediate Care Facility,MH Intermediate Care Facility,ICF,21,coleman_ecf7833-1_iflex_pip_beds_2023-05-11
CMF,A,A 3,000308L,MH Intermediate Care Facility,MH Intermediate Care Facility,ICF,21,coleman_ecf7833-1_iflex_pip_beds_2023-05-11
CMF,A,A 3,000309L,MH Intermediate Care Facility,MH Intermediate Care Facility,ICF,21,coleman_ecf7833-1_iflex_pip_beds_2023-05-11
CMF,A,A 3,000310L,MH Intermediate Care Facility,MH Intermediate Care Facility,ICF,21,coleman_ecf7833-1_iflex_pip_beds_2023-05-11
CMF,A,A 3,000311L,MH Intermediate Care Facility,MH Intermediate Care Facility,ICF,21,coleman_ecf7833-1_iflex_pip_beds_2023-05-11
CMF,A,A 3,000312L,MH Intermediate Care Facility,MH Intermediate Care Facility,ICF,21,coleman_ecf7833-1_iflex_pip_beds_2023-05-11
CMF,A,A 3,000313L,MH Intermediate Care Facility,MH Intermediate Care Facility,ICF,21,coleman_ecf7833-1_iflex_pip_beds_2023-05-11
CMF,A,A 3,000314L,MH Intermediate Care Facility,MH Intermediate Care Facility,ICF,21,coleman_ecf7833-1_iflex_pip_beds_2023-05-11
CMF,A,A 3,000315L,MH Intermediate Care Facility,MH Intermediate Care Facility,ICF,21,coleman_ecf7833-1_iflex_pip_beds_2023-05-11
CMF,A,A 3,000316L,MH Intermediate Care Facility,MH Intermediate Care Facility,ICF,21,coleman_ecf7833-1_iflex_pip_beds_2023-05-11
CMF,A,A 3,000317L,MH Intermediate Care Facility,MH Intermediate Care Facility,ICF,21,coleman_ecf7833-1_iflex_pip_beds_2023-05-11
CMF,A,A 3,000318L,MH Intermediate Care Facility,MH Intermediate Care Facility,ICF,21,coleman_ecf7833-1_iflex_pip_beds_2023-05-11
CMF,A,A 3,000319L,MH Intermediate Care Facility,MH Intermediate Care Facility,ICF,21,coleman_ecf7833-1_iflex_pip_beds_2023-05-11
CMF,A,A 3,000320L,MH Intermediate Care Facility,MH Intermediate Care Facility,ICF,21,coleman_ecf7833-1_iflex_pip_beds_2023-05-11
CMF,A,A 3,000321L,MH Intermediate Care Facility,MH Intermediate Care Facility,ICF,21,coleman_ecf7833-1_iflex_pip_beds_2023-05-11
CMF,A,A 3,000322L,MH Intermediate Care Facility,MH Intermediate Care Facility,ICF,22,coleman_ecf7833-1_iflex_pip_beds_2023-05-11
CMF,A,A 3,000323L,MH Intermediate Care Facility,MH Intermediate Care Facility,ICF,22,coleman_ecf7833-1_iflex_pip_beds_2023-05-11
CMF,A,A 3,000324L,MH Intermediate Care Facility,MH Intermediate Care Facility,ICF,22,coleman_ecf7833-1_iflex_pip_beds_2023-05-11
CMF,A,A 3,000325L,MH Intermediate Care Facility,MH Intermediate Care Facility,ICF,22,coleman_ecf7833-1_iflex_pip_beds_2023-05-11
CMF,A,A 3,000326L,MH Intermediate Care Facility,MH Intermediate Care Facility,ICF,22,coleman_ecf7833-1_iflex_pip_beds_2023-05-11
CMF,A,A 3,000327L,MH Intermediate Care Facility,MH Intermediate Care Facility,ICF,22,coleman_ecf7833-1_iflex_pip_beds_2023-05-11
CMF,A,A 3,000328L,MH Intermediate Care Facility,MH Intermediate Care Facility,ICF,22,coleman_ecf7833-1_iflex_pip_beds_2023-05-11
CMF,A,A 3,000329L,MH Intermediate Care Facility,MH Intermediate Care Facility,ICF,22,coleman_ecf7833-1_iflex_pip_beds_2023-05-11
CMF,A,A 3,000330L,MH Intermediate Care Facility,MH Intermediate Care Facility,ICF,22,coleman_ecf7833-1_iflex_pip_beds_2023-05-11
CMF,A,A 3,000331L,MH Intermediate Care Facility,MH Intermediate Care Facility,ICF,22,coleman_ecf7833-1_iflex_pip_beds_2023-05-11
CMF,A,A 3,000332L,MH Intermediate Care Facility,MH Intermediate Care Facility,ICF,22,coleman_ecf7833-1_iflex_pip_beds_2023-05-11
CMF,A,A 3,000333L,MH Intermediate Care Facility,MH Intermediate Care Facility,ICF,22,coleman_ecf7833-1_iflex_pip_beds_2023-05-11
CMF,A,A 3,000334L,MH Intermediate Care Facility,MH Intermediate Care Facility,ICF,22,coleman_ecf7833-1_iflex_pip_beds_2023-05-11
CMF,A,A 3,000335L,MH Intermediate Care Facility,MH Intermediate Care Facility,ICF,22,coleman_ecf7833-1_iflex_pip_beds_2023-05-11
CMF,A,A 3,000336L,MH Intermediate Care Facility,MH Intermediate Care Facility,ICF,22,coleman_ecf7833-1_iflex_pip_beds_2023-05-11
CMF,A,A 3,000337L,MH Intermediate Care Facility,MH Intermediate Care Facility,ICF,22,coleman_ecf7833-1_iflex_pip_beds_2023-05-11
CMF,A,A 3,000338L,MH Intermediate Care Facility,MH Intermediate Care Facility,ICF,22,coleman_ecf7833-1_iflex_pip_beds_2023-05-11
CMF,A,A 3,000339L,MH Intermediate Care Facility,MH Intermediate Care Facility,ICF,22,coleman_ecf7833-1_iflex_pip_beds_2023-05-11
CMF,A,A 3,000340L,MH Intermediate Care Facility,MH Intermediate Care Facility,ICF,22,coleman_ecf7833-1_iflex_pip_beds_2023-05-11
CMF,A,P 1,101001L,MH Acute Care Facility,Psychiatric Inpatient Program,PIP,22,coleman_ecf7833-1_iflex_pip_beds_2023-05-11
CMF,A,P 1,102001L,MH Acute Care Facility,Psychiatric Inpatient Program,PIP,22,coleman_ecf7833-1_iflex_pip_beds_2023-05-11
CMF,A,P 1,103001L,MH Acute Care Facility,Psychiatric Inpatient Program,PIP,22,coleman_ecf7833-1_iflex_pip_beds_2023-05-11
CMF,A,P 1,104001L,MH Acute Care Facility,Psychiatric Inpatient Program,PIP,22,coleman_ecf7833-1_iflex_pip_beds_2023-05-11
CMF,A,P 1,105001L,MH Acute Care Facility,Psychiatric Inpatient Program,PIP,22,coleman_ecf7833-1_iflex_pip_beds_2023-05-11
CMF,A,P 1,106001L,MH Acute Care Facility,Psychiatric Inpatient Program,PIP,22,coleman_ecf7833-1_iflex_pip_beds_2023-05-11
CMF,A,P 1,107001L,MH Acute Care Facility,Psychiatric Inpatient Program,PIP,22,coleman_ecf7833-1_iflex_pip_beds_2023-05-11
CMF,A,P 1,108001L,MH Acute Care Facility,Psychiatric Inpatient Program,PIP,22,coleman_ecf7833-1_iflex_pip_beds_2023-05-11
CMF,A,P 1,109001L,MH Acute Care Facility,Psychiatric Inpatient Program,PIP,22,coleman_ecf7833-1_iflex_pip_beds_2023-05-11
CMF,A,P 1,110001L,MH Acute Care Facility,Psychiatric Inpatient Program,PIP,23,coleman_ecf7833-1_iflex_pip_beds_2023-05-11
CMF,A,P 1,111001L,MH Acute Care Facility,Psychiatric Inpatient Program,PIP,23,coleman_ecf7833-1_iflex_pip_beds_2023-05-11
CMF,A,P 1,112001L,MH Acute Care Facility,Psychiatric Inpatient Program,PIP,23,coleman_ecf7833-1_iflex_pip_beds_2023-05-11
CMF,A,P 1,113001L,MH Acute Care Facility,Psychiatric Inpatient Program,PIP,23,coleman_ecf7833-1_iflex_pip_beds_2023-05-11
CMF,A,P 1,114001L,MH Acute Care Facility,Psychiatric Inpatient Program,PIP,23,coleman_ecf7833-1_iflex_pip_beds_2023-05-11
CMF,A,P 1,115001L,MH Acute Care Facility,Psychiatric Inpatient Program,PIP,23,coleman_ecf7833-1_iflex_pip_beds_2023-05-11
CMF,A,P 1,116001L,MH Acute Care Facility,Psychiatric Inpatient Program,PIP,23,coleman_ecf7833-1_iflex_pip_beds_2023-05-11
CMF,A,P 1,117001L,MH Acute Care Facility,Psychiatric Inpatient Program,PIP,23,coleman_ecf7833-1_iflex_pip_beds_2023-05-11
CMF,A,P 1,118001L,MH Acute Care Facility,Psychiatric Inpatient Program,PIP,23,coleman_ecf7833-1_iflex_pip_beds_2023-05-11
CMF,A,P 1,119001L,MH Acute Care Facility,Psychiatric Inpatient Program,PIP,23,coleman_ecf7833-1_iflex_pip_beds_2023-05-11
CMF,A,P 1,120001L,MH Acute Care Facility,Psychiatric Inpatient Program,PIP,23,coleman_ecf7833-1_iflex_pip_beds_2023-05-11
CMF,A,P 1,121001L,MH Acute Care Facility,Psychiatric Inpatient Program,PIP,23,coleman_ecf7833-1_iflex_pip_beds_2023-05-11
CMF,A,P 1,122001L,MH Acute Care Facility,Psychiatric Inpatient Program,PIP,23,coleman_ecf7833-1_iflex_pip_beds_2023-05-11
CMF,A,P 1,123001L,MH Acute Care Facility,Psychiatric Inpatient Program,PIP,23,coleman_ecf7833-1_iflex_pip_beds_2023-05-11
CMF,A,P 1,124001L,MH Acute Care Facility,Psychiatric Inpatient Program,PIP,23,coleman_ecf7833-1_iflex_pip_beds_2023-05-11
CMF,A,P 1,125001L,MH Acute Care Facility,Psychiatric Inpatient Program,PIP,23,coleman_ecf7833-1_iflex_pip_beds_2023-05-11
CMF,A,P 1,126001L,MH Acute Care Facility,Psychiatric Inpatient Program,PIP,23,coleman_ecf7833-1_iflex_pip_beds_2023-05-11
CMF,A,P 1,127001L,MH Acute Care Facility,Psychiatric Inpatient Program,PIP,23,coleman_ecf7833-1_iflex_pip_beds_2023-05-11
CMF,A,P 1,128001L,MH Acute Care Facility,Psychiatric Inpatient Program,PIP,23,coleman_ecf7833-1_iflex_pip_beds_2023-05-11
CMF,A,P 1,129001L,MH Acute Care Facility,Psychiatric Inpatient Program,PIP,23,coleman_ecf7833-1_iflex_pip_beds_2023-05-11
CMF,A,P 1,130001L,MH Acute Care Facility,Psychiatric Inpatient Program,PIP,23,coleman_ecf7833-1_iflex_pip_beds_2023-05-11
CMF,A,P 1,131001L,MH Acute Care Facility,Psychiatric Inpatient Program,PIP,23,coleman_ecf7833-1_iflex_pip_beds_2023-05-11
CMF,A,P 1,132001L,MH Acute Care Facility,Psychiatric Inpatient Program,PIP,23,coleman_ecf7833-1_iflex_pip_beds_2023-05-11
CMF,A,P 2,201001L,MH Acute Care Facility,Psychiatric Inpatient Program,PIP,23,coleman_ecf7833-1_iflex_pip_beds_2023-05-11
CMF,A,P 2,202001L,MH Acute Care Facility,Psychiatric Inpatient Program,PIP,23,coleman_ecf7833-1_iflex_pip_beds_2023-05-11
CMF,A,P 2,203001L,MH Acute Care Facility,Psychiatric Inpatient Program,PIP,23,coleman_ecf7833-1_iflex_pip_beds_2023-05-11
CMF,A,P 2,204001L,MH Acute Care Facility,Psychiatric Inpatient Program,PIP,23,coleman_ecf7833-1_iflex_pip_beds_2023-05-11
CMF,A,P 2,205001L,MH Acute Care Facility,Psychiatric Inpatient Program,PIP,23,coleman_ecf7833-1_iflex_pip_beds_2023-05-11
CMF,A,P 2,206001L,MH Acute Care Facility,Psychiatric Inpatient Program,PIP,24,coleman_ecf7833-1_iflex_pip_beds_2023-05-11
CMF,A,P 2,207001L,MH Acute Care Facility,Psychiatric Inpatient Program,PIP,24,coleman_ecf7833-1_iflex_pip_beds_2023-05-11
CMF,A,P 2,208001L,MH Acute Care Facility,Psychiatric Inpatient Program,PIP,24,coleman_ecf7833-1_iflex_pip_beds_2023-05-11
CMF,A,P 2,209001L,MH Acute Care Facility,Psychiatric Inpatient Program,PIP,24,coleman_ecf7833-1_iflex_pip_beds_2023-05-11
CMF,A,P 2,210001L,MH Acute Care Facility,Psychiatric Inpatient Program,PIP,24,coleman_ecf7833-1_iflex_pip_beds_2023-05-11
CMF,A,P 2,211001L,MH Acute Care Facility,Psychiatric Inpatient Program,PIP,24,coleman_ecf7833-1_iflex_pip_beds_2023-05-11
CMF,A,P 2,212001L,MH Acute Care Facility,Psychiatric Inpatient Program,PIP,24,coleman_ecf7833-1_iflex_pip_beds_2023-05-11
CMF,A,P 2,213001L,MH Acute Care Facility,Psychiatric Inpatient Program,PIP,24,coleman_ecf7833-1_iflex_pip_beds_2023-05-11
CMF,A,P 2,214001L,MH Acute Care Facility,Psychiatric Inpatient Program,PIP,24,coleman_ecf7833-1_iflex_pip_beds_2023-05-11
CMF,A,P 2,215001L,MH Acute Care Facility,Psychiatric Inpatient Program,PIP,24,coleman_ecf7833-1_iflex_pip_beds_2023-05-11
CMF,A,P 2,216001L,MH Acute Care Facility,Psychiatric Inpatient Program,PIP,24,coleman_ecf7833-1_iflex_pip_beds_2023-05-11
CMF,A,P 2,217001L,MH Acute Care Facility,Psychiatric Inpatient Program,PIP,24,coleman_ecf7833-1_iflex_pip_beds_2023-05-11
CMF,A,P 2,218001L,MH Acute Care Facility,Psychiatric Inpatient Program,PIP,24,coleman_ecf7833-1_iflex_pip_beds_2023-05-11
CMF,A,P 2,219001L,MH Acute Care Facility,Psychiatric Inpatient Program,PIP,24,coleman_ecf7833-1_iflex_pip_beds_2023-05-11
CMF,A,P 2,220001L,MH Acute Care Facility,Psychiatric Inpatient Program,PIP,24,coleman_ecf7833-1_iflex_pip_beds_2023-05-11
CMF,A,P 2,221001L,MH Acute Care Facility,Psychiatric Inpatient Program,PIP,24,coleman_ecf7833-1_iflex_pip_beds_2023-05-11
CMF,A,P 2,222001L,MH Acute Care Facility,Psychiatric Inpatient Program,PIP,24,coleman_ecf7833-1_iflex_pip_beds_2023-05-11
CMF,A,P 2,223001L,MH Acute Care Facility,Psychiatric Inpatient Program,PIP,24,coleman_ecf7833-1_iflex_pip_beds_2023-05-11
CMF,A,P 2,224001L,MH Acute Care Facility,Psychiatric Inpatient Program,PIP,24,coleman_ecf7833-1_iflex_pip_beds_2023-05-11
CMF,A,P 2,225001L,MH Acute Care Facility,Psychiatric Inpatient Program,PIP,24,coleman_ecf7833-1_iflex_pip_beds_2023-05-11
CMF,A,P 2,226001L,MH Acute Care Facility,Psychiatric Inpatient Program,PIP,24,coleman_ecf7833-1_iflex_pip_beds_2023-05-11
CMF,A,P 2,227001L,MH Acute Care Facility,Psychiatric Inpatient Program,PIP,24,coleman_ecf7833-1_iflex_pip_beds_2023-05-11
CMF,A,P 2,228001L,MH Acute Care Facility,Psychiatric Inpatient Program,PIP,24,coleman_ecf7833-1_iflex_pip_beds_2023-05-11
CMF,A,P 2,229001L,MH Acute Care Facility,Psychiatric Inpatient Program,PIP,24,coleman_ecf7833-1_iflex_pip_beds_2023-05-11
CMF,A,P 2,230001L,MH Acute Care Facility,Psychiatric Inpatient Program,PIP,24,coleman_ecf7833-1_iflex_pip_beds_2023-05-11
CMF,A,P 2,231001L,MH Acute Care Facility,Psychiatric Inpatient Program,PIP,24,coleman_ecf7833-1_iflex_pip_beds_2023-05-11
CMF,A,P 2,232001L,MH Acute Care Facility,Psychiatric Inpatient Program,PIP,24,coleman_ecf7833-1_iflex_pip_beds_2023-05-11
CMF,A,P 2,233001L,MH Acute Care Facility,Psychiatric Inpatient Program,PIP,24,coleman_ecf7833-1_iflex_pip_beds_2023-05-11
CMF,A,P 2,234001L,MH Acute Care Facility,Psychiatric Inpatient Program,PIP,25,coleman_ecf7833-1_iflex_pip_beds_2023-05-11
CMF,A,P 2,235001L,MH Acute Care Facility,Psychiatric Inpatient Program,PIP,25,coleman_ecf7833-1_iflex_pip_beds_2023-05-11
CMF,A,P 2,236001L,MH Acute Care Facility,Psychiatric Inpatient Program,PIP,25,coleman_ecf7833-1_iflex_pip_beds_2023-05-11
CMF,A,P 3,301001L,MH Intermediate Care Facility,MH Intermediate Care Facility,ICF,25,coleman_ecf7833-1_iflex_pip_beds_2023-05-11
CMF,A,P 3,302001L,MH Intermediate Care Facility,MH Intermediate Care Facility,ICF,25,coleman_ecf7833-1_iflex_pip_beds_2023-05-11
CMF,A,P 3,303001L,MH Intermediate Care Facility,MH Intermediate Care Facility,ICF,25,coleman_ecf7833-1_iflex_pip_beds_2023-05-11
CMF,A,P 3,304001L,MH Intermediate Care Facility,MH Intermediate Care Facility,ICF,25,coleman_ecf7833-1_iflex_pip_beds_2023-05-11
CMF,A,P 3,305001L,MH Intermediate Care Facility,MH Intermediate Care Facility,ICF,25,coleman_ecf7833-1_iflex_pip_beds_2023-05-11
CMF,A,P 3,306001L,MH Intermediate Care Facility,MH Intermediate Care Facility,ICF,25,coleman_ecf7833-1_iflex_pip_beds_2023-05-11
CMF,A,P 3,307001L,MH Intermediate Care Facility,MH Intermediate Care Facility,ICF,25,coleman_ecf7833-1_iflex_pip_beds_2023-05-11
CMF,A,P 3,308001L,MH Intermediate Care Facility,MH Intermediate Care Facility,ICF,25,coleman_ecf7833-1_iflex_pip_beds_2023-05-11
CMF,A,P 3,309001L,MH Intermediate Care Facility,MH Intermediate Care Facility,ICF,25,coleman_ecf7833-1_iflex_pip_beds_2023-05-11
CMF,A,P 3,310001L,MH Intermediate Care Facility,MH Intermediate Care Facility,ICF,25,coleman_ecf7833-1_iflex_pip_beds_2023-05-11
CMF,A,P 3,311001L,MH Intermediate Care Facility,MH Intermediate Care Facility,ICF,25,coleman_ecf7833-1_iflex_pip_beds_2023-05-11
CMF,A,P 3,312001L,MH Intermediate Care Facility,MH Intermediate Care Facility,ICF,25,coleman_ecf7833-1_iflex_pip_beds_2023-05-11
CMF,A,P 3,313001L,MH Intermediate Care Facility,MH Intermediate Care Facility,ICF,25,coleman_ecf7833-1_iflex_pip_beds_2023-05-11
CMF,A,P 3,314001L,MH Intermediate Care Facility,MH Intermediate Care Facility,ICF,25,coleman_ecf7833-1_iflex_pip_beds_2023-05-11
CMF,A,P 3,315001L,MH Intermediate Care Facility,MH Intermediate Care Facility,ICF,25,coleman_ecf7833-1_iflex_pip_beds_2023-05-11
CMF,A,P 3,316001L,MH Intermediate Care Facility,MH Intermediate Care Facility,ICF,25,coleman_ecf7833-1_iflex_pip_beds_2023-05-11
CMF,A,P 3,317001L,MH Intermediate Care Facility,MH Intermediate Care Facility,ICF,25,coleman_ecf7833-1_iflex_pip_beds_2023-05-11
CMF,A,P 3,318001L,MH Intermediate Care Facility,MH Intermediate Care Facility,ICF,25,coleman_ecf7833-1_iflex_pip_beds_2023-05-11
CMF,A,P 3,319001L,MH Intermediate Care Facility,MH Intermediate Care Facility,ICF,25,coleman_ecf7833-1_iflex_pip_beds_2023-05-11
CMF,A,P 3,320001L,MH Intermediate Care Facility,MH Intermediate Care Facility,ICF,25,coleman_ecf7833-1_iflex_pip_beds_2023-05-11
CMF,A,P 3,321001L,MH Intermediate Care Facility,MH Intermediate Care Facility,ICF,25,coleman_ecf7833-1_iflex_pip_beds_2023-05-11
CMF,A,P 3,322001L,MH Intermediate Care Facility,MH Intermediate Care Facility,ICF,25,coleman_ecf7833-1_iflex_pip_beds_2023-05-11
CMF,A,P 3,323001L,MH Intermediate Care Facility,MH Intermediate Care Facility,ICF,25,coleman_ecf7833-1_iflex_pip_beds_2023-05-11
CMF,A,P 3,324001L,MH Intermediate Care Facility,MH Intermediate Care Facility,ICF,25,coleman_ecf7833-1_iflex_pip_beds_2023-05-11
CMF,A,P 3,325001L,MH Intermediate Care Facility,MH Intermediate Care Facility,ICF,25,coleman_ecf7833-1_iflex_pip_beds_2023-05-11
CMF,A,P 3,326001L,MH Intermediate Care Facility,MH Intermediate Care Facility,ICF,26,coleman_ecf7833-1_iflex_pip_beds_2023-05-11
CMF,A,P 3,327001L,MH Intermediate Care Facility,MH Intermediate Care Facility,ICF,26,coleman_ecf7833-1_iflex_pip_beds_2023-05-11
CMF,A,P 3,328001L,MH Intermediate Care Facility,MH Intermediate Care Facility,ICF,26,coleman_ecf7833-1_iflex_pip_beds_2023-05-11
CMF,A,P 3,329001L,MH Intermediate Care Facility,MH Intermediate Care Facility,ICF,26,coleman_ecf7833-1_iflex_pip_beds_2023-05-11
CMF,A,P 3,330001L,MH Intermediate Care Facility,MH Intermediate Care Facility,ICF,26,coleman_ecf7833-1_iflex_pip_beds_2023-05-11
CMF,A,Q 1,101001L,MH Acute Care Facility,Psychiatric Inpatient Program,PIP,26,coleman_ecf7833-1_iflex_pip_beds_2023-05-11
CMF,A,Q 1,102001L,MH Acute Care Facility,Psychiatric Inpatient Program,PIP,26,coleman_ecf7833-1_iflex_pip_beds_2023-05-11
CMF,A,Q 1,103001L,MH Acute Care Facility,Psychiatric Inpatient Program,PIP,26,coleman_ecf7833-1_iflex_pip_beds_2023-05-11
CMF,A,Q 1,104001L,MH Acute Care Facility,Psychiatric Inpatient Program,PIP,26,coleman_ecf7833-1_iflex_pip_beds_2023-05-11
CMF,A,Q 1,105001L,MH Acute Care Facility,Psychiatric Inpatient Program,PIP,26,coleman_ecf7833-1_iflex_pip_beds_2023-05-11
CMF,A,Q 1,106001L,MH Acute Care Facility,Psychiatric Inpatient Program,PIP,26,coleman_ecf7833-1_iflex_pip_beds_2023-05-11
CMF,A,Q 1,107001L,MH Acute Care Facility,Psychiatric Inpatient Program,PIP,26,coleman_ecf7833-1_iflex_pip_beds_2023-05-11
CMF,A,Q 1,108001L,MH Acute Care Facility,Psychiatric Inpatient Program,PIP,26,coleman_ecf7833-1_iflex_pip_beds_2023-05-11
CMF,A,Q 1,109001L,MH Acute Care Facility,Psychiatric Inpatient Program,PIP,26,coleman_ecf7833-1_iflex_pip_beds_2023-05-11
CMF,A,Q 1,110001L,MH Acute Care Facility,Psychiatric Inpatient Program,PIP,26,coleman_ecf7833-1_iflex_pip_beds_2023-05-11
CMF,A,Q 1,111001L,MH Acute Care Facility,Psychiatric Inpatient Program,PIP,26,coleman_ecf7833-1_iflex_pip_beds_2023-05-11
CMF,A,Q 1,112001L,MH Acute Care Facility,Psychiatric Inpatient Program,PIP,26,coleman_ecf7833-1_iflex_pip_beds_2023-05-11
CMF,A,Q 1,113001L,MH Acute Care Facility,Psychiatric Inpatient Program,PIP,26,coleman_ecf7833-1_iflex_pip_beds_2023-05-11
CMF,A,Q 1,114001L,MH Acute Care Facility,Psychiatric Inpatient Program,PIP,26,coleman_ecf7833-1_iflex_pip_beds_2023-05-11
CMF,A,Q 1,115001L,MH Acute Care Facility,Psychiatric Inpatient Program,PIP,26,coleman_ecf7833-1_iflex_pip_beds_2023-05-11
CMF,A,Q 1,116001L,MH Acute Care Facility,Psychiatric Inpatient Program,PIP,26,coleman_ecf7833-1_iflex_pip_beds_2023-05-11
CMF,A,Q 1,117001L,MH Acute Care Facility,Psychiatric Inpatient Program,PIP,26,coleman_ecf7833-1_iflex_pip_beds_2023-05-11
CMF,A,Q 1,118001L,MH Acute Care Facility,Psychiatric Inpatient Program,PIP,26,coleman_ecf7833-1_iflex_pip_beds_2023-05-11
CMF,A,Q 1,119001L,MH Acute Care Facility,Psychiatric Inpatient Program,PIP,26,coleman_ecf7833-1_iflex_pip_beds_2023-05-11
CMF,A,Q 1,120001L,MH Acute Care Facility,Psychiatric Inpatient Program,PIP,26,coleman_ecf7833-1_iflex_pip_beds_2023-05-11
CMF,A,Q 1,121001L,MH Acute Care Facility,Psychiatric Inpatient Program,PIP,26,coleman_ecf7833-1_iflex_pip_beds_2023-05-11
CMF,A,Q 1,122001L,MH Acute Care Facility,Psychiatric Inpatient Program,PIP,26,coleman_ecf7833-1_iflex_pip_beds_2023-05-11
CMF,A,Q 1,123001L,MH Acute Care Facility,Psychiatric Inpatient Program,PIP,26,coleman_ecf7833-1_iflex_pip_beds_2023-05-11
CMF,A,Q 1,124001L,MH Acute Care Facility,Psychiatric Inpatient Program,PIP,27,coleman_ecf7833-1_iflex_pip_beds_2023-05-11
CMF,A,Q 1,125001L,MH Acute Care Facility,Psychiatric Inpatient Program,PIP,27,coleman_ecf7833-1_iflex_pip_beds_2023-05-11
CMF,A,Q 1,126001L,MH Acute Care Facility,Psychiatric Inpatient Program,PIP,27,coleman_ecf7833-1_iflex_pip_beds_2023-05-11
CMF,A,Q 1,127001L,MH Acute Care Facility,Psychiatric Inpatient Program,PIP,27,coleman_ecf7833-1_iflex_pip_beds_2023-05-11
CMF,A,Q 1,128001L,MH Acute Care Facility,Psychiatric Inpatient Program,PIP,27,coleman_ecf7833-1_iflex_pip_beds_2023-05-11
CMF,A,Q 1,129001L,MH Acute Care Facility,Psychiatric Inpatient Program,PIP,27,coleman_ecf7833-1_iflex_pip_beds_2023-05-11
CMF,A,Q 2,201001L,MH Acute Care Facility,Psychiatric Inpatient Program,PIP,27,coleman_ecf7833-1_iflex_pip_beds_2023-05-11
CMF,A,Q 2,202001L,MH Acute Care Facility,Psychiatric Inpatient Program,PIP,27,coleman_ecf7833-1_iflex_pip_beds_2023-05-11
CMF,A,Q 2,203001L,MH Acute Care Facility,Psychiatric Inpatient Program,PIP,27,coleman_ecf7833-1_iflex_pip_beds_2023-05-11
CMF,A,Q 2,204001L,MH Acute Care Facility,Psychiatric Inpatient Program,PIP,27,coleman_ecf7833-1_iflex_pip_beds_2023-05-11
CMF,A,Q 2,205001L,MH Acute Care Facility,Psychiatric Inpatient Program,PIP,27,coleman_ecf7833-1_iflex_pip_beds_2023-05-11
CMF,A,Q 2,206001L,MH Acute Care Facility,Psychiatric Inpatient Program,PIP,27,coleman_ecf7833-1_iflex_pip_beds_2023-05-11
CMF,A,Q 2,207001L,MH Acute Care Facility,Psychiatric Inpatient Program,PIP,27,coleman_ecf7833-1_iflex_pip_beds_2023-05-11
CMF,A,Q 2,208001L,MH Acute Care Facility,Psychiatric Inpatient Program,PIP,27,coleman_ecf7833-1_iflex_pip_beds_2023-05-11
CMF,A,Q 2,209001L,MH Acute Care Facility,Psychiatric Inpatient Program,PIP,27,coleman_ecf7833-1_iflex_pip_beds_2023-05-11
CMF,A,Q 2,210001L,MH Acute Care Facility,Psychiatric Inpatient Program,PIP,27,coleman_ecf7833-1_iflex_pip_beds_2023-05-11
CMF,A,Q 2,211001L,MH Acute Care Facility,Psychiatric Inpatient Program,PIP,27,coleman_ecf7833-1_iflex_pip_beds_2023-05-11
CMF,A,Q 2,212001L,MH Acute Care Facility,Psychiatric Inpatient Program,PIP,27,coleman_ecf7833-1_iflex_pip_beds_2023-05-11
CMF,A,Q 2,213001L,MH Acute Care Facility,Psychiatric Inpatient Program,PIP,27,coleman_ecf7833-1_iflex_pip_beds_2023-05-11
CMF,A,Q 2,214001L,MH Acute Care Facility,Psychiatric Inpatient Program,PIP,27,coleman_ecf7833-1_iflex_pip_beds_2023-05-11
CMF,A,Q 2,215001L,MH Acute Care Facility,Psychiatric Inpatient Program,PIP,27,coleman_ecf7833-1_iflex_pip_beds_2023-05-11
CMF,A,Q 2,216001L,MH Acute Care Facility,Psychiatric Inpatient Program,PIP,27,coleman_ecf7833-1_iflex_pip_beds_2023-05-11
CMF,A,Q 2,217001L,MH Acute Care Facility,Psychiatric Inpatient Program,PIP,27,coleman_ecf7833-1_iflex_pip_beds_2023-05-11
CMF,A,Q 2,218001L,MH Acute Care Facility,Psychiatric Inpatient Program,PIP,27,coleman_ecf7833-1_iflex_pip_beds_2023-05-11
CMF,A,Q 2,219001L,MH Acute Care Facility,Psychiatric Inpatient Program,PIP,27,coleman_ecf7833-1_iflex_pip_beds_2023-05-11
CMF,A,Q 2,220001L,MH Acute Care Facility,Psychiatric Inpatient Program,PIP,27,coleman_ecf7833-1_iflex_pip_beds_2023-05-11
CMF,A,Q 2,221001L,MH Acute Care Facility,Psychiatric Inpatient Program,PIP,27,coleman_ecf7833-1_iflex_pip_beds_2023-05-11
CMF,A,Q 2,222001L,MH Acute Care Facility,Psychiatric Inpatient Program,PIP,27,coleman_ecf7833-1_iflex_pip_beds_2023-05-11
CMF,A,Q 2,223001L,MH Acute Care Facility,Psychiatric Inpatient Program,PIP,28,coleman_ecf7833-1_iflex_pip_beds_2023-05-11
CMF,A,Q 2,224001L,MH Acute Care Facility,Psychiatric Inpatient Program,PIP,28,coleman_ecf7833-1_iflex_pip_beds_2023-05-11
CMF,A,Q 2,225001L,MH Acute Care Facility,Psychiatric Inpatient Program,PIP,28,coleman_ecf7833-1_iflex_pip_beds_2023-05-11
CMF,A,Q 2,226001L,MH Acute Care Facility,Psychiatric Inpatient Program,PIP,28,coleman_ecf7833-1_iflex_pip_beds_2023-05-11
CMF,A,Q 2,227001L,MH Acute Care Facility,Psychiatric Inpatient Program,PIP,28,coleman_ecf7833-1_iflex_pip_beds_2023-05-11
CMF,A,Q 2,228001L,MH Acute Care Facility,Psychiatric Inpatient Program,PIP,28,coleman_ecf7833-1_iflex_pip_beds_2023-05-11
CMF,A,Q 2,229001L,MH Acute Care Facility,Psychiatric Inpatient Program,PIP,28,coleman_ecf7833-1_iflex_pip_beds_2023-05-11
CMF,A,Q 2,230001L,MH Acute Care Facility,Psychiatric Inpatient Program,PIP,28,coleman_ecf7833-1_iflex_pip_beds_2023-05-11
CMF,A,Q 2,231001L,MH Acute Care Facility,Psychiatric Inpatient Program,PIP,28,coleman_ecf7833-1_iflex_pip_beds_2023-05-11
CMF,A,Q 3,301001L,MH Acute Care Facility,Psychiatric Inpatient Program,PIP,28,coleman_ecf7833-1_iflex_pip_beds_2023-05-11
CMF,A,Q 3,302001L,MH Acute Care Facility,Psychiatric Inpatient Program,PIP,28,coleman_ecf7833-1_iflex_pip_beds_2023-05-11
CMF,A,Q 3,303001L,MH Acute Care Facility,Psychiatric Inpatient Program,PIP,28,coleman_ecf7833-1_iflex_pip_beds_2023-05-11
CMF,A,Q 3,304001L,MH Acute Care Facility,Psychiatric Inpatient Program,PIP,28,coleman_ecf7833-1_iflex_pip_beds_2023-05-11
CMF,A,Q 3,305001L,MH Acute Care Facility,Psychiatric Inpatient Program,PIP,28,coleman_ecf7833-1_iflex_pip_beds_2023-05-11
CMF,A,Q 3,306001L,MH Acute Care Facility,Psychiatric Inpatient Program,PIP,28,coleman_ecf7833-1_iflex_pip_beds_2023-05-11
CMF,A,Q 3,307001L,MH Acute Care Facility,Psychiatric Inpatient Program,PIP,28,coleman_ecf7833-1_iflex_pip_beds_2023-05-11
CMF,A,Q 3,308001L,MH Acute Care Facility,Psychiatric Inpatient Program,PIP,28,coleman_ecf7833-1_iflex_pip_beds_2023-05-11
CMF,A,Q 3,309001L,MH Acute Care Facility,Psychiatric Inpatient Program,PIP,28,coleman_ecf7833-1_iflex_pip_beds_2023-05-11
CMF,A,Q 3,310001L,MH Acute Care Facility,Psychiatric Inpatient Program,PIP,28,coleman_ecf7833-1_iflex_pip_beds_2023-05-11
CMF,A,Q 3,311001L,MH Acute Care Facility,Psychiatric Inpatient Program,PIP,28,coleman_ecf7833-1_iflex_pip_beds_2023-05-11
CMF,A,Q 3,312001L,MH Acute Care Facility,Psychiatric Inpatient Program,PIP,28,coleman_ecf7833-1_iflex_pip_beds_2023-05-11
CMF,A,Q 3,313001L,MH Acute Care Facility,Psychiatric Inpatient Program,PIP,28,coleman_ecf7833-1_iflex_pip_beds_2023-05-11
CMF,A,Q 3,314001L,MH Acute Care Facility,Psychiatric Inpatient Program,PIP,28,coleman_ecf7833-1_iflex_pip_beds_2023-05-11
CMF,A,Q 3,315001L,MH Acute Care Facility,Psychiatric Inpatient Program,PIP,28,coleman_ecf7833-1_iflex_pip_beds_2023-05-11
CMF,A,Q 3,316001L,MH Acute Care Facility,Psychiatric Inpatient Program,PIP,28,coleman_ecf7833-1_iflex_pip_beds_2023-05-11
CMF,A,Q 3,317001L,MH Acute Care Facility,Psychiatric Inpatient Program,PIP,28,coleman_ecf7833-1_iflex_pip_beds_2023-05-11
CMF,A,Q 3,318001L,MH Acute Care Facility,Psychiatric Inpatient Program,PIP,28,coleman_ecf7833-1_iflex_pip_beds_2023-05-11
CMF,A,Q 3,319001L,MH Acute Care Facility,Psychiatric Inpatient Program,PIP,28,coleman_ecf7833-1_iflex_pip_beds_2023-05-11
CMF,A,Q 3,320001L,MH Acute Care Facility,Psychiatric Inpatient Program,PIP,29,coleman_ecf7833-1_iflex_pip_beds_2023-05-11
CMF,A,Q 3,321001L,MH Acute Care Facility,Psychiatric Inpatient Program,PIP,29,coleman_ecf7833-1_iflex_pip_beds_2023-05-11
CMF,A,Q 3,322001L,MH Acute Care Facility,Psychiatric Inpatient Program,PIP,29,coleman_ecf7833-1_iflex_pip_beds_2023-05-11
CMF,A,Q 3,323001L,MH Acute Care Facility,Psychiatric Inpatient Program,PIP,29,coleman_ecf7833-1_iflex_pip_beds_2023-05-11
CMF,A,Q 3,324001L,MH Acute Care Facility,Psychiatric Inpatient Program,PIP,29,coleman_ecf7833-1_iflex_pip_beds_2023-05-11
CMF,A,Q 3,325001L,MH Acute Care Facility,Psychiatric Inpatient Program,PIP,29,coleman_ecf7833-1_iflex_pip_beds_2023-05-11
CMF,A,Q 3,326001L,MH Acute Care Facility,Psychiatric Inpatient Program,PIP,29,coleman_ecf7833-1_iflex_pip_beds_2023-05-11
CMF,A,Q 3,327001L,MH Acute Care Facility,Psychiatric Inpatient Program,PIP,29,coleman_ecf7833-1_iflex_pip_beds_2023-05-11
CMF,A,Q 3,328001L,MH Acute Care Facility,Psychiatric Inpatient Program,PIP,29,coleman_ecf7833-1_iflex_pip_beds_2023-05-11
CMF,A,Q 3,329001L,MH Acute Care Facility,Psychiatric Inpatient Program,PIP,29,coleman_ecf7833-1_iflex_pip_beds_2023-05-11
CMF,A,Q 3,330001L,MH Acute Care Facility,Psychiatric Inpatient Program,PIP,29,coleman_ecf7833-1_iflex_pip_beds_2023-05-11
CMF,A,S 1,101001L,MH Acute Care Facility,Psychiatric Inpatient Program,PIP,29,coleman_ecf7833-1_iflex_pip_beds_2023-05-11
CMF,A,S 1,102001L,MH Acute Care Facility,Psychiatric Inpatient Program,PIP,29,coleman_ecf7833-1_iflex_pip_beds_2023-05-11
CMF,A,S 1,103001L,MH Acute Care Facility,Psychiatric Inpatient Program,PIP,29,coleman_ecf7833-1_iflex_pip_beds_2023-05-11
CMF,A,S 1,104001L,MH Acute Care Facility,Psychiatric Inpatient Program,PIP,29,coleman_ecf7833-1_iflex_pip_beds_2023-05-11
CMF,A,S 1,105001L,MH Acute Care Facility,Psychiatric Inpatient Program,PIP,29,coleman_ecf7833-1_iflex_pip_beds_2023-05-11
CMF,A,S 1,106001L,MH Acute Care Facility,Psychiatric Inpatient Program,PIP,29,coleman_ecf7833-1_iflex_pip_beds_2023-05-11
CMF,A,S 1,107001L,MH Acute Care Facility,Psychiatric Inpatient Program,PIP,29,coleman_ecf7833-1_iflex_pip_beds_2023-05-11
CMF,A,S 1,108001L,MH Acute Care Facility,Psychiatric Inpatient Program,PIP,29,coleman_ecf7833-1_iflex_pip_beds_2023-05-11
CMF,A,S 1,109001L,MH Acute Care Facility,Psychiatric Inpatient Program,PIP,29,coleman_ecf7833-1_iflex_pip_beds_2023-05-11
CMF,A,S 1,110001L,MH Acute Care Facility,Psychiatric Inpatient Program,PIP,29,coleman_ecf7833-1_iflex_pip_beds_2023-05-11
CMF,A,S 1,111001L,MH Acute Care Facility,Psychiatric Inpatient Program,PIP,29,coleman_ecf7833-1_iflex_pip_beds_2023-05-11
CMF,A,S 1,112001L,MH Acute Care Facility,Psychiatric Inpatient Program,PIP,29,coleman_ecf7833-1_iflex_pip_beds_2023-05-11
CMF,A,S 1,113001L,MH Acute Care Facility,Psychiatric Inpatient Program,PIP,29,coleman_ecf7833-1_iflex_pip_beds_2023-05-11
CMF,A,S 1,114001L,MH Acute Care Facility,Psychiatric Inpatient Program,PIP,29,coleman_ecf7833-1_iflex_pip_beds_2023-05-11
CMF,A,S 1,115001L,MH Acute Care Facility,Psychiatric Inpatient Program,PIP,29,coleman_ecf7833-1_iflex_pip_beds_2023-05-11
CMF,A,S 1,116001L,MH Acute Care Facility,Psychiatric Inpatient Program,PIP,29,coleman_ecf7833-1_iflex_pip_beds_2023-05-11
CMF,A,S 1,117001L,MH Acute Care Facility,Psychiatric Inpatient Program,PIP,29,coleman_ecf7833-1_iflex_pip_beds_2023-05-11
CMF,A,S 1,118001L,MH Acute Care Facility,Psychiatric Inpatient Program,PIP,30,coleman_ecf7833-1_iflex_pip_beds_2023-05-11
CMF,A,S 1,119001L,MH Acute Care Facility,Psychiatric Inpatient Program,PIP,30,coleman_ecf7833-1_iflex_pip_beds_2023-05-11
CMF,A,S 1,120001L,MH Acute Care Facility,Psychiatric Inpatient Program,PIP,30,coleman_ecf7833-1_iflex_pip_beds_2023-05-11
CMF,A,S 1,121001L,MH Acute Care Facility,Psychiatric Inpatient Program,PIP,30,coleman_ecf7833-1_iflex_pip_beds_2023-05-11
CMF,A,S 1,122001L,MH Acute Care Facility,Psychiatric Inpatient Program,PIP,30,coleman_ecf7833-1_iflex_pip_beds_2023-05-11
CMF,A,S 1,123001L,MH Acute Care Facility,Psychiatric Inpatient Program,PIP,30,coleman_ecf7833-1_iflex_pip_beds_2023-05-11
CMF,A,S 1,124001L,MH Acute Care Facility,Psychiatric Inpatient Program,PIP,30,coleman_ecf7833-1_iflex_pip_beds_2023-05-11
CMF,A,S 1,125001L,MH Acute Care Facility,Psychiatric Inpatient Program,PIP,30,coleman_ecf7833-1_iflex_pip_beds_2023-05-11
CMF,A,S 1,126001L,MH Acute Care Facility,Psychiatric Inpatient Program,PIP,30,coleman_ecf7833-1_iflex_pip_beds_2023-05-11
CMF,A,S 1,127001L,MH Acute Care Facility,Psychiatric Inpatient Program,PIP,30,coleman_ecf7833-1_iflex_pip_beds_2023-05-11
CMF,A,S 1,128001L,MH Acute Care Facility,Psychiatric Inpatient Program,PIP,30,coleman_ecf7833-1_iflex_pip_beds_2023-05-11
CMF,A,S 1,129001L,MH Acute Care Facility,Psychiatric Inpatient Program,PIP,30,coleman_ecf7833-1_iflex_pip_beds_2023-05-11
CMF,A,S 1,130001L,MH Acute Care Facility,Psychiatric Inpatient Program,PIP,30,coleman_ecf7833-1_iflex_pip_beds_2023-05-11
CMF,A,S 2,201001L,MH Acute Care Facility,Psychiatric Inpatient Program,PIP,30,coleman_ecf7833-1_iflex_pip_beds_2023-05-11
CMF,A,S 2,202001L,MH Acute Care Facility,Psychiatric Inpatient Program,PIP,30,coleman_ecf7833-1_iflex_pip_beds_2023-05-11
CMF,A,S 2,203001L,MH Acute Care Facility,Psychiatric Inpatient Program,PIP,30,coleman_ecf7833-1_iflex_pip_beds_2023-05-11
CMF,A,S 2,204001L,MH Acute Care Facility,Psychiatric Inpatient Program,PIP,30,coleman_ecf7833-1_iflex_pip_beds_2023-05-11
CMF,A,S 2,205001L,MH Acute Care Facility,Psychiatric Inpatient Program,PIP,30,coleman_ecf7833-1_iflex_pip_beds_2023-05-11
CMF,A,S 2,206001L,MH Acute Care Facility,Psychiatric Inpatient Program,PIP,30,coleman_ecf7833-1_iflex_pip_beds_2023-05-11
CMF,A,S 2,207001L,MH Acute Care Facility,Psychiatric Inpatient Program,PIP,30,coleman_ecf7833-1_iflex_pip_beds_2023-05-11
CMF,A,S 2,208001L,MH Acute Care Facility,Psychiatric Inpatient Program,PIP,30,coleman_ecf7833-1_iflex_pip_beds_2023-05-11
CMF,A,S 2,209001L,MH Acute Care Facility,Psychiatric Inpatient Program,PIP,30,coleman_ecf7833-1_iflex_pip_beds_2023-05-11
CMF,A,S 2,210001L,MH Acute Care Facility,Psychiatric Inpatient Program,PIP,30,coleman_ecf7833-1_iflex_pip_beds_2023-05-11
CMF,A,S 2,211001L,MH Acute Care Facility,Psychiatric Inpatient Program,PIP,30,coleman_ecf7833-1_iflex_pip_beds_2023-05-11
CMF,A,S 2,212001L,MH Acute Care Facility,Psychiatric Inpatient Program,PIP,30,coleman_ecf7833-1_iflex_pip_beds_2023-05-11
CMF,A,S 2,213001L,MH Acute Care Facility,Psychiatric Inpatient Program,PIP,30,coleman_ecf7833-1_iflex_pip_beds_2023-05-11
CMF,A,S 2,214001L,MH Acute Care Facility,Psychiatric Inpatient Program,PIP,30,coleman_ecf7833-1_iflex_pip_beds_2023-05-11
CMF,A,S 2,215001L,MH Acute Care Facility,Psychiatric Inpatient Program,PIP,30,coleman_ecf7833-1_iflex_pip_beds_2023-05-11
CMF,A,S 2,216001L,MH Acute Care Facility,Psychiatric Inpatient Program,PIP,31,coleman_ecf7833-1_iflex_pip_beds_2023-05-11
CMF,A,S 2,217001L,MH Acute Care Facility,Psychiatric Inpatient Program,PIP,31,coleman_ecf7833-1_iflex_pip_beds_2023-05-11
CMF,A,S 2,218001L,MH Acute Care Facility,Psychiatric Inpatient Program,PIP,31,coleman_ecf7833-1_iflex_pip_beds_2023-05-11
CMF,A,S 2,219001L,MH Acute Care Facility,Psychiatric Inpatient Program,PIP,31,coleman_ecf7833-1_iflex_pip_beds_2023-05-11
CMF,A,S 2,220001L,MH Acute Care Facility,Psychiatric Inpatient Program,PIP,31,coleman_ecf7833-1_iflex_pip_beds_2023-05-11
CMF,A,S 2,221001L,MH Acute Care Facility,Psychiatric Inpatient Program,PIP,31,coleman_ecf7833-1_iflex_pip_beds_2023-05-11
CMF,A,S 2,222001L,MH Acute Care Facility,Psychiatric Inpatient Program,PIP,31,coleman_ecf7833-1_iflex_pip_beds_2023-05-11
CMF,A,S 2,223001L,MH Acute Care Facility,Psychiatric Inpatient Program,PIP,31,coleman_ecf7833-1_iflex_pip_beds_2023-05-11
CMF,A,S 2,224001L,MH Acute Care Facility,Psychiatric Inpatient Program,PIP,31,coleman_ecf7833-1_iflex_pip_beds_2023-05-11
CMF,A,S 2,225001L,MH Acute Care Facility,Psychiatric Inpatient Program,PIP,31,coleman_ecf7833-1_iflex_pip_beds_2023-05-11
CMF,A,S 2,226001L,MH Acute Care Facility,Psychiatric Inpatient Program,PIP,31,coleman_ecf7833-1_iflex_pip_beds_2023-05-11
CMF,A,S 2,227001L,MH Acute Care Facility,Psychiatric Inpatient Program,PIP,31,coleman_ecf7833-1_iflex_pip_beds_2023-05-11
CMF,A,S 2,228001L,MH Acute Care Facility,Psychiatric Inpatient Program,PIP,31,coleman_ecf7833-1_iflex_pip_beds_2023-05-11
CMF,A,S 2,229001L,MH Acute Care Facility,Psychiatric Inpatient Program,PIP,31,coleman_ecf7833-1_iflex_pip_beds_2023-05-11
CMF,A,S 2,230001L,MH Acute Care Facility,Psychiatric Inpatient Program,PIP,31,coleman_ecf7833-1_iflex_pip_beds_2023-05-11
CHCF,B,301A1,101001L,MH Acute Care Facility,Psychiatric Inpatient Program,PIP,31,coleman_ecf7833-1_iflex_pip_beds_2023-05-11
CHCF,B,301A1,102001L,MH Acute Care Facility,Psychiatric Inpatient Program,PIP,31,coleman_ecf7833-1_iflex_pip_beds_2023-05-11
CHCF,B,301A1,103001L,MH Acute Care Facility,Psychiatric Inpatient Program,PIP,31,coleman_ecf7833-1_iflex_pip_beds_2023-05-11
CHCF,B,301A1,104001L,MH Acute Care Facility,Psychiatric Inpatient Program,PIP,31,coleman_ecf7833-1_iflex_pip_beds_2023-05-11
CHCF,B,301A1,105001L,MH Acute Care Facility,Psychiatric Inpatient Program,PIP,31,coleman_ecf7833-1_iflex_pip_beds_2023-05-11
CHCF,B,301A1,106001L,MH Acute Care Facility,Psychiatric Inpatient Program,PIP,31,coleman_ecf7833-1_iflex_pip_beds_2023-05-11
CHCF,B,301A1,107001L,MH Acute Care Facility,Psychiatric Inpatient Program,PIP,31,coleman_ecf7833-1_iflex_pip_beds_2023-05-11
CHCF,B,301A1,108001L,MH Acute Care Facility,Psychiatric Inpatient Program,PIP,31,coleman_ecf7833-1_iflex_pip_beds_2023-05-11
CHCF,B,301A1,109001L,MH Acute Care Facility,Psychiatric Inpatient Program,PIP,31,coleman_ecf7833-1_iflex_pip_beds_2023-05-11
CHCF,B,301A1,110001L,MH Acute Care Facility,Psychiatric Inpatient Program,PIP,31,coleman_ecf7833-1_iflex_pip_beds_2023-05-11
CHCF,B,301A1,111001L,MH Acute Care Facility,Psychiatric Inpatient Program,PIP,31,coleman_ecf7833-1_iflex_pip_beds_2023-05-11
CHCF,B,301A1,112001L,MH Acute Care Facility,Psychiatric Inpatient Program,PIP,32,coleman_ecf7833-1_iflex_pip_beds_2023-05-11
CHCF,B,301A1,113001L,MH Acute Care Facility,Psychiatric Inpatient Program,PIP,32,coleman_ecf7833-1_iflex_pip_beds_2023-05-11
CHCF,B,301A1,114001L,MH Acute Care Facility,Psychiatric Inpatient Program,PIP,32,coleman_ecf7833-1_iflex_pip_beds_2023-05-11
CHCF,B,301A1,115001L,MH Acute Care Facility,Psychiatric Inpatient Program,PIP,32,coleman_ecf7833-1_iflex_pip_beds_2023-05-11
CHCF,B,301A1,116001L,MH Acute Care Facility,Psychiatric Inpatient Program,PIP,32,coleman_ecf7833-1_iflex_pip_beds_2023-05-11
CHCF,B,301A1,117001L,MH Acute Care Facility,Psychiatric Inpatient Program,PIP,32,coleman_ecf7833-1_iflex_pip_beds_2023-05-11
CHCF,B,301A1,118001L,MH Acute Care Facility,Psychiatric Inpatient Program,PIP,32,coleman_ecf7833-1_iflex_pip_beds_2023-05-11
CHCF,B,301A1,119001L,MH Acute Care Facility,Psychiatric Inpatient Program,PIP,32,coleman_ecf7833-1_iflex_pip_beds_2023-05-11
CHCF,B,301A1,120001L,MH Acute Care Facility,Psychiatric Inpatient Program,PIP,32,coleman_ecf7833-1_iflex_pip_beds_2023-05-11
CHCF,B,301A1,121001L,MH Intermediate Care Facility,Psychiatric Inpatient Program,PIP,32,coleman_ecf7833-1_iflex_pip_beds_2023-05-11
CHCF,B,301A1,122001L,MH Acute Care Facility,Psychiatric Inpatient Program,PIP,32,coleman_ecf7833-1_iflex_pip_beds_2023-05-11
CHCF,B,301A1,123001L,MH Acute Care Facility,Psychiatric Inpatient Program,PIP,32,coleman_ecf7833-1_iflex_pip_beds_2023-05-11
CHCF,B,301A1,124001L,MH Acute Care Facility,Psychiatric Inpatient Program,PIP,32,coleman_ecf7833-1_iflex_pip_beds_2023-05-11
CHCF,B,301A1,125001L,MH Acute Care Facility,Psychiatric Inpatient Program,PIP,32,coleman_ecf7833-1_iflex_pip_beds_2023-05-11
CHCF,B,301A1,126001L,MH Acute Care Facility,Psychiatric Inpatient Program,PIP,32,coleman_ecf7833-1_iflex_pip_beds_2023-05-11
CHCF,B,301A1,127001L,MH Acute Care Facility,Psychiatric Inpatient Program,PIP,32,coleman_ecf7833-1_iflex_pip_beds_2023-05-11
CHCF,B,301A1,128001L,MH Acute Care Facility,Psychiatric Inpatient Program,PIP,32,coleman_ecf7833-1_iflex_pip_beds_2023-05-11
CHCF,B,301A1,129001L,MH Acute Care Facility,Psychiatric Inpatient Program,PIP,32,coleman_ecf7833-1_iflex_pip_beds_2023-05-11
CHCF,B,301A1,130001L,MH Acute Care Facility,Psychiatric Inpatient Program,PIP,32,coleman_ecf7833-1_iflex_pip_beds_2023-05-11
CHCF,B,301B1,106001L,MH Acute Care Facility,Psychiatric Inpatient Program,PIP,32,coleman_ecf7833-1_iflex_pip_beds_2023-05-11
CHCF,B,301B1,107001L,MH Acute Care Facility,Psychiatric Inpatient Program,PIP,32,coleman_ecf7833-1_iflex_pip_beds_2023-05-11
CHCF,B,301B1,108001L,MH Acute Care Facility,Psychiatric Inpatient Program,PIP,32,coleman_ecf7833-1_iflex_pip_beds_2023-05-11
CHCF,B,301B1,109001L,MH Acute Care Facility,Psychiatric Inpatient Program,PIP,32,coleman_ecf7833-1_iflex_pip_beds_2023-05-11
CHCF,B,301B1,110001L,MH Acute Care Facility,Psychiatric Inpatient Program,PIP,33,coleman_ecf7833-1_iflex_pip_beds_2023-05-11
CHCF,B,301B1,111001L,MH Acute Care Facility,Psychiatric Inpatient Program,PIP,33,coleman_ecf7833-1_iflex_pip_beds_2023-05-11
CHCF,B,301B1,112001L,MH Acute Care Facility,Psychiatric Inpatient Program,PIP,33,coleman_ecf7833-1_iflex_pip_beds_2023-05-11
CHCF,B,301B1,113001L,MH Acute Care Facility,Psychiatric Inpatient Program,PIP,33,coleman_ecf7833-1_iflex_pip_beds_2023-05-11
CHCF,B,301B1,114001L,MH Acute Care Facility,Psychiatric Inpatient Program,PIP,33,coleman_ecf7833-1_iflex_pip_beds_2023-05-11
CHCF,B,301B1,115001L,MH Acute Care Facility,Psychiatric Inpatient Program,PIP,33,coleman_ecf7833-1_iflex_pip_beds_2023-05-11
CHCF,B,301B1,116001L,MH Acute Care Facility,Psychiatric Inpatient Program,PIP,33,coleman_ecf7833-1_iflex_pip_beds_2023-05-11
CHCF,B,301B1,117001L,MH Acute Care Facility,Psychiatric Inpatient Program,PIP,33,coleman_ecf7833-1_iflex_pip_beds_2023-05-11
CHCF,B,301B1,121001L,MH Acute Care Facility,Psychiatric Inpatient Program,PIP,33,coleman_ecf7833-1_iflex_pip_beds_2023-05-11
CHCF,B,301B1,122001L,MH Acute Care Facility,Psychiatric Inpatient Program,PIP,33,coleman_ecf7833-1_iflex_pip_beds_2023-05-11
CHCF,B,301B1,123001L,MH Acute Care Facility,Psychiatric Inpatient Program,PIP,33,coleman_ecf7833-1_iflex_pip_beds_2023-05-11
CHCF,B,301B1,124001L,MH Acute Care Facility,Psychiatric Inpatient Program,PIP,33,coleman_ecf7833-1_iflex_pip_beds_2023-05-11
CHCF,B,301B1,125001L,MH Acute Care Facility,Psychiatric Inpatient Program,PIP,33,coleman_ecf7833-1_iflex_pip_beds_2023-05-11
CHCF,B,301B1,126001L,MH Acute Care Facility,Psychiatric Inpatient Program,PIP,33,coleman_ecf7833-1_iflex_pip_beds_2023-05-11
CHCF,B,301B1,127001L,MH Acute Care Facility,Psychiatric Inpatient Program,PIP,33,coleman_ecf7833-1_iflex_pip_beds_2023-05-11
CHCF,B,301B1,128001L,MH Acute Care Facility,Psychiatric Inpatient Program,PIP,33,coleman_ecf7833-1_iflex_pip_beds_2023-05-11
CHCF,B,301B1,129001L,MH Acute Care Facility,Psychiatric Inpatient Program,PIP,33,coleman_ecf7833-1_iflex_pip_beds_2023-05-11
CHCF,B,301B1,130001L,MH Acute Care Facility,Psychiatric Inpatient Program,PIP,33,coleman_ecf7833-1_iflex_pip_beds_2023-05-11
CHCF,B,301B1,131001L,MH Acute Care Facility,Psychiatric Inpatient Program,PIP,33,coleman_ecf7833-1_iflex_pip_beds_2023-05-11
CHCF,B,301B1,132001L,MH Acute Care Facility,Psychiatric Inpatient Program,PIP,33,coleman_ecf7833-1_iflex_pip_beds_2023-05-11
CHCF,B,301B1,133001L,MH Acute Care Facility,Psychiatric Inpatient Program,PIP,33,coleman_ecf7833-1_iflex_pip_beds_2023-05-11
CHCF,B,302A1,101001L,MH Acute Care Facility,Psychiatric Inpatient Program,PIP,33,coleman_ecf7833-1_iflex_pip_beds_2023-05-11
CHCF,B,302A1,102001L,MH Acute Care Facility,Psychiatric Inpatient Program,PIP,33,coleman_ecf7833-1_iflex_pip_beds_2023-05-11
CHCF,B,302A1,103001L,MH Acute Care Facility,Psychiatric Inpatient Program,PIP,34,coleman_ecf7833-1_iflex_pip_beds_2023-05-11
CHCF,B,302A1,104001L,MH Acute Care Facility,Psychiatric Inpatient Program,PIP,34,coleman_ecf7833-1_iflex_pip_beds_2023-05-11
CHCF,B,302A1,105001L,MH Acute Care Facility,Psychiatric Inpatient Program,PIP,34,coleman_ecf7833-1_iflex_pip_beds_2023-05-11
CHCF,B,302A1,106001L,MH Acute Care Facility,Psychiatric Inpatient Program,PIP,34,coleman_ecf7833-1_iflex_pip_beds_2023-05-11
CHCF,B,302A1,107001L,MH Acute Care Facility,Psychiatric Inpatient Program,PIP,34,coleman_ecf7833-1_iflex_pip_beds_2023-05-11
CHCF,B,302A1,108001L,MH Acute Care Facility,Psychiatric Inpatient Program,PIP,34,coleman_ecf7833-1_iflex_pip_beds_2023-05-11
CHCF,B,302A1,109001L,MH Acute Care Facility,Psychiatric Inpatient Program,PIP,34,coleman_ecf7833-1_iflex_pip_beds_2023-05-11
CHCF,B,302A1,110001L,MH Acute Care Facility,Psychiatric Inpatient Program,PIP,34,coleman_ecf7833-1_iflex_pip_beds_2023-05-11
CHCF,B,302A1,111001L,MH Acute Care Facility,Psychiatric Inpatient Program,PIP,34,coleman_ecf7833-1_iflex_pip_beds_2023-05-11
CHCF,B,302A1,112001L,MH Acute Care Facility,Psychiatric Inpatient Program,PIP,34,coleman_ecf7833-1_iflex_pip_beds_2023-05-11
CHCF,B,302A1,113001L,MH Acute Care Facility,Psychiatric Inpatient Program,PIP,34,coleman_ecf7833-1_iflex_pip_beds_2023-05-11
CHCF,B,302A1,114001L,MH Acute Care Facility,Psychiatric Inpatient Program,PIP,34,coleman_ecf7833-1_iflex_pip_beds_2023-05-11
CHCF,B,302A1,115001L,MH Acute Care Facility,Psychiatric Inpatient Program,PIP,34,coleman_ecf7833-1_iflex_pip_beds_2023-05-11
CHCF,B,302A1,116001L,MH Acute Care Facility,Psychiatric Inpatient Program,PIP,34,coleman_ecf7833-1_iflex_pip_beds_2023-05-11
CHCF,B,302A1,117001L,MH Acute Care Facility,Psychiatric Inpatient Program,PIP,34,coleman_ecf7833-1_iflex_pip_beds_2023-05-11
CHCF,B,302A1,118001L,MH Acute Care Facility,Psychiatric Inpatient Program,PIP,34,coleman_ecf7833-1_iflex_pip_beds_2023-05-11
CHCF,B,302A1,119001L,MH Acute Care Facility,Psychiatric Inpatient Program,PIP,34,coleman_ecf7833-1_iflex_pip_beds_2023-05-11
CHCF,B,302A1,120001L,MH Acute Care Facility,Psychiatric Inpatient Program,PIP,34,coleman_ecf7833-1_iflex_pip_beds_2023-05-11
CHCF,B,302A1,121001L,MH Acute Care Facility,Psychiatric Inpatient Program,PIP,34,coleman_ecf7833-1_iflex_pip_beds_2023-05-11
CHCF,B,302A1,122001L,MH Acute Care Facility,Psychiatric Inpatient Program,PIP,34,coleman_ecf7833-1_iflex_pip_beds_2023-05-11
CHCF,B,302A1,123001L,MH Acute Care Facility,Psychiatric Inpatient Program,PIP,34,coleman_ecf7833-1_iflex_pip_beds_2023-05-11
CHCF,B,302A1,124001L,MH Acute Care Facility,Psychiatric Inpatient Program,PIP,34,coleman_ecf7833-1_iflex_pip_beds_2023-05-11
CHCF,B,302A1,125001L,MH Acute Care Facility,Psychiatric Inpatient Program,PIP,34,coleman_ecf7833-1_iflex_pip_beds_2023-05-11
CHCF,B,302A1,126001L,MH Acute Care Facility,Psychiatric Inpatient Program,PIP,35,coleman_ecf7833-1_iflex_pip_beds_2023-05-11
CHCF,B,302A1,127001L,MH Acute Care Facility,Psychiatric Inpatient Program,PIP,35,coleman_ecf7833-1_iflex_pip_beds_2023-05-11
CHCF,B,302A1,128001L,MH Acute Care Facility,Psychiatric Inpatient Program,PIP,35,coleman_ecf7833-1_iflex_pip_beds_2023-05-11
CHCF,B,302A1,129001L,MH Acute Care Facility,Psychiatric Inpatient Program,PIP,35,coleman_ecf7833-1_iflex_pip_beds_2023-05-11
CHCF,B,302A1,130001L,MH Acute Care Facility,Psychiatric Inpatient Program,PIP,35,coleman_ecf7833-1_iflex_pip_beds_2023-05-11
CHCF,B,302B1,104001L,MH Acute Care Facility,Psychiatric Inpatient Program,PIP,35,coleman_ecf7833-1_iflex_pip_beds_2023-05-11
CHCF,B,302B1,105001L,MH Acute Care Facility,Psychiatric Inpatient Program,PIP,35,coleman_ecf7833-1_iflex_pip_beds_2023-05-11
CHCF,B,302B1,106001L,MH Acute Care Facility,Psychiatric Inpatient Program,PIP,35,coleman_ecf7833-1_iflex_pip_beds_2023-05-11
CHCF,B,302B1,107001L,MH Acute Care Facility,Psychiatric Inpatient Program,PIP,35,coleman_ecf7833-1_iflex_pip_beds_2023-05-11
CHCF,B,302B1,108001L,MH Acute Care Facility,Psychiatric Inpatient Program,PIP,35,coleman_ecf7833-1_iflex_pip_beds_2023-05-11
CHCF,B,302B1,109001L,MH Acute Care Facility,Psychiatric Inpatient Program,PIP,35,coleman_ecf7833-1_iflex_pip_beds_2023-05-11
CHCF,B,302B1,110001L,MH Acute Care Facility,Psychiatric Inpatient Program,PIP,35,coleman_ecf7833-1_iflex_pip_beds_2023-05-11
CHCF,B,302B1,111001L,MH Acute Care Facility,Psychiatric Inpatient Program,PIP,35,coleman_ecf7833-1_iflex_pip_beds_2023-05-11
CHCF,B,302B1,112001L,MH Acute Care Facility,Psychiatric Inpatient Program,PIP,35,coleman_ecf7833-1_iflex_pip_beds_2023-05-11
CHCF,B,302B1,113001L,MH Acute Care Facility,Psychiatric Inpatient Program,PIP,35,coleman_ecf7833-1_iflex_pip_beds_2023-05-11
CHCF,B,302B1,114001L,MH Acute Care Facility,Psychiatric Inpatient Program,PIP,35,coleman_ecf7833-1_iflex_pip_beds_2023-05-11
CHCF,B,302B1,115001L,MH Acute Care Facility,Psychiatric Inpatient Program,PIP,35,coleman_ecf7833-1_iflex_pip_beds_2023-05-11
CHCF,B,302B1,116001L,MH Acute Care Facility,Psychiatric Inpatient Program,PIP,35,coleman_ecf7833-1_iflex_pip_beds_2023-05-11
CHCF,B,302B1,117001L,MH Acute Care Facility,Psychiatric Inpatient Program,PIP,35,coleman_ecf7833-1_iflex_pip_beds_2023-05-11
CHCF,B,302B1,118001L,MH Acute Care Facility,Psychiatric Inpatient Program,PIP,35,coleman_ecf7833-1_iflex_pip_beds_2023-05-11
CHCF,B,302B1,119001L,MH Acute Care Facility,Psychiatric Inpatient Program,PIP,35,coleman_ecf7833-1_iflex_pip_beds_2023-05-11
CHCF,B,302B1,120001L,MH Acute Care Facility,Psychiatric Inpatient Program,PIP,35,coleman_ecf7833-1_iflex_pip_beds_2023-05-11
CHCF,B,302B1,121001L,MH Acute Care Facility,Psychiatric Inpatient Program,PIP,35,coleman_ecf7833-1_iflex_pip_beds_2023-05-11
CHCF,B,302B1,122001L,MH Acute Care Facility,Psychiatric Inpatient Program,PIP,36,coleman_ecf7833-1_iflex_pip_beds_2023-05-11
CHCF,B,302B1,123001L,MH Acute Care Facility,Psychiatric Inpatient Program,PIP,36,coleman_ecf7833-1_iflex_pip_beds_2023-05-11
CHCF,B,302B1,124001L,MH Acute Care Facility,Psychiatric Inpatient Program,PIP,36,coleman_ecf7833-1_iflex_pip_beds_2023-05-11
CHCF,B,302B1,125001L,MH Acute Care Facility,Psychiatric Inpatient Program,PIP,36,coleman_ecf7833-1_iflex_pip_beds_2023-05-11
CHCF,B,302B1,126001L,MH Acute Care Facility,Psychiatric Inpatient Program,PIP,36,coleman_ecf7833-1_iflex_pip_beds_2023-05-11
CHCF,B,302B1,127001L,MH Acute Care Facility,Psychiatric Inpatient Program,PIP,36,coleman_ecf7833-1_iflex_pip_beds_2023-05-11
CHCF,B,302B1,128001L,MH Acute Care Facility,Psychiatric Inpatient Program,PIP,36,coleman_ecf7833-1_iflex_pip_beds_2023-05-11
CHCF,B,302B1,129001L,MH Acute Care Facility,Psychiatric Inpatient Program,PIP,36,coleman_ecf7833-1_iflex_pip_beds_2023-05-11
CHCF,B,302B1,130001L,MH Acute Care Facility,Psychiatric Inpatient Program,PIP,36,coleman_ecf7833-1_iflex_pip_beds_2023-05-11
CHCF,B,302B1,131001L,MH Acute Care Facility,Psychiatric Inpatient Program,PIP,36,coleman_ecf7833-1_iflex_pip_beds_2023-05-11
CHCF,B,302B1,132001L,MH Acute Care Facility,Psychiatric Inpatient Program,PIP,36,coleman_ecf7833-1_iflex_pip_beds_2023-05-11
CHCF,B,302B1,133001L,MH Acute Care Facility,Psychiatric Inpatient Program,PIP,36,coleman_ecf7833-1_iflex_pip_beds_2023-05-11
CHCF,B,303A1,101001L,MH Intermediate Care Facility,MH Intermediate Care Facility,ICF,36,coleman_ecf7833-1_iflex_pip_beds_2023-05-11
CHCF,B,303A1,102001L,MH Intermediate Care Facility,MH Intermediate Care Facility,ICF,36,coleman_ecf7833-1_iflex_pip_beds_2023-05-11
CHCF,B,303A1,103001L,MH Intermediate Care Facility,MH Intermediate Care Facility,ICF,36,coleman_ecf7833-1_iflex_pip_beds_2023-05-11
CHCF,B,303A1,104001L,MH Intermediate Care Facility,MH Intermediate Care Facility,ICF,36,coleman_ecf7833-1_iflex_pip_beds_2023-05-11
CHCF,B,303A1,105001L,MH Intermediate Care Facility,MH Intermediate Care Facility,ICF,36,coleman_ecf7833-1_iflex_pip_beds_2023-05-11
CHCF,B,303A1,106001L,MH Intermediate Care Facility,MH Intermediate Care Facility,ICF,36,coleman_ecf7833-1_iflex_pip_beds_2023-05-11
CHCF,B,303A1,107001L,MH Intermediate Care Facility,MH Intermediate Care Facility,ICF,36,coleman_ecf7833-1_iflex_pip_beds_2023-05-11
CHCF,B,303A1,108001L,MH Intermediate Care Facility,MH Intermediate Care Facility,ICF,36,coleman_ecf7833-1_iflex_pip_beds_2023-05-11
CHCF,B,303A1,109001L,MH Intermediate Care Facility,MH Intermediate Care Facility,ICF,36,coleman_ecf7833-1_iflex_pip_beds_2023-05-11
CHCF,B,303A1,110001L,MH Intermediate Care Facility,MH Intermediate Care Facility,ICF,36,coleman_ecf7833-1_iflex_pip_beds_2023-05-11
CHCF,B,303A1,111001L,MH Intermediate Care Facility,MH Intermediate Care Facility,ICF,36,coleman_ecf7833-1_iflex_pip_beds_2023-05-11
CHCF,B,303A1,112001L,MH Intermediate Care Facility,MH Intermediate Care Facility,ICF,37,coleman_ecf7833-1_iflex_pip_beds_2023-05-11
CHCF,B,303A1,113001L,MH Intermediate Care Facility,MH Intermediate Care Facility,ICF,37,coleman_ecf7833-1_iflex_pip_beds_2023-05-11
CHCF,B,303A1,114001L,MH Intermediate Care Facility,MH Intermediate Care Facility,ICF,37,coleman_ecf7833-1_iflex_pip_beds_2023-05-11
CHCF,B,303A1,115001L,MH Intermediate Care Facility,MH Intermediate Care Facility,ICF,37,coleman_ecf7833-1_iflex_pip_beds_2023-05-11
CHCF,B,303A1,116001L,MH Intermediate Care Facility,MH Intermediate Care Facility,ICF,37,coleman_ecf7833-1_iflex_pip_beds_2023-05-11
CHCF,B,303A1,117001L,MH Intermediate Care Facility,MH Intermediate Care Facility,ICF,37,coleman_ecf7833-1_iflex_pip_beds_2023-05-11
CHCF,B,303A1,118001L,MH Intermediate Care Facility,MH Intermediate Care Facility,ICF,37,coleman_ecf7833-1_iflex_pip_beds_2023-05-11
CHCF,B,303A1,119001L,MH Intermediate Care Facility,MH Intermediate Care Facility,ICF,37,coleman_ecf7833-1_iflex_pip_beds_2023-05-11
CHCF,B,303A1,120001L,MH Intermediate Care Facility,MH Intermediate Care Facility,ICF,37,coleman_ecf7833-1_iflex_pip_beds_2023-05-11
CHCF,B,303A1,121001L,MH Intermediate Care Facility,MH Intermediate Care Facility,ICF,37,coleman_ecf7833-1_iflex_pip_beds_2023-05-11
CHCF,B,303A1,122001L,MH Intermediate Care Facility,MH Intermediate Care Facility,ICF,37,coleman_ecf7833-1_iflex_pip_beds_2023-05-11
CHCF,B,303A1,123001L,MH Intermediate Care Facility,MH Intermediate Care Facility,ICF,37,coleman_ecf7833-1_iflex_pip_beds_2023-05-11
CHCF,B,303A1,124001L,MH Intermediate Care Facility,MH Intermediate Care Facility,ICF,37,coleman_ecf7833-1_iflex_pip_beds_2023-05-11
CHCF,B,303A1,125001L,MH Intermediate Care Facility,MH Intermediate Care Facility,ICF,37,coleman_ecf7833-1_iflex_pip_beds_2023-05-11
CHCF,B,303A1,126001L,MH Intermediate Care Facility,MH Intermediate Care Facility,ICF,37,coleman_ecf7833-1_iflex_pip_beds_2023-05-11
CHCF,B,303A1,127001L,MH Intermediate Care Facility,MH Intermediate Care Facility,ICF,37,coleman_ecf7833-1_iflex_pip_beds_2023-05-11
CHCF,B,303A1,128001L,MH Intermediate Care Facility,MH Intermediate Care Facility,ICF,37,coleman_ecf7833-1_iflex_pip_beds_2023-05-11
CHCF,B,303A1,129001L,MH Intermediate Care Facility,MH Intermediate Care Facility,ICF,37,coleman_ecf7833-1_iflex_pip_beds_2023-05-11
CHCF,B,303A1,130001L,MH Intermediate Care Facility,MH Intermediate Care Facility,ICF,37,coleman_ecf7833-1_iflex_pip_beds_2023-05-11
CHCF,B,303B1,104001L,MH Intermediate Care Facility,MH Intermediate Care Facility,ICF,37,coleman_ecf7833-1_iflex_pip_beds_2023-05-11
CHCF,B,303B1,105001L,MH Intermediate Care Facility,MH Intermediate Care Facility,ICF,37,coleman_ecf7833-1_iflex_pip_beds_2023-05-11
CHCF,B,303B1,106001L,MH Intermediate Care Facility,MH Intermediate Care Facility,ICF,37,coleman_ecf7833-1_iflex_pip_beds_2023-05-11
CHCF,B,303B1,107001L,MH Intermediate Care Facility,MH Intermediate Care Facility,ICF,37,coleman_ecf7833-1_iflex_pip_beds_2023-05-11
CHCF,B,303B1,108001L,MH Intermediate Care Facility,MH Intermediate Care Facility,ICF,38,coleman_ecf7833-1_iflex_pip_beds_2023-05-11
CHCF,B,303B1,109001L,MH Intermediate Care Facility,MH Intermediate Care Facility,ICF,38,coleman_ecf7833-1_iflex_pip_beds_2023-05-11
CHCF,B,303B1,110001L,MH Intermediate Care Facility,MH Intermediate Care Facility,ICF,38,coleman_ecf7833-1_iflex_pip_beds_2023-05-11
CHCF,B,303B1,111001L,MH Intermediate Care Facility,MH Intermediate Care Facility,ICF,38,coleman_ecf7833-1_iflex_pip_beds_2023-05-11
CHCF,B,303B1,112001L,MH Intermediate Care Facility,MH Intermediate Care Facility,ICF,38,coleman_ecf7833-1_iflex_pip_beds_2023-05-11
CHCF,B,303B1,113001L,MH Intermediate Care Facility,MH Intermediate Care Facility,ICF,38,coleman_ecf7833-1_iflex_pip_beds_2023-05-11
CHCF,B,303B1,114001L,MH Intermediate Care Facility,MH Intermediate Care Facility,ICF,38,coleman_ecf7833-1_iflex_pip_beds_2023-05-11
CHCF,B,303B1,115001L,MH Intermediate Care Facility,MH Intermediate Care Facility,ICF,38,coleman_ecf7833-1_iflex_pip_beds_2023-05-11
CHCF,B,303B1,116001L,MH Intermediate Care Facility,MH Intermediate Care Facility,ICF,38,coleman_ecf7833-1_iflex_pip_beds_2023-05-11
CHCF,B,303B1,117001L,MH Intermediate Care Facility,MH Intermediate Care Facility,ICF,38,coleman_ecf7833-1_iflex_pip_beds_2023-05-11
CHCF,B,303B1,118001L,MH Intermediate Care Facility,MH Intermediate Care Facility,ICF,38,coleman_ecf7833-1_iflex_pip_beds_2023-05-11
CHCF,B,303B1,119001L,MH Intermediate Care Facility,MH Intermediate Care Facility,ICF,38,coleman_ecf7833-1_iflex_pip_beds_2023-05-11
CHCF,B,303B1,120001L,MH Intermediate Care Facility,MH Intermediate Care Facility,ICF,38,coleman_ecf7833-1_iflex_pip_beds_2023-05-11
CHCF,B,303B1,121001L,MH Intermediate Care Facility,MH Intermediate Care Facility,ICF,38,coleman_ecf7833-1_iflex_pip_beds_2023-05-11
CHCF,B,303B1,122001L,MH Intermediate Care Facility,MH Intermediate Care Facility,ICF,38,coleman_ecf7833-1_iflex_pip_beds_2023-05-11
CHCF,B,303B1,123001L,MH Intermediate Care Facility,MH Intermediate Care Facility,ICF,38,coleman_ecf7833-1_iflex_pip_beds_2023-05-11
CHCF,B,303B1,124001L,MH Intermediate Care Facility,MH Intermediate Care Facility,ICF,38,coleman_ecf7833-1_iflex_pip_beds_2023-05-11
CHCF,B,303B1,125001L,MH Intermediate Care Facility,MH Intermediate Care Facility,ICF,38,coleman_ecf7833-1_iflex_pip_beds_2023-05-11
CHCF,B,303B1,126001L,MH Intermediate Care Facility,MH Intermediate Care Facility,ICF,38,coleman_ecf7833-1_iflex_pip_beds_2023-05-11
CHCF,B,303B1,127001L,MH Intermediate Care Facility,MH Intermediate Care Facility,ICF,38,coleman_ecf7833-1_iflex_pip_beds_2023-05-11
CHCF,B,303B1,128001L,MH Intermediate Care Facility,MH Intermediate Care Facility,ICF,38,coleman_ecf7833-1_iflex_pip_beds_2023-05-11
CHCF,B,303B1,129001L,MH Intermediate Care Facility,MH Intermediate Care Facility,ICF,38,coleman_ecf7833-1_iflex_pip_beds_2023-05-11
CHCF,B,303B1,130001L,MH Intermediate Care Facility,MH Intermediate Care Facility,ICF,38,coleman_ecf7833-1_iflex_pip_beds_2023-05-11
CHCF,B,303B1,131001L,MH Intermediate Care Facility,MH Intermediate Care Facility,ICF,39,coleman_ecf7833-1_iflex_pip_beds_2023-05-11
CHCF,B,303B1,132001L,MH Intermediate Care Facility,MH Intermediate Care Facility,ICF,39,coleman_ecf7833-1_iflex_pip_beds_2023-05-11
CHCF,B,303B1,133001L,MH Intermediate Care Facility,MH Intermediate Care Facility,ICF,39,coleman_ecf7833-1_iflex_pip_beds_2023-05-11
CHCF,B,304A1,101001L,MH Acute Care Facility,Psychiatric Inpatient Program,PIP,39,coleman_ecf7833-1_iflex_pip_beds_2023-05-11
CHCF,B,304A1,102001L,MH Acute Care Facility,Psychiatric Inpatient Program,PIP,39,coleman_ecf7833-1_iflex_pip_beds_2023-05-11
CHCF,B,304A1,103001L,MH Acute Care Facility,Psychiatric Inpatient Program,PIP,39,coleman_ecf7833-1_iflex_pip_beds_2023-05-11
CHCF,B,304A1,104001L,MH Acute Care Facility,Psychiatric Inpatient Program,PIP,39,coleman_ecf7833-1_iflex_pip_beds_2023-05-11
CHCF,B,304A1,105001L,MH Acute Care Facility,Psychiatric Inpatient Program,PIP,39,coleman_ecf7833-1_iflex_pip_beds_2023-05-11
CHCF,B,304A1,106001L,MH Acute Care Facility,Psychiatric Inpatient Program,PIP,39,coleman_ecf7833-1_iflex_pip_beds_2023-05-11
CHCF,B,304A1,107001L,MH Acute Care Facility,Psychiatric Inpatient Program,PIP,39,coleman_ecf7833-1_iflex_pip_beds_2023-05-11
CHCF,B,304A1,108001L,MH Acute Care Facility,Psychiatric Inpatient Program,PIP,39,coleman_ecf7833-1_iflex_pip_beds_2023-05-11
CHCF,B,304A1,109001L,MH Acute Care Facility,Psychiatric Inpatient Program,PIP,39,coleman_ecf7833-1_iflex_pip_beds_2023-05-11
CHCF,B,304A1,110001L,MH Acute Care Facility,Psychiatric Inpatient Program,PIP,39,coleman_ecf7833-1_iflex_pip_beds_2023-05-11
CHCF,B,304A1,111001L,MH Acute Care Facility,Psychiatric Inpatient Program,PIP,39,coleman_ecf7833-1_iflex_pip_beds_2023-05-11
CHCF,B,304A1,112001L,MH Acute Care Facility,Psychiatric Inpatient Program,PIP,39,coleman_ecf7833-1_iflex_pip_beds_2023-05-11
CHCF,B,304A1,113001L,MH Acute Care Facility,Psychiatric Inpatient Program,PIP,39,coleman_ecf7833-1_iflex_pip_beds_2023-05-11
CHCF,B,304A1,114001L,MH Acute Care Facility,Psychiatric Inpatient Program,PIP,39,coleman_ecf7833-1_iflex_pip_beds_2023-05-11
CHCF,B,304A1,115001L,MH Acute Care Facility,Psychiatric Inpatient Program,PIP,39,coleman_ecf7833-1_iflex_pip_beds_2023-05-11
CHCF,B,304A1,116001L,MH Acute Care Facility,Psychiatric Inpatient Program,PIP,39,coleman_ecf7833-1_iflex_pip_beds_2023-05-11
CHCF,B,304A1,117001L,MH Acute Care Facility,Psychiatric Inpatient Program,PIP,39,coleman_ecf7833-1_iflex_pip_beds_2023-05-11
CHCF,B,304A1,118001L,MH Acute Care Facility,Psychiatric Inpatient Program,PIP,39,coleman_ecf7833-1_iflex_pip_beds_2023-05-11
CHCF,B,304A1,119001L,MH Acute Care Facility,Psychiatric Inpatient Program,PIP,39,coleman_ecf7833-1_iflex_pip_beds_2023-05-11
CHCF,B,304A1,120001L,MH Acute Care Facility,Psychiatric Inpatient Program,PIP,39,coleman_ecf7833-1_iflex_pip_beds_2023-05-11
CHCF,B,304A1,121001L,MH Acute Care Facility,Psychiatric Inpatient Program,PIP,40,coleman_ecf7833-1_iflex_pip_beds_2023-05-11
CHCF,B,304A1,122001L,MH Acute Care Facility,Psychiatric Inpatient Program,PIP,40,coleman_ecf7833-1_iflex_pip_beds_2023-05-11
CHCF,B,304A1,123001L,MH Acute Care Facility,Psychiatric Inpatient Program,PIP,40,coleman_ecf7833-1_iflex_pip_beds_2023-05-11
CHCF,B,304A1,124001L,MH Acute Care Facility,Psychiatric Inpatient Program,PIP,40,coleman_ecf7833-1_iflex_pip_beds_2023-05-11
CHCF,B,304A1,125001L,MH Acute Care Facility,Psychiatric Inpatient Program,PIP,40,coleman_ecf7833-1_iflex_pip_beds_2023-05-11
CHCF,B,304A1,126001L,MH Acute Care Facility,Psychiatric Inpatient Program,PIP,40,coleman_ecf7833-1_iflex_pip_beds_2023-05-11
CHCF,B,304A1,127001L,MH Acute Care Facility,Psychiatric Inpatient Program,PIP,40,coleman_ecf7833-1_iflex_pip_beds_2023-05-11
CHCF,B,304A1,128001L,MH Acute Care Facility,Psychiatric Inpatient Program,PIP,40,coleman_ecf7833-1_iflex_pip_beds_2023-05-11
CHCF,B,304A1,129001L,MH Acute Care Facility,Psychiatric Inpatient Program,PIP,40,coleman_ecf7833-1_iflex_pip_beds_2023-05-11
CHCF,B,304A1,130001L,MH Acute Care Facility,Psychiatric Inpatient Program,PIP,40,coleman_ecf7833-1_iflex_pip_beds_2023-05-11
CHCF,B,304B1,104001L,MH Intermediate Care Facility,MH Intermediate Care Facility,ICF,40,coleman_ecf7833-1_iflex_pip_beds_2023-05-11
CHCF,B,304B1,105001L,MH Intermediate Care Facility,MH Intermediate Care Facility,ICF,40,coleman_ecf7833-1_iflex_pip_beds_2023-05-11
CHCF,B,304B1,106001L,MH Intermediate Care Facility,MH Intermediate Care Facility,ICF,40,coleman_ecf7833-1_iflex_pip_beds_2023-05-11
CHCF,B,304B1,107001L,MH Intermediate Care Facility,MH Intermediate Care Facility,ICF,40,coleman_ecf7833-1_iflex_pip_beds_2023-05-11
CHCF,B,304B1,108001L,MH Intermediate Care Facility,MH Intermediate Care Facility,ICF,40,coleman_ecf7833-1_iflex_pip_beds_2023-05-11
CHCF,B,304B1,109001L,MH Intermediate Care Facility,MH Intermediate Care Facility,ICF,40,coleman_ecf7833-1_iflex_pip_beds_2023-05-11
CHCF,B,304B1,110001L,MH Intermediate Care Facility,MH Intermediate Care Facility,ICF,40,coleman_ecf7833-1_iflex_pip_beds_2023-05-11
CHCF,B,304B1,111001L,MH Intermediate Care Facility,MH Intermediate Care Facility,ICF,40,coleman_ecf7833-1_iflex_pip_beds_2023-05-11
CHCF,B,304B1,112001L,MH Intermediate Care Facility,MH Intermediate Care Facility,ICF,40,coleman_ecf7833-1_iflex_pip_beds_2023-05-11
CHCF,B,304B1,113001L,MH Intermediate Care Facility,MH Intermediate Care Facility,ICF,40,coleman_ecf7833-1_iflex_pip_beds_2023-05-11
CHCF,B,304B1,114001L,MH Intermediate Care Facility,MH Intermediate Care Facility,ICF,40,coleman_ecf7833-1_iflex_pip_beds_2023-05-11
CHCF,B,304B1,115001L,MH Intermediate Care Facility,MH Intermediate Care Facility,ICF,40,coleman_ecf7833-1_iflex_pip_beds_2023-05-11
CHCF,B,304B1,116001L,MH Intermediate Care Facility,MH Intermediate Care Facility,ICF,40,coleman_ecf7833-1_iflex_pip_beds_2023-05-11
CHCF,B,304B1,117001L,MH Intermediate Care Facility,MH Intermediate Care Facility,ICF,41,coleman_ecf7833-1_iflex_pip_beds_2023-05-11
CHCF,B,304B1,118001L,MH Intermediate Care Facility,MH Intermediate Care Facility,ICF,41,coleman_ecf7833-1_iflex_pip_beds_2023-05-11
CHCF,B,304B1,119001L,MH Intermediate Care Facility,MH Intermediate Care Facility,ICF,41,coleman_ecf7833-1_iflex_pip_beds_2023-05-11
CHCF,B,304B1,120001L,MH Intermediate Care Facility,MH Intermediate Care Facility,ICF,41,coleman_ecf7833-1_iflex_pip_beds_2023-05-11
CHCF,B,304B1,121001L,MH Intermediate Care Facility,MH Intermediate Care Facility,ICF,41,coleman_ecf7833-1_iflex_pip_beds_2023-05-11
CHCF,B,304B1,122001L,MH Intermediate Care Facility,MH Intermediate Care Facility,ICF,41,coleman_ecf7833-1_iflex_pip_beds_2023-05-11
CHCF,B,304B1,123001L,MH Intermediate Care Facility,MH Intermediate Care Facility,ICF,41,coleman_ecf7833-1_iflex_pip_beds_2023-05-11
CHCF,B,304B1,124001L,MH Intermediate Care Facility,MH Intermediate Care Facility,ICF,41,coleman_ecf7833-1_iflex_pip_beds_2023-05-11
CHCF,B,304B1,125001L,MH Intermediate Care Facility,MH Intermediate Care Facility,ICF,41,coleman_ecf7833-1_iflex_pip_beds_2023-05-11
CHCF,B,304B1,126001L,MH Intermediate Care Facility,MH Intermediate Care Facility,ICF,41,coleman_ecf7833-1_iflex_pip_beds_2023-05-11
CHCF,B,304B1,127001L,MH Intermediate Care Facility,MH Intermediate Care Facility,ICF,41,coleman_ecf7833-1_iflex_pip_beds_2023-05-11
CHCF,B,304B1,128001L,MH Intermediate Care Facility,MH Intermediate Care Facility,ICF,41,coleman_ecf7833-1_iflex_pip_beds_2023-05-11
CHCF,B,304B1,129001L,MH Intermediate Care Facility,MH Intermediate Care Facility,ICF,41,coleman_ecf7833-1_iflex_pip_beds_2023-05-11
CHCF,B,304B1,130001L,MH Intermediate Care Facility,MH Intermediate Care Facility,ICF,41,coleman_ecf7833-1_iflex_pip_beds_2023-05-11
CHCF,B,304B1,131001L,MH Intermediate Care Facility,MH Intermediate Care Facility,ICF,41,coleman_ecf7833-1_iflex_pip_beds_2023-05-11
CHCF,B,304B1,132001L,MH Intermediate Care Facility,MH Intermediate Care Facility,ICF,41,coleman_ecf7833-1_iflex_pip_beds_2023-05-11
CHCF,B,304B1,133001L,MH Intermediate Care Facility,MH Intermediate Care Facility,ICF,41,coleman_ecf7833-1_iflex_pip_beds_2023-05-11
CHCF,B,305A1,101001L,MH Intermediate Care Facility,MH Intermediate Care Facility,ICF,41,coleman_ecf7833-1_iflex_pip_beds_2023-05-11
CHCF,B,305A1,102001L,MH Intermediate Care Facility,MH Intermediate Care Facility,ICF,41,coleman_ecf7833-1_iflex_pip_beds_2023-05-11
CHCF,B,305A1,103001L,MH Intermediate Care Facility,MH Intermediate Care Facility,ICF,41,coleman_ecf7833-1_iflex_pip_beds_2023-05-11
CHCF,B,305A1,104001L,MH Intermediate Care Facility,MH Intermediate Care Facility,ICF,41,coleman_ecf7833-1_iflex_pip_beds_2023-05-11
CHCF,B,305A1,105001L,MH Intermediate Care Facility,MH Intermediate Care Facility,ICF,41,coleman_ecf7833-1_iflex_pip_beds_2023-05-11
CHCF,B,305A1,106001L,MH Intermediate Care Facility,MH Intermediate Care Facility,ICF,41,coleman_ecf7833-1_iflex_pip_beds_2023-05-11
CHCF,B,305A1,107001L,MH Intermediate Care Facility,MH Intermediate Care Facility,ICF,42,coleman_ecf7833-1_iflex_pip_beds_2023-05-11
CHCF,B,305A1,108001L,MH Intermediate Care Facility,MH Intermediate Care Facility,ICF,42,coleman_ecf7833-1_iflex_pip_beds_2023-05-11
CHCF,B,305A1,109001L,MH Intermediate Care Facility,MH Intermediate Care Facility,ICF,42,coleman_ecf7833-1_iflex_pip_beds_2023-05-11
CHCF,B,305A1,110001L,MH Intermediate Care Facility,MH Intermediate Care Facility,ICF,42,coleman_ecf7833-1_iflex_pip_beds_2023-05-11
CHCF,B,305A1,111001L,MH Intermediate Care Facility,MH Intermediate Care Facility,ICF,42,coleman_ecf7833-1_iflex_pip_beds_2023-05-11
CHCF,B,305A1,112001L,MH Intermediate Care Facility,MH Intermediate Care Facility,ICF,42,coleman_ecf7833-1_iflex_pip_beds_2023-05-11
CHCF,B,305A1,113001L,MH Intermediate Care Facility,MH Intermediate Care Facility,ICF,42,coleman_ecf7833-1_iflex_pip_beds_2023-05-11
CHCF,B,305A1,114001L,MH Intermediate Care Facility,MH Intermediate Care Facility,ICF,42,coleman_ecf7833-1_iflex_pip_beds_2023-05-11
CHCF,B,305A1,115001L,MH Intermediate Care Facility,MH Intermediate Care Facility,ICF,42,coleman_ecf7833-1_iflex_pip_beds_2023-05-11
CHCF,B,305A1,116001L,MH Intermediate Care Facility,MH Intermediate Care Facility,ICF,42,coleman_ecf7833-1_iflex_pip_beds_2023-05-11
CHCF,B,305A1,117001L,MH Intermediate Care Facility,MH Intermediate Care Facility,ICF,42,coleman_ecf7833-1_iflex_pip_beds_2023-05-11
CHCF,B,305A1,118001L,MH Intermediate Care Facility,MH Intermediate Care Facility,ICF,42,coleman_ecf7833-1_iflex_pip_beds_2023-05-11
CHCF,B,305A1,119001L,MH Intermediate Care Facility,MH Intermediate Care Facility,ICF,42,coleman_ecf7833-1_iflex_pip_beds_2023-05-11
CHCF,B,305A1,120001L,MH Intermediate Care Facility,MH Intermediate Care Facility,ICF,42,coleman_ecf7833-1_iflex_pip_beds_2023-05-11
CHCF,B,305A1,121001L,MH Intermediate Care Facility,MH Intermediate Care Facility,ICF,42,coleman_ecf7833-1_iflex_pip_beds_2023-05-11
CHCF,B,305A1,122001L,MH Intermediate Care Facility,MH Intermediate Care Facility,ICF,42,coleman_ecf7833-1_iflex_pip_beds_2023-05-11
CHCF,B,305A1,123001L,MH Intermediate Care Facility,MH Intermediate Care Facility,ICF,42,coleman_ecf7833-1_iflex_pip_beds_2023-05-11
CHCF,B,305A1,124001L,MH Intermediate Care Facility,MH Intermediate Care Facility,ICF,42,coleman_ecf7833-1_iflex_pip_beds_2023-05-11
CHCF,B,305A1,125001L,MH Intermediate Care Facility,MH Intermediate Care Facility,ICF,42,coleman_ecf7833-1_iflex_pip_beds_2023-05-11
CHCF,B,305A1,126001L,MH Intermediate Care Facility,MH Intermediate Care Facility,ICF,42,coleman_ecf7833-1_iflex_pip_beds_2023-05-11
CHCF,B,305A1,127001L,MH Intermediate Care Facility,MH Intermediate Care Facility,ICF,42,coleman_ecf7833-1_iflex_pip_beds_2023-05-11
CHCF,B,305A1,128001L,MH Intermediate Care Facility,MH Intermediate Care Facility,ICF,42,coleman_ecf7833-1_iflex_pip_beds_2023-05-11
CHCF,B,305A1,129001L,MH Intermediate Care Facility,MH Intermediate Care Facility,ICF,42,coleman_ecf7833-1_iflex_pip_beds_2023-05-11
CHCF,B,305A1,130001L,MH Intermediate Care Facility,MH Intermediate Care Facility,ICF,43,coleman_ecf7833-1_iflex_pip_beds_2023-05-11
CHCF,B,305B1,104001L,MH Intermediate Care Facility,MH Intermediate Care Facility,ICF,43,coleman_ecf7833-1_iflex_pip_beds_2023-05-11
CHCF,B,305B1,105001L,MH Intermediate Care Facility,MH Intermediate Care Facility,ICF,43,coleman_ecf7833-1_iflex_pip_beds_2023-05-11
CHCF,B,305B1,106001L,MH Intermediate Care Facility,MH Intermediate Care Facility,ICF,43,coleman_ecf7833-1_iflex_pip_beds_2023-05-11
CHCF,B,305B1,107001L,MH Intermediate Care Facility,MH Intermediate Care Facility,ICF,43,coleman_ecf7833-1_iflex_pip_beds_2023-05-11
CHCF,B,305B1,108001L,MH Intermediate Care Facility,MH Intermediate Care Facility,ICF,43,coleman_ecf7833-1_iflex_pip_beds_2023-05-11
CHCF,B,305B1,109001L,MH Intermediate Care Facility,MH Intermediate Care Facility,ICF,43,coleman_ecf7833-1_iflex_pip_beds_2023-05-11
CHCF,B,305B1,110001L,MH Intermediate Care Facility,MH Intermediate Care Facility,ICF,43,coleman_ecf7833-1_iflex_pip_beds_2023-05-11
CHCF,B,305B1,111001L,MH Intermediate Care Facility,MH Intermediate Care Facility,ICF,43,coleman_ecf7833-1_iflex_pip_beds_2023-05-11
CHCF,B,305B1,112001L,MH Intermediate Care Facility,MH Intermediate Care Facility,ICF,43,coleman_ecf7833-1_iflex_pip_beds_2023-05-11
CHCF,B,305B1,113001L,MH Intermediate Care Facility,MH Intermediate Care Facility,ICF,43,coleman_ecf7833-1_iflex_pip_beds_2023-05-11
CHCF,B,305B1,114001L,MH Intermediate Care Facility,MH Intermediate Care Facility,ICF,43,coleman_ecf7833-1_iflex_pip_beds_2023-05-11
CHCF,B,305B1,115001L,MH Intermediate Care Facility,MH Intermediate Care Facility,ICF,43,coleman_ecf7833-1_iflex_pip_beds_2023-05-11
CHCF,B,305B1,116001L,MH Intermediate Care Facility,MH Intermediate Care Facility,ICF,43,coleman_ecf7833-1_iflex_pip_beds_2023-05-11
CHCF,B,305B1,117001L,MH Intermediate Care Facility,MH Intermediate Care Facility,ICF,43,coleman_ecf7833-1_iflex_pip_beds_2023-05-11
CHCF,B,305B1,118001L,MH Intermediate Care Facility,MH Intermediate Care Facility,ICF,43,coleman_ecf7833-1_iflex_pip_beds_2023-05-11
CHCF,B,305B1,119001L,MH Intermediate Care Facility,MH Intermediate Care Facility,ICF,43,coleman_ecf7833-1_iflex_pip_beds_2023-05-11
CHCF,B,305B1,120001L,MH Intermediate Care Facility,MH Intermediate Care Facility,ICF,43,coleman_ecf7833-1_iflex_pip_beds_2023-05-11
CHCF,B,305B1,121001L,MH Intermediate Care Facility,MH Intermediate Care Facility,ICF,43,coleman_ecf7833-1_iflex_pip_beds_2023-05-11
CHCF,B,305B1,122001L,MH Intermediate Care Facility,MH Intermediate Care Facility,ICF,43,coleman_ecf7833-1_iflex_pip_beds_2023-05-11
CHCF,B,305B1,123001L,MH Intermediate Care Facility,MH Intermediate Care Facility,ICF,43,coleman_ecf7833-1_iflex_pip_beds_2023-05-11
CHCF,B,305B1,124001L,MH Intermediate Care Facility,MH Intermediate Care Facility,ICF,43,coleman_ecf7833-1_iflex_pip_beds_2023-05-11
CHCF,B,305B1,125001L,MH Intermediate Care Facility,MH Intermediate Care Facility,ICF,43,coleman_ecf7833-1_iflex_pip_beds_2023-05-11
CHCF,B,305B1,126001L,MH Intermediate Care Facility,MH Intermediate Care Facility,ICF,44,coleman_ecf7833-1_iflex_pip_beds_2023-05-11
CHCF,B,305B1,127001L,MH Intermediate Care Facility,MH Intermediate Care Facility,ICF,44,coleman_ecf7833-1_iflex_pip_beds_2023-05-11
CHCF,B,305B1,128001L,MH Intermediate Care Facility,MH Intermediate Care Facility,ICF,44,coleman_ecf7833-1_iflex_pip_beds_2023-05-11
CHCF,B,305B1,129001L,MH Intermediate Care Facility,MH Intermediate Care Facility,ICF,44,coleman_ecf7833-1_iflex_pip_beds_2023-05-11
CHCF,B,305B1,130001L,MH Intermediate Care Facility,MH Intermediate Care Facility,ICF,44,coleman_ecf7833-1_iflex_pip_beds_2023-05-11
CHCF,B,305B1,131001L,MH Intermediate Care Facility,MH Intermediate Care Facility,ICF,44,coleman_ecf7833-1_iflex_pip_beds_2023-05-11
CHCF,B,305B1,132001L,MH Intermediate Care Facility,MH Intermediate Care Facility,ICF,44,coleman_ecf7833-1_iflex_pip_beds_2023-05-11
CHCF,B,305B1,133001L,MH Intermediate Care Facility,MH Intermediate Care Facility,ICF,44,coleman_ecf7833-1_iflex_pip_beds_2023-05-11
CHCF,B,306A1,101001L,MH Intermediate Care Facility,MH Intermediate Care Facility,ICF,44,coleman_ecf7833-1_iflex_pip_beds_2023-05-11
CHCF,B,306A1,102001L,MH Intermediate Care Facility,MH Intermediate Care Facility,ICF,44,coleman_ecf7833-1_iflex_pip_beds_2023-05-11
CHCF,B,306A1,103001L,MH Intermediate Care Facility,MH Intermediate Care Facility,ICF,44,coleman_ecf7833-1_iflex_pip_beds_2023-05-11
CHCF,B,306A1,104001L,MH Intermediate Care Facility,MH Intermediate Care Facility,ICF,44,coleman_ecf7833-1_iflex_pip_beds_2023-05-11
CHCF,B,306A1,105001L,MH Intermediate Care Facility,MH Intermediate Care Facility,ICF,44,coleman_ecf7833-1_iflex_pip_beds_2023-05-11
CHCF,B,306A1,106001L,MH Intermediate Care Facility,MH Intermediate Care Facility,ICF,44,coleman_ecf7833-1_iflex_pip_beds_2023-05-11
CHCF,B,306A1,107001L,MH Intermediate Care Facility,MH Intermediate Care Facility,ICF,44,coleman_ecf7833-1_iflex_pip_beds_2023-05-11
CHCF,B,306A1,108001L,MH Intermediate Care Facility,MH Intermediate Care Facility,ICF,44,coleman_ecf7833-1_iflex_pip_beds_2023-05-11
CHCF,B,306A1,109001L,MH Intermediate Care Facility,MH Intermediate Care Facility,ICF,44,coleman_ecf7833-1_iflex_pip_beds_2023-05-11
CHCF,B,306A1,110001L,MH Intermediate Care Facility,MH Intermediate Care Facility,ICF,44,coleman_ecf7833-1_iflex_pip_beds_2023-05-11
CHCF,B,306A1,111001L,MH Intermediate Care Facility,MH Intermediate Care Facility,ICF,44,coleman_ecf7833-1_iflex_pip_beds_2023-05-11
CHCF,B,306A1,112001L,MH Intermediate Care Facility,MH Intermediate Care Facility,ICF,44,coleman_ecf7833-1_iflex_pip_beds_2023-05-11
CHCF,B,306A1,113001L,MH Intermediate Care Facility,MH Intermediate Care Facility,ICF,44,coleman_ecf7833-1_iflex_pip_beds_2023-05-11
CHCF,B,306A1,114001L,MH Intermediate Care Facility,MH Intermediate Care Facility,ICF,44,coleman_ecf7833-1_iflex_pip_beds_2023-05-11
CHCF,B,306A1,115001L,MH Intermediate Care Facility,MH Intermediate Care Facility,ICF,44,coleman_ecf7833-1_iflex_pip_beds_2023-05-11
CHCF,B,306A1,116001L,MH Intermediate Care Facility,MH Intermediate Care Facility,ICF,45,coleman_ecf7833-1_iflex_pip_beds_2023-05-11
CHCF,B,306A1,117001L,MH Intermediate Care Facility,MH Intermediate Care Facility,ICF,45,coleman_ecf7833-1_iflex_pip_beds_2023-05-11
CHCF,B,306A1,118001L,MH Intermediate Care Facility,MH Intermediate Care Facility,ICF,45,coleman_ecf7833-1_iflex_pip_beds_2023-05-11
CHCF,B,306A1,119001L,MH Intermediate Care Facility,MH Intermediate Care Facility,ICF,45,coleman_ecf7833-1_iflex_pip_beds_2023-05-11
CHCF,B,306A1,120001L,MH Intermediate Care Facility,MH Intermediate Care Facility,ICF,45,coleman_ecf7833-1_iflex_pip_beds_2023-05-11
CHCF,B,306A1,121001L,MH Intermediate Care Facility,MH Intermediate Care Facility,ICF,45,coleman_ecf7833-1_iflex_pip_beds_2023-05-11
CHCF,B,306A1,122001L,MH Intermediate Care Facility,MH Intermediate Care Facility,ICF,45,coleman_ecf7833-1_iflex_pip_beds_2023-05-11
CHCF,B,306A1,123001L,MH Intermediate Care Facility,MH Intermediate Care Facility,ICF,45,coleman_ecf7833-1_iflex_pip_beds_2023-05-11
CHCF,B,306A1,124001L,MH Intermediate Care Facility,MH Intermediate Care Facility,ICF,45,coleman_ecf7833-1_iflex_pip_beds_2023-05-11
CHCF,B,306A1,125001L,MH Intermediate Care Facility,MH Intermediate Care Facility,ICF,45,coleman_ecf7833-1_iflex_pip_beds_2023-05-11
CHCF,B,306A1,126001L,MH Intermediate Care Facility,MH Intermediate Care Facility,ICF,45,coleman_ecf7833-1_iflex_pip_beds_2023-05-11
CHCF,B,306A1,127001L,MH Intermediate Care Facility,MH Intermediate Care Facility,ICF,45,coleman_ecf7833-1_iflex_pip_beds_2023-05-11
CHCF,B,306A1,128001L,MH Intermediate Care Facility,MH Intermediate Care Facility,ICF,45,coleman_ecf7833-1_iflex_pip_beds_2023-05-11
CHCF,B,306A1,129001L,MH Intermediate Care Facility,MH Intermediate Care Facility,ICF,45,coleman_ecf7833-1_iflex_pip_beds_2023-05-11
CHCF,B,306A1,130001L,MH Intermediate Care Facility,MH Intermediate Care Facility,ICF,45,coleman_ecf7833-1_iflex_pip_beds_2023-05-11
CHCF,B,306B1,104001L,MH Intermediate Care Facility,MH Intermediate Care Facility,ICF,45,coleman_ecf7833-1_iflex_pip_beds_2023-05-11
CHCF,B,306B1,105001L,MH Intermediate Care Facility,MH Intermediate Care Facility,ICF,45,coleman_ecf7833-1_iflex_pip_beds_2023-05-11
CHCF,B,306B1,106001L,MH Intermediate Care Facility,MH Intermediate Care Facility,ICF,45,coleman_ecf7833-1_iflex_pip_beds_2023-05-11
CHCF,B,306B1,107001L,MH Intermediate Care Facility,MH Intermediate Care Facility,ICF,45,coleman_ecf7833-1_iflex_pip_beds_2023-05-11
CHCF,B,306B1,108001L,MH Intermediate Care Facility,MH Intermediate Care Facility,ICF,45,coleman_ecf7833-1_iflex_pip_beds_2023-05-11
CHCF,B,306B1,109001L,MH Intermediate Care Facility,MH Intermediate Care Facility,ICF,45,coleman_ecf7833-1_iflex_pip_beds_2023-05-11
CHCF,B,306B1,110001L,MH Intermediate Care Facility,MH Intermediate Care Facility,ICF,45,coleman_ecf7833-1_iflex_pip_beds_2023-05-11
CHCF,B,306B1,111001L,MH Intermediate Care Facility,MH Intermediate Care Facility,ICF,45,coleman_ecf7833-1_iflex_pip_beds_2023-05-11
CHCF,B,306B1,112001L,MH Intermediate Care Facility,MH Intermediate Care Facility,ICF,46,coleman_ecf7833-1_iflex_pip_beds_2023-05-11
CHCF,B,306B1,113001L,MH Intermediate Care Facility,MH Intermediate Care Facility,ICF,46,coleman_ecf7833-1_iflex_pip_beds_2023-05-11
CHCF,B,306B1,114001L,MH Intermediate Care Facility,MH Intermediate Care Facility,ICF,46,coleman_ecf7833-1_iflex_pip_beds_2023-05-11
CHCF,B,306B1,115001L,MH Intermediate Care Facility,MH Intermediate Care Facility,ICF,46,coleman_ecf7833-1_iflex_pip_beds_2023-05-11
CHCF,B,306B1,116001L,MH Intermediate Care Facility,MH Intermediate Care Facility,ICF,46,coleman_ecf7833-1_iflex_pip_beds_2023-05-11
CHCF,B,306B1,117001L,MH Intermediate Care Facility,MH Intermediate Care Facility,ICF,46,coleman_ecf7833-1_iflex_pip_beds_2023-05-11
CHCF,B,306B1,118001L,MH Intermediate Care Facility,MH Intermediate Care Facility,ICF,46,coleman_ecf7833-1_iflex_pip_beds_2023-05-11
CHCF,B,306B1,119001L,MH Intermediate Care Facility,MH Intermediate Care Facility,ICF,46,coleman_ecf7833-1_iflex_pip_beds_2023-05-11
CHCF,B,306B1,120001L,MH Intermediate Care Facility,MH Intermediate Care Facility,ICF,46,coleman_ecf7833-1_iflex_pip_beds_2023-05-11
CHCF,B,306B1,121001L,MH Intermediate Care Facility,MH Intermediate Care Facility,ICF,46,coleman_ecf7833-1_iflex_pip_beds_2023-05-11
CHCF,B,306B1,122001L,MH Intermediate Care Facility,MH Intermediate Care Facility,ICF,46,coleman_ecf7833-1_iflex_pip_beds_2023-05-11
CHCF,B,306B1,123001L,MH Intermediate Care Facility,MH Intermediate Care Facility,ICF,46,coleman_ecf7833-1_iflex_pip_beds_2023-05-11
CHCF,B,306B1,124001L,MH Intermediate Care Facility,MH Intermediate Care Facility,ICF,46,coleman_ecf7833-1_iflex_pip_beds_2023-05-11
CHCF,B,306B1,125001L,MH Intermediate Care Facility,MH Intermediate Care Facility,ICF,46,coleman_ecf7833-1_iflex_pip_beds_2023-05-11
CHCF,B,306B1,126001L,MH Intermediate Care Facility,MH Intermediate Care Facility,ICF,46,coleman_ecf7833-1_iflex_pip_beds_2023-05-11
CHCF,B,306B1,127001L,MH Intermediate Care Facility,MH Intermediate Care Facility,ICF,46,coleman_ecf7833-1_iflex_pip_beds_2023-05-11
CHCF,B,306B1,128001L,MH Intermediate Care Facility,MH Intermediate Care Facility,ICF,46,coleman_ecf7833-1_iflex_pip_beds_2023-05-11
CHCF,B,306B1,129001L,MH Intermediate Care Facility,MH Intermediate Care Facility,ICF,46,coleman_ecf7833-1_iflex_pip_beds_2023-05-11
CHCF,B,306B1,130001L,MH Intermediate Care Facility,MH Intermediate Care Facility,ICF,46,coleman_ecf7833-1_iflex_pip_beds_2023-05-11
CHCF,B,306B1,131001L,MH Intermediate Care Facility,MH Intermediate Care Facility,ICF,46,coleman_ecf7833-1_iflex_pip_beds_2023-05-11
CHCF,B,306B1,132001L,MH Intermediate Care Facility,MH Intermediate Care Facility,ICF,46,coleman_ecf7833-1_iflex_pip_beds_2023-05-11
CHCF,B,306B1,133001L,MH Intermediate Care Facility,MH Intermediate Care Facility,ICF,46,coleman_ecf7833-1_iflex_pip_beds_2023-05-11
CHCF,B,307A1,101001L,MH Intermediate Care Facility,MH Intermediate Care Facility,ICF,46,coleman_ecf7833-1_iflex_pip_beds_2023-05-11
CHCF,B,307A1,102001L,MH Intermediate Care Facility,MH Intermediate Care Facility,ICF,47,coleman_ecf7833-1_iflex_pip_beds_2023-05-11
CHCF,B,307A1,103001L,MH Intermediate Care Facility,MH Intermediate Care Facility,ICF,47,coleman_ecf7833-1_iflex_pip_beds_2023-05-11
CHCF,B,307A1,104001L,MH Intermediate Care Facility,MH Intermediate Care Facility,ICF,47,coleman_ecf7833-1_iflex_pip_beds_2023-05-11
CHCF,B,307A1,105001L,MH Intermediate Care Facility,MH Intermediate Care Facility,ICF,47,coleman_ecf7833-1_iflex_pip_beds_2023-05-11
CHCF,B,307A1,106001L,MH Intermediate Care Facility,MH Intermediate Care Facility,ICF,47,coleman_ecf7833-1_iflex_pip_beds_2023-05-11
CHCF,B,307A1,107001L,MH Intermediate Care Facility,MH Intermediate Care Facility,ICF,47,coleman_ecf7833-1_iflex_pip_beds_2023-05-11
CHCF,B,307A1,108001L,MH Intermediate Care Facility,MH Intermediate Care Facility,ICF,47,coleman_ecf7833-1_iflex_pip_beds_2023-05-11
CHCF,B,307A1,109001L,MH Intermediate Care Facility,MH Intermediate Care Facility,ICF,47,coleman_ecf7833-1_iflex_pip_beds_2023-05-11
CHCF,B,307A1,110001L,MH Intermediate Care Facility,MH Intermediate Care Facility,ICF,47,coleman_ecf7833-1_iflex_pip_beds_2023-05-11
CHCF,B,307A1,111001L,MH Intermediate Care Facility,MH Intermediate Care Facility,ICF,47,coleman_ecf7833-1_iflex_pip_beds_2023-05-11
CHCF,B,307A1,112001L,MH Intermediate Care Facility,MH Intermediate Care Facility,ICF,47,coleman_ecf7833-1_iflex_pip_beds_2023-05-11
CHCF,B,307A1,113001L,MH Intermediate Care Facility,MH Intermediate Care Facility,ICF,47,coleman_ecf7833-1_iflex_pip_beds_2023-05-11
CHCF,B,307A1,114001L,MH Intermediate Care Facility,MH Intermediate Care Facility,ICF,47,coleman_ecf7833-1_iflex_pip_beds_2023-05-11
CHCF,B,307A1,115001L,MH Intermediate Care Facility,MH Intermediate Care Facility,ICF,47,coleman_ecf7833-1_iflex_pip_beds_2023-05-11
CHCF,B,307A1,116001L,MH Intermediate Care Facility,MH Intermediate Care Facility,ICF,47,coleman_ecf7833-1_iflex_pip_beds_2023-05-11
CHCF,B,307A1,117001L,MH Intermediate Care Facility,MH Intermediate Care Facility,ICF,47,coleman_ecf7833-1_iflex_pip_beds_2023-05-11
CHCF,B,307A1,118001L,MH Intermediate Care Facility,MH Intermediate Care Facility,ICF,47,coleman_ecf7833-1_iflex_pip_beds_2023-05-11
CHCF,B,307A1,119001L,MH Intermediate Care Facility,MH Intermediate Care Facility,ICF,47,coleman_ecf7833-1_iflex_pip_beds_2023-05-11
CHCF,B,307A1,120001L,MH Intermediate Care Facility,MH Intermediate Care Facility,ICF,47,coleman_ecf7833-1_iflex_pip_beds_2023-05-11
CHCF,B,307A1,121001L,MH Intermediate Care Facility,MH Intermediate Care Facility,ICF,47,coleman_ecf7833-1_iflex_pip_beds_2023-05-11
CHCF,B,307A1,122001L,MH Intermediate Care Facility,MH Intermediate Care Facility,ICF,47,coleman_ecf7833-1_iflex_pip_beds_2023-05-11
CHCF,B,307A1,123001L,MH Intermediate Care Facility,MH Intermediate Care Facility,ICF,47,coleman_ecf7833-1_iflex_pip_beds_2023-05-11
CHCF,B,307A1,124001L,MH Intermediate Care Facility,MH Intermediate Care Facility,ICF,47,coleman_ecf7833-1_iflex_pip_beds_2023-05-11
CHCF,B,307A1,125001L,MH Intermediate Care Facility,MH Intermediate Care Facility,ICF,48,coleman_ecf7833-1_iflex_pip_beds_2023-05-11
CHCF,B,307A1,126001L,MH Intermediate Care Facility,MH Intermediate Care Facility,ICF,48,coleman_ecf7833-1_iflex_pip_beds_2023-05-11
CHCF,B,307A1,127001L,MH Intermediate Care Facility,MH Intermediate Care Facility,ICF,48,coleman_ecf7833-1_iflex_pip_beds_2023-05-11
CHCF,B,307A1,128001L,MH Intermediate Care Facility,MH Intermediate Care Facility,ICF,48,coleman_ecf7833-1_iflex_pip_beds_2023-05-11
CHCF,B,307A1,129001L,MH Intermediate Care Facility,MH Intermediate Care Facility,ICF,48,coleman_ecf7833-1_iflex_pip_beds_2023-05-11
CHCF,B,307A1,130001L,MH Intermediate Care Facility,MH Intermediate Care Facility,ICF,48,coleman_ecf7833-1_iflex_pip_beds_2023-05-11
CHCF,B,307B1,104001L,MH Intermediate Care Facility,MH Intermediate Care Facility,ICF,48,coleman_ecf7833-1_iflex_pip_beds_2023-05-11
CHCF,B,307B1,105001L,MH Intermediate Care Facility,MH Intermediate Care Facility,ICF,48,coleman_ecf7833-1_iflex_pip_beds_2023-05-11
CHCF,B,307B1,106001L,MH Intermediate Care Facility,MH Intermediate Care Facility,ICF,48,coleman_ecf7833-1_iflex_pip_beds_2023-05-11
CHCF,B,307B1,107001L,MH Intermediate Care Facility,MH Intermediate Care Facility,ICF,48,coleman_ecf7833-1_iflex_pip_beds_2023-05-11
CHCF,B,307B1,108001L,MH Intermediate Care Facility,MH Intermediate Care Facility,ICF,48,coleman_ecf7833-1_iflex_pip_beds_2023-05-11
CHCF,B,307B1,109001L,MH Intermediate Care Facility,MH Intermediate Care Facility,ICF,48,coleman_ecf7833-1_iflex_pip_beds_2023-05-11
CHCF,B,307B1,110001L,MH Intermediate Care Facility,MH Intermediate Care Facility,ICF,48,coleman_ecf7833-1_iflex_pip_beds_2023-05-11
CHCF,B,307B1,111001L,MH Intermediate Care Facility,MH Intermediate Care Facility,ICF,48,coleman_ecf7833-1_iflex_pip_beds_2023-05-11
CHCF,B,307B1,112001L,MH Intermediate Care Facility,MH Intermediate Care Facility,ICF,48,coleman_ecf7833-1_iflex_pip_beds_2023-05-11
CHCF,B,307B1,113001L,MH Intermediate Care Facility,MH Intermediate Care Facility,ICF,48,coleman_ecf7833-1_iflex_pip_beds_2023-05-11
CHCF,B,307B1,114001L,MH Intermediate Care Facility,MH Intermediate Care Facility,ICF,48,coleman_ecf7833-1_iflex_pip_beds_2023-05-11
CHCF,B,307B1,115001L,MH Intermediate Care Facility,MH Intermediate Care Facility,ICF,48,coleman_ecf7833-1_iflex_pip_beds_2023-05-11
CHCF,B,307B1,116001L,MH Intermediate Care Facility,MH Intermediate Care Facility,ICF,48,coleman_ecf7833-1_iflex_pip_beds_2023-05-11
CHCF,B,307B1,117001L,MH Intermediate Care Facility,MH Intermediate Care Facility,ICF,48,coleman_ecf7833-1_iflex_pip_beds_2023-05-11
CHCF,B,307B1,118001L,MH Intermediate Care Facility,MH Intermediate Care Facility,ICF,48,coleman_ecf7833-1_iflex_pip_beds_2023-05-11
CHCF,B,307B1,119001L,MH Intermediate Care Facility,MH Intermediate Care Facility,ICF,48,coleman_ecf7833-1_iflex_pip_beds_2023-05-11
CHCF,B,307B1,120001L,MH Intermediate Care Facility,MH Intermediate Care Facility,ICF,48,coleman_ecf7833-1_iflex_pip_beds_2023-05-11
CHCF,B,307B1,121001L,MH Intermediate Care Facility,MH Intermediate Care Facility,ICF,49,coleman_ecf7833-1_iflex_pip_beds_2023-05-11
CHCF,B,307B1,122001L,MH Intermediate Care Facility,MH Intermediate Care Facility,ICF,49,coleman_ecf7833-1_iflex_pip_beds_2023-05-11
CHCF,B,307B1,123001L,MH Intermediate Care Facility,MH Intermediate Care Facility,ICF,49,coleman_ecf7833-1_iflex_pip_beds_2023-05-11
CHCF,B,307B1,124001L,MH Intermediate Care Facility,MH Intermediate Care Facility,ICF,49,coleman_ecf7833-1_iflex_pip_beds_2023-05-11
CHCF,B,307B1,125001L,MH Intermediate Care Facility,MH Intermediate Care Facility,ICF,49,coleman_ecf7833-1_iflex_pip_beds_2023-05-11
CHCF,B,307B1,126001L,MH Intermediate Care Facility,MH Intermediate Care Facility,ICF,49,coleman_ecf7833-1_iflex_pip_beds_2023-05-11
CHCF,B,307B1,127001L,MH Intermediate Care Facility,MH Intermediate Care Facility,ICF,49,coleman_ecf7833-1_iflex_pip_beds_2023-05-11
CHCF,B,307B1,128001L,MH Intermediate Care Facility,MH Intermediate Care Facility,ICF,49,coleman_ecf7833-1_iflex_pip_beds_2023-05-11
CHCF,B,307B1,129001L,MH Intermediate Care Facility,MH Intermediate Care Facility,ICF,49,coleman_ecf7833-1_iflex_pip_beds_2023-05-11
CHCF,B,307B1,130001L,MH Intermediate Care Facility,MH Intermediate Care Facility,ICF,49,coleman_ecf7833-1_iflex_pip_beds_2023-05-11
CHCF,B,307B1,131001L,MH Intermediate Care Facility,MH Intermediate Care Facility,ICF,49,coleman_ecf7833-1_iflex_pip_beds_2023-05-11
CHCF,B,307B1,132001L,MH Intermediate Care Facility,MH Intermediate Care Facility,ICF,49,coleman_ecf7833-1_iflex_pip_beds_2023-05-11
CHCF,B,307B1,133001L,MH Intermediate Care Facility,MH Intermediate Care Facility,ICF,49,coleman_ecf7833-1_iflex_pip_beds_2023-05-11
CHCF,B,308A1,101001L,MH Intermediate Care Facility,MH Intermediate Care Facility,ICF,49,coleman_ecf7833-1_iflex_pip_beds_2023-05-11
CHCF,B,308A1,102001L,MH Intermediate Care Facility,MH Intermediate Care Facility,ICF,49,coleman_ecf7833-1_iflex_pip_beds_2023-05-11
CHCF,B,308A1,103001L,MH Intermediate Care Facility,MH Intermediate Care Facility,ICF,49,coleman_ecf7833-1_iflex_pip_beds_2023-05-11
CHCF,B,308A1,104001L,MH Intermediate Care Facility,MH Intermediate Care Facility,ICF,49,coleman_ecf7833-1_iflex_pip_beds_2023-05-11
CHCF,B,308A1,105001L,MH Intermediate Care Facility,MH Intermediate Care Facility,ICF,49,coleman_ecf7833-1_iflex_pip_beds_2023-05-11
CHCF,B,308A1,106001L,MH Intermediate Care Facility,MH Intermediate Care Facility,ICF,49,coleman_ecf7833-1_iflex_pip_beds_2023-05-11
CHCF,B,308A1,107001L,MH Intermediate Care Facility,MH Intermediate Care Facility,ICF,49,coleman_ecf7833-1_iflex_pip_beds_2023-05-11
CHCF,B,308A1,108001L,MH Intermediate Care Facility,MH Intermediate Care Facility,ICF,49,coleman_ecf7833-1_iflex_pip_beds_2023-05-11
CHCF,B,308A1,109001L,MH Intermediate Care Facility,MH Intermediate Care Facility,ICF,49,coleman_ecf7833-1_iflex_pip_beds_2023-05-11
CHCF,B,308A1,110001L,MH Intermediate Care Facility,MH Intermediate Care Facility,ICF,49,coleman_ecf7833-1_iflex_pip_beds_2023-05-11
CHCF,B,308A1,111001L,MH Intermediate Care Facility,MH Intermediate Care Facility,ICF,50,coleman_ecf7833-1_iflex_pip_beds_2023-05-11
CHCF,B,308A1,112001L,MH Intermediate Care Facility,MH Intermediate Care Facility,ICF,50,coleman_ecf7833-1_iflex_pip_beds_2023-05-11
CHCF,B,308A1,113001L,MH Intermediate Care Facility,MH Intermediate Care Facility,ICF,50,coleman_ecf7833-1_iflex_pip_beds_2023-05-11
CHCF,B,308A1,114001L,MH Intermediate Care Facility,MH Intermediate Care Facility,ICF,50,coleman_ecf7833-1_iflex_pip_beds_2023-05-11
CHCF,B,308A1,115001L,MH Intermediate Care Facility,MH Intermediate Care Facility,ICF,50,coleman_ecf7833-1_iflex_pip_beds_2023-05-11
CHCF,B,308A1,116001L,MH Intermediate Care Facility,MH Intermediate Care Facility,ICF,50,coleman_ecf7833-1_iflex_pip_beds_2023-05-11
CHCF,B,308A1,117001L,MH Intermediate Care Facility,MH Intermediate Care Facility,ICF,50,coleman_ecf7833-1_iflex_pip_beds_2023-05-11
CHCF,B,308A1,118001L,MH Intermediate Care Facility,MH Intermediate Care Facility,ICF,50,coleman_ecf7833-1_iflex_pip_beds_2023-05-11
CHCF,B,308A1,119001L,MH Intermediate Care Facility,MH Intermediate Care Facility,ICF,50,coleman_ecf7833-1_iflex_pip_beds_2023-05-11
CHCF,B,308A1,120001L,MH Intermediate Care Facility,MH Intermediate Care Facility,ICF,50,coleman_ecf7833-1_iflex_pip_beds_2023-05-11
CHCF,B,308A1,121001L,MH Intermediate Care Facility,MH Intermediate Care Facility,ICF,50,coleman_ecf7833-1_iflex_pip_beds_2023-05-11
CHCF,B,308A1,122001L,MH Intermediate Care Facility,MH Intermediate Care Facility,ICF,50,coleman_ecf7833-1_iflex_pip_beds_2023-05-11
CHCF,B,308A1,123001L,MH Intermediate Care Facility,MH Intermediate Care Facility,ICF,50,coleman_ecf7833-1_iflex_pip_beds_2023-05-11
CHCF,B,308A1,124001L,MH Intermediate Care Facility,MH Intermediate Care Facility,ICF,50,coleman_ecf7833-1_iflex_pip_beds_2023-05-11
CHCF,B,308A1,125001L,MH Intermediate Care Facility,MH Intermediate Care Facility,ICF,50,coleman_ecf7833-1_iflex_pip_beds_2023-05-11
CHCF,B,308A1,126001L,MH Intermediate Care Facility,MH Intermediate Care Facility,ICF,50,coleman_ecf7833-1_iflex_pip_beds_2023-05-11
CHCF,B,308A1,127001L,MH Intermediate Care Facility,MH Intermediate Care Facility,ICF,50,coleman_ecf7833-1_iflex_pip_beds_2023-05-11
CHCF,B,308A1,128001L,MH Intermediate Care Facility,MH Intermediate Care Facility,ICF,50,coleman_ecf7833-1_iflex_pip_beds_2023-05-11
CHCF,B,308A1,129001L,MH Intermediate Care Facility,MH Intermediate Care Facility,ICF,50,coleman_ecf7833-1_iflex_pip_beds_2023-05-11
CHCF,B,308A1,130001L,MH Intermediate Care Facility,MH Intermediate Care Facility,ICF,50,coleman_ecf7833-1_iflex_pip_beds_2023-05-11
CHCF,B,308B1,104001L,MH Intermediate Care Facility,MH Intermediate Care Facility,ICF,50,coleman_ecf7833-1_iflex_pip_beds_2023-05-11
CHCF,B,308B1,105001L,MH Intermediate Care Facility,MH Intermediate Care Facility,ICF,50,coleman_ecf7833-1_iflex_pip_beds_2023-05-11
CHCF,B,308B1,106001L,MH Intermediate Care Facility,MH Intermediate Care Facility,ICF,50,coleman_ecf7833-1_iflex_pip_beds_2023-05-11
CHCF,B,308B1,107001L,MH Intermediate Care Facility,MH Intermediate Care Facility,ICF,51,coleman_ecf7833-1_iflex_pip_beds_2023-05-11
CHCF,B,308B1,108001L,MH Intermediate Care Facility,MH Intermediate Care Facility,ICF,51,coleman_ecf7833-1_iflex_pip_beds_2023-05-11
CHCF,B,308B1,109001L,MH Intermediate Care Facility,MH Intermediate Care Facility,ICF,51,coleman_ecf7833-1_iflex_pip_beds_2023-05-11
CHCF,B,308B1,110001L,MH Intermediate Care Facility,MH Intermediate Care Facility,ICF,51,coleman_ecf7833-1_iflex_pip_beds_2023-05-11
CHCF,B,308B1,111001L,MH Intermediate Care Facility,MH Intermediate Care Facility,ICF,51,coleman_ecf7833-1_iflex_pip_beds_2023-05-11
CHCF,B,308B1,112001L,MH Intermediate Care Facility,MH Intermediate Care Facility,ICF,51,coleman_ecf7833-1_iflex_pip_beds_2023-05-11
CHCF,B,308B1,113001L,MH Intermediate Care Facility,MH Intermediate Care Facility,ICF,51,coleman_ecf7833-1_iflex_pip_beds_2023-05-11
CHCF,B,308B1,114001L,MH Intermediate Care Facility,MH Intermediate Care Facility,ICF,51,coleman_ecf7833-1_iflex_pip_beds_2023-05-11
CHCF,B,308B1,115001L,MH Intermediate Care Facility,MH Intermediate Care Facility,ICF,51,coleman_ecf7833-1_iflex_pip_beds_2023-05-11
CHCF,B,308B1,116001L,MH Intermediate Care Facility,MH Intermediate Care Facility,ICF,51,coleman_ecf7833-1_iflex_pip_beds_2023-05-11
CHCF,B,308B1,117001L,MH Intermediate Care Facility,MH Intermediate Care Facility,ICF,51,coleman_ecf7833-1_iflex_pip_beds_2023-05-11
CHCF,B,308B1,118001L,MH Intermediate Care Facility,MH Intermediate Care Facility,ICF,51,coleman_ecf7833-1_iflex_pip_beds_2023-05-11
CHCF,B,308B1,119001L,MH Intermediate Care Facility,MH Intermediate Care Facility,ICF,51,coleman_ecf7833-1_iflex_pip_beds_2023-05-11
CHCF,B,308B1,120001L,MH Intermediate Care Facility,MH Intermediate Care Facility,ICF,51,coleman_ecf7833-1_iflex_pip_beds_2023-05-11
CHCF,B,308B1,121001L,MH Intermediate Care Facility,MH Intermediate Care Facility,ICF,51,coleman_ecf7833-1_iflex_pip_beds_2023-05-11
CHCF,B,308B1,122001L,MH Intermediate Care Facility,MH Intermediate Care Facility,ICF,51,coleman_ecf7833-1_iflex_pip_beds_2023-05-11
CHCF,B,308B1,123001L,MH Intermediate Care Facility,MH Intermediate Care Facility,ICF,51,coleman_ecf7833-1_iflex_pip_beds_2023-05-11
CHCF,B,308B1,124001L,MH Intermediate Care Facility,MH Intermediate Care Facility,ICF,51,coleman_ecf7833-1_iflex_pip_beds_2023-05-11
CHCF,B,308B1,125001L,MH Intermediate Care Facility,MH Intermediate Care Facility,ICF,51,coleman_ecf7833-1_iflex_pip_beds_2023-05-11
CHCF,B,308B1,126001L,MH Intermediate Care Facility,MH Intermediate Care Facility,ICF,51,coleman_ecf7833-1_iflex_pip_beds_2023-05-11
CHCF,B,308B1,127001L,MH Intermediate Care Facility,MH Intermediate Care Facility,ICF,51,coleman_ecf7833-1_iflex_pip_beds_2023-05-11
CHCF,B,308B1,128001L,MH Intermediate Care Facility,MH Intermediate Care Facility,ICF,51,coleman_ecf7833-1_iflex_pip_beds_2023-05-11
CHCF,B,308B1,129001L,MH Intermediate Care Facility,MH Intermediate Care Facility,ICF,51,coleman_ecf7833-1_iflex_pip_beds_2023-05-11
CHCF,B,308B1,130001L,MH Intermediate Care Facility,MH Intermediate Care Facility,ICF,52,coleman_ecf7833-1_iflex_pip_beds_2023-05-11
CHCF,B,308B1,131001L,MH Intermediate Care Facility,MH Intermediate Care Facility,ICF,52,coleman_ecf7833-1_iflex_pip_beds_2023-05-11
CHCF,B,308B1,132001L,MH Intermediate Care Facility,MH Intermediate Care Facility,ICF,52,coleman_ecf7833-1_iflex_pip_beds_2023-05-11
CHCF,B,308B1,133001L,MH Intermediate Care Facility,MH Intermediate Care Facility,ICF,52,coleman_ecf7833-1_iflex_pip_beds_2023-05-11
SVSP,C,005 1,103001L,MH Intermediate Care Facility,MH Intermediate Care Facility,ICF,52,coleman_ecf7833-1_iflex_pip_beds_2023-05-11
SVSP,C,005 1,104001L,MH Intermediate Care Facility,MH Intermediate Care Facility,ICF,52,coleman_ecf7833-1_iflex_pip_beds_2023-05-11
SVSP,C,005 1,105001L,MH Intermediate Care Facility,MH Intermediate Care Facility,ICF,52,coleman_ecf7833-1_iflex_pip_beds_2023-05-11
SVSP,C,005 1,106001L,MH Intermediate Care Facility,MH Intermediate Care Facility,ICF,52,coleman_ecf7833-1_iflex_pip_beds_2023-05-11
SVSP,C,005 1,107001L,MH Intermediate Care Facility,MH Intermediate Care Facility,ICF,52,coleman_ecf7833-1_iflex_pip_beds_2023-05-11
SVSP,C,005 1,108001L,MH Intermediate Care Facility,MH Intermediate Care Facility,ICF,52,coleman_ecf7833-1_iflex_pip_beds_2023-05-11
SVSP,C,005 1,109001L,MH Intermediate Care Facility,MH Intermediate Care Facility,ICF,52,coleman_ecf7833-1_iflex_pip_beds_2023-05-11
SVSP,C,005 1,110001L,MH Intermediate Care Facility,MH Intermediate Care Facility,ICF,52,coleman_ecf7833-1_iflex_pip_beds_2023-05-11
SVSP,C,005 1,111001L,MH Intermediate Care Facility,MH Intermediate Care Facility,ICF,52,coleman_ecf7833-1_iflex_pip_beds_2023-05-11
SVSP,C,005 1,112001L,MH Intermediate Care Facility,MH Intermediate Care Facility,ICF,52,coleman_ecf7833-1_iflex_pip_beds_2023-05-11
SVSP,C,005 1,113001L,Psychiatric Inpatient Program,MH Intermediate Care Facility,ICF,52,coleman_ecf7833-1_iflex_pip_beds_2023-05-11
SVSP,C,005 1,114001L,Psychiatric Inpatient Program,MH Intermediate Care Facility,ICF,52,coleman_ecf7833-1_iflex_pip_beds_2023-05-11
SVSP,C,005 1,115001L,Psychiatric Inpatient Program,MH Intermediate Care Facility,ICF,52,coleman_ecf7833-1_iflex_pip_beds_2023-05-11
SVSP,C,005 1,116001L,Psychiatric Inpatient Program,MH Intermediate Care Facility,ICF,52,coleman_ecf7833-1_iflex_pip_beds_2023-05-11
SVSP,C,005 1,117001L,Psychiatric Inpatient Program,MH Intermediate Care Facility,ICF,52,coleman_ecf7833-1_iflex_pip_beds_2023-05-11
SVSP,C,005 1,118001L,Psychiatric Inpatient Program,MH Intermediate Care Facility,ICF,52,coleman_ecf7833-1_iflex_pip_beds_2023-05-11
SVSP,C,005 1,119001L,Psychiatric Inpatient Program,MH Intermediate Care Facility,ICF,52,coleman_ecf7833-1_iflex_pip_beds_2023-05-11
SVSP,C,005 1,120001L,Psychiatric Inpatient Program,MH Intermediate Care Facility,ICF,52,coleman_ecf7833-1_iflex_pip_beds_2023-05-11
SVSP,C,005 1,125001L,MH Intermediate Care Facility,MH Intermediate Care Facility,ICF,52,coleman_ecf7833-1_iflex_pip_beds_2023-05-11
SVSP,C,005 1,126001L,MH Intermediate Care Facility,MH Intermediate Care Facility,ICF,52,coleman_ecf7833-1_iflex_pip_beds_2023-05-11
SVSP,C,005 1,127001L,MH Intermediate Care Facility,MH Intermediate Care Facility,ICF,52,coleman_ecf7833-1_iflex_pip_beds_2023-05-11
SVSP,C,005 1,128001L,MH Intermediate Care Facility,MH Intermediate Care Facility,ICF,52,coleman_ecf7833-1_iflex_pip_beds_2023-05-11
SVSP,C,005 1,129001L,MH Intermediate Care Facility,MH Intermediate Care Facility,ICF,52,coleman_ecf7833-1_iflex_pip_beds_2023-05-11
SVSP,C,005 1,130001L,MH Intermediate Care Facility,MH Intermediate Care Facility,ICF,53,coleman_ecf7833-1_iflex_pip_beds_2023-05-11
SVSP,C,005 1,131001L,MH Intermediate Care Facility,MH Intermediate Care Facility,ICF,53,coleman_ecf7833-1_iflex_pip_beds_2023-05-11
SVSP,C,005 1,132001L,MH Intermediate Care Facility,MH Intermediate Care Facility,ICF,53,coleman_ecf7833-1_iflex_pip_beds_2023-05-11
SVSP,C,005 2,201001L,MH Intermediate Care Facility,MH Intermediate Care Facility,ICF,53,coleman_ecf7833-1_iflex_pip_beds_2023-05-11
SVSP,C,005 2,202001L,MH Intermediate Care Facility,MH Intermediate Care Facility,ICF,53,coleman_ecf7833-1_iflex_pip_beds_2023-05-11
SVSP,C,005 2,203001L,MH Intermediate Care Facility,MH Intermediate Care Facility,ICF,53,coleman_ecf7833-1_iflex_pip_beds_2023-05-11
SVSP,C,005 2,204001L,MH Intermediate Care Facility,MH Intermediate Care Facility,ICF,53,coleman_ecf7833-1_iflex_pip_beds_2023-05-11
SVSP,C,005 2,205001L,MH Intermediate Care Facility,MH Intermediate Care Facility,ICF,53,coleman_ecf7833-1_iflex_pip_beds_2023-05-11
SVSP,C,005 2,206001L,MH Intermediate Care Facility,MH Intermediate Care Facility,ICF,53,coleman_ecf7833-1_iflex_pip_beds_2023-05-11
SVSP,C,005 2,207001L,MH Intermediate Care Facility,MH Intermediate Care Facility,ICF,53,coleman_ecf7833-1_iflex_pip_beds_2023-05-11
SVSP,C,005 2,208001L,MH Intermediate Care Facility,MH Intermediate Care Facility,ICF,53,coleman_ecf7833-1_iflex_pip_beds_2023-05-11
SVSP,C,005 2,209001L,MH Intermediate Care Facility,MH Intermediate Care Facility,ICF,53,coleman_ecf7833-1_iflex_pip_beds_2023-05-11
SVSP,C,005 2,210001L,MH Intermediate Care Facility,MH Intermediate Care Facility,ICF,53,coleman_ecf7833-1_iflex_pip_beds_2023-05-11
SVSP,C,005 2,211001L,MH Intermediate Care Facility,MH Intermediate Care Facility,ICF,53,coleman_ecf7833-1_iflex_pip_beds_2023-05-11
SVSP,C,005 2,212001L,MH Intermediate Care Facility,MH Intermediate Care Facility,ICF,53,coleman_ecf7833-1_iflex_pip_beds_2023-05-11
SVSP,C,005 2,213001L,Psychiatric Inpatient Program,MH Intermediate Care Facility,ICF,53,coleman_ecf7833-1_iflex_pip_beds_2023-05-11
SVSP,C,005 2,214001L,Psychiatric Inpatient Program,MH Intermediate Care Facility,ICF,53,coleman_ecf7833-1_iflex_pip_beds_2023-05-11
SVSP,C,005 2,215001L,Psychiatric Inpatient Program,MH Intermediate Care Facility,ICF,53,coleman_ecf7833-1_iflex_pip_beds_2023-05-11
SVSP,C,005 2,216001L,Psychiatric Inpatient Program,MH Intermediate Care Facility,ICF,53,coleman_ecf7833-1_iflex_pip_beds_2023-05-11
SVSP,C,005 2,217001L,Psychiatric Inpatient Program,MH Intermediate Care Facility,ICF,53,coleman_ecf7833-1_iflex_pip_beds_2023-05-11
SVSP,C,005 2,218001L,Psychiatric Inpatient Program,MH Intermediate Care Facility,ICF,53,coleman_ecf7833-1_iflex_pip_beds_2023-05-11
SVSP,C,005 2,219001L,Psychiatric Inpatient Program,MH Intermediate Care Facility,ICF,53,coleman_ecf7833-1_iflex_pip_beds_2023-05-11
SVSP,C,005 2,220001L,Psychiatric Inpatient Program,MH Intermediate Care Facility,ICF,53,coleman_ecf7833-1_iflex_pip_beds_2023-05-11
SVSP,C,005 2,221001L,Psychiatric Inpatient Program,MH Intermediate Care Facility,ICF,53,coleman_ecf7833-1_iflex_pip_beds_2023-05-11
SVSP,C,005 2,222001L,Psychiatric Inpatient Program,MH Intermediate Care Facility,ICF,53,coleman_ecf7833-1_iflex_pip_beds_2023-05-11
SVSP,C,005 2,223001L,MH Intermediate Care Facility,MH Intermediate Care Facility,ICF,53,coleman_ecf7833-1_iflex_pip_beds_2023-05-11
SVSP,C,005 2,224001L,MH Intermediate Care Facility,MH Intermediate Care Facility,ICF,53,coleman_ecf7833-1_iflex_pip_beds_2023-05-11
SVSP,C,005 2,225001L,MH Intermediate Care Facility,MH Intermediate Care Facility,ICF,53,coleman_ecf7833-1_iflex_pip_beds_2023-05-11
SVSP,C,005 2,226001L,MH Intermediate Care Facility,MH Intermediate Care Facility,ICF,54,coleman_ecf7833-1_iflex_pip_beds_2023-05-11
SVSP,C,005 2,227001L,MH Intermediate Care Facility,MH Intermediate Care Facility,ICF,54,coleman_ecf7833-1_iflex_pip_beds_2023-05-11
SVSP,C,005 2,228001L,MH Intermediate Care Facility,MH Intermediate Care Facility,ICF,54,coleman_ecf7833-1_iflex_pip_beds_2023-05-11
SVSP,C,005 2,229001L,MH Intermediate Care Facility,MH Intermediate Care Facility,ICF,54,coleman_ecf7833-1_iflex_pip_beds_2023-05-11
SVSP,C,005 2,230001L,MH Intermediate Care Facility,MH Intermediate Care Facility,ICF,54,coleman_ecf7833-1_iflex_pip_beds_2023-05-11
SVSP,C,005 2,231001L,MH Intermediate Care Facility,MH Intermediate Care Facility,ICF,54,coleman_ecf7833-1_iflex_pip_beds_2023-05-11
SVSP,C,005 2,232001L,MH Intermediate Care Facility,MH Intermediate Care Facility,ICF,54,coleman_ecf7833-1_iflex_pip_beds_2023-05-11
SVSP,C,006 1,101001L,MH Intermediate Care Facility,MH Intermediate Care Facility,ICF,54,coleman_ecf7833-1_iflex_pip_beds_2023-05-11
SVSP,C,006 1,102001L,MH Intermediate Care Facility,MH Intermediate Care Facility,ICF,54,coleman_ecf7833-1_iflex_pip_beds_2023-05-11
SVSP,C,006 1,103001L,MH Intermediate Care Facility,MH Intermediate Care Facility,ICF,54,coleman_ecf7833-1_iflex_pip_beds_2023-05-11
SVSP,C,006 1,104001L,MH Intermediate Care Facility,MH Intermediate Care Facility,ICF,54,coleman_ecf7833-1_iflex_pip_beds_2023-05-11
SVSP,C,006 1,105001L,MH Intermediate Care Facility,MH Intermediate Care Facility,ICF,54,coleman_ecf7833-1_iflex_pip_beds_2023-05-11
SVSP,C,006 1,106001L,MH Intermediate Care Facility,MH Intermediate Care Facility,ICF,54,coleman_ecf7833-1_iflex_pip_beds_2023-05-11
SVSP,C,006 1,107001L,MH Intermediate Care Facility,MH Intermediate Care Facility,ICF,54,coleman_ecf7833-1_iflex_pip_beds_2023-05-11
SVSP,C,006 1,108001L,MH Intermediate Care Facility,MH Intermediate Care Facility,ICF,54,coleman_ecf7833-1_iflex_pip_beds_2023-05-11
SVSP,C,006 1,113001L,MH Intermediate Care Facility,MH Intermediate Care Facility,ICF,54,coleman_ecf7833-1_iflex_pip_beds_2023-05-11
SVSP,C,006 1,114001L,MH Intermediate Care Facility,MH Intermediate Care Facility,ICF,54,coleman_ecf7833-1_iflex_pip_beds_2023-05-11
SVSP,C,006 1,115001L,MH Intermediate Care Facility,MH Intermediate Care Facility,ICF,54,coleman_ecf7833-1_iflex_pip_beds_2023-05-11
SVSP,C,006 1,116001L,MH Intermediate Care Facility,MH Intermediate Care Facility,ICF,54,coleman_ecf7833-1_iflex_pip_beds_2023-05-11
SVSP,C,006 1,117001L,MH Intermediate Care Facility,MH Intermediate Care Facility,ICF,54,coleman_ecf7833-1_iflex_pip_beds_2023-05-11
SVSP,C,006 1,118001L,MH Intermediate Care Facility,MH Intermediate Care Facility,ICF,54,coleman_ecf7833-1_iflex_pip_beds_2023-05-11
SVSP,C,006 1,119001L,MH Intermediate Care Facility,MH Intermediate Care Facility,ICF,54,coleman_ecf7833-1_iflex_pip_beds_2023-05-11
SVSP,C,006 1,120001L,MH Intermediate Care Facility,MH Intermediate Care Facility,ICF,54,coleman_ecf7833-1_iflex_pip_beds_2023-05-11
SVSP,C,006 1,121001L,MH Intermediate Care Facility,MH Intermediate Care Facility,ICF,54,coleman_ecf7833-1_iflex_pip_beds_2023-05-11
SVSP,C,006 1,122001L,MH Intermediate Care Facility,MH Intermediate Care Facility,ICF,54,coleman_ecf7833-1_iflex_pip_beds_2023-05-11
SVSP,C,006 1,123001L,MH Intermediate Care Facility,MH Intermediate Care Facility,ICF,54,coleman_ecf7833-1_iflex_pip_beds_2023-05-11
SVSP,C,006 1,124001L,MH Intermediate Care Facility,MH Intermediate Care Facility,ICF,54,coleman_ecf7833-1_iflex_pip_beds_2023-05-11
SVSP,C,006 1,125001L,MH Intermediate Care Facility,MH Intermediate Care Facility,ICF,54,coleman_ecf7833-1_iflex_pip_beds_2023-05-11
SVSP,C,006 1,126001L,MH Intermediate Care Facility,MH Intermediate Care Facility,ICF,55,coleman_ecf7833-1_iflex_pip_beds_2023-05-11
SVSP,C,006 1,127001L,MH Intermediate Care Facility,MH Intermediate Care Facility,ICF,55,coleman_ecf7833-1_iflex_pip_beds_2023-05-11
SVSP,C,006 1,128001L,MH Intermediate Care Facility,MH Intermediate Care Facility,ICF,55,coleman_ecf7833-1_iflex_pip_beds_2023-05-11
SVSP,C,006 1,129001L,MH Intermediate Care Facility,MH Intermediate Care Facility,ICF,55,coleman_ecf7833-1_iflex_pip_beds_2023-05-11
SVSP,C,006 1,130001L,MH Intermediate Care Facility,MH Intermediate Care Facility,ICF,55,coleman_ecf7833-1_iflex_pip_beds_2023-05-11
SVSP,C,006 2,201001L,MH Intermediate Care Facility,MH Intermediate Care Facility,ICF,55,coleman_ecf7833-1_iflex_pip_beds_2023-05-11
SVSP,C,006 2,202001L,MH Intermediate Care Facility,MH Intermediate Care Facility,ICF,55,coleman_ecf7833-1_iflex_pip_beds_2023-05-11
SVSP,C,006 2,203001L,MH Intermediate Care Facility,MH Intermediate Care Facility,ICF,55,coleman_ecf7833-1_iflex_pip_beds_2023-05-11
SVSP,C,006 2,204001L,MH Intermediate Care Facility,MH Intermediate Care Facility,ICF,55,coleman_ecf7833-1_iflex_pip_beds_2023-05-11
SVSP,C,006 2,205001L,MH Intermediate Care Facility,MH Intermediate Care Facility,ICF,55,coleman_ecf7833-1_iflex_pip_beds_2023-05-11
SVSP,C,006 2,206001L,MH Intermediate Care Facility,MH Intermediate Care Facility,ICF,55,coleman_ecf7833-1_iflex_pip_beds_2023-05-11
SVSP,C,006 2,207001L,MH Intermediate Care Facility,MH Intermediate Care Facility,ICF,55,coleman_ecf7833-1_iflex_pip_beds_2023-05-11
SVSP,C,006 2,208001L,MH Intermediate Care Facility,MH Intermediate Care Facility,ICF,55,coleman_ecf7833-1_iflex_pip_beds_2023-05-11
SVSP,C,006 2,209001L,MH Intermediate Care Facility,MH Intermediate Care Facility,ICF,55,coleman_ecf7833-1_iflex_pip_beds_2023-05-11
SVSP,C,006 2,210001L,MH Intermediate Care Facility,MH Intermediate Care Facility,ICF,55,coleman_ecf7833-1_iflex_pip_beds_2023-05-11
SVSP,C,006 2,211001L,MH Intermediate Care Facility,MH Intermediate Care Facility,ICF,55,coleman_ecf7833-1_iflex_pip_beds_2023-05-11
SVSP,C,006 2,212001L,MH Intermediate Care Facility,MH Intermediate Care Facility,ICF,55,coleman_ecf7833-1_iflex_pip_beds_2023-05-11
SVSP,C,006 2,213001L,MH Intermediate Care Facility,MH Intermediate Care Facility,ICF,55,coleman_ecf7833-1_iflex_pip_beds_2023-05-11
SVSP,C,006 2,214001L,MH Intermediate Care Facility,MH Intermediate Care Facility,ICF,55,coleman_ecf7833-1_iflex_pip_beds_2023-05-11
SVSP,C,006 2,215001L,MH Intermediate Care Facility,MH Intermediate Care Facility,ICF,55,coleman_ecf7833-1_iflex_pip_beds_2023-05-11
SVSP,C,006 2,216001L,MH Intermediate Care Facility,MH Intermediate Care Facility,ICF,55,coleman_ecf7833-1_iflex_pip_beds_2023-05-11
SVSP,C,006 2,217001L,MH Intermediate Care Facility,MH Intermediate Care Facility,ICF,55,coleman_ecf7833-1_iflex_pip_beds_2023-05-11
SVSP,C,006 2,218001L,MH Intermediate Care Facility,MH Intermediate Care Facility,ICF,55,coleman_ecf7833-1_iflex_pip_beds_2023-05-11
SVSP,C,006 2,219001L,MH Intermediate Care Facility,MH Intermediate Care Facility,ICF,55,coleman_ecf7833-1_iflex_pip_beds_2023-05-11
SVSP,C,006 2,220001L,MH Intermediate Care Facility,MH Intermediate Care Facility,ICF,55,coleman_ecf7833-1_iflex_pip_beds_2023-05-11
SVSP,C,006 2,221001L,MH Intermediate Care Facility,MH Intermediate Care Facility,ICF,55,coleman_ecf7833-1_iflex_pip_beds_2023-05-11
SVSP,C,006 2,222001L,MH Intermediate Care Facility,MH Intermediate Care Facility,ICF,55,coleman_ecf7833-1_iflex_pip_beds_2023-05-11
SVSP,C,006 2,223001L,MH Intermediate Care Facility,MH Intermediate Care Facility,ICF,55,coleman_ecf7833-1_iflex_pip_beds_2023-05-11
SVSP,C,006 2,224001L,MH Intermediate Care Facility,MH Intermediate Care Facility,ICF,56,coleman_ecf7833-1_iflex_pip_beds_2023-05-11
SVSP,C,006 2,225001L,MH Intermediate Care Facility,MH Intermediate Care Facility,ICF,56,coleman_ecf7833-1_iflex_pip_beds_2023-05-11
SVSP,C,006 2,226001L,MH Intermediate Care Facility,MH Intermediate Care Facility,ICF,56,coleman_ecf7833-1_iflex_pip_beds_2023-05-11
SVSP,C,006 2,227001L,MH Intermediate Care Facility,MH Intermediate Care Facility,ICF,56,coleman_ecf7833-1_iflex_pip_beds_2023-05-11
SVSP,C,006 2,228001L,MH Intermediate Care Facility,MH Intermediate Care Facility,ICF,56,coleman_ecf7833-1_iflex_pip_beds_2023-05-11
SVSP,C,006 2,229001L,MH Intermediate Care Facility,MH Intermediate Care Facility,ICF,56,coleman_ecf7833-1_iflex_pip_beds_2023-05-11
SVSP,C,006 2,230001L,MH Intermediate Care Facility,MH Intermediate Care Facility,ICF,56,coleman_ecf7833-1_iflex_pip_beds_2023-05-11
SVSP,C,006 2,231001L,MH Intermediate Care Facility,MH Intermediate Care Facility,ICF,56,coleman_ecf7833-1_iflex_pip_beds_2023-05-11
SVSP,C,006 2,232001L,MH Intermediate Care Facility,MH Intermediate Care Facility,ICF,56,coleman_ecf7833-1_iflex_pip_beds_2023-05-11
CMF,C,HTCC1,001001L,Psychiatric Inpatient Program,MH Intermediate Care Facility,ICF,56,coleman_ecf7833-1_iflex_pip_beds_2023-05-11
CMF,C,HTCC1,002001L,Psychiatric Inpatient Program,MH Intermediate Care Facility,ICF,56,coleman_ecf7833-1_iflex_pip_beds_2023-05-11
CMF,C,HTCC1,003001L,Psychiatric Inpatient Program,MH Intermediate Care Facility,ICF,56,coleman_ecf7833-1_iflex_pip_beds_2023-05-11
CMF,C,HTCC1,004001L,Psychiatric Inpatient Program,MH Intermediate Care Facility,ICF,56,coleman_ecf7833-1_iflex_pip_beds_2023-05-11
CMF,C,HTCC1,005001L,Psychiatric Inpatient Program,MH Intermediate Care Facility,ICF,56,coleman_ecf7833-1_iflex_pip_beds_2023-05-11
CMF,C,HTCC1,006001L,Psychiatric Inpatient Program,MH Intermediate Care Facility,ICF,56,coleman_ecf7833-1_iflex_pip_beds_2023-05-11
CMF,C,HTCC1,007001L,Psychiatric Inpatient Program,MH Intermediate Care Facility,ICF,56,coleman_ecf7833-1_iflex_pip_beds_2023-05-11
CMF,C,HTCC1,008001L,Psychiatric Inpatient Program,MH Intermediate Care Facility,ICF,56,coleman_ecf7833-1_iflex_pip_beds_2023-05-11
CMF,C,HTCC1,009001L,Psychiatric Inpatient Program,MH Intermediate Care Facility,ICF,56,coleman_ecf7833-1_iflex_pip_beds_2023-05-11
CMF,C,HTCC1,010001L,Psychiatric Inpatient Program,MH Intermediate Care Facility,ICF,56,coleman_ecf7833-1_iflex_pip_beds_2023-05-11
CMF,C,HTCC1,011001L,Psychiatric Inpatient Program,MH Intermediate Care Facility,ICF,56,coleman_ecf7833-1_iflex_pip_beds_2023-05-11
CMF,C,HTCC1,012001L,Psychiatric Inpatient Program,MH Intermediate Care Facility,ICF,56,coleman_ecf7833-1_iflex_pip_beds_2023-05-11
CMF,C,HTCC1,013001L,Psychiatric Inpatient Program,MH Intermediate Care Facility,ICF,56,coleman_ecf7833-1_iflex_pip_beds_2023-05-11
CMF,C,HTCC1,014001L,Psychiatric Inpatient Program,MH Intermediate Care Facility,ICF,56,coleman_ecf7833-1_iflex_pip_beds_2023-05-11
CMF,C,HTCC1,015001L,Psychiatric Inpatient Program,MH Intermediate Care Facility,ICF,56,coleman_ecf7833-1_iflex_pip_beds_2023-05-11
CMF,C,HTCC1,016001L,Psychiatric Inpatient Program,MH Intermediate Care Facility,ICF,56,coleman_ecf7833-1_iflex_pip_beds_2023-05-11
CMF,C,HTCD1,001001L,MH Intermediate Care Facility,MH Intermediate Care Facility,ICF,56,coleman_ecf7833-1_iflex_pip_beds_2023-05-11
CMF,C,HTCD1,002001L,MH Intermediate Care Facility,MH Intermediate Care Facility,ICF,56,coleman_ecf7833-1_iflex_pip_beds_2023-05-11
CMF,C,HTCD1,003001L,MH Intermediate Care Facility,MH Intermediate Care Facility,ICF,56,coleman_ecf7833-1_iflex_pip_beds_2023-05-11
CMF,C,HTCD1,004001L,MH Intermediate Care Facility,MH Intermediate Care Facility,ICF,57,coleman_ecf7833-1_iflex_pip_beds_2023-05-11
CMF,C,HTCD1,005001L,MH Intermediate Care Facility,MH Intermediate Care Facility,ICF,57,coleman_ecf7833-1_iflex_pip_beds_2023-05-11
CMF,C,HTCD1,006001L,MH Intermediate Care Facility,MH Intermediate Care Facility,ICF,57,coleman_ecf7833-1_iflex_pip_beds_2023-05-11
CMF,C,HTCD1,007001L,MH Intermediate Care Facility,MH Intermediate Care Facility,ICF,57,coleman_ecf7833-1_iflex_pip_beds_2023-05-11
CMF,C,HTCD1,008001L,MH Intermediate Care Facility,MH Intermediate Care Facility,ICF,57,coleman_ecf7833-1_iflex_pip_beds_2023-05-11
CMF,C,HTCD1,009001L,MH Intermediate Care Facility,MH Intermediate Care Facility,ICF,57,coleman_ecf7833-1_iflex_pip_beds_2023-05-11
CMF,C,HTCD1,010001L,MH Intermediate Care Facility,MH Intermediate Care Facility,ICF,57,coleman_ecf7833-1_iflex_pip_beds_2023-05-11
CMF,C,HTCD1,011001L,MH Intermediate Care Facility,MH Intermediate Care Facility,ICF,57,coleman_ecf7833-1_iflex_pip_beds_2023-05-11
CMF,C,HTCD1,012001L,MH Intermediate Care Facility,MH Intermediate Care Facility,ICF,57,coleman_ecf7833-1_iflex_pip_beds_2023-05-11
CMF,C,HTCD1,013001L,MH Intermediate Care Facility,MH Intermediate Care Facility,ICF,57,coleman_ecf7833-1_iflex_pip_beds_2023-05-11
CMF,C,HTCD1,014001L,MH Intermediate Care Facility,MH Intermediate Care Facility,ICF,57,coleman_ecf7833-1_iflex_pip_beds_2023-05-11
CMF,C,HTCD1,015001L,MH Intermediate Care Facility,MH Intermediate Care Facility,ICF,57,coleman_ecf7833-1_iflex_pip_beds_2023-05-11
CMF,C,HTCD1,016001L,MH Intermediate Care Facility,MH Intermediate Care Facility,ICF,57,coleman_ecf7833-1_iflex_pip_beds_2023-05-11
SVSP,I,001A1,001001L,MH Intermediate Care Facility,MH Intermediate Care Facility,ICF,57,coleman_ecf7833-1_iflex_pip_beds_2023-05-11
SVSP,I,001A1,002001L,MH Intermediate Care Facility,MH Intermediate Care Facility,ICF,57,coleman_ecf7833-1_iflex_pip_beds_2023-05-11
SVSP,I,001A1,003001L,MH Intermediate Care Facility,MH Intermediate Care Facility,ICF,57,coleman_ecf7833-1_iflex_pip_beds_2023-05-11
SVSP,I,001A1,004001L,MH Intermediate Care Facility,MH Intermediate Care Facility,ICF,57,coleman_ecf7833-1_iflex_pip_beds_2023-05-11
SVSP,I,001A1,005001L,MH Intermediate Care Facility,MH Intermediate Care Facility,ICF,57,coleman_ecf7833-1_iflex_pip_beds_2023-05-11
SVSP,I,001A1,006001L,MH Intermediate Care Facility,MH Intermediate Care Facility,ICF,57,coleman_ecf7833-1_iflex_pip_beds_2023-05-11
SVSP,I,001A1,007001L,MH Intermediate Care Facility,MH Intermediate Care Facility,ICF,57,coleman_ecf7833-1_iflex_pip_beds_2023-05-11
SVSP,I,001A1,008001L,MH Intermediate Care Facility,MH Intermediate Care Facility,ICF,57,coleman_ecf7833-1_iflex_pip_beds_2023-05-11
SVSP,I,001A1,009001L,MH Intermediate Care Facility,MH Intermediate Care Facility,ICF,57,coleman_ecf7833-1_iflex_pip_beds_2023-05-11
SVSP,I,001A1,010001L,MH Intermediate Care Facility,MH Intermediate Care Facility,ICF,57,coleman_ecf7833-1_iflex_pip_beds_2023-05-11
SVSP,I,001A1,011001L,MH Intermediate Care Facility,MH Intermediate Care Facility,ICF,57,coleman_ecf7833-1_iflex_pip_beds_2023-05-11
SVSP,I,001A1,012001L,MH Intermediate Care Facility,MH Intermediate Care Facility,ICF,57,coleman_ecf7833-1_iflex_pip_beds_2023-05-11
SVSP,I,001B1,013001L,MH Intermediate Care Facility,MH Intermediate Care Facility,ICF,57,coleman_ecf7833-1_iflex_pip_beds_2023-05-11
SVSP,I,001B1,014001L,MH Intermediate Care Facility,MH Intermediate Care Facility,ICF,57,coleman_ecf7833-1_iflex_pip_beds_2023-05-11
SVSP,I,001B1,015001L,MH Intermediate Care Facility,MH Intermediate Care Facility,ICF,57,coleman_ecf7833-1_iflex_pip_beds_2023-05-11
SVSP,I,001B1,016001L,MH Intermediate Care Facility,MH Intermediate Care Facility,ICF,58,coleman_ecf7833-1_iflex_pip_beds_2023-05-11
SVSP,I,001B1,017001L,MH Intermediate Care Facility,MH Intermediate Care Facility,ICF,58,coleman_ecf7833-1_iflex_pip_beds_2023-05-11
SVSP,I,001B1,018001L,MH Intermediate Care Facility,MH Intermediate Care Facility,ICF,58,coleman_ecf7833-1_iflex_pip_beds_2023-05-11
SVSP,I,001B1,019001L,MH Intermediate Care Facility,MH Intermediate Care Facility,ICF,58,coleman_ecf7833-1_iflex_pip_beds_2023-05-11
SVSP,I,001B1,020001L,MH Intermediate Care Facility,MH Intermediate Care Facility,ICF,58,coleman_ecf7833-1_iflex_pip_beds_2023-05-11
SVSP,I,001B1,021001L,MH Intermediate Care Facility,MH Intermediate Care Facility,ICF,58,coleman_ecf7833-1_iflex_pip_beds_2023-05-11
SVSP,I,001B1,022001L,MH Intermediate Care Facility,MH Intermediate Care Facility,ICF,58,coleman_ecf7833-1_iflex_pip_beds_2023-05-11
SVSP,I,001C1,023001L,MH Intermediate Care Facility,MH Intermediate Care Facility,ICF,58,coleman_ecf7833-1_iflex_pip_beds_2023-05-11
SVSP,I,001C1,024001L,MH Intermediate Care Facility,MH Intermediate Care Facility,ICF,58,coleman_ecf7833-1_iflex_pip_beds_2023-05-11
SVSP,I,001C1,025001L,MH Intermediate Care Facility,MH Intermediate Care Facility,ICF,58,coleman_ecf7833-1_iflex_pip_beds_2023-05-11
SVSP,I,001C1,026001L,MH Intermediate Care Facility,MH Intermediate Care Facility,ICF,58,coleman_ecf7833-1_iflex_pip_beds_2023-05-11
SVSP,I,001C1,027001L,MH Intermediate Care Facility,MH Intermediate Care Facility,ICF,58,coleman_ecf7833-1_iflex_pip_beds_2023-05-11
SVSP,I,001C1,028001L,MH Intermediate Care Facility,MH Intermediate Care Facility,ICF,58,coleman_ecf7833-1_iflex_pip_beds_2023-05-11
SVSP,I,001C1,029001L,MH Intermediate Care Facility,MH Intermediate Care Facility,ICF,58,coleman_ecf7833-1_iflex_pip_beds_2023-05-11
SVSP,I,001C1,030001L,MH Intermediate Care Facility,MH Intermediate Care Facility,ICF,58,coleman_ecf7833-1_iflex_pip_beds_2023-05-11
SVSP,I,001C1,031001L,MH Intermediate Care Facility,MH Intermediate Care Facility,ICF,58,coleman_ecf7833-1_iflex_pip_beds_2023-05-11
SVSP,I,001C1,032001L,MH Intermediate Care Facility,MH Intermediate Care Facility,ICF,58,coleman_ecf7833-1_iflex_pip_beds_2023-05-11
SVSP,I,001D1,002001L,MH Intermediate Care Facility,MH Intermediate Care Facility,ICF,58,coleman_ecf7833-1_iflex_pip_beds_2023-05-11
SVSP,I,001D1,002002L,MH Intermediate Care Facility,MH Intermediate Care Facility,ICF,58,coleman_ecf7833-1_iflex_pip_beds_2023-05-11
SVSP,I,001D1,002003L,MH Intermediate Care Facility,MH Intermediate Care Facility,ICF,58,coleman_ecf7833-1_iflex_pip_beds_2023-05-11
SVSP,I,001D1,002004L,MH Intermediate Care Facility,MH Intermediate Care Facility,ICF,58,coleman_ecf7833-1_iflex_pip_beds_2023-05-11
SVSP,I,001D1,003001L,MH Intermediate Care Facility,MH Intermediate Care Facility,ICF,58,coleman_ecf7833-1_iflex_pip_beds_2023-05-11
SVSP,I,001D1,003002L,MH Intermediate Care Facility,MH Intermediate Care Facility,ICF,58,coleman_ecf7833-1_iflex_pip_beds_2023-05-11
SVSP,I,001D1,003003L,MH Intermediate Care Facility,MH Intermediate Care Facility,ICF,58,coleman_ecf7833-1_iflex_pip_beds_2023-05-11
SVSP,I,001D1,003004L,MH Intermediate Care Facility,MH Intermediate Care Facility,ICF,58,coleman_ecf7833-1_iflex_pip_beds_2023-05-11
SVSP,I,001D1,004001L,MH Intermediate Care Facility,MH Intermediate Care Facility,ICF,58,coleman_ecf7833-1_iflex_pip_beds_2023-05-11
SVSP,I,001D1,004002L,MH Intermediate Care Facility,MH Intermediate Care Facility,ICF,58,coleman_ecf7833-1_iflex_pip_beds_2023-05-11
SVSP,I,001D1,004003L,MH Intermediate Care Facility,MH Intermediate Care Facility,ICF,58,coleman_ecf7833-1_iflex_pip_beds_2023-05-11
SVSP,I,001D1,004004L,MH Intermediate Care Facility,MH Intermediate Care Facility,ICF,59,coleman_ecf7833-1_iflex_pip_beds_2023-05-11
SVSP,I,001D1,005001L,MH Intermediate Care Facility,MH Intermediate Care Facility,ICF,59,coleman_ecf7833-1_iflex_pip_beds_2023-05-11
SVSP,I,001D1,005002L,MH Intermediate Care Facility,MH Intermediate Care Facility,ICF,59,coleman_ecf7833-1_iflex_pip_beds_2023-05-11
SVSP,I,001D1,005003L,MH Intermediate Care Facility,MH Intermediate Care Facility,ICF,59,coleman_ecf7833-1_iflex_pip_beds_2023-05-11
SVSP,I,001D1,005004L,MH Intermediate Care Facility,MH Intermediate Care Facility,ICF,59,coleman_ecf7833-1_iflex_pip_beds_2023-05-11
SVSP,I,001D1,006001L,MH Intermediate Care Facility,MH Intermediate Care Facility,ICF,59,coleman_ecf7833-1_iflex_pip_beds_2023-05-11
SVSP,I,001D1,006002L,MH Intermediate Care Facility,MH Intermediate Care Facility,ICF,59,coleman_ecf7833-1_iflex_pip_beds_2023-05-11
SVSP,I,001D1,006003L,MH Intermediate Care Facility,MH Intermediate Care Facility,ICF,59,coleman_ecf7833-1_iflex_pip_beds_2023-05-11
SVSP,I,001D1,006004L,MH Intermediate Care Facility,MH Intermediate Care Facility,ICF,59,coleman_ecf7833-1_iflex_pip_beds_2023-05-11
SVSP,I,001D1,007001L,MH Intermediate Care Facility,MH Intermediate Care Facility,ICF,59,coleman_ecf7833-1_iflex_pip_beds_2023-05-11
SVSP,I,001D1,007002L,MH Intermediate Care Facility,MH Intermediate Care Facility,ICF,59,coleman_ecf7833-1_iflex_pip_beds_2023-05-11
SVSP,I,001D1,007003L,MH Intermediate Care Facility,MH Intermediate Care Facility,ICF,59,coleman_ecf7833-1_iflex_pip_beds_2023-05-11
SVSP,I,001D1,007004L,MH Intermediate Care Facility,MH Intermediate Care Facility,ICF,59,coleman_ecf7833-1_iflex_pip_beds_2023-05-11
SVSP,I,002A1,001001L,MH Intermediate Care Facility,MH Intermediate Care Facility,ICF,59,coleman_ecf7833-1_iflex_pip_beds_2023-05-11
SVSP,I,002A1,002001L,MH Intermediate Care Facility,MH Intermediate Care Facility,ICF,59,coleman_ecf7833-1_iflex_pip_beds_2023-05-11
SVSP,I,002A1,003001L,MH Intermediate Care Facility,MH Intermediate Care Facility,ICF,59,coleman_ecf7833-1_iflex_pip_beds_2023-05-11
SVSP,I,002A1,003002L,MH Intermediate Care Facility,MH Intermediate Care Facility,ICF,59,coleman_ecf7833-1_iflex_pip_beds_2023-05-11
SVSP,I,002A1,004001L,MH Intermediate Care Facility,MH Intermediate Care Facility,ICF,59,coleman_ecf7833-1_iflex_pip_beds_2023-05-11
SVSP,I,002A1,004002L,MH Intermediate Care Facility,MH Intermediate Care Facility,ICF,59,coleman_ecf7833-1_iflex_pip_beds_2023-05-11
SVSP,I,002A1,005001L,MH Intermediate Care Facility,MH Intermediate Care Facility,ICF,59,coleman_ecf7833-1_iflex_pip_beds_2023-05-11
SVSP,I,002A1,005002L,MH Intermediate Care Facility,MH Intermediate Care Facility,ICF,59,coleman_ecf7833-1_iflex_pip_beds_2023-05-11
SVSP,I,002A1,006001L,MH Intermediate Care Facility,MH Intermediate Care Facility,ICF,59,coleman_ecf7833-1_iflex_pip_beds_2023-05-11
SVSP,I,002A1,006002L,MH Intermediate Care Facility,MH Intermediate Care Facility,ICF,59,coleman_ecf7833-1_iflex_pip_beds_2023-05-11
SVSP,I,002A1,007001L,MH Intermediate Care Facility,MH Intermediate Care Facility,ICF,59,coleman_ecf7833-1_iflex_pip_beds_2023-05-11
SVSP,I,002A1,007002L,MH Intermediate Care Facility,MH Intermediate Care Facility,ICF,59,coleman_ecf7833-1_iflex_pip_beds_2023-05-11
SVSP,I,002A1,008001L,MH Intermediate Care Facility,MH Intermediate Care Facility,ICF,59,coleman_ecf7833-1_iflex_pip_beds_2023-05-11
SVSP,I,002A1,009001L,MH Intermediate Care Facility,MH Intermediate Care Facility,ICF,59,coleman_ecf7833-1_iflex_pip_beds_2023-05-11
SVSP,I,002A1,010001L,MH Intermediate Care Facility,MH Intermediate Care Facility,ICF,59,coleman_ecf7833-1_iflex_pip_beds_2023-05-11
SVSP,I,002A1,010002L,MH Intermediate Care Facility,MH Intermediate Care Facility,ICF,60,coleman_ecf7833-1_iflex_pip_beds_2023-05-11
SVSP,I,002A1,011001L,MH Intermediate Care Facility,MH Intermediate Care Facility,ICF,60,coleman_ecf7833-1_iflex_pip_beds_2023-05-11
SVSP,I,002A1,011002L,MH Intermediate Care Facility,MH Intermediate Care Facility,ICF,60,coleman_ecf7833-1_iflex_pip_beds_2023-05-11
SVSP,I,002A1,012001L,MH Intermediate Care Facility,MH Intermediate Care Facility,ICF,60,coleman_ecf7833-1_iflex_pip_beds_2023-05-11
SVSP,I,002A1,012002L,MH Intermediate Care Facility,MH Intermediate Care Facility,ICF,60,coleman_ecf7833-1_iflex_pip_beds_2023-05-11
SVSP,I,002A1,013001L,MH Intermediate Care Facility,MH Intermediate Care Facility,ICF,60,coleman_ecf7833-1_iflex_pip_beds_2023-05-11
SVSP,I,002A1,013002L,MH Intermediate Care Facility,MH Intermediate Care Facility,ICF,60,coleman_ecf7833-1_iflex_pip_beds_2023-05-11
SVSP,I,002A1,014001L,MH Intermediate Care Facility,MH Intermediate Care Facility,ICF,60,coleman_ecf7833-1_iflex_pip_beds_2023-05-11
SVSP,I,002A1,014002L,MH Intermediate Care Facility,MH Intermediate Care Facility,ICF,60,coleman_ecf7833-1_iflex_pip_beds_2023-05-11
SVSP,I,002A1,015001L,MH Intermediate Care Facility,MH Intermediate Care Facility,ICF,60,coleman_ecf7833-1_iflex_pip_beds_2023-05-11
SVSP,I,002A1,016001L,MH Intermediate Care Facility,MH Intermediate Care Facility,ICF,60,coleman_ecf7833-1_iflex_pip_beds_2023-05-11
SVSP,I,002B1,017001L,MH Intermediate Care Facility,MH Intermediate Care Facility,ICF,60,coleman_ecf7833-1_iflex_pip_beds_2023-05-11
SVSP,I,002B1,018001L,MH Intermediate Care Facility,MH Intermediate Care Facility,ICF,60,coleman_ecf7833-1_iflex_pip_beds_2023-05-11
SVSP,I,002B1,019001L,MH Intermediate Care Facility,MH Intermediate Care Facility,ICF,60,coleman_ecf7833-1_iflex_pip_beds_2023-05-11
SVSP,I,002B1,020001L,MH Intermediate Care Facility,MH Intermediate Care Facility,ICF,60,coleman_ecf7833-1_iflex_pip_beds_2023-05-11
SVSP,I,002B1,021001L,MH Intermediate Care Facility,MH Intermediate Care Facility,ICF,60,coleman_ecf7833-1_iflex_pip_beds_2023-05-11
SVSP,I,002B1,022001L,MH Intermediate Care Facility,MH Intermediate Care Facility,ICF,60,coleman_ecf7833-1_iflex_pip_beds_2023-05-11
SVSP,I,002B1,023001L,MH Intermediate Care Facility,MH Intermediate Care Facility,ICF,60,coleman_ecf7833-1_iflex_pip_beds_2023-05-11
SVSP,I,002B1,024001L,MH Intermediate Care Facility,MH Intermediate Care Facility,ICF,60,coleman_ecf7833-1_iflex_pip_beds_2023-05-11
SVSP,I,002B1,025001L,MH Intermediate Care Facility,MH Intermediate Care Facility,ICF,60,coleman_ecf7833-1_iflex_pip_beds_2023-05-11
SVSP,I,002B1,026001L,MH Intermediate Care Facility,MH Intermediate Care Facility,ICF,60,coleman_ecf7833-1_iflex_pip_beds_2023-05-11
SVSP,I,002B1,027001L,MH Intermediate Care Facility,MH Intermediate Care Facility,ICF,60,coleman_ecf7833-1_iflex_pip_beds_2023-05-11
SVSP,I,002B1,028001L,MH Intermediate Care Facility,MH Intermediate Care Facility,ICF,60,coleman_ecf7833-1_iflex_pip_beds_2023-05-11
SVSP,I,002B1,029001L,MH Intermediate Care Facility,MH Intermediate Care Facility,ICF,60,coleman_ecf7833-1_iflex_pip_beds_2023-05-11
SVSP,I,002B1,030001L,MH Intermediate Care Facility,MH Intermediate Care Facility,ICF,60,coleman_ecf7833-1_iflex_pip_beds_2023-05-11
SVSP,I,002B1,031001L,MH Intermediate Care Facility,MH Intermediate Care Facility,ICF,60,coleman_ecf7833-1_iflex_pip_beds_2023-05-11
SVSP,I,002B1,032001L,MH Intermediate Care Facility,MH Intermediate Care Facility,ICF,60,coleman_ecf7833-1_iflex_pip_beds_2023-05-11
SVSP,I,002C1,033001L,MH Intermediate Care Facility,MH Intermediate Care Facility,ICF,60,coleman_ecf7833-1_iflex_pip_beds_2023-05-11
SVSP,I,002C1,034001L,MH Intermediate Care Facility,MH Intermediate Care Facility,ICF,61,coleman_ecf7833-1_iflex_pip_beds_2023-05-11
SVSP,I,002C1,035001L,MH Intermediate Care Facility,MH Intermediate Care Facility,ICF,61,coleman_ecf7833-1_iflex_pip_beds_2023-05-11
SVSP,I,002C1,036001L,MH Intermediate Care Facility,MH Intermediate Care Facility,ICF,61,coleman_ecf7833-1_iflex_pip_beds_2023-05-11
SVSP,I,002C1,037001L,MH Intermediate Care Facility,MH Intermediate Care Facility,ICF,61,coleman_ecf7833-1_iflex_pip_beds_2023-05-11
SVSP,I,002C1,038001L,MH Intermediate Care Facility,MH Intermediate Care Facility,ICF,61,coleman_ecf7833-1_iflex_pip_beds_2023-05-11
SVSP,I,002C1,039001L,MH Intermediate Care Facility,MH Intermediate Care Facility,ICF,61,coleman_ecf7833-1_iflex_pip_beds_2023-05-11
SVSP,I,002C1,040001L,MH Intermediate Care Facility,MH Intermediate Care Facility,ICF,61,coleman_ecf7833-1_iflex_pip_beds_2023-05-11
SVSP,I,002C1,041001L,MH Intermediate Care Facility,MH Intermediate Care Facility,ICF,61,coleman_ecf7833-1_iflex_pip_beds_2023-05-11
SVSP,I,002C1,042001L,MH Intermediate Care Facility,MH Intermediate Care Facility,ICF,61,coleman_ecf7833-1_iflex_pip_beds_2023-05-11
SVSP,I,002C1,043001L,MH Intermediate Care Facility,MH Intermediate Care Facility,ICF,61,coleman_ecf7833-1_iflex_pip_beds_2023-05-11
SVSP,I,002C1,044001L,MH Intermediate Care Facility,MH Intermediate Care Facility,ICF,61,coleman_ecf7833-1_iflex_pip_beds_2023-05-11
SVSP,I,002C1,045001L,MH Intermediate Care Facility,MH Intermediate Care Facility,ICF,61,coleman_ecf7833-1_iflex_pip_beds_2023-05-11
SVSP,I,002C1,046001L,MH Intermediate Care Facility,MH Intermediate Care Facility,ICF,61,coleman_ecf7833-1_iflex_pip_beds_2023-05-11
SVSP,I,002C1,047001L,MH Intermediate Care Facility,MH Intermediate Care Facility,ICF,61,coleman_ecf7833-1_iflex_pip_beds_2023-05-11
SVSP,I,002C1,048001L,MH Intermediate Care Facility,MH Intermediate Care Facility,ICF,61,coleman_ecf7833-1_iflex_pip_beds_2023-05-11
SVSP,I,002D1,049001L,MH Intermediate Care Facility,MH Intermediate Care Facility,ICF,61,coleman_ecf7833-1_iflex_pip_beds_2023-05-11
SVSP,I,002D1,050001L,MH Intermediate Care Facility,MH Intermediate Care Facility,ICF,61,coleman_ecf7833-1_iflex_pip_beds_2023-05-11
SVSP,I,002D1,051001L,MH Intermediate Care Facility,MH Intermediate Care Facility,ICF,61,coleman_ecf7833-1_iflex_pip_beds_2023-05-11
SVSP,I,002D1,052001L,MH Intermediate Care Facility,MH Intermediate Care Facility,ICF,61,coleman_ecf7833-1_iflex_pip_beds_2023-05-11
SVSP,I,002D1,053001L,MH Intermediate Care Facility,MH Intermediate Care Facility,ICF,61,coleman_ecf7833-1_iflex_pip_beds_2023-05-11
SVSP,I,002D1,054001L,MH Intermediate Care Facility,MH Intermediate Care Facility,ICF,61,coleman_ecf7833-1_iflex_pip_beds_2023-05-11
SVSP,I,002D1,055001L,MH Intermediate Care Facility,MH Intermediate Care Facility,ICF,61,coleman_ecf7833-1_iflex_pip_beds_2023-05-11
SVSP,I,002D1,056001L,MH Intermediate Care Facility,MH Intermediate Care Facility,ICF,61,coleman_ecf7833-1_iflex_pip_beds_2023-05-11
SVSP,I,002D1,057001L,MH Intermediate Care Facility,MH Intermediate Care Facility,ICF,61,coleman_ecf7833-1_iflex_pip_beds_2023-05-11
SVSP,I,002D1,058001L,MH Intermediate Care Facility,MH Intermediate Care Facility,ICF,61,coleman_ecf7833-1_iflex_pip_beds_2023-05-11
SVSP,I,002D1,059001L,MH Intermediate Care Facility,MH Intermediate Care Facility,ICF,61,coleman_ecf7833-1_iflex_pip_beds_2023-05-11
SVSP,I,002D1,060001L,MH Intermediate Care Facility,MH Intermediate Care Facility,ICF,61,coleman_ecf7833-1_iflex_pip_beds_2023-05-11
SVSP,I,002D1,061001L,MH Intermediate Care Facility,MH Intermediate Care Facility,ICF,61,coleman_ecf7833-1_iflex_pip_beds_2023-05-11
SVSP,I,002D1,062001L,MH Intermediate Care Facility,MH Intermediate Care Facility,ICF,62,coleman_ecf7833-1_iflex_pip_beds_2023-05-11
SVSP,I,002D1,063001L,MH Intermediate Care Facility,MH Intermediate Care Facility,ICF,62,coleman_ecf7833-1_iflex_pip_beds_2023-05-11
SVSP,I,002D1,064001L,MH Intermediate Care Facility,MH Intermediate Care Facility,ICF,62,coleman_ecf7833-1_iflex_pip_beds_2023-05-11
CIW,S,PIPA1,101001L,Psychiatric Inpatient Program,Psychiatric Inpatient Program,PIP,62,coleman_ecf7833-1_iflex_pip_beds_2023-05-11
CIW,S,PIPA1,102001L,Psychiatric Inpatient Program,Psychiatric Inpatient Program,PIP,62,coleman_ecf7833-1_iflex_pip_beds_2023-05-11
CIW,S,PIPA1,103001L,Psychiatric Inpatient Program,Psychiatric Inpatient Program,PIP,62,coleman_ecf7833-1_iflex_pip_beds_2023-05-11
CIW,S,PIPA1,104001L,Psychiatric Inpatient Program,Psychiatric Inpatient Program,PIP,62,coleman_ecf7833-1_iflex_pip_beds_2023-05-11
CIW,S,PIPA1,105001L,Psychiatric Inpatient Program,Psychiatric Inpatient Program,PIP,62,coleman_ecf7833-1_iflex_pip_beds_2023-05-11
CIW,S,PIPA1,106001L,Psychiatric Inpatient Program,Psychiatric Inpatient Program,PIP,62,coleman_ecf7833-1_iflex_pip_beds_2023-05-11
CIW,S,PIPA1,107001L,Psychiatric Inpatient Program,Psychiatric Inpatient Program,PIP,62,coleman_ecf7833-1_iflex_pip_beds_2023-05-11
CIW,S,PIPA1,108001L,Psychiatric Inpatient Program,Psychiatric Inpatient Program,PIP,62,coleman_ecf7833-1_iflex_pip_beds_2023-05-11
CIW,S,PIPA1,109001L,Psychiatric Inpatient Program,Psychiatric Inpatient Program,PIP,62,coleman_ecf7833-1_iflex_pip_beds_2023-05-11
CIW,S,PIPA1,110001L,Psychiatric Inpatient Program,Psychiatric Inpatient Program,PIP,62,coleman_ecf7833-1_iflex_pip_beds_2023-05-11
CIW,S,PIPA1,111001L,Psychiatric Inpatient Program,Psychiatric Inpatient Program,PIP,62,coleman_ecf7833-1_iflex_pip_beds_2023-05-11
CIW,S,PIPA1,112001L,Psychiatric Inpatient Program,Psychiatric Inpatient Program,PIP,62,coleman_ecf7833-1_iflex_pip_beds_2023-05-11
CIW,S,PIPA1,113001L,Psychiatric Inpatient Program,Psychiatric Inpatient Program,PIP,62,coleman_ecf7833-1_iflex_pip_beds_2023-05-11
CIW,S,PIPA1,114001L,Psychiatric Inpatient Program,Psychiatric Inpatient Program,PIP,62,coleman_ecf7833-1_iflex_pip_beds_2023-05-11
CIW,S,PIPA1,115001L,Psychiatric Inpatient Program,Psychiatric Inpatient Program,PIP,62,coleman_ecf7833-1_iflex_pip_beds_2023-05-11
CIW,S,PIPA1,116001L,Psychiatric Inpatient Program,Psychiatric Inpatient Program,PIP,62,coleman_ecf7833-1_iflex_pip_beds_2023-05-11
CIW,S,PIPA1,117001L,Psychiatric Inpatient Program,Psychiatric Inpatient Program,PIP,62,coleman_ecf7833-1_iflex_pip_beds_2023-05-11
CIW,S,PIPA1,118001L,Psychiatric Inpatient Program,Psychiatric Inpatient Program,PIP,62,coleman_ecf7833-1_iflex_pip_beds_2023-05-11
CIW,S,PIPA1,119001L,Psychiatric Inpatient Program,Psychiatric Inpatient Program,PIP,62,coleman_ecf7833-1_iflex_pip_beds_2023-05-11
CIW,S,PIPA1,120001L,Psychiatric Inpatient Program,Psychiatric Inpatient Program,PIP,62,coleman_ecf7833-1_iflex_pip_beds_2023-05-11
CIW,S,PIPA1,121001L,Psychiatric Inpatient Program,Psychiatric Inpatient Program,PIP,62,coleman_ecf7833-1_iflex_pip_beds_2023-05-11
CIW,S,PIPB1,122001L,Psychiatric Inpatient Program,Psychiatric Inpatient Program,PIP,62,coleman_ecf7833-1_iflex_pip_beds_2023-05-11
CIW,S,PIPB1,123001L,Psychiatric Inpatient Program,Psychiatric Inpatient Program,PIP,62,coleman_ecf7833-1_iflex_pip_beds_2023-05-11
CIW,S,PIPB1,124001L,Psychiatric Inpatient Program,Psychiatric Inpatient Program,PIP,62,coleman_ecf7833-1_iflex_pip_beds_2023-05-11
CIW,S,PIPB1,125001L,Psychiatric Inpatient Program,Psychiatric Inpatient Program,PIP,62,coleman_ecf7833-1_iflex_pip_beds_2023-05-11
CIW,S,PIPB1,126001L,Psychiatric Inpatient Program,Psychiatric Inpatient Program,PIP,63,coleman_ecf7833-1_iflex_pip_beds_2023-05-11
CIW,S,PIPB1,127001L,Psychiatric Inpatient Program,Psychiatric Inpatient Program,PIP,63,coleman_ecf7833-1_iflex_pip_beds_2023-05-11
CIW,S,PIPB1,128001L,Psychiatric Inpatient Program,Psychiatric Inpatient Program,PIP,63,coleman_ecf7833-1_iflex_pip_beds_2023-05-11
CIW,S,PIPB1,129001L,Psychiatric Inpatient Program,Psychiatric Inpatient Program,PIP,63,coleman_ecf7833-1_iflex_pip_beds_2023-05-11
CIW,S,PIPB1,130001L,Psychiatric Inpatient Program,Psychiatric Inpatient Program,PIP,63,coleman_ecf7833-1_iflex_pip_beds_2023-05-11
CIW,S,PIPB1,131001L,Psychiatric Inpatient Program,Psychiatric Inpatient Program,PIP,63,coleman_ecf7833-1_iflex_pip_beds_2023-05-11
CIW,S,PIPB1,132001L,Psychiatric Inpatient Program,Psychiatric Inpatient Program,PIP,63,coleman_ecf7833-1_iflex_pip_beds_2023-05-11
CIW,S,PIPB1,133001L,Psychiatric Inpatient Program,Psychiatric Inpatient Program,PIP,63,coleman_ecf7833-1_iflex_pip_beds_2023-05-11
CIW,S,PIPB1,134001L,Psychiatric Inpatient Program,Psychiatric Inpatient Program,PIP,63,coleman_ecf7833-1_iflex_pip_beds_2023-05-11
CIW,S,PIPB1,135001L,Psychiatric Inpatient Program,Psychiatric Inpatient Program,PIP,63,coleman_ecf7833-1_iflex_pip_beds_2023-05-11
CIW,S,PIPB1,136001L,Psychiatric Inpatient Program,Psychiatric Inpatient Program,PIP,63,coleman_ecf7833-1_iflex_pip_beds_2023-05-11
CIW,S,PIPB1,137001L,Psychiatric Inpatient Program,Psychiatric Inpatient Program,PIP,63,coleman_ecf7833-1_iflex_pip_beds_2023-05-11
CIW,S,PIPB1,138001L,Psychiatric Inpatient Program,Psychiatric Inpatient Program,PIP,63,coleman_ecf7833-1_iflex_pip_beds_2023-05-11
CIW,S,PIPB1,139001L,Psychiatric Inpatient Program,Psychiatric Inpatient Program,PIP,63,coleman_ecf7833-1_iflex_pip_beds_2023-05-11
CIW,S,PIPB1,140001L,Psychiatric Inpatient Program,Psychiatric Inpatient Program,PIP,63,coleman_ecf7833-1_iflex_pip_beds_2023-05-11
CIW,S,PIPB1,141001L,Psychiatric Inpatient Program,Psychiatric Inpatient Program,PIP,63,coleman_ecf7833-1_iflex_pip_beds_2023-05-11
CIW,S,PIPB1,142001L,Psychiatric Inpatient Program,Psychiatric Inpatient Program,PIP,63,coleman_ecf7833-1_iflex_pip_beds_2023-05-11
CIW,S,PIPB1,143001L,Psychiatric Inpatient Program,Psychiatric Inpatient Program,PIP,63,coleman_ecf7833-1_iflex_pip_beds_2023-05-11
CIW,S,PIPB1,144001L,Psychiatric Inpatient Program,Psychiatric Inpatient Program,PIP,63,coleman_ecf7833-1_iflex_pip_beds_2023-05-11
CIW,S,PIPB1,145001L,Psychiatric Inpatient Program,Psychiatric Inpatient Program,PIP,63,coleman_ecf7833-1_iflex_pip_beds_2023-05-11
