mpar_year,institution,project_id,title,type,status,phase,phase_start,phase_end,pct_complete,fund_sources,completed,total_approved_funding,total_proposed_funding,total_estimated_cost,anticipated_duration_yrs,category,scope,justification
2022,MULTIPLE,P-1213-00196,Statewide Medication Distribution Improvements,MA,active,Construction,8/2014,3/2024,95,AB900GF,,48966000,,,,,"Existing medication distribution facilities do not allow for safe, efficient and effective distribution of medications and do not allow for compliance with federal and state infection control standards. Physical plant modifications are necessary to allow CDCR to provide appropriately sized space with proper infrastructure for secure distribution, infection control, environmentally controlled and secure medication storage. This statewide project includes the design and construction of improved medication distribution facilities at 22 adult prisons; work has been completed at 19 adult prisons.",
2022,ASP,P-0809-01830,Hydronic Loop Pipe Replacement,DM,active,Construction,9/2017,1/2024,82,GF-S,,17003000,,,,,Multi-phase project to replace the underground loop with a new replacement loop above ground.,
2022,ASP,P-1920-00064,"Cogeneration Turbine Repairs, Control System Restoration & Electrical Repair (ESCO)",SRP,complete,,,,,,7/2022,205000,,,,,Upgrade the turbine control panels. Remove the existing control wiring and run new wiring through the conduit runs.,
2022,ASP,P-2122-00053,Cogeneration Turbine Engine #1 Overhaul,SRP,complete,,,,,,8/2022,461000,,,,,Perform a major engine overhaul to restore the mechanical integrity and performance to the same levels as a newly purchased engine.,
2022,ASP,P-1819-00122,Upgrade Fire Suppression Exhaust Hood Systems (UL 300 Compliance),SRP,proposed,,,,,,,,3234000,,,,Upgrade fire suppression exhaust hood systems to Underwriters Laboratories 300 compliance.,
2022,ASP,P-1617-00390,"Replace Two Air Handling Units & Repair Metal Roofing - Laundry, Building 695",DM,proposed,,,,,,,,650000,,,,"Replace two inoperable air handling units, located in the Laundry building, with two new ones.",
2022,ASP,P-2122-00129,Replace Roofs Multiple Buildings,DM,future_5_10yr,,,,,,,,,38429000,5,Staff and Population Safety,Replace roofs at various buildings.,The roofs are in poor condition and beyond their useful life. Roof replacements are necessary due to the deteriorated conditions of existing roofs that severely impact housing conditions and incarcerated individuals’ access to services and rehabilitation programs.
2022,CAL,P-1617-00111,Health Care Facility Improvement Project - Phase II,MA,active,Construction,9/2017,2/2023,88,GF-C,,23806000,,,,,"This project is part of the CDCR Health Care Facility Improvement Program, which is required to remedy the deficiencies in its existing health care components, and will assist in providing constitutionally compliant and efficiently provided medical care to its patients in two phases. This request is for Phase II construction for renovations and additions to the Primary Care Clinics in Facilities A, B, C, and D and for a new ASU Primary Care Clinic. These Primary Care Clinic renovations and additions at Facilities A, B, C, and D will provide primary health care consultation and treatment consistent with the delivery of a basic level of care.",
2022,CAL,P-2021-00194,Energy Efficiency Project - Lighting and Controls,SRP,active,Construction,7/2022,6/2024,5,GF-S,,6130000,,,,,Retrofit interior and exterior lighting and controls institution wide.,
2022,CAL,P-2021-00211,Lethal Electrified Fence Repair and Upgrade,SRP,active,Construction,10/2022,6/2025,10,GF-S,,1532000,,,,,"Repair, replace and /or upgrade components installed in the electrified fence system. This includes system components that have reached the end of their useful life such as the graphic annunciator panels, programmable logic controllers, electrical monitoring devices and interlock panels.",
2022,CAL,P-1718-00222,Replace Roofs Multiple Buildings,DM,active,Construction,10/2021,TBD,5,GF-S,,25068000,,,,,Various roof replacements at Calipatria State Prison.,
2022,CAL,P-1415-00088,Health Care Facility Improvement Program - Phase I,MA,complete,,,,,,8/2022,10803000,,,,,"This project is part of the CDCR Health Care Facility Improvement Program, which is required to remedy the deficiencies in its existing health care components, and will assist in providing constitutionally compliant and efficiently provided medical care to its patients in two phases. This request is for Phase I which includes renovations to Central Health Services and renovations to Health Care Administration.",
2022,CAL,P-2122-00130,Replace Chillers and Chiller Condensate Pipes,DM,future_5yr,,,,,,,,,15000000,4,Staff and Population Safety,"Remove existing non-operational chillers and install variable frequency drive chillers, automated controls, and other associated components for operation of the chiller and condensing towers meeting all code requirements.","The chiller plant contains four chillers providing 4,000 tons of cooling to nearly 250 air handling units. These chillers provide all of the cooling for the institution including incarcerated population housing, kitchens and dining halls, medical clinics, education classrooms, program offices and administrative offices. These chillers have suffered catastrophic failure and must be replaced. CAL is currently operating on rental chillers to maintain indoor building temperatures in the hot desert climate."
2022,CAL,P-2122-00131,HVAC Controls Upgrade,DM,future_5_10yr,,,,,,,,,15000000,4,Staff and Population Safety,"Remove the existing non-operational Heating, Ventilation and Air Conditioning (HVAC) Energy Management System (EMS) throughout the institution. Replace with new local control panels, updated actuators and associated components for each HVAC unit networked to the Chiller Plant. Replace the economizer, chilled water valves, and control system for all housing units. Install variable frequency drives on fans to control temperatures and airflows. Install central control software to manage and monitor the overall system controls and receive communication signals from the HVAC equipment at the buildings.","The HVAC EMS controls the operation of the HVAC units through set points in heating and cooling modes. Currently, the EMS has become obsolete and replacement components cannot be purchased. This results in each HVAC unit being operated in manual mode. The lack of a working EMS prevents the ability to control temperatures within the buildings and impacts programming and facility operations."
2022,CCI,P-1314-00138,Health Care Facility Improvement Program,MA,active,Construction,8/2015,5/2023,95,AB900LR;GF/AB900LR,,56587000,,,,,"This project includes a new Facility E Primary Care Clinic, Pharmacy, and Lab; Facility A Primary Care Clinic renovations; Facility B Primary Care and Speciality Clinic renovation; Facility C Primary Care Clinic renovation and addition; and the construction of a new standalone Facility D Primary Care Clinic.",
2022,CCI,P-2021-00212,Lethal Electrified Fence Repair and Upgrade,SRP,active,Construction,10/2022,6/2025,10,GF-S,,2327000,,,,,"Repair, replace and /or upgrade components installed in the electrified fence system. This includes system components that have reached the end of their useful life such as the graphic annunciator panels, programmable logic controllers, electrical monitoring devices and interlock panels.",
2022,CCI,P-1314-00226,Replace UL-300 Fire Suppression System - Kitchens and Employee Snack Bar,DM,active,Construction,1/2023,10/2023,0,GF-S,,3911000,,,,,Install new code compliant kitchen fume hoods with fire suppression systems.,
2022,CCI,P-1415-00110,"Replace Roof - Facility A, Building 47, Vocation",DM,active,Construction,4/2022,TBD,0,GF-S,,1500000,,,,,Full roof renewal. Roof is beyond useful life and can no longer be repaired incrementally.,
2022,CCI,P-1415-00114,"Replace Roof - Facility B, Building 57, Vocation",DM,active,Construction,4/2022,TBD,0,GF-S,,1500000,,,,,Full roof renewal. Roof is beyond useful life and can no longer be repaired incrementally.,
2022,CCI,P-1516-00267,Master Antenna Television Replacement - Sitewide,DM,active,Construction,10/2022,TBD,5,GF-S,,770000,,,,,Replace existing incarcerated individual television distribution system institution wide.,
2022,CCI,P-1718-00050,"Repair Fire Alarm System - Facility A, B, C",DM,active,Construction,8/2020,6/2023,50,GF-S,,1523000,,,,,Replace all damaged and obsolete fire alarm control panels with new panels to make the system operational.,
2022,CCI,P-1617-00160,Solar Photovoltaic Array,E,active,Construction,4/2021,3/2023,80,SF,,0,,,,,4 megawatt ground mount system utilizing a Solar Power Purchase Agreement and Site License Agreement.,
2022,CCI,P-2021-00259,Energy Efficiency Project,E,active,Construction,8/2022,7/2024,25,GF-S,,9371000,,,,,"Retrofit interior and exterior lighting, heat recovery and air handling units institution wide.",
2022,CCI,P-1112-00212,Kitchen Oven Exhaust Hood Systems Unit II Culinary,SRP,proposed,,,,,,,,218000,,,,Install new kitchen exhaust hood and hood fire suppression to comply with code requirements.,
2022,CCI,P-2122-00096,Central Kitchen Renovation,MA,future_5yr,,,,,,,,,78174000,5,Critical Infrastructure,Renovate the central kitchen.,"The central kitchen and equipment is 58 years old, in poor condition and is inadequate for CCI's current needs. The plumbing and fixtures are also aged and require frequent maintenance and repairs for leaks due to corrosion and wear. The ventilation system is original to the building and the evaporative cooling units are at the end of their life expectancy."
2022,CCI,P-2122-00132,Repair of Laundry/Food Service Building (C21),DM,future_5_10yr,,,,,,,,,15000000,4,Staff and Population Safety,Replace roof and perform structural repairs for the building.,"The Laundry/Food Service building has deficiencies including roofs, building structures, and finishes. The roof has water intrusion that has caused damage to the interior ceilings and walls. Additionally, the structural supports in the utility tunnel are failing and there is buckling of the flooring."
2022,CCWF,P-1213-00222,Health Care Facility Improvement Program,MA,active,Construction,4/2015,8/2024,55,AB900LR;GF/AB900LR,,50986000,,,,,"This project includes the construction of a Reception Center Health Care Processing addition, Facility A Primary Care Clinic renovation, Facility B, C, and D Primary Care Clinic renovations and additions, a New Pharmacy, and Central Health Services renovations.",
2022,CCWF,P-1213-00238,Statewide Medication Distribution Improvements,MA,active,Construction,5/2015,2/2023,92,AB900GF,,0,,,,,"Existing medication distribution facilities do not allow for safe, efficient and effective distribution of medications and do not allow for compliance with federal and State infection control standards. Physical plant modifications are necessary to allow CDCR to provide appropriately sized space with proper infrastructure for secure distribution, infection control, environmentally controlled and secure medication storage. This statewide project includes the design and construction of improved medication distribution facilities at 22 adult prisons. Refer to Statewide Project for project funding.",
2022,CCWF,P-1718-00118,Statewide Medication Distribution Improvements - Phase II,MA,active,Construction,1/2022,5/2023,8,GF-C,,1034000,,,,,Design and construction of a Medication Preparation Room in Building 504 to provide the appropriate space with the proper infrastructure for secure medication preparation for Administrative Segregation Unit incarcerated individuals.,
2022,CCWF,P-1314-00406,Replace Water Distribution Main Pipe,SRP,active,Construction,4/2015,12/2022,93,GF-S,,2758000,,,,,Repairs to main water line required for domestic water production. Work in 2 phases. Phase 1 and 2 included in this project.,
2022,CCWF,P-1516-00289,Americans With Disabilities Act Modifications,SRP,active,Construction,6/2017,5/2024,69,GF-S,,6507000,,,,,"Modify cells, program spaces and associated path-of-travel elements for disability placement program incarcerated individuals.",
2022,CCWF,P-1718-00014,Short Term Restricted Housing Room Renovation Building 504,SRP,active,Construction,12/2020,12/2023,5,GF-S,,388000,,,,,Renovate existing treatment space for Short-Term Restricted Housing.,
2022,CCWF,P-1718-00391,Wastewater Treatment Plant Bar Screen & Compactor Replacement for CCWF & VSP Headworks,SRP,active,Construction,4/2022,4/2023,5,GF-C,,742000,,,,,"The project consists of the removal, disposal and replacement in kind of existing bar screens and compactors at the wastewater treatment plant headworks.",
2022,CCWF,P-1213-00007,"Replace Roof and Mechanical Systems - Building 805, Central Health Services Building",DM,active,Construction,10/2020,12/2023,5,GF-S,,4981000,,,,,Replace failing roof and mechanical systems on Central Health Services Building 805.,
2022,CCWF,P-1819-00098,Replace Roofs Multiple Buildings,DM,active,Construction,7/2021,TBD,5,GF-S,,23148000,,,,,Various roof replacements at Central California Women's Facility.,
2022,CCWF,P-1718-00216,Mental Health Crisis Beds Modifications - Correctional Treatment Center,SRP,complete,,,,,,9/2022,857000,,,,,Provide suicide resistant modifications for existing crisis beds.,
2022,CCWF,P-0809-01823,Repair Housing Unit Showers (14 buildings),SRP,proposed,,,,,,,,4660000,,,,Replace existing housing unit deteriorated shower door frames with new frames.,
2022,CCWF,P-2021-00189,Energy Efficiency Project,E,proposed,,,,,,,,3815000,,,,Retrofit lighting and replace water heaters institution wide.,
2022,CEN,P-1617-00105,Substance Abuse Treatment Program Space,MI,active,All Phases,TBD,TBD,0,GF-C,,617000,,,,,Remodel existing Vocational Building 524B to provide the necessary confidential and group space needed for the Substance Abuse Treatment Program. Scope includes construction of four individual workspaces to conduct confidential incarcerated individual therapy/one-on-one counseling sessions.,
2022,CEN,P-2021-00193,Energy Efficiency Project - Lighting and Controls,SRP,active,Construction,7/2022,6/2024,5,GF-S,,9336000,,,,,Retrofit interior and exterior lighting and controls institution wide.,
2022,CEN,P-2021-00213,Lethal Electrified Fence Repair and Upgrade,SRP,active,Construction,10/2022,6/2025,10,GF-S,,1441000,,,,,"Repair, replace and /or upgrade components installed in the electrified fence system. This includes system components that have reached the end of their useful life such as the graphic annunciator panels, programmable logic controllers, electrical monitoring devices and interlock panels.",
2022,CEN,P-2223-00018,Urgent Chiller Overhaul - Chiller 1 & 3,DM,active,Construction,10/2022,TBD,5,GF-S,,270000,,,,,Perform overhaul on Trane chillers per maintenance standard.,
2022,CEN,P-1718-00258,Repair Path of Travel Asphalt - Facility D,DM,complete,,,,,,5/2022,142000,,,,,Repair and resurface the asphalt track at Facility D.,
2022,CEN,P-1617-00569,"Repair Exterior Yard Doors - A, B, C, and D Yards",SRP,proposed,,,,,,,,134000,,,,"Rebuild existing yard doors including tracks, welded motor brackets and drop bars at A, B, C, and D yards.",
2022,CEN,P-2122-00133,Replace Roofs Multiple Buildings,DM,future_5yr,,,,,,,,,46231000,5,Staff and Population Safety,Replace roofs at various buildings.,The roofs are in poor condition and beyond their useful life. Roof replacements are necessary due to the deteriorated conditions of existing roofs that severely impact housing conditions and incarcerated individuals’ access to services and rehabilitation programs.
2022,CHCF,P-1718-00119,Statewide Medication Distribution Improvements - Phase II,MA,active,Construction,1/2022,8/2024,10,GF-C,,6495000,,,,,"Design and construction of a Medication Distribution Room in each of the five Enhanced Outpatient Housing Units in Facility E to provide the appropriate space with the proper infrastructure for secure medication distribution, infection control, environmental control, and secure medication storage.",
2022,CHCF,P-2021-00311,Facility B Individual Exercise Yards,MA,active,Construction,9/2022,12/2023,5,GF-C,,2683000,,,,,Design and construct 10 individual exercise yards on Facility B.,
2022,CHCF,P-1920-00107,Facility E Dayroom Restroom Housing Unit 301B,MI,active,All Phases,7/2021,5/2023,5,GF-C,,303000,,,,,Design and construct a toilet and sink inside Facility E housing unit 301B dayroom at the California Health Care Facility to provide restroom access for programming Enhanced Outpatient Program patients with accessibility requirements and chronic medical needs.,
2022,CHCF,P-1920-00108,Facility E Dayroom Restroom Housing Unit 301C,MI,active,All Phases,7/2021,5/2023,5,GF-C,,303000,,,,,Design and construct a toilet and sink inside Facility E housing unit 301C dayroom at the California Health Care Facility to provide restroom access for programming Enhanced Outpatient Program patients with accessibility requirements and chronic medical needs.,
2022,CHCF,P-1920-00109,Facility E Dayroom Restroom Housing Unit 301D,MI,active,All Phases,7/2021,5/2023,5,GF-C,,303000,,,,,Design and construct a toilet and sink inside Facility E housing unit 301D dayroom at the California Health Care Facility to provide restroom access for programming Enhanced Outpatient Program patients with accessibility requirements and chronic medical needs.,
2022,CHCF,P-1920-00110,Facility E Dayroom Restroom Housing Unit 301E,MI,active,All Phases,7/2021,5/2023,5,GF-C,,303000,,,,,Design and construct a toilet and sink inside Facility E housing unit 301E dayroom at the California Health Care Facility to provide restroom access for programming Enhanced Outpatient Program patients with accessibility requirements and chronic medical needs.,
2022,CHCF,P-1920-00111,Facility E Dayroom Restroom Housing Unit 301F,MI,active,All Phases,7/2021,5/2023,5,GF-C,,303000,,,,,Design and construct a toilet and sink inside Facility E housing unit 301F dayroom at the California Health Care Facility to provide restroom access for programming Enhanced Outpatient Program patients with accessibility requirements and chronic medical needs.,
2022,CHCF,P-1718-00060,Energy Efficiency Project - Submetering Project for LEED Existing Building Certification,E,complete,,,,,,1/2022,113000,,,,,"Submetering project for existing building certification at Building 201, Facility Shared Services Building.",
2022,CHCF,P-2021-00040,Hot Water Loop Modifications - Return all Water to Water Heater,SRP,proposed,,,,,,,,404000,,,,Make modification to the Hot Water Loop at CHCF to allow full circulation and maximum hot water return.,
2022,CIM,P-1617-00113,50-Bed Mental Health Crisis Facility,MA,active,Construction,12/2022,3/2025,0,GF-C;LR,,128028000,,,,,"Design and construct a 50 bed mental health crisis beds building that will provide housing, treatment, and office space to allow for patients in a mental health crisis state to be treated.",
2022,CIM,P-1718-00132,Air Cooling Facility A,MA,active,Construction,11/2022,12/2024,0,GF-C,,20326000,,,,,This project includes installation of new air cooling with heating systems at Facility A.,
2022,CIM,P-2122-00122,Americans With Disabilities Act Modifications,SRP,active,Construction,6/2022,9/2024,10,GF-S,,8032000,,,,,"Modify cells, program spaces, and associated path-of-travel elements for disability placement program incarcerated individuals.",
2022,CIM,P-2122-00117,Replace Roofs Multiple Buildings,DM,active,Construction,7/2022,TBD,0,GF-S,,48952000,,,,,Various roof replacements at the California Institution for Men.,
2022,CIM,P-2122-00154,Water Treatment/Storage Repairs,DM,active,Construction,6/2022,TBD,5,GF-S,,700000,,,,,Replace the softening and nitrate treatment system; brine disposal pipeline; and repair the elevated water storage tank.,
2022,CIM,P-1718-00413,Renovation and Repairs - Building 377,SRP,complete,,,,,,3/2022,753000,,,,,"Renovate and repair Medical and Dental, Building 377.",
2022,CIM,P-1920-00182,Electrical Renovations - Facility C,DM,proposed,,,,,,,,857000,,,,Install new transformer and new cables to utilize permanent power instead of a generator.,
2022,CIM,P-2021-00191,Energy Efficiency Project,E,proposed,,,,,,,,11065000,,,,Retrofit interior and exterior lighting and heat exchanger. Upgrade air handling units motor controls.,
2022,CIM,P-2122-00103,Air Cooling Facilities B and C,MA,future_5yr,,,,,,,,,50000000,5,Staff and Population Safety,Design and install cooling systems for the Housing Units in Facilities B and C.,"The housing units in Facilities B and C were constructed between 1940 and 1974 and were not designed with air cooling or air conditioning systems. Due to the lack of air cooling, temperatures can often exceed 90°F, causing activation of heat plans and limiting incarcerated population programming."
2022,CIM,P-2122-00104,Backup Power,MA,future_5yr,,,,,,,,,55000000,5,Critical Infrastructure,Design and install a backup generator power system for the institution's standby power needs.,"CIM has very limited backup power capabilities. Without a standby power backup system to provide power during utility outages, essential infrastructure will not operate. This includes mechanical ventilation and heating systems, pumping systems, lighting, refrigerated and frozen food storage units, and electric cell door operators. Additionally, the Water Treatment Plant will not be able to operate."
2022,CIM,P-2122-00126,New Potable Water Wells,MA,future_5yr,,,,,,,,,25439000,5,Critical Infrastructure,Design and construct two new groundwater wells to supply adequate amounts of potable water for incarcerated individuals and staff at CIM and CIW.,"Currently, CIM has only 3 operational wells. Four wells are non-operational due to issues with pumps, sand intrusion, and water table capacity and recovery. The operational wells are currently operating 14 to 16 hours per day to keep up with the demand, with no back-up wells to provide support if a well were to fail. These wells are also providing water to CIW and Prado Fire Camp."
2022,CIM,P-2122-00121,Repair of Cypress and Magnolia Storm Water Channels,SRP,future_5yr,,,,,,,,,15000000,4,Regulatory Compliance,Repair of storm water drainage channels crossing the CIM property.,The Cypress and Magnolia storm water drainage channels are heavily deteriorated and in need of repairs. The volume of water running through the channels is causing serious erosion.
2022,CIM,P-2122-00112,Facility C East Culinary Renovation,MA,future_5_10yr,,,,,,,,,10000000,5,Critical Infrastructure,"Renovate Facility C East Culinary Building and replace cooking, refrigeration, and freezer equipment.",The flooring and ceilings throughout the building are deteriorated and require repair. The existing ventilation system is aged and consistently requires maintenance and repairs. The electrical components/systems and food processing equipment are showing signs of age.
2022,CIW,P-1718-00120,Statewide Medication Distribution Improvements - Phase II,MA,active,Construction,8/2022,4/2023,5,GF-C,,1604000,,,,,Design and construction of a Medication Preparation Room in the Administrative Segregation Housing Unit to provide the appropriate space with the proper infrastructure for secure medication preparation.,
2022,CIW,P-2122-00123,Americans With Disabilities Act Modifications,SRP,active,Construction,5/2022,10/2024,10,GF-S,,4227000,,,,,"Modify cells, program spaces, and associated path-of-travel elements for disability placement program incarcerated individuals.",
2022,CIW,P-2223-00032,"Replace Door Control Panel, Segregated Program Housing Units",SRP,active,Construction,10/2022,6/2023,5,GF-S,,463000,,,,,Replace the main control panel with an upgraded user interface designed specifically for detention facility applications.,
2022,CIW,P-1516-00016,Central Boiler Replacement - Point of Use Heating/Domestic Hot Water,DM,active,Complete,7/2018,3/2023,70,GF-S,,12187000,,,,,Convert boiler to point of use system.,
2022,CIW,P-2122-00098,Central Kitchen Remodel,MA,future_5yr,,,,,,,,,10000000,5,Critical Infrastructure,"Design and renovate the main culinary with new refrigeration and freezer equipment, food preparation, cooking, serving and wash stations.","The Central Kitchen building and its original systems date back to 1966. Due to the unavailability of replacement parts, much of the steam powered equipment is inoperative, including the hot wells, kettles, steamers, and dish washers. The kitchen drainage system clogs regularly resulting in frequent failures. The refrigeration/freezer systems have damaged/failing doors, buckling floor areas, and aged/worn electrical connections. Additionally, the plumbing and electrical systems are continual points of failure."
2022,CMC,P-1011-00346,Central Kitchen Replacement-West,MA,active,Construction,6/2016,8/2023,87,GF-C;GFLR;LR,,36136000,,,,,"This project includes the demolition of the existing kitchen and dining areas and construction of a new 9,600 square foot kitchen with space for storage and preparation. Also being constructed are two 4,500 square foot satellite dining rooms.",
2022,CMC,P-1213-00224,Health Care Facility Improvement Program,MA,active,Construction,3/2015,8/2024,94,AB900LR;GF/AB900LR,,90979000,,,,,"Construction of a new Primary Care Clinic at the West Facility, a new Primary Care Clinic and the Health Care Administration building at the East Facility, a new Pharmacy and Laboratory building, and a new Administrative Segregation Unit Primary Care Clinic and Administrative Segregation Unit - Enhanced Outpatient Program Mental Health Clinic at the East Facility. Renovations will be performed at the West Facility Health Records and Specialty Clinic, the East Facility Receiving and Release exam room, the East Facility Central Health Services, East Facility Medication Distribution room, and utility improvements.",
2022,CMC,P-1718-00261,"Repair Cell Electrical and Cable TV Building 4, Administrative Segregation Unit",SRP,active,Design Phases,10/2022,TBD,5,GF-S,,150000,,,,,Repair existing electrical and cable television outlet locations by fixing the wiring.,
2022,CMC,P-1819-00197,Install Wireless Alarm Monitoring System - Auger/Grinder (East/West Facility),SRP,active,Construction,10/2022,TBD,5,GF-S,,150000,,,,,Install wireless alarm monitoring systems at East and West Facilities.,
2022,CMC,P-1617-00149,Solar Photovoltaic Array,E,active,Construction,2/2021,1/2023,90,SF,,0,,,,,2 megawatt ground mount system utilizing a Solar Power Purchase Agreement and a Site License Agreement.,
2022,CMC,P-1415-00742,Water Plant Backwash Upgrade,SRP,complete,,,,,,10/2022,4036000,,,,,Upgrade the Water Treatment Plant to be in regulatory compliance.,
2022,CMC,P-1718-00253,"Convert Cells to GP - East Facility, Building 7, Lower Tier Modifications",SRP,proposed,,,,,,,,1300000,,,,Convert temporary Mental Health Crisis Beds back to General Population cells.,
2022,CMC,P-1819-00126,Upgrade Fire Suppression Exhaust Hood Systems (UL 300 Compliance),DM,proposed,,,,,,,,3700000,,,,Upgrade fire suppression exhaust hood systems to Underwriters Laboratories 300 compliance.,
2022,CMC,P-1819-00029,Solar Photovoltaic Array,E,proposed,,,,,,,,0,,,,"Install Solar Photovoltaic Array, Phase 12, 2 megawatt parking canopy system utilizing a Solar Power Purchase Agreement and Site License Agreement.",
2022,CMC,P-2122-00105,Fire Alarm and Suppression Upgrade,MA,future_5yr,,,,,,,,,90000000,5,Fire/Life/Safety,Replace and upgrade the existing fire suppression system within each facility.,"The existing fire alarm and suppression system was designed to activate an electronic signal to the Fire Station whenever a sprinkler head or manual pull station was activated. The alarm system has become obsolete and no longer sends a signal to the Fire Station. Additionally, many buildings do not have Fire Department Service Connections (FDCs). FDCs are necessary to allow the Fire Department to pressurize the sprinkler lines in the event of building fires."
2022,CMC,P-2122-00135,Chorro Reservoir Dredging,DM,future_5yr,,,,,,,,,30000000,5,Regulatory Compliance,"Full design, permits, environmental requirements to dredge sediment from Chorro Reservoir and its three supporting check dams to restore water storage and operational capacity for CMC and California Military Department (CMD).","Currently, Chorro Reservoir is at significantly reduced capacity due to naturally occurring sedimentation. This sedimentation is within 3 feet of the water inlet for the water treatment plant. Through an Interagency Agreement with CMD, CDCR maintains Chorro Reservoir, and operates the water treatment plant. CMD holds water rights to the Chorro Reservoir watershed, and is at risk of losing these water rights if water from the reservoir can not be pumped and processed."
2022,CMC,P-2122-00102,Renovation of Main Kitchen/Canteen,MA,future_5_10yr,,,,,,,,,40000000,5,Critical Infrastructure,"Design and renovate East Facility Main Kitchen and replace cooking, refrigeration, and freezer equipment.","The roof system is failing and allowing water to infiltrate the building’s interior. The floors of the Kitchen are in very poor condition. Several pieces of kitchen equipment are non-operational or in poor condition. The ventilation and evaporative cooling systems are aged and worn, with many components that are non- functioning or unreliable. Several areas of the ventilation ductwork are experiencing leaks due to rust and corrosion. Additionally, the plumbing systems for both water supply and waste drains are corroded and experiencing sediment buildup, routinely leak, and should be replaced."
2022,CMC,P-2122-00127,Backwash Pipeline and Sludge Drying Beds,MA,future_5_10yr,,,,,,,,,15000000,5,Regulatory Compliance,"Design and construct an approximately 12 inch pipeline, approximately 1 mile in length to convey filter backwash from the water treatment plant to the sanitary sewer. Additionally, install concrete lined sludge drying beds with associated infrastructure, electrical controls, pumps, and monitoring system.",The current water treatment plant operational process is to discharge the filter backwash into Chorro Reservoir and sending sludge to drying beds adjacent to Chorro Creek. Changes in regulatory requirements prohibit the filter backwash from being discharged into Chorro Reservoir.
2022,CMF,P-1516-00271,Americans With Disabilities Act Modifications,SRP,active,Construction,2/2019,12/2023,51,GF-S,,5750000,,,,,"Modify cells, dorms, restrooms, showers, and associated path-of-travel elements in I-1, H-1, H-2, H-3, and J-1 wings.",
2022,CMF,P-2122-00118,Replace Roofs Muliple Buildings,DM,active,Construction,7/2022,TBD,0,GF-S,,24085000,,,,,Various roof replacements at the California Medical Facility.,
2022,CMF,P-1516-00487,Replace A Wing - Parallel Terminal Unit Chiller,SRP,proposed,,,,,,,,1000000,,,,Remove and dispose existing chiller and cooling tower and install a 150 ton air cooled chiller alongside the West side of A Wing.,
2022,CMF,P-1819-00121,Upgrade Fire Suppression Exhaust Hood Systems (UL 300 Compliance),DM,proposed,,,,,,,,2800000,,,,Upgrade fire suppression exhaust hood systems to Underwriters Laboratories 300 compliance.,
2022,CMF,P-2122-00099,Boiler Replacement,MA,future_5yr,,,,,,,,,30000000,5,Regulatory Compliance,Remove four existing boilers and associated equipment and replace with high efficiency boilers designed to comply with regulatory requirements.,"CMF’s four gas-fired boilers will be noncompliant with Yolo Solano Air Quality Management District (YSAQMD) emissions regulations, effective December 2023. Additionally, the boilers are old and replacement parts are difficult to find. CDCR may also face potential fines, civil penalties, administrative civil penalties, and/or orders from the YSAQMD to cease operation of the existing boilers."
2022,CMF,P-2122-00107,Kitchen and Dining Facilities,MA,future_5yr,,,,,,,,,129701000,5,Critical Infrastructure,"Design and renovate the existing main kitchen, dietary pantry, and three dining halls, which includes upgrades and replacements of all food preparation equipment.","The Main Kitchen, Dietary Pantry, and Dining Halls suffer from multiple deficiencies with the equipment, building structures, finishes, and systems. Most of the walk-in refrigerator/freezer units are not operational due to the failure of the refrigeration systems. The interior walls and windows are damaged and show signs of water infiltration. Additionally, the tile floors are cracked, allowing water penetration from the surface to the subfloor. The electrical system is original to the building and wiring and panel boards have been damaged from condensation, mechanical wear of moving parts, deterioration of insulating materials, and rusting enclosures. The kitchen cooling is provided by evaporative coolers and the ducts from these coolers are cracked and the equipment is corroded and rusting."
2022,COR,P-1213-00240,Statewide Medication Distribution Improvements,MA,active,Construction,1/2022,3/2024,90,AB900GF,,0,,,,,"Existing medication distribution facilities do not allow for safe, efficient and effective distribution of medications and do not allow for compliance with federal and state infection control standards. Physical plant modifications are necessary to allow CDCR to provide appropriately sized space with proper infrastructure for secure distribution, infection control, environmentally controlled and secure medication storage. This statewide project includes the design and construction of improved medication distribution facilities at 22 adult prisons. Refer to Statewide Project for project funding.",
2022,COR,P-1314-00199,Health Care Facility Improvement Program,MA,active,Construction,7/2015,3/2024,62,AB900LR;GF/AB900LR,,51870000,,,,,"This project includes the design and construction of a new Administrative Segregation Unit Primary Care Clinic; Primary Care Clinic renovations and additions at Facilities 3A, 3B, 3C, 4A and 4B; and Central Health Services Building renovations and addition. The new Administrative Segregation Unit Primary Care Clinic will provide separate clinical treatment space for the secure Administrative Segregation Unit population at COR. The Primary Care Clinic renovations and additions at Facilities 3A, 3B, 3C, 4A and 4B will provide primary health care consultation and treatment consistent with the delivery of a basic level of care. The renovated clinics will include lab draw stations to increase access to these services in an appropriate setting. The Central Health Services renovations and addition will provide centralized specialty health care treatment and consultation services, and emergency services for all incarcerated individuals.",
2022,COR,P-1718-00121,Statewide Medication Distribution Improvements - Phase II,MA,active,Construction,7/2022,4/2023,7,GF-C,,4503000,,,,,"Design and construction of a Medication Distribution Room at Facility 4B. This room will provide the appropriate space with the proper infrastructure for secure medication distribution, infection control, environmental control and secure medication storage.",
2022,COR,P-2122-00061,Correctional Treatment Center Individual Exercise Yards,MA,active,Working Drawings,5/2023,7/2023,0,GF-C,,381000,,,,,Design and construct two individual exercise yards adjacent to the Correctional Treatment Center.,
2022,COR,P-2122-00062,Radio Tower and Equipment Vault,MA,active,Preliminary Plans,7/2022,9/2023,5,GF-C,,806000,,,,,Design and construct a radio communications system with the necessary infrastructure to support a new radio tower and a new radio communications vault.,
2022,COR,P-1516-00297,Americans With Disabilities Act Modifications,SRP,active,Construction,10/2017,5/2023,87,GF-S,,5180000,,,,,"Modify cells, program spaces and associated path-of-travel elements for disability placement program incarcerated individuals.",
2022,COR,P-1718-00223,Replace Roofs Multiple Buildings,DM,active,Construction,11/2020,TBD,0,GF-S,,34650000,,,,,"Various roof replacements at California State Prison, Corcoran.",
2022,COR,P-2021-00299,Remove Individual Exercise Yard - Facility 4B,SRP,complete,,,,,,6/2022,301000,,,,,Remove individual exercise yard from Facility 4B.,
2022,COR,P-2122-00228,"Transformer Install, Test and Fan Kit",DM,complete,,,,,,10/2022,30000,,,,,Reinstall existing transformer and fan kit. Perform transformer test run after set to original location.,
2022,COR,P-2223-00048,Correctional Treatment Center Individual Exercise Yards,MA,proposed,,,,,,,,1536000,,,,Design and construct two individual exercise yards adjacent to the Correctional Treatment Center. Construction phase funding.,
2022,COR,P-2223-00049,Radio Tower and Equipment Vault,MA,proposed,,,,,,,,925000,,,,Design and construct a radio communications system with the necessary infrastructure to support a new radio tower and a new radio communications vault. Working drawings phase funding.,
2022,COR,P-1819-00130,Upgrade Fire Suppression Exhaust Hood Systems (UL 300 Compliance),DM,proposed,,,,,,,,3700000,,,,Upgrade fire suppression exhaust hood systems to Underwriters Laboratories 300 compliance.,
2022,COR,P-2122-00108,Education Space,MA,future_5yr,,,,,,,,,23559000,5,Rehabilitative Programming,"Design and construct two 6,000 sf buildings at Facilities 4A and 4B to provide space for education services.","COR lacks appropriate rehabilitative program space for Facilities 4A and 4B and currently utilizes the visiting rooms or dayrooms to conduct small classes when available. Visiting rooms and dayrooms do not have whiteboards, video viewing capabilities, or computer workstations for incarcerated individuals or staff. Additionally, incarcerated individuals are completing homework packets instead of receiving in-class instruction to meet the education needs due to the programming population on Facility 4B and lack of classroom space. Even with the additional accommodations to provide education services, there is currently a waitlist of approximately 25 students in Facility 4A and approximately 330 students in Facility 4B."
2022,CRC,P-1920-00118,Health Care Facility Repairs,SRP,active,Construction,7/2021,TBD,5,GF-S,,6817000,,,,,"This project will replace damaged flooring, walls, casework and doors, and complete basic renovations to make medical spaces safe and functional. This project will also provide replacement of several existing medication distribution windows with prototypical medication distribution windows along with casework replacements and installation of sinks for hand washing.",
2022,CRC,P-2122-00219,"Replace Entrance Doors Building 107, 12 Dorms (12 sets of doors)",SRP,active,Construction,10/2022,TBD,5,GF-S,,1500000,,,,,Repair damaged entrance doors in building 107.,
2022,CRC,P-1415-00272,Replace Inclined Wheelchair Lift - Main Access,SRP,complete,,,,,,6/2022,350000,,,,,"Replace inclined wheelchair lift at Main Access Area 3, Incarcerated Individual Visiting.",
2022,CRC,P-1516-00284,Critical Special Repairs/Deferred Maintenance,SRP,complete,,,,,,5/2022,6299000,,,,,"Critical repairs are necessary to continue operation of CRC for the next few years. This includes repairs to both the potable water and electrical distribution system, along with restroom repairs in selected housing units.",
2022,CRC,P-2122-00044,Radio Room Uninterruptible Power Supply / Power Installation,SRP,complete,,,,,,3/2022,234000,,,,,Install uninterruptible power supply at Radio Room.,
2022,CRC,P-2122-00136,Replace/Upgrade Standby Generator and Switchgear,DM,future_5_10yr,,,,,,,,,10000000,4,Fire/Life/Safety,"Replace the existing 4,160-volt primary switchgear substation, secondary disconnect switch, and standby generator.",The existing standby electrical power supply to the institution is inadequate to support the facility's operational needs. The standby generator capacity upgrade is needed to provide the required redundant source of emergency power to the institution during power outages. Unplanned electrical outages due to loss of power possess a potential risk to security and health and safety systems serving the incarcerated population and staff.
2022,CTC,P-1819-00016,"Restroom Renovations - Building B, D, E, F, G, L, and N",SRP,active,Construction,9/2022,9/2023,5,GF-S,,4357000,,,,,Renovate restrooms in multiple buildings at the Correctional Training Center.,
2022,CTC,P-1718-00396,"Replace Roof C-Wing, F Dorm, North Corridor Classrooms",DM,complete,,,,,,4/2022,1122000,,,,,Full roof renewal. Roof is beyond useful life and can no longer be repaired incrementally.,
2022,CTF,P-1718-00122,Statewide Medication Distribution Improvements - Phase II,MA,active,Construction,8/2022,12/2023,5,GF-C,,1559000,,,,,Design and construction of a Medication Preparation Room in O Wing to provide the appropriate space with the proper infrastructure for secure medication preparation for Administrative Segregation Unit incarcerated individuals.,
2022,CTF,P-1819-00141,Health Care Facility Improvement Program – Specialty Care Clinic,MA,active,Construction,7/2019,7/2023,30,GFLR,,5566000,,,,,This project is part of the California Department of Corrections and Rehabilitation’s Health Care Facility Improvement Program to remedy deficiencies to health care facilities statewide. The improvements at the Correctional Training Facility have been divided into two phases. Phase II includes renovations to the Specialty Care Clinic in Facility C.,
2022,CTF,P-0910-00900,"Roof Replacement L-Wing, Central Culinary Building",DM,active,Construction,5/2022,TBD,5,GF-S,,3263000,,,,,Full roof renewal. Roof is beyond useful life and can no longer be repaired incrementally.,
2022,CTF,P-1617-00163,Solar Photovoltaic Array,E,active,Construction,9/2021,11/2022,80,SF,,0,,,,,2 megawatt ground mount system utilizing a Solar Power Purchase Agreement and a Site License Agreement.,
2022,CTF,P-0910-01114,Administrative Segregation Cell Door Retrofit,MA,complete,,,,,,11/2022,18520000,,,,,"Replace the existing barred cell fronts with solid cell fronts in O Wing, including the replacement of the existing cell fronts with solid wall and door units with locking mechanisms to conform to Level IV Security Housing Unit design.",
2022,CTF,P-2122-00100,Radio Tower and Equipment Vault,MA,future_5yr,,,,,,,,,13362000,5,Staff and Population Safety,Design and construct a new concrete radio vault with 100-foot radio tower and related infrastructure.,The existing radio tower is located on top of the Administration Building at CTF. The California Office of Emergency Services Public Safety Communications engineers assessed the existing tower and deemed it a hazard where no scaling of the tower for maintenance is allowed due to safety concerns and the possibility of collapse. The new tower requires a co-located vault due to network and antennae limitations.
2022,CTF,P-2122-00109,New Kitchen and Dining Buildings,MA,future_5yr,,,,,,,,,194837000,5,Critical Infrastructure,"Demolish and replace kitchen and dining in Facilities A/B and C, and the Central Culinary Warehouse. Scope includes new kitchen equipment, loading docks, and related paving.","The kitchen and dining buildings are more than 60 years old. The MEP systems, which are original to the building, are experiencing numerous failures and are constant maintenance issues for Plant Operations staff. A significant portion of the existing food preparation and service equipment at Facility A/B are in disrepair or are nonfunctioning, creating inefficiencies in labor and service. Areas of the concrete floor are spalling and cracking, causing water infiltration."
2022,CTF,P-2122-00137,Replace Roofs Multiple Buildings,DM,future_5_10yr,,,,,,,,,64152000,5,Staff and Population Safety,Replace roofs at various buildings.,The roofs are in poor condition and beyond their useful life. Roof replacements are necessary due to the deteriorated conditions of existing roofs that severely impact housing conditions and incarcerated individuals’ access to services and rehabilitation programs.
2022,CVSP,P-1415-00085,Health Care Facility Improvement Program,MA,active,Construction,11/2016,10/2023,79,AB900GF,,24945000,,,,,"This project includes renovations and additions to Primary Care Clinics at Facilities A, B, C, and D; renovations to the Central Health Services building; and a new Health Care Administration building. The Primary Care Clinic renovations and additions at Facilities A, B, C, and D will provide primary health care consultation and treatment consistent with the delivery of a basic level of care. The renovated clinics will include lab draw stations to increase access to these services in an appropriate setting. The Central Health Services renovation is to provide an additional specialty exam room, clinical support space, optical services, a mental health assessment room, and an expanded Triage and Treatment Area. The new Health Care Administration building will provide offices for Health Care Administration staff that have been displaced by clinical activities at CVSP.",
2022,CVSP,P-2021-00310,New Potable Water Wells,MA,active,Working Drawings,2/2023,1/2024,0,GF-C,,1943000,,,,,Design and construct two new groundwater wells to supply adequate amounts of potable water for incarcerated individuals and staff at CVSP and ISP. Preliminary plans and working drawings phase.,
2022,CVSP,P-2021-00031,Renovate Water Tanks,SRP,active,Construction,7/2022,10/2023,5,GF-S,,3397000,,,,,Repair and recoat the leaking elevated water tower and two ground water storage tanks that support both CVSP and ISP.,
2022,CVSP,P-0809-00114,Repair Interior Security Fence,SRP,complete,,,,,,2/2022,1432000,,,,,Repair existing damaged and deteriorated components related to the inner perimeter fence.,
2022,FOL,P-1718-00123,Statewide Medication Distribution Improvements - Phase II,MA,active,Construction,1/2022,12/2022,75,GF-C,,1506000,,,,,Design and construction of a Medication Preparation Room in Building 4 to provide the appropriate space with the proper infrastructure for secure medication preparation for Administrative Segregation Unit incarcerated individuals.,
2022,FOL,P-1819-00142,Water Storage Tanks,MA,active,Construction,12/2020,1/2023,99,GF-C,,9627000,,,,,"Construct two new 750,000 gallon water storage tanks necessary to support building fire suppression requirements as part of the Health Care Facility Improvement Program improvements constructed at FSP and SAC.",
2022,FOL,P-1314-00272,Replace Ansul Fire Extinguishing Systems - Main and Minimum Support Facility Kitchens,DM,active,Complete,5/2021,5/2023,10,GF-S,,140000,,,,,Upgrade fire suppression exhaust hood systems to Underwriters Laboratories 300 compliance.,
2022,FOL,P-0809-01089,Cell Block Five Fire/Life/Safety Cell Upgrades,MA,complete,,,,,,11/2022,4070000,,,,,"The proposed project will complete fire, life and safety upgrades to Building 5 which will include the installation of fire sprinklers in each of the 328 cells, overhead fire sprinklers in the east end of the building beneath the roof's wood decking, exhaust fans for smoke removal in the event of a fire and a centrally located fire alarm and smoke detection system.",
2022,FOL,P-1011-00015,Health Care Facility Improvement Program,MA,complete,,,,,,6/2022,61671000,,,,,"The project includes the construction of two new Primary Care Clinics, a new Central Health Services building, new and renovated Medication Distribution rooms, and utility improvements.",
2022,FOL,P-2122-00138,Cell Block 1 Heating/Cooling System,DM,future_5_10yr,,,,,,,,,15000000,5,Staff and Population Safety,"Scope of work includes repairs and replacements to hot water distribution system serving the heating air handling units and related equipment, including: heating coils, pumps, and exhaust fans. Steam is distributed to the mechanical rooms and terminates at steam to hot water heat exchangers for building heating.","The heating/cooling equipment serving Cell Block 1 includes indoor air handlers with heating coils, pumps, and exhaust fans. The hot water heat exchangers are leaking, not functioning properly and are not energy efficient. The heating/cooling system and all components are antiquated and are not able to meet heating requirements."
2022,FOL,P-2122-00139,Replace Roofs Multiple Buildings,DM,future_5_10yr,,,,,,,,,31977000,5,Staff and Population Safety,Replace roofs at various buildings.,The roofs are in poor condition and beyond their useful life. Roof replacements are necessary due to the deteriorated conditions of existing roofs that severely impact housing conditions and incarcerated individuals’ access to services and rehabilitation programs.
2022,FOL,P-2122-00140,"Repair Dining Rooms 1 and 2, Kitchen, Counseling Office",DM,future_5_10yr,,,,,,,,,30000000,5,Critical Infrastructure,Includes repairs and replacements for all interior finishes and the replacement of significant sections of the concrete floor slab in the Kitchen. Work is most significant in Kitchen/Dining areas and includes equipment replacement and upgrades for MEP systems; major repairs to walk-in freezers; and replacement of walk-in refrigerators.,"All areas require major equipment and MEP systems upgrades. Kitchen refrigerators and freezers have difficulty maintaining required temperatures, and the kitchen quarry tile floor and floor slab have cracked."
2022,HDSP,P-1617-00025,Replace Floor - Correctional Treatment Center,SRP,active,Construction,2/2023,12/2023,0,GF-S,,1636000,,,,,Replace existing damaged flooring materials with new epoxy resin based flooring system.,
2022,HDSP,P-2122-00236,Urgent Repair - Generator #3,SRP,active,Construction,6/2022,6/2023,10,GF-S,,562000,,,,,Repair generator at Co-Generation Plant.,
2022,HDSP,P-1819-00199,Replace Roofs Multiple Buildings,DM,active,Construction,6/2021,TBD,22,GF-S,,40120000,,,,,Various roof replacements at High Desert State Prison.,
2022,HDSP,P-1314-00344,Health Care Facility Improvement Program,MA,complete,,,,,,9/2022,38372000,,,,,"This project includes Primary Care Clinic renovations and additions to Facilities A, B, C, and D; a new Administrative Segregation Unit Primary Care Clinic; and renovations and additions to the Central Health Services building.",
2022,ISP,P-0910-01113,"Heating, Ventilation and Air Conditioning",MA,active,Construction,6/2018,4/2023,99,GF-C;GFLR,,192692000,,,,,"This project includes replacement of the institution's existing evaporative cooling system, which has reached the end of its useful life and is no longer cost-effective to maintain. It includes a new centralized chiller plant exclusive for ISP and a new closed loop chilled water plant with an emergency generator. The existing units located on housing buildings and support buildings will be replaced with new units to work in conjunction with the new plant. The site will receive new piping for a chilled water distribution main loop. The scope includes improvement to existing roofs, fire dampers, and smoke evacuation systems to correct damage done by the existing deteriorated evaporative cooling system. The site will also receive a new electrical substation by Southern California Edison.",
2022,ISP,P-2021-00215,Lethal Electrified Fence Repair and Upgrade,SRP,active,Construction,10/2022,6/2025,10,GF-S,,1477000,,,,,"Repair, replace and /or upgrade components installed in the electrified fence system. This includes system components that have reached the end of their useful life such as the graphic annunciator panels, programmable logic controllers, electrical monitoring devices and interlock panels.",
2022,ISP,P-1617-00158,Solar Photovoltaic Array,E,active,Construction,8/2021,5/2023,50,SF,,0,,,,,1 megawatt ground mount system utilizing a Solar Power Purchase Agreement and a Site License Agreement.,
2022,ISP,P-1415-00084,Health Care Facility Improvement Program,MA,complete,,,,,,5/2022,21200000,,,,,"This project includes renovations and additions to the Primary Care Clinics at Facilities A, B, C, and D, and renovations to the Central Health Services building. The Primary Care Clinic renovations and additions will provide primary health care consultation and treatment consistent with the delivery of a basic level of care. The renovated clinics will include lab draw stations to increase access to these services in an appropriate setting. The Central Health Services renovation is to provide additional shared specialty exam room, clinical support space, a relocated physical therapy room, optical services, a mental health assessment room, and an expanded Treatment and Triage Area.",
2022,ISP,P-1718-00368,"Replace Freezer / Refrigerator Condensing, Evaporation, and Line Set System",SRP,proposed,,,,,,,,1100000,,,,Replace the original existing refrigerator rack system for all walk in refigerators and freezers.,
2022,KVSP,P-1516-00303,Americans with Disabilities Act Modifications,SRP,active,Construction,6/2018,3/2023,97,GF-S,,3809000,,,,,"Modify cells, program spaces and associated path-of-travel elements for disability placement program incarcerated individuals.",
2022,KVSP,P-1617-00150,Solar Photovoltaic Array,E,active,Construction,6/2021,12/2022,80,SF,,0,,,,,3 megawatt ground mount system utilizing a Solar Power Purchase Agreement and a Site License Agreement.,
2022,KVSP,P-1415-00923,Repair and Replace Fire Detection System,DM,complete,,,,,,10/2022,9643000,,,,,Install a code compliant fire detection system recognized and approved by the California Office of the State Fire Marshal for use in all 180 design housing units.,
2022,LAC,P-1718-00125,Statewide Medication Distribution Improvements - Phase II,MA,active,Construction,8/2022,1/2024,5,GF-C,,7784000,,,,,"Design and construction of two Medication Distribution Rooms in the Enhanced Outpatient Units at Housing Units D3 and D4 to provide the appropriate space with the proper infrastructure for secure medication distribution, infection control, environmental control and secure medication storage.",
2022,LAC,P-2021-00197,Medication Preparation Room Unit D5,MA,active,Construction,11/2022,7/2024,0,GF-C,,3866000,,,,,Design and construct a Medication Preparation Room in Housing Unit D5.,
2022,LAC,P-2021-00216,Lethal Electrified Fence Repair and Upgrade,SRP,active,Construction,10/2022,6/2025,10,GF-S,,1466000,,,,,"Repair, replace and /or upgrade components installed in the electrified fence system. This includes system components that have reached the end of their useful life such as the graphic annunciator panels, programmable logic controllers, electrical monitoring devices and interlock panels.",
2022,LAC,P-2122-00124,Americans With Disabilities Act Modifications,SRP,active,Construction,11/2021,12/2023,10,GF-S,,4549000,,,,,"Modify cells, program spaces, and associated path-of-travel elements for disability placement program incarcerated individuals.",
2022,LAC,P-2021-00201,Replace Roofs Multiple Buildings,DM,active,Construction,TBD,TBD,0,GF-S,,40100000,,,,,"Various roof replacements at California State Prison, Los Angeles County.",
2022,LAC,P-1617-00161,Solar Photovoltaic Array,E,active,Construction,6/2021,12/2022,90,SF,,0,,,,,2.4 megawatt parking canopy system utilizing a Solar Power Purchase Agreement and a Site License Agreement.,
2022,LAC,P-2122-00110,New Pharmacy Building,MA,future_5yr,,,,,,,,,15172000,5,Health Care Programming,"Design and construct a new pharmacy building located between Facilities B and C in a central location. Scope of work includes an office for the Pharmacist-In-Charge, two staff restrooms, staff breakroom, a medication/narcotic filling station with secure cabinet, a prescription verification area, a shipping/receiving/manifesting space, and an intravenous anteroom/preparation area.","The pharmacy is located in the CTC and consists of five separate rooms. The main pharmacy room is approximately 550 sf. The surrounding four rooms, totaling approximately 250 sf, provide office space for six pharmacists and three pharmacist technicians, an intravenous fluids preparation station, pharmacy return processing, and waste storage. Due to the daily delivery of medications there is inadequate space for pharmaceutical storage, often leading to obstructions to the walkways and the entrance and exit door. LAC has no alternative but to store medication along walls and floor surfaces which impedes their path of travel and contributes to inefficient delivery of patient medications, which also puts staff safety at risk due to tripping hazards and potential injuries from unrestrained boxes."
2022,MCSP,P-1718-00126,Statewide Medication Distribution Improvements - Phase II,MA,active,Construction,1/2022,1/2023,10,GF-C,,930000,,,,,Design and construction of a Medication Preparation Room in Housing Unit C12 to provide the appropriate space with the proper infrastructure for secure medication preparation for Administrative Segregation Unit incarcerated individuals.,
2022,MCSP,P-1718-00344,Replace Nurse Call System in the Correctional Treatment Center,SRP,active,Construction,10/2022,TBD,5,GF-S,,150000,,,,,Replace the failing nurse call system at the Correctional Treatment Center.,
2022,MCSP,P-1819-00198,Americans With Disabilities Act Improvements,SRP,active,Construction,2/2022,7/2024,26,GF-S,,4746000,,,,,"Modify cells, program spaces and associated path-of-travel elements for Administrative Segregation Unit and Enhanced Outpatient programs.",
2022,MCSP,P-1819-00201,Fire Alarm Replacement and Fire Suppression Repair,DM,active,Design Build,11/2022,11/2024,0,GF-S,,15650000,,,,,"Replace the fire alarm control panel, network connections, detection devices, and various fire and life safety items.",
2022,MCSP,P-1617-00154,Solar Photovoltaic Array,E,active,Construction,TBD,TBD,0,SF,,0,,,,,2 megawatt parking canopy system utilizing a Solar Power Purchase Agreement and a Site License Agreement.,
2022,MCSP,P-1011-00010,"Replace Electrical Panels/Conduits - Facility A, B, C 270 Housing Units",DM,complete,,,,,,1/2022,1610000,,,,,Replace all of the conduit that has deteriorated.,
2022,MCSP,P-1920-00122,Replace Irrigation System - Facility A - C,SRP,proposed,,,,,,,,1000000,,,,Replace and install irrigation system.,
2022,MCSP,P-2122-00141,Sanitary Sewer/Storm Water System Upgrades,DM,future_5yr,,,,,,,,,10000000,5,Regulatory Compliance,"Replace existing damaged sanitary sewer and storm water systems. This project will require locating all damaged pipe, excavation, demolition of concrete and asphalt and pipe replacement and replace concrete and asphalt.",A recent storm water system investigation has identified numerous repairs in the sanitary sewer and storm water systems. These repairs are necessary for continued conveyance of wastewater and stormwater in a safe manner consistent with existing permits.
2022,MCSP,P-2122-00143,Replace Roofs Multiple Buildings,DM,future_5yr,,,,,,,,,38263000,5,Staff and Population Safety,Replace roofs at various buildings.,The roofs are in poor condition and beyond their useful life. Roof replacements are necessary due to the deteriorated conditions of existing roofs that severely impact housing conditions and incarcerated individuals’ access to services and rehabilitation programs.
2022,MCSP,P-2122-00142,Replace Existing Power System with Underground Feeds,DM,future_5_10yr,,,,,,,,,20000000,4,Fire/Life/Safety,Replace the existing 12 KV three phase overhead utility electrical system. The new system will be installed underground with new vaults and ground mounted transformers and sub-feeder to each building.,"The above ground overhead electrical utility power system is in very poor condition and has been noted by inspection to be in violation of the California Public Utilities Commission General Order 95 relative to rules for construction and maintenance of overhead electrical systems. High winds often damage the power poles and electrical power lines, which impacts the delivery of essential services to the incarcerated population."
2022,NKSP,P-1213-00220,Health Care Facility Improvement Program,MA,active,Construction,8/2015,9/2023,98,GF/AB900LR,,80889000,,,,,"This project includes Facility A Primary Care Clinic addition and renovation, new Facility B, C, and D Primary Care Clinics, new Medication Distribution Rooms, Central Health Services renovation and addition, Reception Center Health Care Processing renovation, and a new Correctional Case Management building.",
2022,NKSP,P-1516-00291,Americans With Disabilities Act Modifications,SRP,active,Construction,6/2018,3/2023,85,GF-S,,2799000,,,,,"Modify cells, program spaces and associated path-of-travel elements for disability placement program incarcerated individuals.",
2022,NKSP,P-1617-00021,"Replace Roofs - M Yard, Building 901 and 902 Dorms",DM,complete,,,,,,3/2022,1018000,,,,,Full roof renewal. Roofs are beyond useful life and can no longer be repaired incrementally.,
2022,NKSP,P-2122-00145,Replace Roofs Multiple Buildings,DM,future_5yr,,,,,,,,,55195000,5,Staff and Population Safety,Replace roofs at various buildings.,The roofs are in poor condition and beyond their useful life. Roof replacements are necessary due to the deteriorated conditions of existing roofs that severely impact housing conditions and incarcerated individuals’ access to services and rehabilitation programs.
2022,NKSP,P-2122-00144,Replace Fire Alarm System Sitewide,DM,future_5_10yr,,,,,,,,,20000000,4,Fire/Life/Safety,"Replacement of the existing, sitewide, fire alarm system. This includes all existing fire alarm control panels, all wiring, all devices, all fiber optic cabling and programming needed to have a complete and operational system.","Fire/smoke detection system currently has limited operation due to an obsolete system that is no longer supported by the manufacturer, and replacement parts are no longer available. The non-functioning system affects the ability to obtain a five year fire suppression certification as the system will not alarm/notify in the event that the fire sprinkler is activated."
2022,PBSP,P-1617-00108,Fire Suppression Upgrade,MA,active,Working Drawings,10/2019,9/2023,99,GF-C,,2258000,,,,,"Install a standard fire suppression system, fire alarm control panels, and fire detection devices in the eight general population housing units, consistent with code.",
2022,PBSP,P-1718-00127,Statewide Medication Distribution Improvements - Phase II,MA,active,Construction,4/2022,4/2024,0,GF-C,,1994000,,,,,"Design and construction of a Medication Distribution Room on Facility D due to a recent mission change to a non-segregated population. This will provide the appropriate space with the proper infrastructure for secure medication distribution, infection control and secure medication storage.",
2022,PBSP,P-1617-00109,Central Kitchen Walk-In Freezer Addition,MI,active,All Phases,TBD,TBD,0,GF-C,,609000,,,,,"Construct a new approximately 1,300 square foot walk-in freezer capable of storing pallets of frozen food items.",
2022,PBSP,P-1516-00475,Fuel Oil Delivery and Leak Detection System,SRP,active,Construction,10/2022,TBD,5,GF-S,,882000,,,,,Replace diesel fuel delivery from storage tanks to final distributions at the general population yard main kitchen and laundry.,
2022,PBSP,P-1920-00082,Thermal Pack Steam Line Replacement from Laundry to Main Kitchen (ESCO),SRP,complete,,,,,,9/2022,931000,,,,,Replace underground steam and condensate return lines feeding steam from the thermal pack boiler to the main kitchen.,
2022,PBSP,P-2223-00058,Fire Suppression Upgrade,MA,proposed,,,,,,,,35036000,,,,"Install a standard fire suppression system, fire alarm control panels, and fire detection devices in the eight general population housing units, consistent with code. Construction phase funding.",
2022,PBSP,P-1516-00082,Replace Skylight Windows - Facility C (36 each),SRP,proposed,,,,,,,,2412000,,,,Replace damaged skylight windows in buildings located in Facility C.,
2022,PBSP,P-1011-00014,Upgrade Fire Suppression Exhaust Hood System,DM,proposed,,,,,,,,350000,,,,Upgrade fire suppression exhaust hood systems to Underwriters Laboratories 300 compliance.,
2022,PBSP,P-2122-00146,Replace Roofs Multiple Buildings,DM,future_5_10yr,,,,,,,,,63163000,5,Staff and Population Safety,Replace roofs at various buildings.,The roofs are in poor condition and beyond their useful life. Roof replacements are necessary due to the deteriorated conditions of existing roofs that severely impact housing conditions and incarcerated individuals’ access to services and rehabilitation programs.
2022,PVSP,P-1314-00412,Health Care Facility Improvement Program,MA,active,Construction,4/2016,12/2023,93,AB900LR;GF/AB900LR,,42026000,,,,,"This project includes Primary Care Clinic renovations and additions to Facilities A, B, C, and D; a new Administrative Segregation Unit Primary Care Clinic; renovation to the Central Health Services building; and a new Pharmacy and Lab building. The Primary Care Clinic renovations and additions at Facilities A, B, C and D will provide primary health care consultation and treatment consistent with the delivery of a basic level of care. The renovated clinics will include lab draw stations to increase access to these services in an appropriate setting. The new Administrative Segregation Unit Primary Care Clinic will provide separate clinical treatment space for the secure Administrative Segregation Unit population. The Central Health Services renovation is to provide additional specialty exam rooms, clinical support space, and an appropriately sized physical therapy room, optical service and an expanded Treatment and Triage Area. The new Pharmacy and Lab building will meet the pharmaceutical processing demands at a basic level of care and make space available within the existing Central Health Services building for direct patient specialty clinical care services.",
2022,PVSP,P-1516-00305,Americans With Disabilities Act Modifications,SRP,active,Construction,9/2017,12/2022,95,GF-S,,5951000,,,,,"Modify cells, program spaces and associated path-of-travel elements for disability placement program incarcerated individuals.",
2022,PVSP,P-1718-00070,Solar Photovoltaic Array,E,active,Construction,6/2021,12/2022,80,GF-S,,0,,,,,"Install Solar Photovoltaic Array, 2 megawatt parking canopy system utilizing a Solar Power Purchase Agreement and Site License Agreement.",
2022,PVSP,P-1920-00190,Line Leak Detector Installation - Underground Storage Tank Emergency Generator,SRP,complete,,,,,,4/2022,623000,,,,,Install line leak detector in underground storage tank for standby emergency generator with pressurized fuel system.,
2022,PVSP,P-1617-00573,Replace Roofs Multiple Housing Units,DM,complete,,,,,,7/2022,17300000,,,,,"Roof Replacements in Facility A, Building 346, 347, 348, 349, 350; Facility B, Building 341, 342, 343, 344, 345; Facility C, Building 336, 337, 338, 339, 340; Facility D, Building 331, 332, 333, 334, 335.",
2022,PVSP,P-2122-00147,Central Kitchen Refrigeration System,DM,future_5_10yr,,,,,,,,,10000000,4,Critical Infrastructure,"Replacement of the Central Kitchen refrigeration systems. This replacement includes new refrigeration walk-in boxes, condensers, electrical connections and control systems.","The refrigeration system at the Central Kitchen continues to work poorly, causing loss of product. The system is original to the facility and has had continual maintenance issues in recent years that include: compressor burnout, electrical component failure, numerous refrigerant leaks, condensate pipe failure, and evaporator freezing due to blockage at the expansion valves. After many years of operation the evaporators have become impacted, decreasing the efficiency of the cooling refrigerant and putting the compressors at risk of failure."
2022,PVSP,P-2122-00148,Replace Fire Alarm System Sitewide,DM,future_5_10yr,,,,,,,,,20000000,4,Fire/Life/Safety,"Replacement of the existing, sitewide, fire alarm system. This includes all existing fire alarm control panels, all wiring, all devices, all fiber optic cabling and programming needed to have a complete and operational system.","Fire/smoke detection system currently has limited operation due to an obsolete system that is no longer supported by the manufacturer, and replacement parts are no longer available. All housing units and most of the support buildings are required to be on fire watch due to the lack of fire/smoke detection. The non- functioning system also affects the ability to obtain a five year fire suppression certification as the system will not alarm/notify in the event that fire sprinkler is activated."
2022,RJD,P-1718-00128,Statewide Medication Distribution Improvements - Phase II,MA,active,Construction,8/2022,2/2024,5,GF-C,,5700000,,,,,"Design and construction of a Medication Preparation Room in Housing Unit B6 and B7 to provide appropriate space with the proper infrastructure for secure medication preparation for Administrative Segregation incarcerated individuals. Also provide a Medication Distribution Room in an Enhanced Outpatient unit at Housing Unit C14 to provide the appropriate space with the proper infrastructure for secure medication distribution, infection control, environmental control and secure medication storage.",
2022,RJD,P-1920-00214,Personal Duress Alarm System - E Facility,SRP,active,Construction,10/2022,TBD,5,GF-S,,150000,,,,,Repair and/or replacement of the main hospital personal alarm system. The existing system is beyond useful life. It is not functioning and replacement parts are no longer available.,
2022,RJD,P-2021-00217,Lethal Electrified Fence Repair and Upgrade,SRP,active,Construction,10/2022,6/2025,10,GF-S,,1492000,,,,,"Repair, replace and /or upgrade components installed in the electrified fence system. This includes system components that have reached the end of their useful life such as the graphic annunciator panels, programmable logic controllers, electrical monitoring devices and interlock panels.",
2022,RJD,P-2122-00125,Americans With Disabilities Act Modifications,SRP,active,Construction,3/2022,5/2024,10,GF-S,,5346000,,,,,"Modify cells, program spaces, and associated path-of-travel elements for disability placement program incarcerated individuals.",
2022,RJD,P-2122-00235,Direct Replacement Deaerator Tank and Urgent Materials to Repair Hot Water Vaults,SRP,active,Construction,1/2023,TBD,0,B,,339000,,,,,Replace existing deaerator tank and make repairs as needed.,
2022,RJD,P-1516-00469,Replace Hoods - Kitchen Grease/Fire Suppression Systems,DM,active,Construction,1/2022,7/2023,26,GF-S,,3952000,,,,,Install new code compliant kitchen fume hoods with fire suppression systems.,
2022,RJD,P-1819-00202,Fire Alarm Replacement and Fire Suppression Repair,DM,active,Design Build,5/2023,1/2026,0,GF-C,,26900000,,,,,"Replace the fire alarm control panel, network connections, detection devices, and various fire and life safety items.",
2022,RJD,P-1617-00157,Solar Photovoltaic Array,E,active,Construction,5/2021,1/2023,85,SF,,0,,,,,3 megawatt ground mount system utilizing a Solar Power Purchase Agreement and a Site License Agreement.,
2022,RJD,P-2021-00167,Retrofit Water Efficiency Fixtures - Grant,E,active,Construction,7/2020,11/2022,80,GF-S,,0,,,,,"Procure and install approximately 436 faucet flow reducers, 160 low-flow showerheads with timers, 225 commercial toilets, 211 high-efficiency toilets and plumbing supplies and materials required to retrofit fixtures.",
2022,RJD,P-1213-00089,"Housing Units Yard 4 Install Electrical and Television Outlets H.U.16, 17,18,19",SRP,complete,,,,,,1/2022,915000,,,,,Add electrical and television outlets previously removed due to mission change.,
2022,RJD,P-2122-00149,Replace Roofs Multiple Buildings,DM,proposed,,,,,,,,62001000,,,,Replace roofs at various buildings.,
2022,SAC,P-1718-00113,New Cognitive Behavioral Treatment Classrooms,MA,active,Construction,3/2023,1/2025,0,GF-C,,15990000,,,,,"This project will construct three 1,440 sf modular buildings on Facility A, B and C for Cognitive Behavioral Treatment classes.",
2022,SAC,P-1718-00129,Statewide Medication Distribution Improvements - Phase II,MA,active,Construction,2/2022,1/2024,8,GF-C,,8252000,,,,,"Design and construction of Medication Distribution Rooms in Enhanced Outpatient Units at Housing Units A3/A4 and B3/B4 to provide the appropriate space with the proper infrastructure for secure medication distribution, infection control, environmental control and secure medication storage. Additional Medication Distribution Rooms in Housing Units A1/A2, A5/A6, and B7/B8 will provide work space for two to three psychiatric technicians.",
2022,SAC,P-1112-00280,Replace Passenger Elevator Jack - C-Facility Bunker,SRP,active,Construction,10/2022,TBD,5,GF-S,,225000,,,,,Replace passenger elevator jack - C Facility.,
2022,SAC,P-1516-00287,Americans With Disabilities Act Modifications,SRP,active,Construction,1/2017,9/2023,45,GF-S,,2001000,,,,,"Modify cells, program spaces, and associated path-of-travel elements for disability placement program incarcerated individuals.",
2022,SAC,P-1415-00052,"Replace Heating, Ventilation and Air Conditioning System and Flooring - Facility A, Correctional Treatment Center",DM,active,Construction,2/2023,12/2024,5,GF-S,,8535000,,,,,"Replace and/or upgrade all air handling equipment located in Facility A, Correctional Treatment Center, and replace the existing epoxy flooring.",
2022,SAC,P-1920-00105,Replace Roofs Multiple Buildings,DM,active,Construction,5/2022,TBD,5,GF-S,,40600000,,,,,"Various roof replacements at California State Prison, Sacramento.",
2022,SAC,P-2021-00209,Replace Fire Suppression Grill Hoods - UL 300 Compliance,DM,active,Complete,1/2022,6/2023,10,GF-S,,328000,,,,,Replace existing fire suppression system hoods above all grills in pantries and administration canteen to meet the requirements mandated by the State Fire Marshal.,
2022,SAC,P-2122-00111,New Pharmacy Building,MA,future_5yr,,,,,,,,,17000000,5,Health Care Programming,"Design and construct a new 2,800 sf pharmacy building within the secure perimeter with staff workstations to conduct current and future pharmacy operations. Scope includes spaces for the pharmacy to function as a local and regional hub for tele-pharmacy services, staff restrooms, breakroom, a conference room, and administrative office space.","The existing pharmacy room at SAC is 1,200 sf and consists of the drug utilization workstations to fill prescriptions and the other adjoining room is utilized for prescription verification is 1,160 sf. In addition to all the medications housed in these spaces, there are 17 pharmacists and pharmacy technicians sharing this space. The existing layout does not accommodate existing personnel, efficient workflow, and approval protocols required to minimize medication ordering, preparation and dispensing errors or the space and internal organization required to manage the receipt of daily prescriptions, central fill workflows and on-site prescription preparation and dispensing of medications. There is inadequate space for pharmaceutical storage and distribution for all incarcerated individual medication."
2022,SATF,P-1314-00201,Health Care Facility Improvement Program,MA,active,Construction,7/2015,6/2024,85,AB900LR;GF/AB900LR,,40891000,,,,,"This project includes the design and construction of a new Administrative Segregation Unit Primary Care Clinic at Facility E; Primary Care Clinic renovations and additions at Facilities A, B, C, D, E, F, and G; and the Central Health Services building renovations. The new Administrative Segregation Unit Primary Care Clinic at Facility E will provide separate clinical treatment space for primary care treatment and consultation for the secure lock-up Administrative Segregation Unit population at SATF. The Primary Care Clinic renovations and additions at Facilities A, B, C, D, E, F and G will provide primary health care treatment and consultation consistent with the delivery of a basic level of care. The renovated clinics will include lab draw stations to increase access to these services in an appropriate setting. The renovated Central Health Services building will provide centralized specialty clinical services, consultation, and emergency services for all incarcerated individuals.",
2022,SATF,P-1920-00112,Air Cooling Facility F and G,MA,active,Construction,3/2023,5/2025,0,GF-C,,17011000,,,,,"Design and construct air conditioning units in treatment and office spaces in Facility F and G housing units. The scope consists of additional equipment pads, conduit and piping supports, as well as the additional roof or wall penetrations to accommodate the new units.",
2022,SATF,P-1516-00307,Americans With Disabilities Act Modifications,SRP,active,Construction,11/2017,7/2023,24,GF-S,,8498000,,,,,"Modify cells, program spaces, and associated path-of-travel elements for disability placement program incarcerated individuals.",
2022,SATF,P-1718-00219,Replace Roofs Multiple Buildings,DM,active,Construction,7/2019,11/2024,46,GF-S,,31941000,,,,,Various roof replacements at the California Substance Abuse Treatment Facility.,
2022,SATF,P-1213-00250,Statewide Medication Distribution Improvements,MA,complete,,,,,,9/2022,0,,,,,"Existing medication distribution facilities do not allow for safe, efficient and effective distribution of medications and do not allow for compliance with federal and state infection control standards. Physical plant modifications are necessary to allow CDCR to provide appropriately sized space with proper infrastructure for secure distribution, infection control, environmentally controlled and secure medication storage. This statewide project includes the design and construction of improved medication distribution facilities at 22 adult prisons. Refer to Statewide Project for project funding.",
2022,SATF,P-2122-00150,Replace Fire Alarm System Sitewide,DM,future_5_10yr,,,,,,,,,25000000,4,Fire/Life/Safety,"Replacement of the existing, sitewide, fire alarm system. This includes all existing fire alarm control panels, all wiring, all devices, all fiber optic cabling and programming needed to have a complete and operational system.",The fire/smoke detection system is currently not operational. The system is obsolete and therefore there are no replacement parts on the market. The non-functioning system also affects the ability of obtaining five year fire suppression certification as the system will not alarm/notify in the event of fire sprinkler water flow. All housing units and most support buildings are currently on fire watch due to the lack of fire/smoke detection.
2022,SCC,P-1819-00143,Health Care Facility Improvement Program - Central Health Services Building Renovation,MA,active,Construction,7/2019,8/2023,71,GF-C,,13561000,,,,,This project is part of the California Department of Corrections and Rehabilitation’s Health Care Facility Improvement Program to remedy deficiencies to health care facilities statewide. The improvements at the Sierra Conservation Center have been divided into two phases. Phase II includes renovations to the Central Health Services building.,
2022,SCC,P-1516-00270,Replace Damaged Electrical & Television System - Administrative Segregation Unit,SRP,active,Construction,10/2022,TBD,5,GF-S,,250000,,,,,Replace damaged electrical and television infrastructure.,
2022,SCC,P-1617-00136,Repair Showers - Tuolumne Housing 1-5,SRP,active,Construction,4/2022,4/2023,0,GF-S,,1600000,,,,,Repair the showers in Tuolumne Housing Buildings 1 through 5.,
2022,SCC,P-2021-00202,Fuel Tank Replacement - Underground and Aboveground Storage Tank,SRP,complete,,,,,,2/2022,909000,,,,,Replace the underground and aboveground storage tank containments so that it meets regulatory compliance.,
2022,SCC,P-1819-00492,Emergency Boiler Repair - Boiler #2,DM,complete,,,,,,10/2022,904000,,,,,"Repair tube bundle, controls, fires, and brick.",
2022,SCC,P-0809-02716,Replace Hydronic Hot Water Line Level III Yard,SRP,proposed,,,,,,,,4335000,,,,Remove and replace all deteriorated pipes with like insulated pipes.,
2022,SCC,P-2122-00101,Air Cooling Calaveras/Mariposa Housing Units,MA,future_5yr,,,,,,,,,43779000,5,Staff and Population Safety,Design and replace existing air handlers in Calaveras/Mariposa housing units with evaporative cooling.,"All 38 dorms in the Calaveras and Mariposa Housing Units are equipped with heating and ventilation units, but lack cooling equipment and adequate insulation. The concrete construction of the buildings continue to retain heat even as the outside air cools in the evening. Without air cooling, there is no relief from summer temperatures that can reach as high as 109°F. This can result in activation of heat plans when temperatures exceed allowable limits."
2022,SCC,P-2122-00156,Construct New Clarifier Building,MA,future_5_10yr,,,,,,,,,20000000,5,Regulatory Compliance,"Design and construct a new Clarifier Building capable of housing a new clarification system with associated components, piping, and controls. The new system will also require connection to the backup power system.","SCC’s Water Treatment Plant uses an Upflow Clarifier, installed in 1962, which promotes the clarification/removal of suspended solids from the water. The pipes and baffles in the clarifier have been affected by corrosion and are no longer able to properly create the desired flow patterns. Additionally, the Upflow Clarifier is uncovered, allowing sun exposure and contaminates to enter the tanks which can cause unwanted fluctuation in water temperatures."
2022,SCC,P-2122-00151,Replace Roofs Multiple Buildings,DM,future_5_10yr,,,,,,,,,27522000,5,Staff and Population Safety,Replace roofs at various buildings.,The roofs are in poor condition and beyond their useful life. Roof replacements are necessary due to the deteriorated conditions of existing roofs that severely impact housing conditions and incarcerated individuals’ access to services and rehabilitation programs.
2022,SOL,P-1213-00198,Health Care Facility Improvement Program,MA,active,Construction,10/2014,8/2023,93,AB900LR;GF/AB900LR,,49652000,,,,,"This project includes the construction of a Complex Facility Clinic, renovations to Central Health Services and Receiving and Release, construction of new Medication Distribution Rooms, and disabled accessibility improvements to housing units and path-of-travel accessibility.",
2022,SOL,P-1718-00130,Statewide Medication Distribution Improvements - Phase II,MA,active,Construction,3/2022,3/2023,8,GF-C,,1146000,,,,,Design and construction of a Medication Preparation Room in Housing Unit 10 to provide the appropriate space with the proper infrastructure for secure medication preparation for Administrative Segregation Unit incarcerated individuals.,
2022,SOL,P-1516-00067,Replace Hydronic Loop System,SRP,active,Construction,8/2020,10/2026,37,GF-S,,20164000,,,,,Remove and replace all deteriorated pipes with like insulated pipes.,
2022,SOL,P-1819-00134,Upgrade Fire Suppression Exhaust Hood Systems (UL 300 Compliance),DM,active,Construction,7/2022,TBD,0,GF-S,,3080000,,,,,Upgrade fire suppression exhaust hood systems to Underwriters Laboratories 300 compliance.,
2022,SOL,P-1819-00200,Replace Roofs Multiple Buildings,DM,active,Construction,6/2021,10/2029,5,GF-C,,31576000,,,,,Various roof replacements at Solano State Prison.,
2022,SOL,P-1617-00162,Solar Photovoltaic Array,E,active,Construction,2/2022,TBD,5,SF,,0,,,,,"3 megawatt total, 2 megawatt ground mount and 1 megawatt parking canopy system utilizing a Solar Power Purchase Agreement and Site License Agreement.",
2022,SOL,P-1718-00316,Repair Water Treatment Plant Filter Trains,SRP,proposed,,,,,,,,1100000,,,,Repair filter trains at Water Treatment Plant.,
2022,SQ,P-1314-00510,New Boiler Facility,MA,active,Construction,3/2021,12/2023,22,GF-C,,28604000,,,,,"This proposal seeks funding to demolish the existing boiler building, and build a new central boiler facility at San Quentin State Prison. Boiler replacement is required for compliance with Bay Area Air Quality Management District regulations.",
2022,SQ,P-1718-00133,Cognitive Behavioral Treatment Space,MA,active,Working Drawings,12/2019,7/2023,90,GF-C,,780000,,,,,"This project will remodel 8,000 sf of Vocational Building 32 into 12 treatment classrooms, 6 offices and open office space for 13 workstations.",
2022,SQ,P-1415-00234,Replace Roof - Water Tank,SRP,active,Construction,11/2022,TBD,0,GF-S,,2300000,,,,,Remove and replace roof structure of the San Quentin Potable water tank.,
2022,SQ,P-1415-00965,Install Water Tank Bypass,SRP,active,Construction,7/2021,12/2022,13,GF-S,,771000,,,,,Retrofit water supply infrastructure.,
2022,SQ,P-1718-00025,Repair/Replace Fire Alarm System,DM,active,Construction,8/2021,3/2023,76,GF-S,,2917000,,,,,Replace fire alarm system.,
2022,SQ,P-1011-00212,"Replace Main Kitchen Grease Trap, Dock and Ramp",SRP,complete,,,,,,6/2022,1223000,,,,,"Replace grease trap, dock and ramp at Main Kitchen.",
2022,SQ,P-1718-00079,Energy Efficiency Project - Submetering Project for LEED Existing Building Certification,E,complete,,,,,,1/2022,156000,,,,,"Submetering project for existing building certification at the New Central Health Services Building, ID 22, and Dining Halls and Kitchen Building 26.",
2022,SQ,P-1617-00140,Replace Main Kitchen Cooling Tower,DM,proposed,,,,,,,,124000,,,,"Install new kitchen cooling tower, and new piping to connect the new tower to the existing piping systems. Remove existing cooling tower.",
2022,SQ,P-2122-00115,"Renovation of Kitchen/Bakery/Refrigeration, North and South Dining Halls",MA,future_5_10yr,,,,,,,,,100000000,5,Critical Infrastructure,"Design and construct renovations of existing Kitchen/Bakery and replace cooking, refrigeration, and freezer equipment.","The roofs of the Kitchen and Bakery areas are in need of replacement due to constant leaks and deterioration of the roof structure/decking. Additionally,the exposed underside of the roofing systems show signs of water damage. The exterior walls, comprised of poured concrete covered with stucco are cracking and the paint finish is worn, causing additional deterioration to the structure. Due to its age, the plumbing system has extensive corrosion at the fittings and couplings. Similarly, the electrical components/systems are showing signs of age, with obsolete panels that are corroding, and the floors throughout the buildings are in a significant state of disrepair, with several sections of chipped/damaged tiles that present tripping hazards. The refrigerators and freezers are in poor condition with failed seals, exposed electrical conduits, and cracked/damaged floors, making it difficult to maintain proper food storage temperatures."
2022,SVSP,P-1516-00293,Americans With Disabilities Act Modifications,SRP,active,Construction,12/2016,12/2022,93,GF-S,,6830000,,,,,"Modify prescribed elements within facility living, visitation, recreation, and vocational education areas.",
2022,SVSP,P-2223-00011,C7 & C8 Yard Improvement - Restroom,SRP,active,Construction,10/2022,TBD,5,GF-S,,679000,,,,,Design and construct a toilet on Facility C yard.,
2022,SVSP,P-2223-00014,C7 & C8 Yard Improvement - Yard Equipment,SRP,active,Construction,10/2022,TBD,5,GF-S,,915000,,,,,Update Facility C yard equipment.,
2022,SVSP,P-1718-00220,Replace Roofs Multiple Buildings,DM,active,Construction,11/2020,4/2026,51,GF-S,,17010000,,,,,Various roof replacements at Salinas Valley State Prison.,
2022,SVSP,P-1617-00165,Solar Photovoltaic Array,E,active,Construction,9/2021,2/2023,60,GF-S,,0,,,,,"Install Solar Photovoltaic Array, Phase 10, 3.5 megawatt ground mount system utilizing a Solar Power Purchase Agreement and a Site License Agreement.",
2022,SVSP,P-2021-00192,Energy Efficiency Project - Lighting,E,active,Construction,1/2021,6/2024,5,GF-S,,3942000,,,,,Retrofit interior and exterior lighting institution wide.,
2022,SVSP,P-1920-00191,Line Leak Detector Installation - Underground Storage Tank Emergency Generator,SRP,complete,,,,,,1/2022,544000,,,,,Install line leak detector in underground storage tank for standby emergency generator with pressurized fuel system.,
2022,VSP,P-1213-00223,Health Care Facility Improvement Program,MA,active,Construction,10/2014,9/2023,82,AB900LR;GF/AB900LR,,27519000,,,,,"This project includes renovation of the Pharmacy, Facility A Primary care clinic, and additions to the Facility B, C, and D Primary Care Clinics.",
2022,VSP,P-1819-00137,Arsenic and Manganese Removal Water Treatment Plant,MA,active,Working Drawings,5/2021,11/2023,46,GF-C,,2961000,,,,,Design and install a treatment plant due to the increase in arsenic and manganese levels in the wells at Valley State Prison and adjacent Central California Women's Facility. This treatment plant will comply with the Environmental Protection Agency and State Water Resources Control Board drinking water quality standards related to arsenic and manganese levels at both Valley State Prison and Central California Women's Facility. Preliminary plans and working drawings phase funding.,
2022,VSP,P-1718-00294,"Replace Roof - BPT/Visiting Center, Building 406",DM,active,Construction,11/2022,10/2023,5,GF-S,,1375000,,,,,Full roof renewal. Roof is beyond useful life and can no longer be repaired incrementally.,
2022,VSP,P-2021-00250,Water Well Rehab,SRP,complete,,,,,,1/2022,160000,,,,,"Rehabilitative work includes investigation of the conditions of wells 1 and 2, document well construction features, and confirm and implement a program of well rehabilitation with the intent of recovering well capacity to the extent practicable.",
2022,VSP,P-2122-00233,Urgent Water Well #2 Pump Repair,SRP,complete,,,,,,5/2022,175000,,,,,Repair damaged water pump required for domestic water production.,
2022,VSP,P-0809-00204,"Repair/Replace Roof Reception Center, Building 315",DM,complete,,,,,,7/2022,986000,,,,,Full roof renewal. Roof is beyond useful life and can no longer be repaired incrementally.,
2022,VSP,P-2223-00045,Arsenic and Manganese Removal Water Treatment Plant,MA,proposed,,,,,,,,34203000,,,,Design and install a treatment plant due to the increase in arsenic and manganese levels in the wells at Valley State Prison and adjacent Central California Women's Facility. This treatment plant will comply with the Environmental Protection Agency and State Water Resources Control Board drinking water quality standards related to arsenic and manganese levels at both Valley State Prison and Central California Women's Facility. Construction phase funding.,
2022,VSP,P-2122-00152,Replace Roofs Multiple Buildings,DM,future_5yr,,,,,,,,,44156000,5,Staff and Population Safety,Replace roofs at various buildings.,The roofs are in poor condition and beyond their useful life. Roof replacements are necessary due to the deteriorated conditions of existing roofs that severely impact housing conditions and incarcerated individuals’ access to services and rehabilitation programs.
2022,WSP,P-1213-00221,Health Care Facility Improvement Program,MA,active,Construction,8/2015,1/2024,94,AB900LR;GF/AB900LR,,86513000,,,,,"This project includes renovations and additions to Facilities A, C, H, Central Health Services, and Reception Center Care Processing, and new Facility B and D Primary Care Clinics, Medication Distribution Rooms, and a new Correctional Case Management and Health Care Administration building.",
2022,WSP,P-1516-00295,Americans With Disabilities Act Modifications,SRP,active,Construction,9/2017,6/2024,72,GF-S,,4574000,,,,,"Modify living areas, the Board of Parole Hearings conference room, Correctional Treatment Center, Receiving and Release and path-of-travel.",
2022,WSP,P-1819-00215,Upgrade Potable Water Wells,SRP,active,Construction,7/2022,12/2023,0,GF-S,,2403000,,,,,Replace/Repair damaged wells required for domestic water production.,
2022,WSP,P-2122-00225,Multi-Measure Energy Efficiency Project,E,active,Construction,10/2022,8/2024,5,GF-S,,3563000,,,,,Retrofit lighting and water heaters institution wide.,
2022,WSP,P-2122-00153,Replace Roofs Multiple Buildings,DM,future_5yr,,,,,,,,,49966000,5,Staff and Population Safety,Replace roofs at various buildings.,The roofs are in poor condition and beyond their useful life. Roof replacements are necessary due to the deteriorated conditions of existing roofs that severely impact housing conditions and incarcerated individuals’ access to services and rehabilitation programs.
2023,MULTIPLE,P-1213-00196,Statewide Medication Distribution Improvements,MA,active,Construction,8/2014,9/2024,99,AB900GF,,48966000,,,,,"Existing medication distribution facilities do not allow for safe, efficient, and effective distribution of medications and do not allow for compliance with federal and state infection control standards. Physical plant modifications are necessary to allow CDCR to provide appropriately sized space with proper infrastructure for secure distribution, infection control, environmentally controlled and secure medication storage. This statewide project includes the design and construction of improved medication distribution facilities at 22 adult prisons; work has been completed at 20 adult prisons.",
2023,ASP,P-0809-01830,Hydronic Loop Pipe Replacement,DM,complete,,,,,,7/2023,17003000,,,,,Multi-phase project to replace the underground loop with a new replacement loop above ground.,
2023,ASP,P-1819-00122,Upgrade Fire Suppression Exhaust Hood Systems (UL 300 Compliance),SRP,proposed,,,,,,,,3234000,,,,Upgrade fire suppression exhaust hood systems to Underwriters Laboratories 300 compliance.,
2023,ASP,P-1617-00390,"Replace Two Air Handling Units & Repair Metal Roofing -Laundry, Building 695",DM,proposed,,,,,,,,650000,,,,"Replace two inoperable air handling units, located in the laundry building, with two new ones.",
2023,ASP,P-2122-00129,Replace Roofs Multiple Buildings,DM,future_5_10yr,,,,,,,,,38429000,5,Staff and Population Safety,Various roof replacements at Avenal State Prison.,The roofs are in poor condition and beyond their useful life. Roof replacements are necessary due to the deteriorated conditions of existing roofs that severely impact housing conditions and incarcerated individuals’ access to services and rehabilitation programs.
2023,CAL,P-1718-00222,Replace Roofs Multiple Buildings,DM,active,Construction,5/2022,12/2030,9,GF-S,,25068000,,,,,Various roof replacements at Calipatria State Prison.,
2023,CAL,P-2021-00194,Energy Efficiency Project - Lighting and Controls,E,active,Construction,7/2022,6/2024,98,GF-C,,6587000,,,,,Retrofit interior lighting and controls institution wide.,
2023,CAL,P-1617-00111,Health Care Facility Improvement Project - Phase II,MA,complete,,,,,,2/2023,23806000,,,,,"This project is part of the CDCR Health Care Facility Improvement Program, which is required to remedy the deficiencies in its existing health care components, and will assist in providing constitutionally compliant and efficiently provided medical care to its patients in two phases. This request is for Phase II construction for renovations and additions to the Primary Care Clinics in Facilities A, B, C, and D and for a new ASU Primary Care Clinic. These Primary Care Clinic renovations and additions at Facilities A, B, C, and D will provide primary health care consultation and treatment consistent with the delivery of a basic level of care.",
2023,CAL,P-2021-00211,Lethal Electrified Fence Repair and Upgrade,SRP,proposed,,,,,,,,1532000,,,,"Repair, replace, and /or upgrade components installed in the electrified fence system. This includes system components that have reached the end of their useful life such as the graphic annunciator panels, programmable logic controllers, electrical monitoring devices and interlock panels.",
2023,CAL,P-2122-00130,Replace Chillers and Chiller Condensate Pipes,DM,future_5yr,,,,,,,,,15000000,4,Staff and Population Safety,"Remove existing non-operational chillers and install variable frequency drive chillers, automated controls, and other associated components for operation of the chiller and condensing towers meeting all code requirements.","The chiller plant contains four chillers providing 4,000 tons of cooling to nearly 250 air handling units. These chillers provide all of the cooling for the institution including incarcerated population housing, kitchens and dining halls, medical clinics, education classrooms, program offices and administrative offices. These chillers have suffered catastrophic failure and must be replaced. CAL is currently operating on rental chillers to maintain indoor building temperatures in the hot desert climate."
2023,CAL,P-2122-00131,HVAC Controls Upgrade,DM,future_5_10yr,,,,,,,,,15000000,4,Staff and Population Safety,"Remove the existing non-operational Heating, Ventilation and Air Conditioning (HVAC) Energy Management System (EMS) throughout the institution. Replace with new local control panels, updated actuators and associated components for each HVAC unit networked to the Chiller Plant. Replace the economizer, chilled water valves, and control system for all housing units. Install variable frequency drives on fans to control temperatures and airflows. Install central control software to manage and monitor the overall system controls and receive communication signals from the HVAC equipment at the buildings.","The HVAC EMS controls the operation of the HVAC units through set points in heating and cooling modes. Currently, the EMS has become obsolete and replacement components cannot be purchased. This results in each HVAC unit being operated in manual mode. The lack of a working EMS prevents the ability to control temperatures within the buildings and impacts programming and facility operations."
2023,CCI,P-1314-00226,Replace UL-300 Fire Suppression System - Kitchens and Employee Snack Bar,DM,active,Construction,12/2022,4/2024,17,GF-S,,3106000,,,,,Install new code compliant kitchen fume hoods with fire suppression systems.,
2023,CCI,P-1415-00110,"Replace Roof - Facility A, Building 47, Vocation",DM,active,Construction,4/2022,4/2025,27,GF-S,,3403000,,,,,Full roof renewal. Roof is beyond useful life and can no longer be repaired incrementally.,
2023,CCI,P-1415-00114,"Replace Roof - Facility B, Building 57, Vocation",DM,active,Construction,4/2022,4/2025,27,GF-S,,3403000,,,,,Full roof renewal. Roof is beyond useful life and can no longer be repaired incrementally.,
2023,CCI,P-1617-00160,Solar Photovoltaic Array,E,active,Construction,4/2021,3/2024,95,SF,,0,,,,,4 megawatt ground mount system utilizing a Solar Power Purchase Agreement and Site License Agreement.,
2023,CCI,P-2021-00259,Energy Efficiency Project - Lighting and Air Handling Unit Controls,E,active,Construction,8/2022,7/2024,55,GF-S,,10918000,,,,,"Retrofit interior and exterior lighting, heat recovery and air handling units throughout institution.",
2023,CCI,P-1314-00138,Health Care Facility Improvement Program,MA,complete,,,,,,8/2023,57679000,,,,,"This project includes a new Facility E Primary Care Clinic, Pharmacy, and Lab; Facility A Primary Care Clinic renovation; Facility B Primary Care and Speciality Clinic renovation; Facility C Primary Care Clinic renovation and addition; and the construction of a new standalone Facility D Primary Care Clinic.",
2023,CCI,P-1718-00050,"Repair Fire Alarm System - Facility A, B, C",DM,complete,,,,,,6/2023,1523000,,,,,Replace all damaged and obsolete fire alarm control panels with new panels to make the system operational.,
2023,CCI,P-2122-00096,Central Kitchen Renovation,MA,future_5_10yr,,,,,,,,,78174000,10,Critical Infrastructure,"Facility C Kitchen addition will include one walk-in medium temperature refrigerator, one walk-in freezer, two large commercial cart-in baking ovens with turntables, two Proofers, two large commercial mixers, and pots and pans cleaning sinks. The religious diets and lunch preparation area requires two walk-in medium temperature refrigerators, one walk-in freezer, four microwaves, and a counter top area with a three compartment sink. This building addition will also need a food cart washing station and a loading and unloading dock area.","Facility D is being used as the main kitchen but is in very poor condition and inadequate for CCI’s needs. The kitchen and equipment are 58 years old. The plumbing and fixtures are aged and require frequent maintenance and repair of leaks due to corrosion and wear. With the deactivation of Facility D, the other facilities are required to change their programs to meet the needs of the incarcerated population."
2023,CCI,P-2122-00132,Repair of Laundry/Food Service Building (C21),DM,future_5_10yr,,,,,,,,,15000000,4,Staff and Population Safety,Replace roof and perform structural repairs for the building.,"The Laundry/Food Service building has deficiencies including roofs, building structures, and finishes. The roof has water intrusion that has caused damage to the interior ceilings and walls. Additionally, the structural supports in the utility tunnel are failing and there is buckling of the flooring."
2023,CCWF,P-1213-00222,Health Care Facility Improvement Program,MA,active,Construction,4/2015,9/2025,57,AB900LR;GF/AB900LR,,53493000,,,,,"This project includes the construction of a Reception Center Health Care Processing addition, Facility A Primary Care Clinic renovation, Facility B, C, and D Primary Care Clinic renovations and additions, a New Pharmacy, and Central Health Services renovations.",
2023,CCWF,P-1213-00238,Statewide Medication Distribution Improvements,MA,active,Construction,5/2015,1/2024,95,AB900GF,,0,,,,,"Existing medication distribution facilities do not allow for safe, efficient and effective distribution of medications and do not allow for compliance with federal and State infection control standards. Physical plant modifications are necessary to allow CDCR to provide appropriately sized space with proper infrastructure for secure distribution, infection control, and environmentally controlled and secure medication storage. This statewide project includes the design and construction of improved medication distribution facilities at 22 adult prisons. Note: Refer to Statewide Project for project funding.",
2023,CCWF,P-1718-00118,Statewide Medication Distribution Improvements - Phase II,MA,active,Construction,1/2022,1/2024,78,GF-C,,1034000,,,,,Design and construction of a Medication Preparation Room in Building 504 to provide the appropriate space with the proper infrastructure for secure medication preparation for Administrative Segregation Unit incarcerated individuals.,
2023,CCWF,P-0809-01823,Repair Housing Unit Showers (14 buildings),SRP,active,Construction,5/2024,TBD,0,GF-S,,2601000,,,,,Replace existing deteriorated shower door frames in housing unit.,
2023,CCWF,P-1314-00406,Replace Water Distribution Main Pipe,SRP,active,Construction,4/2015,2/2024,96,GF-S,,2784000,,,,,Repairs to main water line required for domestic water production. Work in 2 phases. Phase 1 and 2 included in this project.,
2023,CCWF,P-1516-00289,Americans With Disabilities Act Modifications,SRP,active,Construction,6/2017,10/2024,73,GF-S,,6266000,,,,,"Modify cells, program spaces and associated path-of-travel elements for disability placement program incarcerated individuals.",
2023,CCWF,P-1718-00014,Restricted Housing Room Renovation Building 504,SRP,active,Construction,12/2022,4/2025,20,GF-S,,388000,,,,,Renovate existing treatment space for Restricted Housing.,
2023,CCWF,P-2223-00102,Mental Health Crisis Beds Treatment Room - Bldg. 805,SRP,active,Construction,11/2021,2/2024,92,GF-S,,1080000,,,,,Install suicide resistant crisis beds to the treatment room.,
2023,CCWF,P-1213-00007,"Replace Roof and Mechanical Systems - Building 805, Central Health Services Building",DM,active,Construction,8/2020,12/2024,5,GF-S,,4981000,,,,,Replace failing roof and mechanical systems on Central Health Services Building 805.,
2023,CCWF,P-1819-00098,Replace Roofs Multiple Buildings,DM,active,Construction,2/2022,6/2027,5,GF-S,,23148000,,,,,Various roof replacements at Central California Women's Facility.,
2023,CCWF,P-2021-00257,Energy Efficiency Project - Lighting and Water Heaters,E,active,Construction,6/2023,4/2024,79,GF-S,,4268000,,,,,Retrofit lighting and replace water heaters institution wide.,
2023,CCWF,P-1718-00391,Wastewater Treatment Plant Bar Screen & Compactor Replacement for CCWF & VSP Headworks,SRP,complete,,,,,,9/2023,849000,,,,,"The project consists of the removal, disposal and replacement in kind of existing bar screens and compactors at the wastewater treatment plant headworks.",
2023,CEN,P-1617-00105,Substance Abuse Treatment Program Space,MI,active,All Phases,TBD,TBD,0,GF-C,,617000,,,,,Remodel existing Vocational Building 524B to provide the necessary confidential and group space needed for the Substance Abuse Treatment Program. Scope includes construction of four individual workspaces to conduct confidential incarcerated individual therapy/one-on-one counseling sessions.,
2023,CEN,P-2021-00193,Energy Efficiency Project - Lighting and Controls,E,active,Construction,7/2022,6/2024,57,GF-S,,9083000,,,,,Retrofit interior and exterior lighting and controls institution wide.,
2023,CEN,P-2223-00018,Urgent Chiller Overhaul - Chiller 1 & 3,DM,complete,,,,,,2/2023,270000,,,,,Perform overhaul on Trane chillers per maintenance standard.,
2023,CEN,P-1617-00569,"Repair Exterior Yard Doors - A, B, C, and D Yards",SRP,proposed,,,,,,,,134000,,,,"Rebuild existing yard doors including tracks, welded motor brackets and drop bars at A, B, C, and D yards.",
2023,CEN,P-2021-00213,Lethal Electrified Fence Repair and Upgrade,SRP,proposed,,,,,,,,1441000,,,,"Repair, replace, and /or upgrade components installed in the electrified fence system. This includes system components that have reached the end of their useful life, such as the graphic annunciator panels, programmable logic controllers, electrical monitoring devices, and interlock panels.",
2023,CEN,P-2122-00133,Replace Roofs Multiple Buildings,DM,future_5yr,,,,,,,,,46231000,5,Staff and Population Safety,Various roof replacements at Centinela State Prison.,The roofs are in poor condition and beyond their useful life. Roof replacements are necessary due to the deteriorated conditions of existing roofs that severely impact housing conditions and incarcerated individuals’ access to services and rehabilitation programs.
2023,CHCF,P-1718-00119,Statewide Medication Distribution Improvements - Phase II,MA,active,Construction,1/2022,11/2024,23,GF-C,,6495000,,,,,"Design and construction of a Medication Distribution Room in each of the five Enhanced Outpatient Housing Units in Facility E to provide the appropriate space with the proper infrastructure for secure medication distribution, infection control, environmental control, and secure medication storage.",
2023,CHCF,P-2021-00311,Facility B Individual Exercise Yards,MA,active,Construction,5/2023,12/2023,75,GF-C,,2683000,,,,,Design and construct 10 individual exercise yards on Facility B.,
2023,CHCF,P-1920-00107,Facility E Dayroom Restroom Housing Unit 301B,MI,active,All Phases,7/2021,TBD,5,GF-C,,303000,,,,,Design and construct a toilet and sink inside Facility E housing unit 301B dayroom at the California Health Care Facility to provide restroom access for Enhanced Outpatient Program patients with accessibility requirements and chronic medical needs.,
2023,CHCF,P-1920-00108,Facility E Dayroom Restroom Housing Unit 301C,MI,active,All Phases,7/2021,TBD,5,GF-C,,303000,,,,,Design and construct a toilet and sink inside Facility E housing unit 301C dayroom at the California Health Care Facility to provide restroom access for Enhanced Outpatient Program patients with accessibility requirements and chronic medical needs.,
2023,CHCF,P-1920-00109,Facility E Dayroom Restroom Housing Unit 301D,MI,active,All Phases,7/2021,TBD,5,GF-C,,303000,,,,,Design and construct a toilet and sink inside Facility E housing unit 301D dayroom at the California Health Care Facility to provide restroom access for Enhanced Outpatient Program patients with accessibility requirements and chronic medical needs.,
2023,CHCF,P-1920-00110,Facility E Dayroom Restroom Housing Unit 301E,MI,active,All Phases,7/2021,TBD,5,GF-C,,303000,,,,,Design and construct a toilet and sink inside Facility E housing unit 301E dayroom at the California Health Care Facility to provide restroom access for Enhanced Outpatient Program patients with accessibility requirements and chronic medical needs.,
2023,CHCF,P-1920-00111,Facility E Dayroom Restroom Housing Unit 301F,MI,active,All Phases,7/2021,TBD,5,GF-C,,303000,,,,,Design and construct a toilet and sink inside Facility E housing unit 301F dayroom at the California Health Care Facility to provide restroom access for Enhanced Outpatient Program patients with accessibility requirements and chronic medical needs.,
2023,CHCF,P-2324-00051,Potable Water Treatment System,MA,proposed,,,,,,,,959000,,,,Design and construct a potable water treatment system at the California Health Care Facility to supplement the disinfection of potable water delivered through the water distribution system. Preliminary plans phase funding.,
2023,CHCF,P-2021-00040,Hot Water Loop Modifications,SRP,proposed,,,,,,,,404000,,,,Make modification to the Hot Water Loop at CHCF to allow full circulation and maximum hot water return.,
2023,CIM,P-1617-00113,50-Bed Mental Health Crisis Facility,MA,active,Construction,11/2022,9/2025,13,GF-C;LR,,141087000,,,,,"Design and construct a 50 bed mental health crisis beds building that will provide housing, treatment, and office space to allow for patients in a mental health crisis state to be treated.",
2023,CIM,P-1718-00132,Air Cooling Facility A,MA,active,Construction,9/2022,2/2025,28,GF-C,,20326000,,,,,This project includes installation of new air cooling with heating systems at Facility A.,
2023,CIM,P-2122-00122,Americans With Disabilities Act Modifications,SRP,active,Construction,6/2022,6/2024,50,GF-S,,8032000,,,,,"Modify cells, program spaces, and associated path-of-travel elements for disability placement program incarcerated individuals.",
2023,CIM,P-2122-00117,Replace Roofs Multiple Buildings,DM,active,Construction,TBD,TBD,0,GF-S,,37936000,,,,,Various roof replacements at California Institution for Men.,
2023,CIM,P-2122-00154,Water Treatment/Storage Repairs,DM,complete,,,,,,1/2023,700000,,,,,"Replace the softening and nitrate treatment system, brine disposal pipeline, and repair the elevated water storage tank.",
2023,CIM,P-1920-00182,Electrical Renovations - Facility C,DM,proposed,,,,,,,,857000,,,,Install new transformer and new cables to utilize permanent power instead of a generator.,
2023,CIM,P-2021-00191,Energy Efficiency Project - Lighting and Air Handling Unit Controls,E,proposed,,,,,,,,0,,,,Retrofit interior and exterior lighting and heat exchanger. Upgrade air handling units motor controls.,
2023,CIM,P-2122-00103,"Air Cooling Facilities B & C Housing Units and Facilities A, C & D Kitchens",MA,future_5yr,,,,,,,,,107499000,5,Staff and Population Safety,"Design and install cooling systems for the Housing Units in Facilities B and C and Facilities A, C & D Kitchens.","The housing units in Facilities B and C were constructed between 1940 and 1974 and were not designed with air cooling or air conditioning systems. Due to the lack of air cooling, temperatures can often exceed 90°F, causing activation of heat plans and limiting incarcerated population programming."
2023,CIM,P-2122-00104,Backup Power,MA,future_5yr,,,,,,,,,58324000,5,Critical Infrastructure,Design and install a backup generator power system for the institution's standby power needs.,"CIM has very limited backup power capabilities. Without a standby power backup system to provide power during utility outages, essential infrastructure will not operate. This includes mechanical ventilation and heating systems, pumping systems, lighting, refrigerated and frozen food storage units, and electric cell door operators. Additionally, the Water Treatment Plant will not be able to operate."
2023,CIM,P-2122-00121,Repair of Cypress and Magnolia Storm Water Channels,SRP,future_5yr,,,,,,,,,15000000,4,Regulatory Compliance,Repair of storm water drainage channels crossing the CIM property.,The Cypress and Magnolia storm water drainage channels are heavily deteriorated and in need of repairs. The volume of water running through the channels is causing serious erosion.
2023,CIM,P-2122-00112,Facility C East Culinary Renovation,MA,future_5_10yr,,,,,,,,,10000000,10,Critical Infrastructure,"Renovate Facility C East Culinary Building and replace cooking, refrigeration, and freezer equipment.",The flooring and ceilings throughout the building are deteriorated and require repair. The existing ventilation system is aged and consistently requires maintenance and repairs. The electrical components/systems and food processing equipment are showing signs of age.
2023,CIW,P-2122-00123,Americans With Disabilities Act Modifications,SRP,active,Construction,10/2023,7/2025,0,GF-S,,4227000,,,,,"Modify cells, program spaces, and associated path-of-travel elements for disability placement program incarcerated individuals.",
2023,CIW,P-2223-00089,Point of Use - Fire Alarm Connection,SRP,active,Construction,1/2023,3/2024,99,GF-S,,180000,,,,,Connection of fire/smoke dampers and duct detectors for new point of use devices.,
2023,CIW,P-1516-00016,Central Boiler Replacement - Point of Use Heating/Domestic Hot Water,E,active,Construction,7/2018,3/2024,99,GF-S,,8096000,,,,,Convert boiler to point of use system.,
2023,CIW,P-1718-00120,Statewide Medication Distribution Improvements - Phase II,MA,complete,,,,,,10/2023,1604000,,,,,Design and construction of a Medication Preparation Room in the Administrative Segregation Housing Unit to provide the appropriate space with the proper infrastructure for secure medication preparation.,
2023,CIW,P-2223-00032,"Replace Door Control Panel, Segregated Program Housing Units",SRP,complete,,,,,,10/2023,482000,,,,,Replace the main control panel with an upgraded user interface designed specifically for detention facility applications.,
2023,CIW,P-2122-00098,Central Kitchen Remodel,MA,future_5yr,,,,,,,,,11050000,5,Critical Infrastructure,"Design and renovate the main culinary with new refrigeration and freezer equipment, food preparation, cooking, serving and wash stations.","The Central Kitchen building and its original systems date back to 1966. Due to the unavailability of replacement parts, much of the steam powered equipment is inoperative, including the hot wells, kettles, steamers, and dish washers. The kitchen drainage system clogs regularly resulting in frequent failures. The refrigeration/freezer systems have damaged/failing doors, buckling floor areas, and aged/worn electrical connections. Additionally, the plumbing and electrical systems are continual points of failure."
2023,CMC,P-1213-00224,Health Care Facility Improvement Program,MA,active,Construction,3/2015,11/2024,83,AB900LR;GF/AB900LR,,88414000,,,,,"Construction of a new Primary Care Clinic at the West Facility, a new Primary Care Clinic and the Health Care Administration building at the East Facility, a new Pharmacy and Laboratory building, and a new Administrative Segregation Unit Primary Care Clinic and Administrative Segregation Unit - Enhanced Outpatient Program Mental Health Clinic at the East Facility. Renovations will be performed at the East Facility Receiving and Release exam room, the East Facility Central Health Services, East Facility Medication Distribution room, and utility improvements.",
2023,CMC,P-1718-00261,"Repair Cell Electrical and Cable TV Building 4, Administrative Segregation Unit",SRP,active,Construction,9/2023,3/2024,10,GF-S,,305000,,,,,Repair existing electrical and cable television outlet locations by fixing the wiring.,
2023,CMC,P-1011-00346,Central Kitchen Replacement -West,MA,complete,,,,,,9/2023,36136000,,,,,"This project includes the demolition of the existing kitchen and dining areas and construction of a new 9,600 square foot kitchen with space for storage and preparation. Also being constructed are two 4,500 square foot satellite dining rooms.",
2023,CMC,P-1617-00149,Solar Photovoltaic Array,E,complete,,,,,,5/2023,0,,,,,2 megawatt ground mount system utilizing a Solar Power Purchase Agreement and a Site License Agreement.,
2023,CMC,P-1718-00253,"Convert Cells to GP - East Facility, Building 7, Lower Tier Modifications",SRP,proposed,,,,,,,,1300000,,,,Convert temporary Mental Health Crisis Beds back to General Population cells.,
2023,CMC,P-1819-00126,Upgrade Fire Suppression Exhaust Hood Systems (UL 300 Compliance),DM,proposed,,,,,,,,3700000,,,,Upgrade fire suppression exhaust hood systems to Underwriters Laboratories 300 compliance.,
2023,CMC,P-2122-00105,Fire Alarm and Suppression Upgrade,MA,future_5yr,,,,,,,,,71873000,5,Fire/Life/Safety,Replace and upgrade the existing fire suppression system at East Facility.,"The existing fire alarm and suppression system was designed to activate an electronic signal to the Fire Station whenever a sprinkler head or manual pull station was activated. The alarm system has become obsolete and no longer sends a signal to the Fire Station. Additionally, many buildings do not have Fire Department Service Connections (FDCs). FDCs are necessary to allow the Fire Department to pressurize the sprinkler lines in the event of building fires."
2023,CMC,P-2122-00127,Backwash Pipeline and Sludge Drying Beds,MA,future_5yr,,,,,,,,,10406000,5,Regulatory Compliance,"Design and construct a pipeline of sufficient size to convey filter backwash water from the Water treatment Plant to the existing sanitary sewer system. Project will also include construction of two new sludge drying beds, effluent pumping station, decant return line, and other required infrastructure.",The current water treatment plant operational process is to discharge the filter backwash into Chorro Reservoir and sending sludge to drying beds adjacent to Chorro Creek. Changes in regulatory requirements prohibit the filter backwash from being discharged into Chorro Reservoir.
2023,CMC,P-2122-00135,Chorro Reservoir Dredging,DM,future_5yr,,,,,,,,,30000000,5,Regulatory Compliance,"Full design, permits, environmental requirements to dredge sediment from Chorro Reservoir and its three supporting check dams to restore water storage and operational capacity for CMC and California Military Department (CMD).","Currently, Chorro Reservoir is at significantly reduced capacity due to naturally occurring sedimentation. This sedimentation is within 3 feet of the water inlet for the water treatment plant. Through an Interagency Agreement with CMD, CDCR maintains Chorro Reservoir and operates the water treatment plant. CMD holds water rights to the Chorro Reservoir watershed and is at risk of losing these water rights if water from the reservoir can not be pumped and processed."
2023,CMC,P-2122-00102,Renovation of Main Kitchen/Canteen,MA,future_5_10yr,,,,,,,,,45880000,10,Critical Infrastructure,"Design and renovate East Facility Main Kitchen and replace cooking, refrigeration, and freezer equipment.","The roof system is failing and allowing water to infiltrate the building’s interior. The floors of the Kitchen are in very poor condition. Several pieces of kitchen equipment are non-operational or in poor condition. The ventilation and evaporative cooling systems are aged and worn, with many components that are non- functioning or unreliable. Several areas of the ventilation ductwork are experiencing leaks due to rust and corrosion. Additionally, the plumbing systems for both water supply and waste drains are corroded and experiencing sediment buildup, routinely leak, and should be replaced."
2023,CMF,P-1516-00271,Americans With Disabilities Act Modifications,SRP,active,Construction,2/2019,5/2024,75,GF-S,,5750000,,,,,"Modify cells, dorms, restrooms, showers, and associated path-of-travel elements in I-1, H-1, H-2, H-3, and J-1 wings.",
2023,CMF,P-2324-00032,Install Electrical & Television Outlets Administrative Segregation Unit,SRP,active,Construction,10/2023,TBD,0,GF-C,,1627000,,,,,Add electrical and television outlets previously removed due to mission change.,
2023,CMF,P-2122-00118,Replace Roofs Multiple Buildings,DM,active,Construction,TBD,TBD,0,GF-S,,24085000,,,,,Various roof replacements at California Medical Facility.,
2023,CMF,P-1516-00487,Replace A Wing - Parallel Terminal Unit Chiller,SRP,proposed,,,,,,,,1000000,,,,Remove and dispose existing chiller and cooling tower and install a 150 ton air cooled chiller alongside the West side of A Wing.,
2023,CMF,P-1819-00121,Upgrade Fire Suppression Exhaust Hood Systems (UL 300 Compliance),DM,proposed,,,,,,,,2800000,,,,Upgrade fire suppression exhaust hood systems to Underwriters Laboratories 300 compliance.,
2023,CMF,P-2122-00107,Kitchen and Dining Facilities,MA,future_5yr,,,,,,,,,112754000,5,Critical Infrastructure,"Design and renovate the existing main kitchen, dietary pantry, and three dining halls, which includes upgrades and replacements of all food preparation equipment.","The Main Kitchen, Dietary Pantry, and Dining Halls suffer from multiple deficiencies with the equipment, building structures, finishes, and systems. Most of the walk-in refrigerator/freezer units are not operational due to the failure of the refrigeration systems. The interior walls and windows are damaged and show signs of water infiltration. Additionally, the tile floors are cracked, allowing water penetration from the surface to the subfloor. The electrical system is original to the building and wiring and panel boards have been damaged from condensation, mechanical wear of moving parts, deterioration of insulating materials, and rusting enclosures. The kitchen cooling is provided by evaporative coolers and the ducts from these coolers are cracked and the equipment is corroded and rusting."
2023,COR,P-1213-00240,Statewide Medication Distribution Improvements,MA,active,Construction,1/2022,9/2024,97,AB900GF,,0,,,,,"Existing medication distribution facilities do not allow for safe, efficient, and effective distribution of medications and do not allow for compliance with federal and state infection control standards. Physical plant modifications are necessary to allow CDCR to provide appropriately sized space with proper infrastructure for secure distribution, infection control, and environmentally controlled and secure medication storage. This statewide project includes the design and construction of improved medication distribution facilities at 22 adult prisons. Note: Refer to Statewide Project for project funding.",
2023,COR,P-1314-00199,Health Care Facility Improvement Program,MA,active,Construction,7/2015,9/2024,87,AB900LR;GF/AB900LR,,51871000,,,,,"This project includes the design and construction of a new Administrative Segregation Unit Primary Care Clinic; Primary Care Clinic renovations and additions at Facilities 3A, 3B, 3C, 4A and 4B; and Central Health Services Building renovations and addition. The new Administrative Segregation Unit Primary Care Clinic will provide separate clinical treatment space for the secure Administrative Segregation Unit population at COR. The Primary Care Clinic renovations and additions at Facilities 3A, 3B, 3C, 4A and 4B will provide primary health care consultation and treatment consistent with the delivery of a basic level of care. The renovated clinics will include lab draw stations to increase access to these services in an appropriate setting. The Central Health Services renovations and addition will provide centralized specialty health care treatment and consultation services, and emergency services for all incarcerated individuals.",
2023,COR,P-2122-00061,Correctional Treatment Center Individual Exercise Yards,MA,active,Construction,12/2023,11/2024,0,GF-C,,1917000,,,,,Design and construct two individual exercise yards adjacent to the Correctional Treatment Center.,
2023,COR,P-2122-00062,Radio Tower and Equipment Vault,MA,active,Working Drawings,2/2024,2/2025,0,GF-C,,1731000,,,,,Design and construct a radio communications system with the necessary infrastructure to support a new radio tower and a new radio communications vault.,
2023,COR,P-1516-00297,Americans With Disabilities Act Modifications,SRP,active,Construction,10/2017,11/2024,88,GF-S,,5180000,,,,,"Modify cells, program spaces and associated path-of-travel elements for disability placement program incarcerated individuals.",
2023,COR,P-1718-00223,Replace Roofs Multiple Buildings,DM,active,Construction,10/2020,8/2025,10,GF-S,,34650000,,,,,"Various roof replacements at California State Prison, Corcoran.",
2023,COR,P-1718-00121,Statewide Medication Distribution Improvements - Phase II,MA,complete,,,,,,10/2023,4503000,,,,,"Design and construction of a Medication Distribution Room at Facility 4B. This room will provide the appropriate space with the proper infrastructure for secure medication distribution, infection control, environmental control and secure medication storage.",
2023,COR,P-1819-00130,Upgrade Fire Suppression Exhaust Hood Systems (UL 300 Compliance),DM,proposed,,,,,,,,3700000,,,,Upgrade fire suppression exhaust hood systems to Underwriters Laboratories 300 compliance.,
2023,COR,P-2122-00108,Education Space,MA,future_5yr,,,,,,,,,17370000,5,Rehabilitative Programming,"Design and construct one 6,000 sf building at Facility 4B to provide space for education services.","COR lacks appropriate rehabilitative program space for Facility 4B and currently utilizes the visiting rooms or dayrooms to conduct small classes when available. Visiting rooms and dayrooms do not have whiteboards, video viewing capabilities, or computer workstations for incarcerated individuals or staff. Additionally, incarcerated individuals are completing homework packets instead of receiving in-class instruction to meet the education needs due to the programming population at Facility 4B and lack of classroom space. Even with the additional accommodations to provide education services, there is currently a waitlist of approximately 330 students in Facility 4B."
2023,CRC,P-1920-00118,Health Care Facility Repairs,SRP,active,Construction,8/2023,1/2026,5,GF-S,,6817000,,,,,"This project will replace damaged flooring, walls, casework and doors, and complete basic renovations to make medical spaces safe and functional. This project will also provide replacement of several existing medication distribution windows with prototypical medication distribution windows along with casework replacements and installation of sinks for hand washing.",
2023,CRC,P-2122-00219,"Replace Entrance Doors Building 107, 12 Dorms (12 sets of doors)",SRP,active,Construction,3/2023,1/2024,63,GF-S,,1500000,,,,,Repair damaged entrance doors in building 107.,
2023,CRC,P-2122-00136,Replace/Upgrade Standby Generator and Switchgear,DM,future_5_10yr,,,,,,,,,10000000,4,Fire/Life/Safety,"Replace the existing 4,160-volt primary switchgear substation, secondary disconnect switch, and standby generator.",The existing standby electrical power supply to the institution is inadequate to support the facility's operational needs. The standby generator capacity upgrade is needed to provide the required redundant source of emergency power to the institution during power outages. Unplanned electrical outages due to loss of power possess a potential risk to security and health and safety systems serving the incarcerated population and staff.
2023,CTC,P-1819-00016,"Restroom Renovations - Building B, D, E, F, G, L, and N",SRP,complete,,,,,,12/2023,4357000,,,,,Renovate restrooms in multiple buildings at the Correctional Training Center.,
2023,CTF,P-1718-00122,Statewide Medication Distribution Improvements - Phase II,MA,active,Construction,8/2022,3/2024,22,GF-C,,1559000,,,,,Design and construction of a Medication Preparation Room in O Wing to provide the appropriate space with the proper infrastructure for secure medication preparation for Administrative Segregation Unit incarcerated individuals.,
2023,CTF,P-0910-00900,"Roof Replacement L-Wing, Central Culinary Building",DM,active,Construction,4/2023,12/2024,4,GF-S,,3263000,,,,,Full roof renewal. Roof is beyond useful life and can no longer be repaired incrementally.,
2023,CTF,P-1617-00163,Solar Photovoltaic Array,E,active,Construction,9/2021,3/2024,90,SF,,0,,,,,Two megawatt ground mount system utilizing a Solar Power Purchase Agreement and a Site License Agreement.,
2023,CTF,P-1819-00141,Health Care Facility Improvement Program – Specialty Care Clinic,MA,complete,,,,,,8/2023,5566000,,,,,This project is part of the California Department of Corrections and Rehabilitation’s Health Care Facility Improvement Program to remedy deficiencies to health care facilities statewide. The improvements at the Correctional Training Facility have been divided into two phases. Phase II includes renovations to the Specialty Care Clinic in Facility C.,
2023,CTF,P-2122-00100,Radio Tower and Equipment Vault,MA,future_5yr,,,,,,,,,16610000,5,Staff and Population Safety,Design and construct a new concrete radio vault with 100-foot radio tower and related infrastructure.,The existing radio tower is located on top of the Administration Building at CTF. The California Office of Emergency Services Public Safety Communications engineers assessed the existing tower and deemed it a hazard where no scaling of the tower for maintenance is allowed due to safety concerns and the possibility of collapse. The new tower requires a co-located vault due to network and antennae limitations.
2023,CTF,P-2122-00109,New Kitchen and Dining Buildings,MA,future_5yr,,,,,,,,,301204000,5,Critical Infrastructure,"Demolish and replace kitchen and dining in Facilities A/B and C, and the Central Culinary Warehouse. Scope includes new kitchen equipment, loading docks, and related paving.","The kitchen and dining buildings are more than 60 years old. The mechanical, electrical, and plumbing systems, which are original to the building, are experiencing numerous failures and are constant maintenance issues for Plant Operations staff. A significant portion of the existing food preparation and service equipment at Facility A/B are in disrepair or are nonfunctioning, creating inefficiencies in labor and service. Areas of the concrete floor are spalling and cracking, causing water infiltration."
2023,CTF,P-2324-00055,Replacement of Well 5,MA,future_5_10yr,,,,,,,,,5000000,10,Critical Infrastructure,"Demolish Well 5 and backfill/seal the site as necessary to protect the supplying underground aquifer from contaminants. Additionally, the project includes the construction of a new groundwater well including the installation of new controls, associated equipment, and the connections into the existing infrastructure.",Well 5 was drilled/installed in 1950 and has been in operation over 70 years. The average useful lifespan for a groundwater well is typically 30 to 50 years. This useful lifespan duration is based on water industry estimates for typical groundwater quality operating conditions and utilizing typical well fabrication materials.The inner casing is compromised and is not repairable due to age and condition of the materials.
2023,CTF,P-2122-00137,Replace Roofs Multiple Buildings,DM,future_5_10yr,,,,,,,,,64152000,5,Staff and Population Safety,Various roof replacements at Correctional Training Facility.,The roofs are in poor condition and beyond their useful life. Roof replacements are necessary due to the deteriorated conditions of existing roofs that severely impact housing conditions and incarcerated individuals’ access to services and rehabilitation programs.
2023,CVSP,P-1415-00085,Health Care Facility Improvement Program,MA,complete,,,,,,2/2023,23824000,,,,,"This project includes renovations and additions to Primary Care Clinics at Facilities A, B, C, and D; renovations to the Central Health Services building; and a new Health Care Administration building. The Primary Care Clinic renovations and additions at Facilities A, B, C, and D will provide primary health care consultation and treatment consistent with the delivery of a basic level of care. The renovated clinics will include lab draw stations to increase access to these services in an appropriate setting. The Central Health Services renovation is to provide an additional specialty exam room, clinical support space, optical services, a mental health assessment room, and an expanded Triage and Treatment Area. The new Health Care Administration building will provide offices for Health Care Administration staff that have been displaced by clinical activities at CVSP.",
2023,CVSP,P-2223-00109,Repair Supervisory Control and Data Acquisition (SCADA) System; Water Plant,SRP,complete,,,,,,3/2023,25000,,,,,Repair system at the waste water treatment plant required for domestic water production.,
2023,FOL,P-1819-00142,Water Storage Tanks,MA,active,Construction,12/2020,4/2024,99,GF-C,,9627000,,,,,"Construct two new 750,000 gallon water storage tanks necessary to support building fire suppression requirements as part of the Health Care Facility Improvement Program improvements constructed at FSP and SAC.",
2023,FOL,P-1314-00272,Replace Ansul Fire Extinguishing Systems - Main and Minimum Support Facility Kitchens,DM,complete,,,,,,5/2023,467000,,,,,Upgrade fire suppression exhaust hood systems to Underwriters Laboratories 300 compliance.,
2023,FOL,P-2122-00138,Cell Block 1 Heating/Cooling System,DM,future_5_10yr,,,,,,,,,15000000,5,Staff and Population Safety,"Scope of work includes repairs and replacements to hot water distribution system serving the heating air handling units and related equipment, including: heating coils, pumps, and exhaust fans. Steam is distributed to the mechanical rooms and terminates at steam to hot water heat exchangers for building heating.","The heating/cooling equipment serving Cell Block 1 includes indoor air handlers with heating coils, pumps, and exhaust fans. The hot water heat exchangers are leaking, not functioning properly and are not energy efficient. The heating/cooling system and all components are antiquated and are not able to meet heating requirements."
2023,FOL,P-2122-00139,Replace Roofs Multiple Buildings,DM,future_5_10yr,,,,,,,,,31977000,5,Staff and Population Safety,Various roof replacements at Folsom State Prison.,The roofs are in poor condition and beyond their useful life. Roof replacements are necessary due to the deteriorated conditions of existing roofs that severely impact housing conditions and incarcerated individuals’ access to services and rehabilitation programs.
2023,FOL,P-2122-00140,"Repair Dining Rooms 1 and 2, Kitchen, Counseling Office",DM,future_5_10yr,,,,,,,,,30000000,5,Critical Infrastructure,Includes repairs and replacements for all interior finishes and the replacement of significant sections of the concrete floor slab in the Kitchen. Work is most significant in Kitchen/Dining areas and includes equipment replacement and upgrades for MEP systems; major repairs to walk-in freezers; and replacement of walk-in refrigerators.,"All areas require major equipment and MEP systems upgrades. Kitchen refrigerators and freezers have difficulty maintaining required temperatures, and the kitchen quarry tile floor and floor slab have cracked."
2023,HDSP,P-1617-00025,Replace Floor - Correctional Treatment Center,SRP,active,Construction,4/2023,1/2024,81,GF-S,,1652000,,,,,Replace existing damaged flooring materials with new epoxy resin based flooring system.,
2023,HDSP,P-1819-00199,Replace Roofs Multiple Buildings,DM,active,Construction,5/2021,11/2029,22,GF-S,,40120000,,,,,Various roof replacements at High Desert State Prison.,
2023,HDSP,P-2122-00236,Urgent Repair - Generator #3,SRP,complete,,,,,,4/2023,562000,,,,,Repair generator at Co-Generation Plant.,
2023,HDSP,P-2223-00053,Urgent Component Replacement & Repair - Boiler #2,DM,complete,,,,,,4/2023,216000,,,,,Repair failed boiler system components.,
2023,ISP,P-0910-01113,"Heating, Ventilation and Air Conditioning",MA,active,Construction,6/2018,2/2024,99,GF-C;GFLR,,192692000,,,,,"This project includes replacement of the institution's existing evaporative cooling system, which has reached the end of its useful life and is no longer cost-effective to maintain. It includes a new centralized chiller plant exclusive for ISP and a new closed loop chilled water plant with an emergency generator. The existing units located on housing buildings and support buildings will be replaced with new units to work in conjunction with the new plant. The site will receive new piping for a chilled water distribution main loop. The scope includes improvement to existing roofs, fire dampers, and smoke evacuation systems to correct damage done by the existing deteriorated evaporative cooling system. The site will also receive a new electrical substation by Southern California Edison.",
2023,ISP,P-2021-00310,New Potable Water Wells,MA,active,Working Drawings,5/2023,5/2024,65,GF-C,,1943000,,,,,Design and construct two new groundwater wells to supply adequate amounts of potable water for incarcerated individuals and staff at ISP.,
2023,ISP,P-2021-00031,Renovate Water Tanks,SRP,active,Construction,7/2022,3/2024,72,GF-S,,5919000,,,,,Repair and recoat the leaking elevated water tower and two ground water storage tanks that support ISP.,
2023,ISP,P-1718-00368,"Replace Freezer / Refrigerator Condensing, Evaporation, and Line Set System",SRP,proposed,,,,,,,,1100000,,,,Replace the original existing refrigerator rack system for all walk in refigerators and freezers.,
2023,ISP,P-2021-00215,Lethal Electrified Fence Repair and Upgrade,SRP,proposed,,,,,,,,1418000,,,,"Repair, replace and /or upgrade components installed in the electrified fence system. This includes system components that have reached the end of their useful life such as the graphic annunciator panels, programmable logic controllers, electrical monitoring devices and interlock panels.",
2023,KVSP,P-1617-00150,Solar Photovoltaic Array,E,active,Construction,6/2021,12/2023,98,SF,,0,,,,,Three megawatt ground mount system utilizing a Solar Power Purchase Agreement and a Site License Agreement.,
2023,KVSP,P-1516-00303,Americans with Disabilities Act Modifications,SRP,complete,,,,,,12/2023,3809000,,,,,"Modify cells, program spaces and associated path-of-travel elements for disability placement program incarcerated individuals.",
2023,LAC,P-1718-00125,Statewide Medication Distribution Improvements - Phase II,MA,active,Construction,7/2022,2/2024,54,GF-C,,7784000,,,,,"Design and construction of two Medication Distribution Rooms in the Enhanced Outpatient Units at Housing Units D3 and D4 to provide the appropriate space with the proper infrastructure for secure medication distribution, infection control, environmental control and secure medication storage.",
2023,LAC,P-2021-00197,Medication Preparation Room Unit D5,MA,active,Construction,11/2022,2/2024,48,GF-C,,3866000,,,,,Design and construct a Medication Preparation Room in Housing Unit D5.,
2023,LAC,P-2122-00124,Americans With Disabilities Act Modifications,SRP,active,Construction,9/2023,9/2025,6,GF-S,,4549000,,,,,"Modify cells, program spaces, and associated path-of-travel elements for disability placement program incarcerated individuals.",
2023,LAC,P-2021-00201,Replace Roofs Multiple Buildings,DM,active,Construction,TBD,TBD,0,GF-S,,40100000,,,,,"Various roof replacements at California State Prison, Los Angeles County.",
2023,LAC,P-1617-00161,Solar Photovoltaic Array,E,complete,,,,,,10/2023,0,,,,,2.4 megawatt parking canopy system utilizing a Solar Power Purchase Agreement and a Site License Agreement.,
2023,LAC,P-2122-00110,New Pharmacy Building,MA,future_5yr,,,,,,,,,16771000,5,Health Care Programming,"Design and construct a new pharmacy building located between Facilities B and C in a central location. Scope of work includes an office for the Pharmacist-In-Charge, two staff restrooms, staff breakroom, a medication/narcotic filling station with secure cabinet, a prescription verification area, a shipping/receiving/manifesting space, and an intravenous anteroom/preparation area.","The pharmacy is located in the CTC and consists of five separate rooms. The main pharmacy room is approximately 550 sf. The surrounding four rooms, totaling approximately 250 sf, provide office space for six pharmacists and three pharmacist technicians, an intravenous fluids preparation station, pharmacy return processing, and waste storage. Due to the daily delivery of medications there is inadequate space for pharmaceutical storage, often leading to obstructions to the walkways and the entrance and exit door. LAC has no alternative but to store medication along walls and floor surfaces which impedes their path of travel and contributes to inefficient delivery of patient medications, which also puts staff safety at risk due to tripping hazards and potential injuries from unrestrained boxes."
2023,MCSP,P-1819-00198,Americans With Disabilities Act Improvements,SRP,active,Construction,2/2022,9/2024,61,GF-S,,4746000,,,,,"Modify cells, program spaces and associated path-of-travel elements for Administrative Segregation Unit and Enhanced Outpatient programs.",
2023,MCSP,P-1819-00201,Fire Alarm Replacement and Fire Suppression Repair,DM,active,Construction,11/2022,10/2024,43,GF-S,,13650000,,,,,"Replace the fire alarm control panel, network connections, detection devices, and various fire and life safety items.",
2023,MCSP,P-1920-00122,Replace Irrigation System - Facility A - C,DM,active,Construction,10/2023,10/2025,2,GF-S,,4070000,,,,,Replace and install irrigation system.,
2023,MCSP,P-1718-00126,Statewide Medication Distribution Improvements - Phase II,MA,complete,,,,,,2/2023,930000,,,,,Design and construction of a Medication Preparation Room in Housing Unit C12 to provide the appropriate space with the proper infrastructure for secure medication preparation for Administrative Segregation Unit incarcerated individuals.,
2023,MCSP,P-2122-00141,Sanitary Sewer/Storm Water System Upgrades,DM,future_5yr,,,,,,,,,10000000,5,Regulatory Compliance,"Replace existing damaged sanitary sewer and storm water systems. This project will require locating all damaged pipe, excavation, demolition of concrete and asphalt and pipe replacement and replace concrete and asphalt.",A recent storm water system investigation has identified numerous repairs in the sanitary sewer and storm water systems. These repairs are necessary for continued conveyance of wastewater and stormwater in a safe manner consistent with existing permits.
2023,MCSP,P-2122-00143,Replace Roofs Multiple Buildings,DM,future_5yr,,,,,,,,,38263000,5,Staff and Population Safety,Various roof replacements at Mule Creek State Prison.,The roofs are in poor condition and beyond their useful life. Roof replacements are necessary due to the deteriorated conditions of existing roofs that severely impact housing conditions and incarcerated individuals’ access to services and rehabilitation programs.
2023,MCSP,P-2122-00142,Replace Existing Power System with Underground Feeds,DM,future_5_10yr,,,,,,,,,20000000,4,Fire/Life/Safety,Replace the existing 12 KV three phase overhead utility electrical system. The new system will be installed underground with new vaults and ground mounted transformers and sub-feeder to each building.,"The above ground overhead electrical utility power system is in very poor condition and has been noted by inspection to be in violation of the California Public Utilities Commission General Order 95 relative to rules for construction and maintenance of overhead electrical systems. High winds often damage the power poles and electrical power lines, which impacts the delivery of essential services to the incarcerated population."
2023,NKSP,P-1516-00291,Americans With Disabilities Act Modifications,SRP,active,Construction,6/2018,1/2024,99,GF-S,,2799000,,,,,"Modify cells, program spaces and associated path-of-travel elements for disability placement program incarcerated individuals.",
2023,NKSP,P-1213-00220,Health Care Facility Improvement Program,MA,complete,,,,,,12/2023,83188000,,,,,"This project includes Facility A Primary Care Clinic addition and renovation, new Facility B, C, and D Primary Care Clinics, new Medication Distribution Rooms, Central Health Services renovation and addition, Reception Center Health Care Processing renovation, and a new Correctional Case Management building.",
2023,NKSP,P-2122-00145,Replace Roofs Multiple Buildings,DM,future_5yr,,,,,,,,,55195000,5,Staff and Population Safety,Various roof replacements at North Kern State Prison.,The roofs are in poor condition and beyond their useful life. Roof replacements are necessary due to the deteriorated conditions of existing roofs that severely impact housing conditions and incarcerated individuals’ access to services and rehabilitation programs.
2023,NKSP,P-2122-00144,Replace Fire Alarm System Sitewide,DM,future_5_10yr,,,,,,,,,20000000,4,Fire/Life/Safety,"Replacement of the existing, sitewide, fire alarm system. This includes all existing fire alarm control panels, all wiring, all devices, all fiber optic cabling and programming needed to have a complete and operational system.","Fire/smoke detection system currently has limited operation due to an obsolete system that is no longer supported by the manufacturer, and replacement parts are no longer available. The non-functioning system affects the ability to obtain a five year fire suppression certification as the system will not alarm/notify in the event that the fire sprinkler is activated."
2023,PBSP,P-1617-00108,Fire Suppression Upgrade,MA,active,Construction,12/2023,5/2027,0,GF-C,,37086000,,,,,"Install a standard fire suppression system, fire alarm control panels, and fire detection devices in the eight general population housing units, consistent with code.",
2023,PBSP,P-1718-00127,Statewide Medication Distribution Improvements - Phase II,MA,active,Construction,4/2022,2/2024,31,GF-C,,2187000,,,,,"Design and construction of a Medication Distribution Room on Facility D due to a recent mission change to a non-segregated population. This will provide the appropriate space with the proper infrastructure for secure medication distribution, infection control and secure medication storage.",
2023,PBSP,P-2223-00084,Emergency Fence Repairs,SRP,complete,,,,,,3/2023,223000,,,,,Replace damaged and deteriorated fencing.,
2023,PBSP,P-1011-00014,Upgrade Fire Suppression Exhaust Hood System,DM,proposed,,,,,,,,350000,,,,Upgrade fire suppression exhaust hood systems to Underwriters Laboratories 300 compliance.,
2023,PBSP,P-2122-00146,Replace Roofs Multiple Buildings,DM,future_5_10yr,,,,,,,,,63163000,5,Staff and Population Safety,Various roof replacements at Pelican Bay State Prison.,The roofs are in poor condition and beyond their useful life. Roof replacements are necessary due to the deteriorated conditions of existing roofs that severely impact housing conditions and incarcerated individuals’ access to services and rehabilitation programs.
2023,PVSP,P-1314-00412,Health Care Facility Improvement Program,MA,active,Construction,4/2016,4/2024,96,AB900LR;GF/AB900LR,,43258000,,,,,"This project includes Primary Care Clinic renovations and additions to Facilities A, B, C, and D; a new Administrative Segregation Unit Primary Care Clinic; renovation to the Central Health Services building; and a new Pharmacy and Lab building. The Primary Care Clinic renovations and additions at Facilities A, B, C and D will provide primary health care consultation and treatment consistent with the delivery of a basic level of care. The renovated clinics will include lab draw stations to increase access to these services in an appropriate setting. The new Administrative Segregation Unit Primary Care Clinic will provide separate clinical treatment space for the secure Administrative Segregation Unit population. The Central Health Services renovation is to provide additional specialty exam rooms, clinical support space, and an appropriately sized physical therapy room, optical service and an expanded Treatment and Triage Area. The new Pharmacy and Lab building will meet the pharmaceutical processing demands at a basic level of care and make space available within the existing Central Health Services building for direct patient specialty clinical care services.",
2023,PVSP,P-1516-00305,Americans With Disabilities Act Modifications,SRP,active,Construction,9/2017,1/2024,94,GF-S,,6453000,,,,,"Modify cells, program spaces and associated path-of-travel elements for disability placement program incarcerated individuals.",
2023,PVSP,P-1718-00070,Solar Photovoltaic Array,E,active,Construction,6/2021,3/2024,98,GF-S,,0,,,,,"Install Solar Photovoltaic Array, 2 megawatt parking canopy system utilizing a Solar Power Purchase Agreement and Site License Agreement.",
2023,PVSP,P-2122-00147,Central Kitchen Refrigeration System,DM,future_5_10yr,,,,,,,,,10000000,4,Critical Infrastructure,"Replace the Central Kitchen refrigeration systems. This replacement includes new refrigeration walk-in boxes, condensers, electrical connections and control systems.","The refrigeration system at the Central Kitchen continues to work poorly, causing loss of product. The system is original to the facility and has had continual maintenance issues in recent years that include: compressor burnout, electrical component failure, numerous refrigerant leaks, condensate pipe failure, and evaporator freezing due to blockage at the expansion valves. After many years of operation the evaporators have become impacted, decreasing the efficiency of the cooling refrigerant and putting the compressors at risk of failure."
2023,PVSP,P-2122-00148,Replace Fire Alarm System Sitewide,DM,future_5_10yr,,,,,,,,,20000000,4,Fire/Life/Safety,"Replacement of the existing, sitewide, fire alarm system. This includes all existing fire alarm control panels, all wiring, all devices, all fiber optic cabling and programming needed to have a complete and operational system.","Fire/smoke detection system currently has limited operation due to an obsolete system that is no longer supported by the manufacturer, and replacement parts are no longer available. All housing units and most of the support buildings are required to be on fire watch due to the lack of fire/smoke detection. The non- functioning system also affects the ability to obtain a five year fire suppression certification as the system will not alarm/notify in the event that fire sprinkler is activated."
2023,RJD,P-1718-00128,Statewide Medication Distribution Improvements - Phase II,MA,active,Construction,8/2022,2/2024,80,GF-C,,5700000,,,,,"Design and construction of a Medication Preparation Room in Housing Unit B6 and B7 to provide appropriate space with the proper infrastructure for secure medication preparation for Administrative Segregation incarcerated individuals. Also provide a Medication Distribution Room in an Enhanced Outpatient unit at Housing Unit C14 to provide the appropriate space with the proper infrastructure for secure medication distribution, infection control, environmental control and secure medication storage.",
2023,RJD,P-1213-00318,Install Electrical and TV Wiring - B Housing Units B6 & B7,SRP,active,Construction,10/2023,TBD,0,GF-C,,1087000,,,,,Install electrical & TV wiring in B Housing Units B6 and B7.,
2023,RJD,P-2122-00125,Americans With Disabilities Act Modifications,SRP,active,Construction,9/2023,6/2025,7,GF-S,,5346000,,,,,"Modify cells, program spaces, and associated path-of-travel elements for disability placement program incarcerated individuals.",
2023,RJD,P-1516-00469,Replace Hoods - Kitchen Grease/Fire Suppression Systems,DM,active,Construction,1/2022,1/2024,92,GF-S,,3952000,,,,,Install new code compliant kitchen fume hoods with fire suppression systems.,
2023,RJD,P-1819-00202,Fire Alarm Replacement and Fire Suppression Repair,DM,active,Design Build,7/2023,7/2026,8,GF-C,,26900000,,,,,"Replace the fire alarm control panel, network connections, detection devices, and various fire and life safety items.",
2023,RJD,P-2122-00149,Replace Roofs Multiple Buildings,DM,active,Construction,TBD,TBD,0,GF-S,,63501000,,,,,Various roof replacements at Richard J. Donovan Correctional Facility.,
2023,RJD,P-1617-00157,Solar Photovoltaic Array,E,active,Construction,5/2021,12/2023,98,SF,,0,,,,,3 megawatt ground mount system utilizing a Solar Power Purchase Agreement and a Site License Agreement.,
2023,RJD,P-2021-00167,Retrofit Water Efficiency Fixtures,E,active,Construction,7/2020,12/2023,69,GF-S,,0,,,,,"Procure and install approximately 436 faucet flow reducers, 160 low-flow showerheads with timers, 225 commercial toilets, 211 high-efficiency toilets and plumbing supplies and materials required to retrofit fixtures.",
2023,RJD,P-2122-00235,Direct Replacement Deaerator Tank and Urgent Materials to Repair Hot Water Vaults,SRP,complete,,,,,,8/2023,339000,,,,,Replace existing deaerator tank and make repairs as needed.,
2023,SAC,P-1718-00113,New Cognitive Behavioral Treatment Classrooms,MA,active,Construction,5/2023,6/2025,5,GF-C,,15990000,,,,,"This project will construct three 1,440 sf modular buildings on Facility A, B and C for Cognitive Behavioral Treatment classes.",
2023,SAC,P-1718-00129,Statewide Medication Distribution Improvements - Phase II,MA,active,Construction,3/2022,4/2024,43,GF-C,,8252000,,,,,"Design and construction of Medication Distribution Rooms in Enhanced Outpatient Units at Housing Units A3/A4 and B3/B4 to provide the appropriate space with the proper infrastructure for secure medication distribution, infection control, environmental control and secure medication storage. Additional Medication Distribution Rooms in Housing Units A1/A2, A5/A6, and B7/B8 will provide work space for two to three psychiatric technicians.",
2023,SAC,P-1516-00287,Americans With Disabilities Act Modifications,SRP,active,Construction,1/2017,2/2025,65,GF-S,,2001000,,,,,"Modify cells, program spaces, and associated path-of-travel elements for disability placement program incarcerated individuals.",
2023,SAC,P-1415-00052,"Replace Heating, Ventilation and Air Conditioning System and Flooring - Facility A, Correctional Treatment Center",DM,active,Construction,11/2023,10/2025,0,GF-S,,8535000,,,,,"Replace and/or upgrade all air handling equipment located in Facility A, Correctional Treatment Center, and replace the existing epoxy flooring.",
2023,SAC,P-1920-00105,Replace Roofs Multiple Buildings,DM,active,Construction,5/2022,2/2026,6,GF-S,,40600000,,,,,"Various roof replacements at California State Prison, Sacramento.",
2023,SAC,P-2021-00209,Replace Fire Suppression Grill Hoods - UL 300 Compliance,DM,active,Construction,1/2022,1/2024,80,GF-S,,328000,,,,,Replace existing fire suppression system hoods above all grills in pantries and administration canteen to meet the requirements mandated by the State Fire Marshal.,
2023,SAC,P-2122-00111,New Pharmacy Building,MA,future_5yr,,,,,,,,,16746000,5,Health Care Programming,"Design and construct a new 2,800 sf pharmacy building within the secure perimeter with staff workstations to conduct current and future pharmacy operations. Scope includes spaces for the pharmacy to function as a local and regional hub for tele-pharmacy services, staff restrooms, breakroom, a conference room, and administrative office space.","The existing pharmacy room at SAC is 1,200 sf and consists of the drug utilization workstations to fill prescriptions and the other adjoining room is utilized for prescription verification is 1,160 sf. In addition to all the medications housed in these spaces, there are 17 pharmacists and pharmacy technicians sharing this space. The existing layout does not accommodate existing personnel, efficient workflow, and approval protocols required to minimize medication ordering, preparation and dispensing errors or the space and internal organization required to manage the receipt of daily prescriptions, central fill workflows and on-site prescription preparation and dispensing of medications. There is inadequate space for pharmaceutical storage and distribution for all incarcerated individual medication."
2023,SATF,P-1314-00201,Health Care Facility Improvement Program,MA,active,Construction,7/2015,10/2024,88,AB900LR;GF/AB900LR,,40564000,,,,,"This project includes the design and construction of a new Administrative Segregation Unit Primary Care Clinic at Facility E; Primary Care Clinic renovations and additions at Facilities A, B, C, D, E, F, and G; and the Central Health Services building renovations. The new Administrative Segregation Unit Primary Care Clinic at Facility E will provide separate clinical treatment space for primary care treatment and consultation for the secure lock-up Administrative Segregation Unit population at SATF. The Primary Care Clinic renovations and additions at Facilities A, B, C, D, E, F and G will provide primary health care treatment and consultation consistent with the delivery of a basic level of care. The renovated clinics will include lab draw stations to increase access to these services in an appropriate setting. The renovated Central Health Services building will provide centralized specialty clinical services, consultation, and emergency services for all incarcerated individuals.",
2023,SATF,P-1920-00112,Air Cooling Facility F and G,MA,active,Construction,4/2023,7/2025,5,GF-C,,17011000,,,,,"Design and construct air conditioning units in treatment and office spaces in Facility F and G housing units. The scope consists of additional equipment pads, conduit and piping supports, as well as the additional roof or wall penetrations to accommodate the new units.",
2023,SATF,P-1516-00307,Americans With Disabilities Act Modifications,SRP,active,Construction,11/2017,5/2025,38,GF-S,,7480000,,,,,"Modify cells, program spaces, and associated path-of-travel elements for disability placement program incarcerated individuals.",
2023,SATF,P-1718-00219,Replace Roofs Multiple Buildings,DM,active,Construction,7/2019,11/2024,57,GF-S,,32508000,,,,,Various roof replacements at California Substance Abuse Treatment Facility.,
2023,SATF,P-2122-00150,Replace Fire Alarm System Sitewide,DM,future_5_10yr,,,,,,,,,25000000,4,Fire/Life/Safety,"Replacement of the existing, sitewide, fire alarm system. This includes all existing fire alarm control panels, all wiring, all devices, all fiber optic cabling and programming needed to have a complete and operational system.",The fire/smoke detection system is currently not operational. The system is obsolete and therefore there are no replacement parts on the market. The non-functioning system also affects the ability of obtaining five year fire suppression certification as the system will not alarm/notify in the event of fire sprinkler water flow. All housing units and most support buildings are currently on fire watch due to the lack of fire/smoke detection.
2023,SCC,P-1617-00136,Repair Showers - Tuolumne Housing 1- 5,SRP,active,Construction,12/2022,8/2024,24,GF-S,,2088000,,,,,Repair the showers in Tuolumne Housing Buildings 1 through 5.,
2023,SCC,P-2324-00033,Install Electrical & Television Outlets - HU2,SRP,active,Construction,10/2023,TBD,0,GF-C,,661000,,,,,Add electrical and television outlets previously removed due to mission change.,
2023,SCC,P-1819-00143,Health Care Facility Improvement Program - Central Health Services Building Renovation,MA,complete,,,,,,12/2023,13561000,,,,,This project is part of the California Department of Corrections and Rehabilitation’s Health Care Facility Improvement Program to remedy deficiencies to health care facilities statewide. The improvements at the Sierra Conservation Center have been divided into two phases. Phase II includes renovations to the Central Health Services building.,
2023,SCC,P-2122-00101,Air Cooling Calaveras/Mariposa Housing Units,MA,future_5yr,,,,,,,,,41694000,5,Staff and Population Safety,Design and replace existing air handlers in Calaveras/Mariposa housing units with evaporative cooling.,"All 38 dorms in the Calaveras and Mariposa Housing Units are equipped with heating and ventilation units, but lack cooling equipment and adequate insulation. The concrete construction of the buildings continue to retain heat even as the outside air cools in the evening. Without air cooling, there is no relief from summer temperatures that can reach as high as 109°F. This can result in activation of heat plans when temperatures exceed allowable limits."
2023,SCC,P-2122-00156,Construct New Clarifier Building,MA,future_5_10yr,,,,,,,,,22878000,5,Regulatory Compliance,"Design and construct a new Clarifier Building capable of housing a new clarification system with associated components, piping, and controls. The new system will also require connection to the backup power system.","SCC’s Water Treatment Plant uses an Upflow Clarifier, installed in 1962, which promotes the clarification/removal of suspended solids from the water. The pipes and baffles in the clarifier have been affected by corrosion and are no longer able to properly create the desired flow patterns. Additionally, the Upflow Clarifier is uncovered, allowing sun exposure and contaminates to enter the tanks which can cause unwanted fluctuation in water temperatures."
2023,SCC,P-2122-00151,Replace Roofs Multiple Buildings,DM,future_5_10yr,,,,,,,,,27522000,5,Staff and Population Safety,Various roof replacements at Sierra Conservation Center.,The roofs are in poor condition and beyond their useful life. Roof replacements are necessary due to the deteriorated conditions of existing roofs that severely impact housing conditions and incarcerated individuals’ access to services and rehabilitation programs.
2023,SOL,P-1213-00198,Health Care Facility Improvement Program,MA,active,Construction,10/2014,2/2024,95,AB900LR;GF/AB900LR,,50752000,,,,,"This project includes the construction of a Complex Facility Clinic, renovations to Central Health Services and Receiving and Release, construction of new Medication Distribution Rooms, and disabled accessibility improvements to housing units and path-of-travel accessibility.",
2023,SOL,P-1516-00067,Replace Hydronic Loop System,SRP,active,Construction,8/2020,7/2027,33,GF-S,,20164000,,,,,Remove and replace all deteriorated pipes with like insulated pipes.,
2023,SOL,P-1718-00316,Repair Water Treatment Plant Filter Trains,SRP,active,Construction,10/2023,7/2024,10,GF-S,,1288000,,,,,Repair filter trains at Water Treatment Plant.,
2023,SOL,P-2223-00152,"Americans With Disabilities Act Modifications, Group C, Non-FLS",SRP,active,Construction,4/2024,8/2025,0,GF-S,,670000,,,,,"Modify prescribed elements within facility living, visitation, recreation, and vocational education areas.",
2023,SOL,P-1819-00134,Upgrade Fire Suppression Exhaust Hood Systems (UL 300 Compliance),DM,active,Construction,3/2023,7/2024,40,GF-S,,3190000,,,,,Upgrade fire suppression exhaust hood systems to Underwriters Laboratories 300 compliance.,
2023,SOL,P-1819-00200,Replace Roofs Multiple Buildings,DM,active,Construction,5/2021,4/2029,19,GF-C,,31576000,,,,,Various roof replacements at Solano State Prison.,
2023,SOL,P-1718-00130,Statewide Medication Distribution Improvements - Phase II,MA,complete,,,,,,4/2023,1146000,,,,,Design and construction of a Medication Preparation Room in Housing Unit 10 to provide the appropriate space with the proper infrastructure for secure medication preparation for Administrative Segregation Unit incarcerated individuals.,
2023,SQ,P-1314-00510,New Boiler Facility,MA,active,Construction,3/2021,4/2025,26,GF-C,,31321000,,,,,"This proposal seeks funding to demolish the existing boiler building, and build a new central boiler facility at San Quentin Rehabilitation Center. Boiler replacement is required for compliance with Bay Area Air Quality Management District regulations.",
2023,SQ,P-2324-00001,Improvement Projects,MA,active,All Phases,TBD,TBD,0,GF-C,,20000000,,,,,"The project may include demolition, site prep, building renovations, creation/renovation of program space and improvements to other areas of the facility, pursuant to recommendations from the Advisory Council created by the Governor. The full scope of the projects to be completed will be determined by the vision and recommendations of the multidisciplinary Governor’s Advisory Council.",
2023,SQ,P-2324-00002,Demolition of Building 38 and Construction of New Educational and Vocational Center,MA,active,Progressive Design Build,3/2024,12/2025,0,LR,,360551000,,,,,"This project consists of the demolition of Building 38 and the design and construction of a new Educational and Vocational Center to provide a centralized location for the expansion of rehabilitative programs at San Quentin Rehabilitation Center pursuant to recommendations from the Advisory Council. The building, or buildings, will include a variety of program, rehabilitative, and administrative spaces. PRE-C - Pre-Construction 7/2023 - 3/2024 35% LR $34,544,000",
2023,SQ,P-1415-00234,Replace Roof - Water Tank,DM,active,Construction,1/2023,6/2024,18,GF-S,,5514000,,,,,Remove and replace roof structure of the San Quentin Potable water tank.,
2023,SQ,P-1718-00025,Repair/Replace Fire Alarm System,DM,active,Construction,8/2021,2/2024,98,GF-S,,2996000,,,,,Replace fire alarm system.,
2023,SQ,P-1415-00965,Install Water Tank Bypass,SRP,complete,,,,,,6/2023,975000,,,,,Retrofit water supply infrastructure.,
2023,SQ,P-1617-00140,Replace Main Kitchen Cooling Tower,DM,proposed,,,,,,,,124000,,,,"Install new kitchen cooling tower, and new piping to connect the new tower to the existing piping systems. Remove existing cooling tower.",
2023,SQ,P-2122-00115,"Renovation of Kitchen/Bakery/Refrigeration, North and South Dining Halls",MA,future_5_10yr,,,,,,,,,298549000,5,Critical Infrastructure,"Design and construct renovations of existing Kitchen/Bakery and replace cooking, refrigeration, and freezer equipment.","The roofs of the Kitchen and Bakery areas are in need of replacement due to constant leaks and deterioration of the roof structure/decking. Additionally,the exposed underside of the roofing systems show signs of water damage. The exterior walls, comprised of poured concrete covered with stucco are cracking and the paint finish is worn, causing additional deterioration to the structure. Due to its age, the plumbing system has extensive corrosion at the fittings and couplings. Similarly, the electrical components/systems are showing signs of age, with obsolete panels that are corroding, and the floors throughout the buildings are in a significant state of disrepair, with several sections of chipped/damaged tiles that present tripping hazards. The refrigerators and freezers are in poor condition with failed seals, exposed electrical conduits, and cracked/damaged floors, making it difficult to maintain proper food storage temperatures."
2023,SVSP,P-1718-00220,Replace Roofs Multiple Buildings,DM,active,Construction,2/2020,1/2026,44,GF-S,,17010000,,,,,Various roof replacements at Salinas Valley State Prison.,
2023,SVSP,P-1617-00165,Solar Photovoltaic Array,E,active,Construction,9/2021,1/2024,98,GF-S,,0,,,,,"Install Solar Photovoltaic Array, Phase 10, 3.5 megawatt ground mount system utilizing a Solar Power Purchase Agreement and a Site License Agreement.",
2023,SVSP,P-2021-00192,Energy Efficiency Project - Lighting and Controls,E,active,Construction,1/2021,12/2023,94,GF-S,,3873000,,,,,Retrofit interior and exterior lighting institution wide.,
2023,SVSP,P-1516-00293,Americans With Disabilities Act Modifications,SRP,complete,,,,,,9/2023,8221000,,,,,"Modify prescribed elements within facility living, visitation, recreation, and vocational education areas.",
2023,SVSP,P-2223-00011,C7 & C8 Yard Improvement - Restroom,SRP,complete,,,,,,8/2023,679000,,,,,Design and construct a toilet on Facility C yard.,
2023,SVSP,P-2223-00014,C7 & C8 Yard Improvement - Yard Equipment,SRP,complete,,,,,,8/2023,915000,,,,,Update Facility C yard equipment.,
2023,VSP,P-1213-00223,Health Care Facility Improvement Program,MA,active,Construction,10/2014,4/2024,88,AB900LR;GF/AB900LR,,27520000,,,,,"This project includes renovation of the Pharmacy, Facility A Primary care clinic, and additions to Facility B, C, and D Primary Care Clinics.",
2023,VSP,P-1819-00137,Arsenic and Manganese Removal Water Treatment Plant,MA,active,Construction,3/2024,12/2025,0,GF-C,,37164000,,,,,Design and install a treatment plant due to the increase in arsenic and manganese levels in the wells at Valley State Prison and adjacent Central California Women's Facility. This treatment plant will comply with the Environmental Protection Agency and State Water Resources Control Board drinking water quality standards related to arsenic and manganese levels at both Valley State Prison and Central California Women's Facility.,
2023,VSP,P-1718-00294,"Replace Roof - BPT/Visiting Center, Building 406",DM,active,Construction,4/2022,11/2024,5,GF-S,,1336000,,,,,Full roof renewal. Roof is beyond useful life and can no longer be repaired incrementally.,
2023,VSP,P-2324-00054,New Potable Water Wells,MA,future_5yr,,,,,,,,,14999000,5,Critical Infrastructure,Design and construct two new groundwater wells to supply adequate amounts of potable water for incarcerated individuals at the Central California Women’s Facility and Valley State Prison.,CCWF and VSP currently have two fully operational wells (Wells 401 and 403) that are approximately 30- 35 years old. Due to the levels of arsenic exceeding the maximum containment levels in Wells 1 and 402 these wells are limited in operation and used for blending purposes approved by the State Water Resources Control Board until the arsenic and manganese removal water treatment plant is constructed.
2023,VSP,P-2122-00152,Replace Roofs Multiple Buildings,DM,future_5yr,,,,,,,,,44156000,5,Staff and Population Safety,Various roof replacements at Valley State Prison.,The roofs are in poor condition and beyond their useful life. Roof replacements are necessary due to the deteriorated conditions of existing roofs that severely impact housing conditions and incarcerated individuals’ access to services and rehabilitation programs.
2023,WSP,P-1213-00221,Health Care Facility Improvement Program,MA,active,Construction,8/2015,1/2024,94,AB900LR;GF/AB900LR,,89419000,,,,,"This project includes renovations and additions to Facilities A, C, H, Central Health Services, and Reception Center Care Processing, and new Facility B and D Primary Care Clinics, Medication Distribution Rooms, and a new Correctional Case Management and Health Care Administration building.",
2023,WSP,P-1516-00295,Americans With Disabilities Act Modifications,SRP,active,Construction,9/2017,1/2025,60,GF-S,,6146000,,,,,"Modify living areas, the Board of Parole Hearings conference room, Correctional Treatment Center, Receiving and Release and path-of-travel.",
2023,WSP,P-1819-00215,Upgrade Potable Water Wells,SRP,active,Construction,7/2022,6/2024,80,GF-S,,2470000,,,,,Replace/Repair damaged wells required for domestic water production.,
2023,WSP,P-2122-00225,Energy Efficiency Project - Lighting and Water Heaters,E,active,Construction,10/2022,8/2024,97,GF-S,,4330000,,,,,Retrofit lighting and water heaters institution wide.,
2023,WSP,P-2324-00060,New Pharmacy Building,MA,future_5yr,,,,,,,,,16312000,5,Critical Infrastructure,Design and construct a new pharmacy building at Wasco State Prison.,"A health care facility assessment was performed in 2009 for WSP’s health care infrastructure and several deficiencies were noted for the pharmacy, located in the Central Health Services Building. The original pharmacy had inefficiencies and ineffective operations of data and order entry, pharmacy verification, and prescription filling. Additionally, the pharmacy was approximately 500 square feet and too small to accommodate the operations required to manage the receipt of daily prescriptions, central fill workflows, on-site prescription preparation and dispensing of medication. EOP patients require a higher level of care including higher prescription use, resulting in increased medication inventory levels that require additional space for storage."
2023,WSP,P-2122-00153,Replace Roofs Multiple Buildings,DM,future_5yr,,,,,,,,,49966000,5,Staff and Population Safety,Various roof replacements at Wasco State Prison.,The roofs are in poor condition and beyond their useful life. Roof replacements are necessary due to the deteriorated conditions of existing roofs that severely impact housing conditions and incarcerated individuals’ access to services and rehabilitation programs.
2024,MULTIPLE,P-1213-00196,Statewide Medication Distribution Improvements,MA,active,Construction,8/2014,2/2025,99,AB900GF,,49590000,,,,,"Existing medication distribution facilities do not allow for safe, efficient, and effective distribution of medications and do not allow for compliance with federal and state infection control standards. Physical plant modifications are necessary to allow CDCR to provide appropriately sized space with proper infrastructure for secure distribution, infection control, environmentally controlled, and secure medication storage. This statewide project includes the design and construction of improved medication distribution, facilities at 22 adult prisons; work has been completed at 21 adult prisons.",
2024,MULTIPLE,P-2324-00162,Roofs Replacement,MA,future_5yr,,,,,,,,,40000000,2,Staff and Population Safety,Roof replacements at various institutions throughout the state.,Roof replacements are necessary due to the deteriorated conditions of existing roofs that severely impact the housing conditions and incarcerated individuals’ access to services and rehabilitation programs.
2024,ASP,P-1819-00122,Upgrade Fire Suppression Exhaust Hood Systems (UL 300 Compliance),SRP,proposed,,,,,,,,3234000,,,,Upgrade fire suppression exhaust hood systems to Underwriters Laboratories 300 compliance.,
2024,ASP,P-1617-00390,"Replace Two Air Handling Units & Repair Metal Roofing - Laundry, Building 695",DM,proposed,,,,,,,,650000,,,,"Replace two inoperable air handling units, located in the laundry building.",
2024,CAL,P-1718-00222,Replace Roofs - Facility A and B Multiple Buildings,DM,active,Construction,5/2022,10/2025,30,GF-S,,16361000,,,,,Various roof replacements at Facility A and B at Calipatria State Prison.,
2024,CAL,P-2122-00130,Replace Chillers and Chiller Condensate Pipes,E,active,Construction,10/2024,6/2028,1,GF-S,,12326800,,,,,"Remove existing non-operational chillers and install variable frequency drive chillers, automated controls, and other associated components for operation of the chiller and condensing towers, meeting all code requirements.",
2024,CAL,P-2021-00194,Energy Efficiency Project - Lighting and Controls,E,complete,,,,,,3/2024,6587000,,,,,Retrofit interior lighting and controls institution wide.,
2024,CAL,P-2021-00211,Lethal Electrified Fence Repair and Upgrade,SRP,proposed,,,,,,,,1532000,,,,"Repair, replace, and /or upgrade components installed in the electrified fence system. This includes system components that have reached the end of their useful life such as the graphic annunciator panels, programmable logic controllers, electrical monitoring devices and interlock panels.",
2024,CAL,P-0910-00383,Replace Fire Alarm System (Sitewide),DM,proposed,,,,,,,,15000000,,,,"Replace the existing sitewide fire alarm system, including all existing fire alarm control panels, all wiring, all devices, all fiber optic cabling and programming needed to have a complete and operational system.",
2024,CAL,P-2324-00158,"Replace Roofs - Facility B, Buildings 331, 332, 333, and 334, Housing",DM,proposed,,,,,,,,6864000,,,,Full roof renewal. Roofs are beyond their useful life and no longer be repaired incrementally.,
2024,CAL,P-2324-00150,"Replace Roofs - Facility B & C, Buildings 335, 341, 342 & 343, Housing",DM,future_5yr,,,,,,,,,7127000,2,Staff and Population Safety,Full roof renewal. Roofs are beyond their useful life and can no longer be repaired incrementally.,The roofs are in poor condition and beyond their useful life. Roof replacements are necessary due to the deteriorated conditions of existing roofs that severely impact the housing conditions and incarcerated individuals’ access to services and rehabilitation programs.
2024,CAL,P-2122-00131,HVAC Controls Upgrade,DM,future_5_10yr,,,,,,,,,15000000,4,Staff and Population Safety,"Remove the existing non-operational Heating, Ventilation and Air Conditioning (HVAC) Energy Management System (EMS) throughout the institution. Replace with new local control panels, updated actuators and associated components for each HVAC unit networked to the Chiller Plant. Replace the economizer, chilled water valves, and control system for all housing units. Install variable frequency drives on fans to control temperatures and airflows. Install central control software to manage and monitor the overall system controls and receive communication signals from the HVAC equipment at the buildings.","The HVAC EMS controls the operation of the HVAC units through set points in heating and cooling modes. Currently, the EMS has become obsolete and replacement components cannot be purchased. This results in each HVAC unit being operated in manual mode. The lack of a working EMS prevents the ability to control temperatures within the buildings and impacts programming and facility operations."
2024,CCI,P-1314-00226,Replace UL-300 Fire Suppression System - Kitchens and Employee Snack Bar,DM,active,Construction,12/2022,4/2025,19,GF-S,,3215000,,,,,Install new code compliant kitchen fume hoods with fire suppression systems.,
2024,CCI,P-1415-00110,"Replace Roof - Facility A, Building 47, Vocation",DM,active,Construction,12/2022,11/2025,68,GF-S,,3403000,,,,,Full roof renewal. Roof is beyond useful life and can no longer be repaired incrementally.,
2024,CCI,P-1415-00114,"Replace Roof - Facility B, Building 57, Vocation",DM,active,Construction,12/2022,11/2025,68,GF-S,,3403000,,,,,Full roof renewal. Roof is beyond useful life and can no longer be repaired incrementally.,
2024,CCI,P-1617-00160,Solar Photovoltaic Array,E,complete,,,,,,4/2024,0,,,,,4 megawatt ground mount system utilizing a Solar Power Purchase Agreement and Site License Agreement.,
2024,CCI,P-2021-00259,Energy Efficiency Project - Lighting and Air Handling Unit Controls,E,complete,,,,,,12/2024,10918000,,,,,"Retrofit interior and exterior lighting, heat recovery and air handling units throughout institution.",
2024,CCI,P-2223-00030,"Replace Sewer Lines - Facility A & B, PIA Buildings",SRP,proposed,,,,,,,,691000,,,,Replace existing damaged sanitary sewer lines inside each building.,
2024,CCI,P-2122-00096,Facility C Kitchen Addition,MA,future_5_10yr,,,,,,,,,10641000,10,Critical Infrastructure,"Facility C Kitchen addition will include one walk-in medium temperature refrigerator, one walk-in freezer, two large commercial cart-in baking ovens with turntables, two Proofers, two large commercial mixers, and cleaning sinks for pots and pans. The religious diets and lunch preparation area requires two walk-in medium temperature refrigerators, one walk-in freezer, four microwaves, and a counter top area with a three compartment sink. This building addition will also need a food cart washing station and a loading and unloading dock area.","Facility D is closed, however, the kitchen remains in operation for specialty diet and bakery storage and preparation which is inefficient, potentially unsafe, and costly due to the age and condition of the kitchen. The proposed kitchen addition to Facility C’s kitchen will replace the use and function of the kitchen on Facility D to accommodate the needs for specialty diet meal preparation and bakery operations that are continuing in Facility D’s kitchen."
2024,CCI,P-2122-00132,Repair of Laundry/Food Service Building (C21),DM,future_5_10yr,,,,,,,,,15000000,10,Staff and Population Safety,Replace roof and perform structural repairs for the building.,"The Laundry/Food Service building has deficiencies including roofs, building structures, and finishes. The roof has water intrusion that has caused damage to the interior ceilings and walls. Additionally, the structural supports in the utility tunnel are failing and there is buckling of the flooring."
2024,CCWF,P-1213-00222,Health Care Facility Improvement Program,MA,active,Construction,4/2015,12/2025,72,AB900LR;GF/AB900LR,,53976000,,,,,"This project includes the construction of a Reception Center Health Care Processing addition, Facility A Primary Care Clinic renovation, Facility B, C, and D Primary Care Clinic renovations and additions, a New Pharmacy, and Central Health Services renovations.",
2024,CCWF,P-0809-01823,Repair Housing Unit Showers (14 buildings),SRP,active,Construction,4/2024,TBD,10,GF-S,,1500000,,,,,Replace existing deteriorated shower door frames in housing unit.,
2024,CCWF,P-1314-00406,Replace Water Distribution Main Pipe,SRP,active,Construction,4/2015,2/2025,97,GF-S,,2784000,,,,,"Repairs to main water line required for domestic water production. Work will be in 2 phases, and both phases are included in this project.",
2024,CCWF,P-1516-00289,Americans With Disabilities Act Modifications,SRP,active,Construction,6/2017,9/2025,81,GF-S,,6266000,,,,,"Modify cells, program spaces and associated path-of-travel elements for disability placement program incarcerated individuals.",
2024,CCWF,P-2223-00102,Mental Health Crisis Beds Treatment Room - Bldg. 805,SRP,active,Construction,11/2021,1/2025,97,GF-S,,1080000,,,,,Install suicide resistant crisis beds to the treatment room.,
2024,CCWF,P-1213-00007,"Replace Roof and Mechanical Systems - Building 805, Central Health Services Building",DM,active,Construction,8/2020,10/2025,10,GF-S,,11376000,,,,,Replace failing roof and mechanical systems on Central Health Services Building 805.,
2024,CCWF,P-1819-00098,"Replace Roofs Facility A, Buildings 503 and 504",DM,active,Construction,2/2022,12/2025,3,GF-S,,6881000,,,,,"Roof replacements at Facility A, Buildings 503 and 504.",
2024,CCWF,P-1920-00145,"Replace Heating, Ventilation and Air Conditioning System - Facility A, Housing Unit 503 & 504",DM,active,Construction,9/2023,3/2025,36,GF-S,,3878000,,,,,"Replace and/or upgrade all air handling equipment located in Facility A, Housing Units 503 and 504.",
2024,CCWF,P-2021-00257,Energy Efficiency Project - Lighting and Water Heaters,E,active,Construction,6/2023,3/2025,40,GF-S,,4268000,,,,,Retrofit lighting and replace water heaters institution wide.,
2024,CCWF,P-1213-00238,Statewide Medication Distribution Improvements,MA,complete,,,,,,6/2024,0,,,,,"Existing medication distribution facilities do not allow for safe, efficient and effective distribution of medications and do not allow for compliance with federal and State infection control standards. Physical plant modifications are necessary to allow CDCR to provide appropriately sized space with proper infrastructure for secure distribution, infection control, and environmentally controlled and secure medication storage. This statewide project includes the design and construction of improved medication distribution facilities at 22 adult prisons. Refer to Statewide Project for project funding.",
2024,CCWF,P-1718-00118,Statewide Medication Distribution Improvements - Phase II,MA,complete,,,,,,12/2023,1034000,,,,,Design and construction of a Medication Preparation Room in Building 504 to provide the appropriate space with the proper infrastructure for secure medication preparation for Administrative Segregation Unit incarcerated individuals.,
2024,CEN,P-2021-00193,Energy Efficiency Project - Lighting and Controls,E,complete,,,,,,2/2024,9083000,,,,,Retrofit interior and exterior lighting and controls institution wide.,
2024,CEN,P-1617-00569,"Repair Exterior Yard Doors - A, B, C, and D Yards",SRP,proposed,,,,,,,,134000,,,,"Rebuild existing yard doors including tracks, welded motor brackets, and drop bars at A, B, C, and D yards.",
2024,CEN,P-2021-00213,Lethal Electrified Fence Repair and Upgrade,SRP,proposed,,,,,,,,1441000,,,,"Repair, replace, and /or upgrade components installed in the electrified fence system. This includes system components that have reached the end of their useful life, such as the graphic annunciator panels, programmable logic controllers, electrical monitoring devices, and interlock panels.",
2024,CEN,P-1819-00347,Replace Fire Alarm System Sitewide,DM,proposed,,,,,,,,2000000,,,,"Replacement of the existing, sitewide, fire alarm system. This includes all existing fire alarm control panels, all wiring, all devices, all fiber optic cabling and programming needed to have a complete and operational system.",
2024,CHCF,P-2324-00051,Potable Water Treatment System,MA,active,Preliminary Plans,7/2024,9/2025,5,GF-C,,959000,,,,,Design and construct a potable water treatment system at the California Health Care Facility to supplement the disinfection of potable water delivered through the water distribution system. Preliminary plans phase funding.,
2024,CHCF,P-1920-00107,Facility E Dayroom Restroom Housing Unit 301B,MI,active,All Phases,7/2021,TBD,5,GF-C,,303000,,,,,Design and construct a toilet and sink inside Facility E housing unit 301B dayroom at the California Health Care Facility to provide restroom access for Enhanced Outpatient Program patients with accessibility requirements and chronic medical needs.,
2024,CHCF,P-1920-00108,Facility E Dayroom Restroom Housing Unit 301C,MI,active,All Phases,7/2021,TBD,5,GF-C,,303000,,,,,Design and construct a toilet and sink inside Facility E housing unit 301C dayroom at the California Health Care Facility to provide restroom access for Enhanced Outpatient Program patients with accessibility requirements and chronic medical needs.,
2024,CHCF,P-1920-00109,Facility E Dayroom Restroom Housing Unit 301D,MI,active,All Phases,7/2021,TBD,5,GF-C,,303000,,,,,Design and construct a toilet and sink inside Facility E housing unit 301D dayroom at the California Health Care Facility to provide restroom access for Enhanced Outpatient Program patients with accessibility requirements and chronic medical needs.,
2024,CHCF,P-1920-00110,Facility E Dayroom Restroom Housing Unit 301E,MI,active,All Phases,7/2021,TBD,5,GF-C,,303000,,,,,Design and construct a toilet and sink inside Facility E housing unit 301E dayroom at the California Health Care Facility to provide restroom access for Enhanced Outpatient Program patients with accessibility requirements and chronic medical needs.,
2024,CHCF,P-1920-00111,Facility E Dayroom Restroom Housing Unit 301F,MI,active,All Phases,7/2021,TBD,5,GF-C,,303000,,,,,Design and construct a toilet and sink inside Facility E housing unit 301F dayroom at the California Health Care Facility to provide restroom access for Enhanced Outpatient Program patients with accessibility requirements and chronic medical needs.,
2024,CHCF,P-1718-00119,Statewide Medication Distribution Improvements - Phase II,MA,complete,,,,,,9/2024,6495000,,,,,"Design and construct a Medication Distribution Room in each of the five Enhanced Outpatient Housing Units in Facility E to provide the appropriate space with the proper infrastructure for secure medication distribution, infection control, environmental control, and secure medication storage.",
2024,CHCF,P-2021-00311,Facility B Individual Exercise Yards,MA,complete,,,,,,12/2023,2683000,,,,,Design and construct 10 individual exercise yards at Facility B.,
2024,CHCF,P-2021-00040,Hot Water Loop Modifications,SRP,proposed,,,,,,,,404000,,,,Make modification to the Hot Water Loop at CHCF to allow full circulation and maximum hot water return.,
2024,CIM,P-1617-00113,50-Bed Mental Health Crisis Facility,MA,active,Construction,11/2022,10/2025,50,GF-C;LR,,141087000,,,,,"Design and construct a 50 bed mental health crisis beds building that will provide housing, treatment, and office space to allow for patients in a mental health crisis state to be treated.",
2024,CIM,P-1718-00132,Air Cooling Facility A,MA,active,Construction,9/2022,2/2025,91,GF-C,,20326000,,,,,Install new air cooling with heating systems at Facility A.,
2024,CIM,P-2122-00122,Americans With Disabilities Act Modifications,SRP,active,Construction,9/2023,6/2026,10,GF-S,,8032000,,,,,"Modify cells, program spaces, and associated path-of-travel elements for disability placement program incarcerated individuals.",
2024,CIM,P-1920-00182,Electrical Renovations - Facility C,DM,complete,,,,,,6/2024,857000,,,,,Install new transformer and new cables to utilize permanent power instead of a generator.,
2024,CIM,P-2324-00143,"Replace Roof - Facility B, Building 204.5/Unit 2, Administration and Medical",DM,proposed,,,,,,,,5113000,,,,Full roof renewal. Roof is beyond its useful life and can no longer be repaired incrementally.,
2024,CIM,P-2021-00191,Energy Efficiency Project - Lighting and Air Handling Unit Controls,E,proposed,,,,,,,,7215400,,,,Retrofit interior and exterior lighting and heat exchanger. Upgrade air handling units motor controls.,
2024,CIM,P-2122-00103,"Air Cooling Facilities B & C Housing Units and Facilities A, C & D Kitchens",MA,future_5yr,,,,,,,,,112937000,5,Staff and Population Safety,"Design and install cooling systems for the Housing Units in Facilities B and C and the Kitchens in Facilities A, C, and D.","The housing units in Facilities B and C were constructed between 1940 and 1974 and were not designed with air cooling or air conditioning systems. Due to the lack of air cooling, temperatures can often exceed 90°F, causing activation of heat plans and limiting incarcerated population programming."
2024,CIM,P-2122-00104,Backup Power,MA,future_5yr,,,,,,,,,59181000,5,Critical Infrastructure,Design and install a backup generator power system for the institution's standby power needs.,"CIM has very limited backup power capabilities. Without a standby power backup system to provide power during utility outages, essential infrastructure will not operate. This includes mechanical ventilation and heating systems, pumping systems, lighting, refrigerated and frozen food storage units, and electric cell door operators. Additionally, the Water Treatment Plant will not be able to operate."
2024,CIM,P-2122-00121,Repair of Cypress and Magnolia Storm Water Channels,SRP,future_5yr,,,,,,,,,15000000,4,Regulatory Compliance,Repair of storm water drainage channels crossing the CIM property.,The Cypress and Magnolia storm water drainage channels are heavily deteriorated and in need of repairs. The volume of water running through the channels is causing serious erosion.
2024,CIM,P-2122-00112,Facility C East Culinary Renovation,MA,future_5_10yr,,,,,,,,,10000000,10,Critical Infrastructure,"Renovate Facility C East Culinary Building and replace cooking, refrigeration, and freezer equipment.",The flooring and ceilings throughout the building are deteriorated and require repair. The existing ventilation system is aged and consistently requires maintenance and repairs. The electrical components/systems and food processing equipment are showing signs of age.
2024,CIW,P-2122-00123,Americans With Disabilities Act Modifications,SRP,active,Construction,10/2023,9/2026,15,GF-S,,4227000,,,,,"Modify cells, program spaces, and associated path-of-travel elements for disability placement program incarcerated individuals.",
2024,CIW,P-2223-00089,Point of Use - Fire Alarm Connection,SRP,complete,,,,,,2/2024,180000,,,,,Connection of fire/smoke dampers and duct detectors for new point of use devices.,
2024,CIW,P-1516-00016,Central Boiler Replacement - Point of Use Heating/Domestic Hot Water,E,complete,,,,,,3/2024,8096000,,,,,Convert boiler to point of use system.,
2024,CIW,P-2122-00098,Central Kitchen Remodel,MA,future_5yr,,,,,,,,,12006000,5,Critical Infrastructure,"Design and renovate the main culinary with new refrigeration and freezer equipment, food preparation, cooking, serving and wash stations.","The Central Kitchen building and its original systems date back to 1966. Due to the unavailability of replacement parts, much of the steam powered equipment is inoperative, including the hot wells, kettles, steamers, and dish washers. The kitchen drainage system clogs regularly resulting in frequent failures. The refrigeration/freezer systems have damaged/failing doors, buckling floor areas, and aged/worn electrical connections. Additionally, the plumbing and electrical systems are continual points of failure."
2024,CMC,P-1213-00224,Health Care Facility Improvement Program,MA,active,Construction,3/2015,7/2025,89,AB900LR;GF/AB900LR,,90980000,,,,,"Construct a new Primary Care Clinic at the West Facility, a new Primary Care Clinic and the Health Care Administration building at the East Facility, a new Pharmacy and Laboratory building, and a new Administrative Segregation Unit Primary Care Clinic and Administrative Segregation Unit - Enhanced Outpatient Program Mental Health Clinic at the East Facility. Renovations will be performed at the East Facility Receiving and Release exam room, the East Facility Central Health Services, East Facility Medication Distribution room, and utility improvements.",
2024,CMC,P-1415-00742,Water Plant Backwash Upgrade,SRP,active,Construction,8/2020,2/2025,90,GF-S,,4817000,,,,,Upgrade the Water Treatment Plant to be in regulatory compliance.,
2024,CMC,P-2324-00103,Replace Liners - Potable Water Reservoir #5 - Structural Retrofit,SRP,active,Construction,6/2024,TBD,0,GF-S,,31000,,,,,Replace potable water liners at reservoir number five.,
2024,CMC,P-1718-00261,"Repair Cell Electrical and Cable TV Building 4, Administrative Segregation Unit",SRP,complete,,,,,,9/2024,369000,,,,,Repair existing electrical and cable television outlet locations by fixing the wiring.,
2024,CMC,P-1718-00253,"Convert Cells to GP - East Facility, Building 7, Lower Tier Modifications",SRP,proposed,,,,,,,,1300000,,,,Convert temporary Mental Health Crisis Beds back to General Population cells.,
2024,CMC,P-1819-00126,Upgrade Fire Suppression Exhaust Hood Systems (UL 300 Compliance),DM,proposed,,,,,,,,3700000,,,,Upgrade fire suppression exhaust hood systems to Underwriters Laboratories 300 compliance.,
2024,CMC,P-2122-00105,Fire Alarm and Suppression Upgrade,MA,future_5yr,,,,,,,,,75963000,5,Fire/Life/Safety,Replace and upgrade the existing fire suppression system at East Facility.,"The existing fire alarm and suppression system was designed to activate an electronic signal to the Fire Station whenever a sprinkler head or manual pull station was activated. The alarm system has become obsolete and no longer sends a signal to the Fire Station. Additionally, many buildings do not have Fire Department Service Connections (FDCs). FDCs are necessary to allow the Fire Department to pressurize the sprinkler lines in the event of building fires."
2024,CMC,P-2122-00127,Backwash Pipeline and Sludge Drying Beds,MA,future_5yr,,,,,,,,,11699000,5,Regulatory Compliance,"Design and construct a pipeline of sufficient size to convey filter backwash water from the Water treatment Plant to the existing sanitary sewer system. Project will also include construction of two new sludge drying beds, effluent pumping station, decant return line, and other required infrastructure.",The current water treatment plant operational process is to discharge the filter backwash into Chorro Reservoir and sending sludge to drying beds adjacent to Chorro Creek. Changes in regulatory requirements prohibit the filter backwash from being discharged into Chorro Reservoir.
2024,CMC,P-2122-00102,Renovation of Main Kitchen/Canteen,MA,future_5_10yr,,,,,,,,,48185000,10,Critical Infrastructure,"Design and renovate East Facility Main Kitchen and replace cooking, refrigeration, and freezer equipment.","The roof system is failing and allowing water to infiltrate the building’s interior. The floors of the Kitchen are in very poor condition. Several pieces of kitchen equipment are non-operational or in poor condition. The ventilation and evaporative cooling systems are aged and worn, with many components that are non- functioning or unreliable. Several areas of the ventilation ductwork are experiencing leaks due to rust and corrosion. Additionally, the plumbing systems for both water supply and waste drains are corroded and experiencing sediment buildup, routinely leak, and should be replaced."
2024,CMF,P-1516-00271,Americans With Disabilities Act Modifications,SRP,active,Construction,2/2019,10/2025,81,GF-S,,6125000,,,,,"Modify cells, dorms, restrooms, showers, and associated path-of-travel elements in I-1, H-1, H-2, H-3, and J-1 wings.",
2024,CMF,P-2324-00032,Install Electrical & Television Outlets Administrative Segregation Unit,SRP,active,Construction,1/2024,7/2025,43,GF-C,,1647000,,,,,Add electrical and television outlets previously removed due to mission change.,
2024,CMF,P-1516-00487,Replace A Wing - Parallel Terminal Unit Chiller,SRP,proposed,,,,,,,,1000000,,,,Remove and dispose existing chiller and cooling tower and install a 150 ton air cooled chiller alongside the West side of A Wing.,
2024,CMF,P-1819-00121,Upgrade Fire Suppression Exhaust Hood Systems (UL 300 Compliance),DM,proposed,,,,,,,,2800000,,,,Upgrade fire suppression exhaust hood systems to Underwriters Laboratories 300 compliance.,
2024,CMF,P-2122-00107,Kitchen and Dining Facilities,MA,future_5yr,,,,,,,,,121428000,5,Critical Infrastructure,"Design and renovate the existing main kitchen, dietary pantry, and three dining halls, which includes upgrades and replacements of all food preparation equipment.","The Main Kitchen, Dietary Pantry, and Dining Halls suffer from multiple deficiencies with the equipment, building structures, finishes, and systems. Most of the walk-in refrigerator/freezer units are not operational due to the failure of the refrigeration systems. The interior walls and windows are damaged and show signs of water infiltration. Additionally, the tile floors are cracked, allowing water penetration from the surface to the subfloor. The electrical system is original to the building and wiring and panel boards have been damaged from condensation, mechanical wear of moving parts, deterioration of insulating materials, and rusting enclosures. The kitchen cooling is provided by evaporative coolers and the ducts from these coolers are cracked and the equipment is corroded and rusting."
2024,COR,P-1213-00240,Statewide Medication Distribution Improvements,MA,active,Construction,1/2022,2/2025,99,AB900GF,,0,,,,,"Existing medication distribution facilities do not allow for safe, efficient, and effective distribution of medications and do not comply with federal and state infection control standards. Physical plant modifications are necessary to allow CDCR to provide appropriately sized space with proper infrastructure for secure distribution, infection control, and environmentally controlled and secure medication storage. This statewide project includes the design and construction of improved medication distribution facilities at 22 adult prisons. Refer to Statewide Project for project funding.",
2024,COR,P-1314-00199,Health Care Facility Improvement Program,MA,active,Construction,7/2015,3/2025,92,AB900LR;GF/AB900LR,,51871000,,,,,"Design and construct a new Administrative Segregation Unit Primary Care Clinic; Primary Care Clinic renovations and additions at Facilities 3A, 3B, 3C, 4A and 4B; and Central Health Services Building renovations and addition. The new Administrative Segregation Unit Primary Care Clinic will provide separate clinical treatment space for the secure Administrative Segregation Unit population at COR. The Primary Care Clinic renovations and additions at Facilities 3A, 3B, 3C, 4A and 4B will provide primary health care consultation and treatment consistent with the delivery of a basic level of care. The renovated clinics will include lab draw stations to increase access to these services in an appropriate setting. The Central Health Services renovations and addition will provide centralized specialty health care treatment and consultation services, and emergency services for all incarcerated individuals.",
2024,COR,P-2122-00061,Correctional Treatment Center Individual Exercise Yards,MA,active,Construction,2/2024,4/2025,20,GF-C,,1917000,,,,,Design and construct two individual exercise yards adjacent to the Correctional Treatment Center.,
2024,COR,P-1516-00297,Americans With Disabilities Act Modifications,SRP,active,Construction,10/2017,3/2025,95,GF-S,,5438000,,,,,"Modify cells, program spaces, and associated path-of-travel elements for disability placement program incarcerated individuals.",
2024,COR,P-1718-00223,Replace Roofs Multiple Buildings,DM,active,Construction,10/2020,5/2028,22,GF-S,,32970000,,,,,"Various roof replacements at California State Prison, Corcoran.",
2024,COR,P-1819-00130,Upgrade Fire Suppression Exhaust Hood Systems (UL 300 Compliance),DM,proposed,,,,,,,,3700000,,,,Upgrade fire suppression exhaust hood systems to Underwriters Laboratories 300 compliance.,
2024,COR,P-2324-00139,"Replace Roof - Building 405A, Receiving and Release",DM,proposed,,,,,,,,834000,,,,Full roof renewal. Roof is beyond its useful life and can no longer be repaired incrementally.,
2024,COR,P-2122-00108,Education Space,MA,future_5yr,,,,,,,,,18019000,5,Rehabilitative Programming,"Design and construct one 6,000 sf building at Facility 4B to provide space for education services.","COR lacks appropriate rehabilitative program space for Facility 4B and currently utilizes the visiting rooms or dayrooms to conduct small classes when available. Visiting rooms and dayrooms do not have whiteboards, video viewing capabilities, or computer workstations for incarcerated individuals or staff. Additionally, incarcerated individuals are completing homework packets instead of receiving in-class instruction to meet the education needs due to the programming population at Facility 4B and lack of classroom space. Even with the additional accommodations to provide education services, there is currently a waitlist of approximately 330 students in Facility 4B."
2024,CRC,P-1920-00118,Health Care Facility Repairs,SRP,complete,,,,,,4/2024,6800000,,,,,"Replace damaged flooring, walls, casework and doors, and complete basic renovations to make medical spaces safe and functional. This project will also provide replacement of several existing medication distribution windows with prototypical medication distribution windows along with casework replacements and installation of sinks for hand washing.",
2024,CRC,P-2122-00219,"Replace Entrance Doors Building 107, 12 Dorms (12 sets of doors)",SRP,complete,,,,,,1/2024,1500000,,,,,Repair damaged entrance doors in building 107.,
2024,CRC,P-2122-00136,Replace/Upgrade Standby Generator and Switchgear,DM,future_5yr,,,,,,,,,10000000,4,Fire/Life/Safety,"Replace the existing 4,160-volt primary switchgear substation, secondary disconnect switch, and standby generator.",The existing standby electrical power supply to the institution is inadequate to support the facility's operational needs. The standby generator capacity upgrade is needed to provide the required redundant source of emergency power to the institution during power outages. Unplanned electrical outages due to loss of power possess a potential risk to security and health and safety systems serving the incarcerated population and staff.
2024,CTF,P-0910-00900,"Roof Replacement L-Wing, Central Culinary Building",DM,active,Construction,4/2023,7/2025,4,GF-S,,3263000,,,,,Full roof renewal. Roof is beyond useful life and can no longer be repaired incrementally.,
2024,CTF,P-1718-00122,Statewide Medication Distribution Improvements - Phase II,MA,complete,,,,,,8/2024,1559000,,,,,Design and construct a Medication Preparation Room in O Wing to provide the appropriate space with the proper infrastructure for secure medication preparation for Administrative Segregation Unit incarcerated individuals.,
2024,CTF,P-1617-00163,Solar Photovoltaic Array,E,complete,,,,,,1/2024,0,,,,,Two megawatt ground mount system utilizing a Solar Power Purchase Agreement and a Site License Agreement.,
2024,CTF,P-2122-00109,New Kitchen and Dining Buildings,MA,future_5yr,,,,,,,,,305420000,5,Critical Infrastructure,"Demolish and replace kitchen and dining in Facilities A/B and C, and the Central Culinary Warehouse. Scope includes new kitchen equipment, loading docks, and related paving.","The kitchen and dining buildings are more than 60 years old. The mechanical, electrical, and plumbing systems, which are original to the building, are experiencing numerous failures and are constant maintenance issues for Plant Operations staff. A significant portion of the existing food preparation and service equipment at Facility A/B are in disrepair or are nonfunctioning, creating inefficiencies in labor and service. Areas of the concrete floor are spalling and cracking, causing water infiltration."
2024,CTF,P-2324-00055,Replacement of Well 5,MA,future_5_10yr,,,,,,,,,10153000,10,Critical Infrastructure,"Demolish Well 5 and backfill/seal the site as necessary to protect the supplying underground aquifer from contaminants. Additionally, the project includes the construction of a new groundwater well including the installation of new controls, associated equipment, and the connections into the existing infrastructure.",Well 5 was drilled/installed in 1950 and has been in operation over 70 years. The average useful lifespan for a groundwater well is typically 30 to 50 years. This useful lifespan duration is based on water industry estimates for typical groundwater quality operating conditions and utilizing typical well fabrication materials.The inner casing is compromised and is not repairable due to age and condition of the materials.
2024,FOL,P-1819-00142,Water Storage Tanks,MA,active,Construction,12/2020,1/2025,99,GF-C,,9627000,,,,,"Construct two new 750,000 gallon water storage tanks necessary to support building fire suppression requirements as part of the Health Care Facility Improvement Program improvements constructed at FSP and SAC.",
2024,FOL,P-2122-00138,Cell Block 1 Heating/Cooling System,DM,future_5_10yr,,,,,,,,,15000000,5,Staff and Population Safety,"Repair and replace hot water distribution system serving the heating air handling units and related equipment, including: heating coils, pumps, and exhaust fans. Steam is distributed to the mechanical rooms and terminates at steam to hot water heat exchangers for building heating.","The heating/cooling equipment serving Cell Block 1 includes indoor air handlers with heating coils, pumps, and exhaust fans. The hot water heat exchangers are leaking, not functioning properly and are not energy efficient. The heating/cooling system and all components are antiquated and are not able to meet heating requirements."
2024,FOL,P-2122-00140,"Repair Dining Rooms 1 and 2, Kitchen, Counseling Office",DM,future_5_10yr,,,,,,,,,30000000,5,Critical Infrastructure,Repair and replace all interior finishes and replace significant sections of the concrete floor slab in the Kitchen. Work is most significant in Kitchen/Dining areas and includes equipment replacement and upgrades for MEP systems; major repairs to walk-in freezers; and replacement of walk-in refrigerators.,"All areas require major equipment and MEP systems upgrades. Kitchen refrigerators and freezers have difficulty maintaining required temperatures, and the kitchen quarry tile floor and floor slab have cracked."
2024,HDSP,P-1819-00199,Replace Roofs - Various Housing Units,DM,active,Construction,5/2021,12/2025,35,GF-S,,18619000,,,,,Various housing unit roof replacements at High Desert State Prison.,
2024,HDSP,P-1617-00025,Replace Floor - Correctional Treatment Center,SRP,complete,,,,,,1/2024,1652000,,,,,Replace existing damaged flooring materials with new epoxy resin based flooring system.,
2024,HDSP,P-2324-00144,"Replace Roofs - Housing Buildings 351, 352, and 455",DM,proposed,,,,,,,,5433000,,,,Full roof renewal. Roofs are beyond their useful life and can no longer be repaired incrementally.,
2024,ISP,P-2021-00310,New Potable Water Wells,MA,active,Working Drawings,5/2023,7/2025,95,GF-C,,1943000,,,,,Design and construct two new groundwater wells to supply adequate amounts of potable water for incarcerated individuals and staff at ISP.,
2024,ISP,P-2021-00031,Renovate Water Tanks,SRP,active,Construction,6/2022,3/2025,81,GF-S,,8561000,,,,,Repair and recoat the leaking elevated water tower and two ground water storage tanks that support ISP.,
2024,ISP,P-0910-01113,"Heating, Ventilation and Air Conditioning",MA,complete,,,,,,3/2024,192692000,,,,,"Replace the institution's existing evaporative cooling system, which has reached the end of its useful life and is no longer cost-effective to maintain. It includes a new centralized chiller plant exclusive for ISP and a new closed loop chilled water plant with an emergency generator. The existing units located on housing buildings and support buildings will be replaced with new units to work in conjunction with the new plant. The site will receive new piping for a chilled water distribution main loop. The scope includes improvement to existing roofs, fire dampers, and smoke evacuation systems to correct damage done by the existing deteriorated evaporative cooling system. The site will also receive a new electrical substation by Southern California Edison.",
2024,ISP,P-1718-00368,"Replace Freezer / Refrigerator Condensing, Evaporation, and Line Set System",SRP,proposed,,,,,,,,1100000,,,,Replace the original existing refrigerator rack system for all walk in refigerators and freezers.,
2024,ISP,P-2021-00215,Lethal Electrified Fence Repair and Upgrade,SRP,proposed,,,,,,,,1418000,,,,"Repair, replace and /or upgrade components installed in the electrified fence system. This includes system components that have reached the end of their useful life such as the graphic annunciator panels, programmable logic controllers, electrical monitoring devices and interlock panels.",
2024,KVSP,P-1617-00150,Solar Photovoltaic Array,E,complete,,,,,,3/2024,0,,,,,Three megawatt ground mount system utilizing a Solar Power Purchase Agreement and a Site License Agreement.,
2024,LAC,P-2122-00124,Americans With Disabilities Act Modifications,SRP,active,Construction,9/2023,9/2025,25,GF-S,,4549000,,,,,"Modify cells, program spaces, and associated path-of-travel elements for disability placement program incarcerated individuals.",
2024,LAC,P-2021-00201,Replace Roofs - Facility A and B Various Housing Units,DM,active,Construction,12/2023,12/2025,8,GF-S,,11676000,,,,,Various housing unit roof replacements at Facility A and B.,
2024,LAC,P-1718-00125,Statewide Medication Distribution Improvements - Phase II,MA,complete,,,,,,7/2024,7784000,,,,,"Design and construct two Medication Distribution Rooms in the Enhanced Outpatient Units at Housing Units D3 and D4 to provide the appropriate space with the proper infrastructure for secure medication distribution, infection control, environmental control, and secure medication storage.",
2024,LAC,P-2021-00197,Medication Preparation Room Unit D5,MA,complete,,,,,,7/2024,3866000,,,,,Design and construct a Medication Preparation Room in Housing Unit D5.,
2024,LAC,P-2324-00140,"Replace Roofs - Facility D, Buildings 347, 348, 349, and 3410",DM,proposed,,,,,,,,6842000,,,,Full roof renewal. Roofs are beyond their useful life and can no longer be repaired incrementally.,
2024,LAC,P-2122-00110,New Pharmacy Building,MA,future_5yr,,,,,,,,,18097000,5,Health Care Programming,"Design and construct a new pharmacy building located between Facilities B and C in a central location. Scope of work includes an office for the Pharmacist-In-Charge, two staff restrooms, staff breakroom, a medication/narcotic filling station with secure cabinet, a prescription verification area, a shipping/receiving/manifesting space, and an intravenous anteroom/preparation area.","The pharmacy is located in the CTC and consists of five separate rooms. The main pharmacy room is approximately 550 sf. The surrounding four rooms, totaling approximately 250 sf, provide office space for six pharmacists and three pharmacist technicians, an intravenous fluids preparation station, pharmacy return processing, and waste storage. Due to the daily delivery of medications there is inadequate space for pharmaceutical storage, often leading to obstructions to the walkways and the entrance and exit door. LAC has no alternative but to store medication along walls and floor surfaces which impedes their path of travel and contributes to inefficient delivery of patient medications, which also puts staff safety at risk due to tripping hazards and potential injuries from unrestrained boxes."
2024,MCSP,P-1819-00198,Americans With Disabilities Act Improvements,SRP,active,Construction,2/2022,3/2026,70,GF-S,,7557000,,,,,"Modify cells, program spaces, and associated path-of-travel elements for Administrative Segregation Unit and Enhanced Outpatient programs.",
2024,MCSP,P-1819-00201,Fire Alarm Replacement and Fire Suppression Repair,DM,active,Construction,11/2022,7/2025,81,GF-S,,19489000,,,,,"Replace the fire alarm control panel, network connections, detection devices, and various fire and life safety items.",
2024,MCSP,P-1920-00122,Replace Irrigation System - Facility A - C,DM,active,Construction,10/2023,3/2026,5,GF-S,,4070000,,,,,Replace and install irrigation system.,
2024,MCSP,P-1415-00012,Repave Inner Perimeter Road,DM,proposed,,,,,,,,1500000,,,,Remove and replace existing deteriorated inner perimeter road.,
2024,MCSP,P-2122-00141,Sanitary Sewer/Storm Water System Upgrades,DM,proposed,,,,,,,,1800000,,,,"Replace existing damaged sanitary sewer and storm water systems. This project will require locating all damaged pipe, excavation, demolition of concrete and asphalt, pipe replacement, and replacement of concrete and asphalt.",
2024,MCSP,P-2122-00142,Replace Existing Power System with Underground Feeds,DM,future_5_10yr,,,,,,,,,20000000,4,Fire/Life/Safety,Replace the existing 12 KV three phase overhead utility electrical system. The new system will be installed underground with new vaults and ground mounted transformers and sub-feeder to each building.,"The above ground overhead electrical utility power system is in very poor condition and has been noted by inspection to be in violation of the California Public Utilities Commission General Order 95 relative to rules for construction and maintenance of overhead electrical systems. High winds often damage the power poles and electrical power lines, which impacts the delivery of essential services to the incarcerated population."
2024,NKSP,P-1516-00291,Americans With Disabilities Act Modifications,SRP,complete,,,,,,2/2024,2799000,,,,,"Modify cells, program spaces and associated path-of-travel elements for disability placement program incarcerated individuals.",
2024,NKSP,P-2122-00144,Replace Fire Alarm System Sitewide,DM,future_5_10yr,,,,,,,,,20000000,4,Fire/Life/Safety,"Replace the existing, sitewide, fire alarm system. This includes all existing fire alarm control panels, all wiring, all devices, all fiber optic cabling, and programming needed to have a complete and operational system.","Fire/smoke detection system currently has limited operation due to an obsolete system that is no longer supported by the manufacturer, and replacement parts are no longer available. The non-functioning system affects the ability to obtain a five year fire suppression certification as the system will not alarm/notify in the event that the fire sprinkler is activated."
2024,PBSP,P-1617-00108,Fire Suppression Upgrade,MA,active,Construction,2/2024,11/2027,18,GF-C,,42048000,,,,,"Install a standard fire suppression system, fire alarm control panels, and fire detection devices in the eight general population housing units, consistent with code.",
2024,PBSP,P-1718-00127,Statewide Medication Distribution Improvements - Phase II,MA,complete,,,,,,2/2024,2187000,,,,,"Design and construct a Medication Distribution Room on Facility D due to a recent mission change to a non- segregated population. This will provide the appropriate space with the proper infrastructure for secure medication distribution, infection control and secure medication storage.",
2024,PBSP,P-1011-00014,Upgrade Fire Suppression Exhaust Hood System,DM,proposed,,,,,,,,350000,,,,Upgrade fire suppression exhaust hood systems to Underwriters Laboratories 300 compliance.,
2024,PVSP,P-1314-00412,Health Care Facility Improvement Program,MA,active,Construction,4/2016,8/2025,92,AB900LR;GF/AB900LR,,43258000,,,,,"Renovate Primary Care Clinic, and design and construct additions to Facilities A, B, C, and D; a new Administrative Segregation Unit Primary Care Clinic; renovation to the Central Health Services building; and a new Pharmacy and Lab building. The Primary Care Clinic renovations and additions at Facilities A, B, C and D will provide primary health care consultation and treatment consistent with the delivery of a basic level of care. The renovated clinics will include lab draw stations to increase access to these services in an appropriate setting. The new Administrative Segregation Unit Primary Care Clinic will provide separate clinical treatment space for the secure Administrative Segregation Unit population. The Central Health Services renovation is to provide additional specialty exam rooms, clinical support space, and an appropriately sized physical therapy room, optical service and an expanded Treatment and Triage Area. The new Pharmacy and Lab building will meet the pharmaceutical processing demands at a basic level of care and make space available within the existing Central Health Services building for direct patient specialty clinical care services.",
2024,PVSP,P-2324-00112,Central Kitchen Repairs,SRP,active,Construction,9/2024,TBD,0,GF-C,,2042232,,,,,"Replace kitchen kettles and scullery, run electrical connection for temporary refrigeration, and replace all exterior and Interior lighting with LED lights.",
2024,PVSP,P-2122-00147,Central Kitchen Refrigeration System,E,active,Construction,1/2025,TBD,0,GF-S,,10000000,,,,,"Replace the Central Kitchen refrigeration systems. This replacement includes new refrigeration walk-in boxes, condensers, electrical connections, and control systems.",
2024,PVSP,P-1516-00305,Americans With Disabilities Act Modifications,SRP,complete,,,,,,9/2024,6453000,,,,,"Modify cells, program spaces and associated path-of-travel elements for disability placement program incarcerated individuals.",
2024,PVSP,P-1718-00070,Solar Photovoltaic Array,E,complete,,,,,,3/2024,0,,,,,"Install Solar Photovoltaic Array, 2 megawatt parking canopy system utilizing a Solar Power Purchase Agreement and Site License Agreement.",
2024,PVSP,P-0910-01145,Replace Underground Storage Tank with New Above Ground Fuel Tank and Stand-by Generators,SRP,proposed,,,,,,,,350000,,,,Install new above ground fuel tank and dispensing system at the garage. Replace existing uderground storage tanks with above ground tanks at the treatment center. Replace the emergency / normal power generators.,
2024,PVSP,P-2122-00148,Replace Fire Alarm System Sitewide,DM,future_5_10yr,,,,,,,,,20000000,4,Fire/Life/Safety,"Replace the existing, sitewide, fire alarm system. This includes all existing fire alarm control panels, all wiring, all devices, all fiber optic cable, programming needed to have a complete and operational system.","Fire/smoke detection system currently has limited operation due to an obsolete system that is no longer supported by the manufacturer, and replacement parts are no longer available. All housing units and most of the support buildings are required to be on fire watch due to the lack of fire/smoke detection. The non- functioning system also affects the ability to obtain a five year fire suppression certification as the system will not alarm/notify in the event that fire sprinkler is activated."
2024,RJD,P-1213-00318,"Install Electrical and TV Wiring - Facility B, Housing Units B6 & B7",SRP,active,Construction,5/2024,1/2025,82,GF-C,,1087000,,,,,"Install electrical & TV wiring in Facility B, Housing Units B6 and B7.",
2024,RJD,P-2122-00125,Americans With Disabilities Act Modifications,SRP,active,Construction,9/2023,12/2025,40,GF-S,,5346000,,,,,"Modify cells, program spaces, and associated path-of-travel elements for disability placement program incarcerated individuals.",
2024,RJD,P-1819-00202,Fire Alarm Replacement and Fire Suppression Repair,DM,active,Design Build,1/2024,12/2026,27,GF-C,,36361000,,,,,"Replace the fire alarm control panel, network connections, detection devices, and various fire and life safety items.",
2024,RJD,P-1718-00128,Statewide Medication Distribution Improvements - Phase II,MA,complete,,,,,,4/2024,5700000,,,,,"Design and construct a Medication Preparation Room in Housing Unit B6 and B7 to provide appropriate space with the proper infrastructure for secure medication preparation for Administrative Segregation incarcerated individuals. Provide a Medication Distribution Room in an Enhanced Outpatient unit at Housing Unit C14 to provide the appropriate space with the proper infrastructure for secure medication distribution, infection control, environmental control and secure medication storage.",
2024,RJD,P-1516-00469,Replace Hoods - Kitchen Grease/Fire Suppression Systems,DM,complete,,,,,,2/2024,3952000,,,,,Install new code compliant kitchen fume hoods with fire suppression systems.,
2024,RJD,P-1617-00157,Solar Photovoltaic Array,E,complete,,,,,,1/2024,0,,,,,3 megawatt ground mount system utilizing a Solar Power Purchase Agreement and a Site License Agreement.,
2024,RJD,P-2021-00167,Retrofit Water Efficiency Fixtures,E,complete,,,,,,1/2024,0,,,,,"Procure and install approximately 436 faucet flow reducers, 160 low-flow showerheads with timers, 225 commercial toilets, 211 high-efficiency toilets and plumbing supplies and materials required to retrofit fixtures.",
2024,SAC,P-1718-00113,New Cognitive Behavioral Treatment Classrooms,MA,active,Construction,5/2023,11/2025,43,GF-C,,15990000,,,,,"Construct three 1,440 sf modular buildings on Facility A, B and C for Cognitive Behavioral Treatment classes.",
2024,SAC,P-1516-00287,Americans With Disabilities Act Modifications,SRP,active,Construction,1/2017,8/2025,66,GF-S,,2001000,,,,,"Modify cells, program spaces, and associated path-of-travel elements for disability placement program incarcerated individuals.",
2024,SAC,P-1415-00052,"Replace Heating, Ventilation and Air Conditioning System and Flooring - Facility A, Correctional Treatment Center",DM,active,Construction,11/2023,11/2025,40,GF-S,,8535000,,,,,"Replace and/or upgrade all air handling equipment located in Facility A, Correctional Treatment Center, and replace the existing epoxy flooring.",
2024,SAC,P-1920-00105,Replace Roofs - Various Housing Units,DM,active,Construction,5/2022,12/2025,21,GF-S,,22528000,,,,,"Various housing unit roof replacements at California State Prison, Sacramento.",
2024,SAC,P-1718-00129,Statewide Medication Distribution Improvements - Phase II,MA,complete,,,,,,6/2024,8252000,,,,,"Design and construct Medication Distribution Rooms in Enhanced Outpatient Units at Housing Units A3/A4 and B3/B4 to provide the appropriate space with the proper infrastructure for secure medication distribution, infection control, environmental control and secure medication storage. Additional Medication Distribution Rooms in Housing Units A1/A2, A5/A6, and B7/B8 will provide work space for two to three psychiatric technicians.",
2024,SAC,P-2021-00209,Replace Fire Suppression Grill Hoods - UL 300 Compliance,DM,complete,,,,,,1/2024,342000,,,,,Replace existing fire suppression system hoods above all grills in pantries and administration canteen to meet the requirements mandated by the State Fire Marshal.,
2024,SAC,P-2324-00071,Generator Replacement - A Facility,SRP,proposed,,,,,,,,445000,,,,Replace the failed emergency generator located in Facility A.,
2024,SAC,P-2324-00145,Replace Roof - Housing Building A7/A8,DM,proposed,,,,,,,,2570000,,,,Full roof renewal. Roofs are beyond their useful life and can no longer be repaired incrementally.,
2024,SAC,P-2122-00111,New Pharmacy Building,MA,future_5yr,,,,,,,,,15939000,5,Health Care Programming,"Design and construct a new 2,800 sf pharmacy building within the secure perimeter with staff workstations to conduct current and future pharmacy operations. Scope includes spaces for the pharmacy to function as a local and regional hub for tele-pharmacy services, staff restrooms, breakroom, a conference room, and administrative office space.","The existing pharmacy room at SAC is 1,200 sf and consists of the drug utilization workstations to fill prescriptions and the other adjoining room is utilized for prescription verification is 1,160 sf. In addition to all the medications housed in these spaces, there are 17 pharmacists and pharmacy technicians sharing this space. The existing layout does not accommodate existing personnel, efficient workflow, and approval protocols required to minimize medication ordering, preparation and dispensing errors or the space and internal organization required to manage the receipt of daily prescriptions, central fill workflows and on-site prescription preparation and dispensing of medications. There is inadequate space for pharmaceutical storage and distribution for all incarcerated individual medication."
2024,SATF,P-1920-00112,Air Cooling Facility F and G,MA,active,Construction,4/2023,1/2026,35,GF-C,,17011000,,,,,"Design and construct air conditioning units in treatment and office spaces in Facility F and G housing units. The scope consists of additional equipment pads, conduit and piping supports, as well as the additional roof or wall penetrations to accommodate the new units.",
2024,SATF,P-1516-00307,Americans With Disabilities Act Modifications,SRP,active,Construction,11/2017,3/2025,95,GF-S,,10507000,,,,,"Modify cells, program spaces, and associated path-of-travel elements for disability placement program incarcerated individuals.",
2024,SATF,P-1718-00219,Replace Roofs Multiple Buildings,DM,active,Construction,7/2019,9/2026,61,GF-S,,31653000,,,,,Various roof replacements at California Substance Abuse Treatment Facility.,
2024,SATF,P-1314-00201,Health Care Facility Improvement Program,MA,complete,,,,,,12/2024,39864000,,,,,"Design and construct a new Administrative Segregation Unit Primary Care Clinic at Facility E; Primary Care Clinic renovations and additions at Facilities A, B, C, D, E, F, and G and the Central Health Services building renovations. The new Administrative Segregation Unit Primary Care Clinic at Facility E will provide separate clinical treatment space for primary care treatment and consultation for the secure lock-up Administrative Segregation Unit population at SATF. The Primary Care Clinic renovations and additions at Facilities A, B, C, D, E, F and G will provide primary health care treatment and consultation consistent with the delivery of a basic level of care. The renovated clinics will include lab draw stations to increase access to these services in an appropriate setting. The renovated Central Health Services building will provide centralized specialty clinical services, consultation, and emergency services for all incarcerated individuals.",
2024,SATF,P-2122-00150,Replace Fire Alarm System Sitewide,DM,future_5_10yr,,,,,,,,,25000000,4,Fire/Life/Safety,"Replace the existing, sitewide, fire alarm system. This includes all existing fire alarm control panels, all wiring, all devices, all fiber optic cabling, and programming needed to have a complete and operational system.",The fire/smoke detection system is currently not operational. The system is obsolete and therefore there are no replacement parts on the market. The non-functioning system also affects the ability of obtaining five year fire suppression certification as the system will not alarm/notify in the event of fire sprinkler water flow. All housing units and most support buildings are currently on fire watch due to the lack of fire/smoke detection.
2024,SCC,P-1617-00136,Repair Showers - Tuolumne Housing 1-5,SRP,complete,,,,,,12/2024,2088000,,,,,Repair the showers in Tuolumne Housing Buildings 1 through 5.,
2024,SCC,P-2324-00033,Install Electrical & Television Outlets - HU2,SRP,complete,,,,,,12/2024,669000,,,,,Add electrical and television outlets previously removed due to mission change.,
2024,SCC,P-0809-02716,Replace Hydronic Hot Water Line Level III Yard,SRP,proposed,,,,,,,,615000,,,,Replace existing hydronic hot water loop serving the Tuolumne Yard.,
2024,SCC,P-2021-00249,Remove/Replace Air Handling Units - Main Medical Building,SRP,proposed,,,,,,,,2207000,,,,Replace the deteriorated Air Handler Units located in the medical building.,
2024,SCC,P-2324-00083,Boiler Replacement - Boiler #3,SRP,proposed,,,,,,,,1500000,,,,Replace existing industrial steam boiler #3.,
2024,SCC,P-2122-00101,Air Cooling Calaveras/Mariposa Housing Units,MA,future_5yr,,,,,,,,,42158000,5,Staff and Population Safety,Design and replace existing air handlers in Calaveras/Mariposa housing units with cooling.,"All 38 dorms in the Calaveras and Mariposa Housing Units are equipped with heating and ventilation units, but lack cooling equipment and adequate insulation. The concrete construction of the buildings continue to retain heat even as the outside air cools in the evening. Without air cooling, there is no relief from summer temperatures that can reach as high as 109°F. This can result in activation of heat plans when temperatures exceed allowable limits."
2024,SCC,P-2122-00156,Construct New Clarifier Building,MA,future_5_10yr,,,,,,,,,22387000,5,Regulatory Compliance,"Design and construct a new Clarifier Building capable of housing a new clarification system with associated components, piping, and controls. The new system will also require connection to the backup power system.","SCC’s Water Treatment Plant uses an Upflow Clarifier, installed in 1962, which promotes the clarification/removal of suspended solids from the water. The pipes and baffles in the clarifier have been affected by corrosion and are no longer able to properly create the desired flow patterns. Additionally, the Upflow Clarifier is uncovered, allowing sun exposure and contaminates to enter the tanks which can cause unwanted fluctuation in water temperatures."
2024,SOL,P-1516-00067,Replace Hydronic Loop System,SRP,active,Construction,8/2020,7/2027,52,GF-S,,23034000,,,,,Remove and replace all deteriorated pipes with like insulated pipes.,
2024,SOL,P-1718-00316,Repair Water Treatment Plant Filter Trains,SRP,active,Construction,11/2023,3/2025,15,GF-S,,1448000,,,,,Repair filter trains at Water Treatment Plant.,
2024,SOL,P-1819-00134,Upgrade Fire Suppression Exhaust Hood Systems (UL 300 Compliance),DM,active,Construction,3/2023,3/2025,77,GF-S,,4314000,,,,,Upgrade fire suppression exhaust hood systems to Underwriters Laboratories 300 compliance.,
2024,SOL,P-1819-00200,Replace Roofs - Various Housing Units,DM,active,Construction,5/2021,12/2025,30,GF-C,,21144000,,,,,Various housing unit roof replacements at Solano State Prison.,
2024,SOL,P-1213-00198,Health Care Facility Improvement Program,MA,complete,,,,,,7/2024,50752000,,,,,"Design and construct a Complex Facility Clinic, renovations to Central Health Services and Receiving and Release, construct new Medication Distribution Rooms, and disabled accessibility improvements to housing units and path-of-travel accessibility.",
2024,SOL,P-2223-00152,"Americans With Disabilities Act Modifications, Group C, Non-FLS",SRP,complete,,,,,,9/2024,670000,,,,,"Modify prescribed elements within facility living, visitation, recreation, and vocational education areas.",
2024,SQ,P-1314-00510,New Boiler Facility,MA,active,Construction,3/2021,5/2026,54,GF-C,,31321000,,,,,"Demolish the existing boiler building, and build a new central boiler facility at San Quentin Rehabilitation Center. Boiler replacement is required for compliance with Bay Area Air Quality Management District regulations.",
2024,SQ,P-2324-00001,Improvement Projects,MA,active,All Phases,9/2024,3/2026,5,GF-C,,12000000,,,,,"Design and construct improvements to the existing San Quentin Rehabilitation Center infrastructure. The project will include the demolition of the existing Upper Yard paving, Individual Exercise Yards, yard fencing, and disconnecting existing utilities. Additionally, this project will include design and construction of an open area that includes accessible walkways, support infrastructure, utilities, lighting, and seating to provide recreational and programming areas.",
2024,SQ,P-2324-00002,Demolition of Building 38 and Construction of New Educational and Vocational Center,MA,active,Progressive Design Build,3/2024,1/2026,43,LR,,239000000,,,,,"Demolition and abatement of the former California Prison Industry Authority Warehouse Building 38 and design and construction of a new Educational and Vocational Center at the San Quentin Rehabilitation Center. The project will include flexible classrooms, media and technology spaces, library space, counseling spaces, multi-purpose rooms, a store, a cafe, a central plaza with courtyard space for social gatherings, staff administrative offices, and restrooms for both staff and the incarcerated population. PRE-C - Pre-Construction 7/2023 - 3/2024 100% LR $25,091,000",
2024,SQ,P-1415-00234,Replace Roof - Water Tank,DM,active,Construction,1/2023,2/2025,83,GF-S,,5971000,,,,,Remove and replace roof structure of the San Quentin Potable water tank.,
2024,SQ,P-1718-00025,Repair/Replace Fire Alarm System,DM,active,Construction,8/2021,2/2025,99,GF-S,,3077000,,,,,Replace fire alarm system.,
2024,SQ,P-1516-00130,Replace Main Kitchen Cooling Tower,DM,proposed,,,,,,,,124000,,,,Replace the kitchen cooling tower at San Quentin Rehabilitation Center.,
2024,SQ,P-2324-00163,East Block Roof Repairs,DM,proposed,,,,,,,,500000,,,,Repair East Block roof at San Quentin Rehabilitation Center.,
2024,SQ,P-2122-00115,"Renovation of Kitchen/Bakery/Refrigeration, North and South Dining Halls",MA,future_5_10yr,,,,,,,,,313299000,5,Critical Infrastructure,"Design and construct renovations of existing Kitchen/Bakery and replace cooking, refrigeration, and freezer equipment.","The roofs of the Kitchen and Bakery areas are in need of replacement due to constant leaks and deterioration of the roof structure/decking. Additionally,the exposed underside of the roofing systems show signs of water damage. The exterior walls, comprised of poured concrete covered with stucco are cracking and the paint finish is worn, causing additional deterioration to the structure. Due to its age, the plumbing system has extensive corrosion at the fittings and couplings. Similarly, the electrical components/systems are showing signs of age, with obsolete panels that are corroding, and the floors throughout the buildings are in a significant state of disrepair, with several sections of chipped/damaged tiles that present tripping hazards. The refrigerators and freezers are in poor condition with failed seals, exposed electrical conduits, and cracked/damaged floors, making it difficult to maintain proper food storage temperatures."
2024,SVSP,P-1718-00220,Replace Roofs Multiple Buildings,DM,active,Construction,11/2020,1/2025,90,GF-S,,19618000,,,,,Various roof replacements at Salinas Valley State Prison.,
2024,SVSP,P-1617-00165,Solar Photovoltaic Array,E,complete,,,,,,1/2024,0,,,,,"Install Solar Photovoltaic Array, Phase 10, 3.5 megawatt ground mount system utilizing a Solar Power Purchase Agreement and a Site License Agreement.",
2024,SVSP,P-2021-00192,Energy Efficiency Project - Lighting and Controls,E,complete,,,,,,1/2024,3873000,,,,,Retrofit interior and exterior lighting institution wide.,
2024,SVSP,P-2324-00137,Replace Roofs - Buildings 462 and 484 (Central Kitchen),DM,proposed,,,,,,,,3369000,,,,Full roof renewal. Roofs are beyond their useful life and can no longer be repaired incrementally.,
2024,VSP,P-1819-00137,Arsenic and Manganese Removal Water Treatment Plant,MA,active,Construction,7/2024,4/2026,5,GF-C,,37164000,,,,,Design and install a treatment plant due to the increase in arsenic and manganese levels in the wells at Valley State Prison and adjacent Central California Women's Facility. This treatment plant will comply with the Environmental Protection Agency and State Water Resources Control Board drinking water quality standards related to arsenic and manganese levels at both Valley State Prison and Central California Women's Facility.,
2024,VSP,P-1213-00223,Health Care Facility Improvement Program,MA,complete,,,,,,12/2024,27520000,,,,,"Renovate of the Pharmacy, Facility A Primary care clinic, and construct additions to Facility B, C, and D Primary Care Clinics.",
2024,VSP,P-1718-00294,"Replace Roof - BPT/Visiting Center, Building 406 (Roof Area 3)",DM,complete,,,,,,12/2024,1336000,,,,,Full roof renewal. Roof is beyond useful life and can no longer be repaired incrementally.,
2024,VSP,P-2324-00054,New Potable Water Wells,MA,proposed,,,,,,,,1150000,,,,Design and construct two new groundwater wells to supply adequate amounts of potable water for incarcerated individuals at the Central California Women’s Facility and Valley State Prison. Preliminary plans phase funding.,
2024,VSP,P-2223-00031,"Replace Pan Decking, Roof and Heating, Ventilation and Air Conditioning Unit - Central Kitchen",SRP,proposed,,,,,,,,3263000,,,,"Replace exiting pan decking affected by a structural failure of architecural supports located in the central kitchen, the air handling units serving the building and the roof membrane.",
2024,VSP,P-2324-00138,"Replace Roof - Visiting Building 406 (Roof Areas 1, 2, and 4)",DM,proposed,,,,,,,,2080000,,,,Full roof renewal. Roof is beyond its useful life and can no longer be repaired incrementally.,
2024,WSP,P-1516-00295,Americans With Disabilities Act Modifications,SRP,active,Construction,9/2017,5/2025,91,GF-S,,6383000,,,,,"Modify living areas, the Board of Parole Hearings conference room, Correctional Treatment Center, Receiving and Release, and path-of-travel.",
2024,WSP,P-1819-00215,Upgrade Potable Water Wells,SRP,active,Construction,4/2022,1/2025,96,GF-S,,2528000,,,,,Replace/Repair damaged wells required for domestic water production.,
2024,WSP,P-1213-00221,Health Care Facility Improvement Program,MA,complete,,,,,,2/2024,89419000,,,,,"Renovations and additions to Facilities A, C, H, Central Health Services, and Reception Center Care Processing, and new Facility B and D Primary Care Clinics, Medication Distribution Rooms, and a new Correctional Case Management and Health Care Administration building.",
2024,WSP,P-2122-00225,Energy Efficiency Project - Lighting and Water Heaters,E,complete,,,,,,12/2024,4330000,,,,,Retrofit lighting and water heaters institution wide.,
2024,WSP,P-2324-00060,New Pharmacy Building,MA,future_5yr,,,,,,,,,15857000,5,Critical Infrastructure,Design and construct a new pharmacy building at Wasco State Prison.,"A health care facility assessment was performed in 2009 for WSP’s health care infrastructure and several deficiencies were noted for the pharmacy, located in the Central Health Services Building. The original pharmacy had inefficiencies and ineffective operations of data and order entry, pharmacy verification, and prescription filling. Additionally, the pharmacy was approximately 500 square feet and too small to accommodate the operations required to manage the receipt of daily prescriptions, central fill workflows, on- site prescription preparation and dispensing of medication. EOP patients require a higher level of care including higher prescription use, resulting in increased medication inventory levels that require additional space for storage."
2025,MULTIPLE,P-2526-00169,Roof Replacement,DM,active,Design Phases,7/2025,6/2026,65,GF-S,,1087000,,,,,Design funding for various roof replacements for fiscal year 2026/27.,
2025,MULTIPLE,P-2526-00170,Roof Replacement,DM,active,Design Phases,7/2025,6/2027,10,GF-S,,1304000,,,,,Design funding for various roof replacements for fiscal year 2027/28.,
2025,MULTIPLE,P-1213-00196,Statewide Medication Distribution Improvements,MA,complete,,,,,,2/2025,49590000,,,,,"Existing medication distribution facilities do not allow for safe, efficient, and effective distribution of medications and do not allow for compliance with federal and state infection control standards. Physical plant modifications are necessary to allow CDCR to provide appropriately sized space with proper infrastructure for secure distribution, infection control, environmentally controlled, and secure medication storage. This statewide project included construction of medication distribution facilities at 22 adult institutions.",
2025,ASP,P-1617-00390,"Replace Two Air Handling Units & Repair Metal Roofing - Laundry, Building 695",DM,active,Construction,11/2025,TBD,5,GF-S,,541000,,,,,"Replace two inoperable air handling units, located in the laundry building.",
2025,ASP,P-1617-00143,Fire Alarm Replacements Sitewide,DM,future_5yr,,,,,,,,,63265000,4,Fire/Life/Safety,"Replace existing fire alarm systems statewide including control panels, network connections, detection devices, various fire and life safety items and programming necessary to ensure complete and operational systems.","Fire/smoke detection systems become obsolete, are no longer supported by the manufacturer, and replacement parts are no longer available. The non-functioning system affects the ability to obtain a five- year fire suppression certification as the system will not alarm/notify in the event that the fire sprinkler is activated."
2025,CAL,P-2122-00130,Replace Chillers and Chiller Condensate Pipes,SRP,active,Construction,2/2025,12/2026,17,GF-S,,12560000,,,,,"Remove existing non-operational chillers and install variable frequency drive chillers, automated controls, and other associated components for operation of the chiller and condensing towers, meeting all code requirements.",
2025,CAL,P-1718-00222,Replace Roofs - Facility A and B Multiple Buildings,DM,active,Construction,5/2022,10/2026,79,GF-S,,24378200,,,,,Various roof replacements at Facility A and B at Calipatria State Prison.,
2025,CAL,P-2324-00156,"Replace Roofs - Facility B, Housing Units, Buildings 331, 332, 333, 334 and 335",DM,active,Construction,10/2025,10/2026,5,GF-S,,8666000,,,,,Full roof renewal. Roof is beyond its useful life and can no longer be repaired incrementally.,
2025,CAL,P-2021-00211,Lethal Electrified Fence Repair and Upgrade,SRP,proposed,,,,,,,,1532000,,,,"Repair, replace, and /or upgrade components installed in the electrified fence system. This includes system components that have reached the end of their useful life such as the graphic annunciator panels, programmable logic controllers, electrical monitoring devices and interlock panels.",
2025,CAL,P-2324-00158,"Replace Roofs - Facility D Housing, Buildings 351, 354, and 355",DM,proposed,,,,,,,,5372000,,,,Full roof renewal. Roofs are beyond their useful life and can no longer be repaired incrementally.,
2025,CAL,P-0910-00383,Fire Alarm Replacements Sitewide,DM,future_5yr,,,,,,,,,43147000,4,Not Applicable,"Replace existing fire alarm systems statewide including control panels, network connections, detection devices, various fire and life safety items and programming necessary to ensure complete and operational systems.","Fire/smoke detection systems become obsolete, are no longer supported by the manufacturer, and replacement parts are no longer available. The non-functioning system affects the ability to obtain a five- year fire suppression certification as the system will not alarm/notify in the event that the fire sprinkler is activated."
2025,CAL,P-2122-00131,HVAC Controls Upgrade,DM,future_5_10yr,,,,,,,,,15000000,4,Staff and Population Safety,"Remove the existing non-operational Heating, Ventilation and Air Conditioning (HVAC) Energy Management System (EMS) throughout the institution. Replace with new local control panels, updated actuators and associated components for each HVAC unit networked to the Chiller Plant. Replace the economizer, chilled water valves, and control system for all housing units. Install variable frequency drives on fans to control temperatures and airflows. Install central control software to manage and monitor the overall system controls and receive communication signals from the HVAC equipment at the buildings.","The HVAC EMS controls the operation of the HVAC units through set points in heating and cooling modes. Currently, the EMS has become obsolete and replacement components cannot be purchased. This results in each HVAC unit being operated in manual mode. The lack of a working EMS prevents the ability to control temperatures within the buildings and impacts programming and facility operations."
2025,CCI,P-1314-00226,Replace UL-300 Fire Suppression System - Kitchens and Employee Snack Bar,DM,active,Construction,12/2022,4/2026,19,GF-S,,3215000,,,,,Install new code compliant kitchen fume hoods with fire suppression systems.,
2025,CCI,P-1415-00110,"Replace Roof - Facility A, Building 47, Vocation",DM,complete,,,,,,10/2025,3403000,,,,,Full roof renewal. Roof is beyond useful life and can no longer be repaired incrementally.,
2025,CCI,P-1415-00114,"Replace Roof - Facility B, Building 57, Vocation",DM,complete,,,,,,10/2025,3403000,,,,,Full roof renewal. Roof is beyond useful life and can no longer be repaired incrementally.,
2025,CCI,P-2526-00178,Fire Alarm Replacements Sitewide,DM,future_5yr,,,,,,,,,60297000,4,Fire/Life/Safety,"Replace existing fire alarm systems statewide including control panels, network connections, detection devices, various fire and life safety items and programming necessary to ensure complete and operational systems.","Fire/smoke detection systems become obsolete, are no longer supported by the manufacturer, and replacement parts are no longer available. The non-functioning system affects the ability to obtain a five- year fire suppression certification as the system will not alarm/notify in the event that the fire sprinkler is activated."
2025,CCI,P-2122-00096,Facility C Kitchen Addition,MA,future_5_10yr,,,,,,,,,10815000,4,Critical Infrastructure,"Design and construct a new approximately 5,000 sf kitchen to be sited next to Facility C's kitchen. This addition will consist of additional food storage, a bakery, and a specialty diet preparation area. Kitchen equipment will be of commercial grade quality. Storage areas will contain suitable dry food and refrigerated/freezer storage capacity.","Facility D is closed, however, the kitchen remains in operation for specialty diet and bakery storage and preparation which is inefficient, potentially unsafe, and costly due to the age and condition of the kitchen. The proposed kitchen addition to Facility C’s kitchen will replace the use and function of the kitchen on Facility D to accommodate the needs for specialty diet meal preparation and bakery operations that are continuing in Facility D’s kitchen."
2025,CCI,P-2122-00132,Repair of Laundry/Food Service Building C21,DM,future_5_10yr,,,,,,,,,15000000,4,Staff and Population Safety,Replace roof and perform structural repairs for the building.,"The Laundry/Food Service building has deficiencies including roofs, building structures, and finishes. The roof has water intrusion that has caused damage to the interior ceilings and walls. Additionally, the structural supports in the utility tunnel are failing and there is buckling of the flooring."
2025,CCWF,P-1213-00222,Health Care Facility Improvement Program,MA,active,Construction,4/2015,1/2027,78,AB900LR;GF/AB900LR,,53976000,,,,,"This project includes the construction of a Reception Center Health Care Processing addition, Facility A Primary Care Clinic renovation, Facility B, C, and D Primary Care Clinic renovations and additions, a New Pharmacy, and Central Health Services renovations.",
2025,CCWF,P-0809-01823,Repair Housing Unit Showers (14 buildings),SRP,active,Construction,2/2025,8/2028,3,GF-S,,2500000,,,,,Replace existing deteriorated shower door frames in housing unit.,
2025,CCWF,P-1314-00406,Replace Water Distribution Main Pipe,SRP,active,Construction,4/2015,8/2026,99,GF-S,,2784000,,,,,"Repairs to main water line required for domestic water production. Work will be in 2 phases, and both phases are included in this project.",
2025,CCWF,P-1516-00289,Americans With Disabilities Act Modifications,SRP,active,Construction,6/2017,4/2026,87,GF-S,,6266000,,,,,"Modify cells, program spaces and associated path-of-travel elements for disability placement program incarcerated individuals.",
2025,CCWF,P-2526-00129,Firehouse Repairs,SRP,active,Construction,11/2025,TBD,0,GF-S,,438900,,,,,Replace Fire rated walls damaged by water main leak.,
2025,CCWF,P-1213-00007,"Replace Roof and Mechanical Systems - Building 805, Central Health Services Building",DM,active,Construction,8/2020,2/2026,95,GF-S,,11376000,,,,,Replace failing roof and mechanical systems on Central Health Services Building 805.,
2025,CCWF,P-1819-00098,"Replace Roofs Facility A, Buildings 503 and 504",DM,active,Construction,2/2022,3/2026,77,GF-S,,6881000,,,,,"Roof replacements at Facility A, Buildings 503 and 504.",
2025,CCWF,P-1920-00145,"Replace Heating, Ventilation and Air Conditioning System - Facility A, Buildings 503 & 504",DM,active,Construction,9/2023,4/2026,85,GF-S,,3903000,,,,,"Replace and/or upgrade all air handling equipment located in Facility A, Buildings 503 and 504.",
2025,CCWF,P-2526-00144,Air Cooling Pilot Program,DM,active,Construction,1/2025,6/2026,50,GF-S,,38850,,,,,"Install Exterior Insulation Finishing System at Facility B, Building 508.",
2025,CCWF,P-2021-00257,Energy Efficiency Project - Lighting and Water Heaters,E,active,Construction,6/2023,4/2026,92,GF-S,,4268000,,,,,Retrofit lighting and replace water heaters institution wide.,
2025,CCWF,P-2223-00102,Mental Health Crisis Beds Treatment Room - Bldg. 805,SRP,complete,,,,,,3/2025,1080000,,,,,Install suicide resistant crisis beds in the treatment room.,
2025,CCWF,P-2324-00132,"Replace Roof - Building 805, Central Health Services Building - Phase II",DM,proposed,,,,,,,,9739000,,,,Full roof renewal. Roof is beyond its useful life and can no longer be repaired incrementally.,
2025,CCWF,P-2526-00156,"Air Cooling Pilot, Facility B, Building 508",DM,proposed,,,,,,,,568000,,,,"Install mechanical air cooling system at Facility B, Building 508.",
2025,CCWF,P-2526-00176,Fire Alarm Replacements Sitewide,DM,future_5yr,,,,,,,,,41335000,4,Fire/Life/Safety,"Replace existing fire alarm systems statewide including control panels, network connections, detection devices, various fire and life safety items and programming necessary to ensure complete and operational systems.","Fire/smoke detection systems become obsolete, are no longer supported by the manufacturer, and replacement parts are no longer available. The non-functioning system affects the ability to obtain a five- year fire suppression certification as the system will not alarm/notify in the event that the fire sprinkler is activated."
2025,CEN,P-2021-00213,Lethal Electrified Fence Repair and Upgrade,SRP,proposed,,,,,,,,1441000,,,,"Repair, replace, and /or upgrade components installed in the electrified fence system. This includes system components that have reached the end of their useful life, such as the graphic annunciator panels, programmable logic controllers, electrical monitoring devices, and interlock panels.",
2025,CEN,P-1819-00347,Fire Alarm Replacements Sitewide,DM,future_5yr,,,,,,,,,48672000,4,Fire/Life/Safety,"Replace existing fire alarm systems statewide including control panels, network connections, detection devices, various fire and life safety items and programming necessary to ensure complete and operational systems.",Centinela has been experiencing an increase in trouble alarms due to communication faults within the fire alarm system. This is making the fire alarm system unreliable.
2025,CHCF,P-2324-00051,Potable Water Treatment System,MA,active,Working Drawings,11/2025,10/2026,25,GF-C,,1941000,,,,,Design and construct a potable water treatment system at the California Health Care Facility to supplement the disinfection of potable water delivered through the water distribution system. Working drawings phase funding.,
2025,CHCF,P-1920-00107,Facility E Dayroom Restroom Housing Unit 301B,MI,active,All Phases,7/2021,3/2027,5,GF-C,,303000,,,,,Design and construct a toilet and sink inside Facility E housing unit 301B dayroom at the California Health Care Facility to provide restroom access for Enhanced Outpatient Program patients with accessibility requirements and chronic medical needs.,
2025,CHCF,P-1920-00108,Facility E Dayroom Restroom Housing Unit 301C,MI,active,All Phases,7/2021,3/2027,5,GF-C,,,,,,,Design and construct a toilet and sink inside Facility E housing unit 301C dayroom at the California Health Care Facility to provide restroom access for Enhanced Outpatient Program patients with accessibility requirements and chronic medical needs.,
2025,CHCF,P-1920-00109,Facility E Dayroom Restroom Housing Unit 301D Funding:,MI,active,All Phases,7/2021,3/2027,5,GF-C,,303000,,,,,Design and construct a toilet and sink inside Facility E housing unit 301D dayroom at the California Health Care Facility to provide restroom access for Enhanced Outpatient Program patients with accessibility requirements and chronic medical needs.,
2025,CHCF,P-1920-00110,Facility E Dayroom Restroom Housing Unit 301E,MI,active,All Phases,7/2021,3/2027,5,GF-C,,303000,,,,,Design and construct a toilet and sink inside Facility E housing unit 301E dayroom at the California Health Care Facility to provide restroom access for Enhanced Outpatient Program patients with accessibility requirements and chronic medical needs.,
2025,CHCF,P-1920-00111,Facility E Dayroom Restroom Housing Unit 301F,MI,active,All Phases,7/2021,3/2027,5,GF-C,,303000,,,,,Design and construct a toilet and sink inside Facility E housing unit 301F dayroom at the California Health Care Facility to provide restroom access for Enhanced Outpatient Program patients with accessibility requirements and chronic medical needs.,
2025,CHCF,P-2526-00172,Potable Water Treatment System,MA,proposed,,,,,,,,6570000,,,,Design and construct a potable water treatment system at the California Health Care Facility to supplement the disinfection of potable water delivered through the water distribution system. Construction phase funding,
2025,CHCF,P-2526-00177,Fire Alarm Replacements Sitewide,DM,future_5yr,,,,,,,,,63937000,4,Fire/Life/Safety,"Replace existing fire alarm systems statewide including control panels, network connections, detection devices, various fire and life safety items and programming necessary to ensure complete and operational systems.","Fire/smoke detection system currently has limited operation due to an obsolete system that is no longer supported by the manufacturer, and replacement parts are no longer available. All housing units and most of the support buildings are required to be on fire watch due to the lack of fire/smoke detection. The nonfunctioning system also affects the ability to obtain a five year fire suppression certification as the system will not alarm/notify in the event that fire sprinkler is activated."
2025,CIM,P-1617-00113,50-Bed Mental Health Crisis Facility,MA,active,Construction,11/2022,3/2026,95,GF-C;LR,,148251000,,,,,"Design and construct a 50 bed mental health crisis beds building that will provide housing, treatment, and office space to allow for patients in a mental health crisis state to be treated.",
2025,CIM,P-2122-00122,Americans With Disabilities Act Modifications,SRP,active,Construction,12/2023,12/2026,23,GF-S,,8032000,,,,,"Modify cells, program spaces, and associated path-of-travel elements for disability placement program incarcerated individuals.",
2025,CIM,P-2324-00143,"Replace Roof - Facility B, Building 204.5/Unit 2, Administration and Medical",DM,active,Construction,12/2025,2/2027,0,GF-S,,5113000,,,,,Full roof renewal. Roof is beyond its useful life and can no longer be repaired incrementally.,
2025,CIM,P-2021-00191,Energy Efficiency Project - Lighting and Air Handling Unit Controls,E,active,Preliminary Plans,8/2023,3/2027,35,GF-S,,7215400,,,,,Retrofit interior and exterior lighting and heat exchanger. Upgrade air handling units motor controls.,
2025,CIM,P-1718-00132,Air Cooling Facility A,MA,complete,,,,,,2/2025,20326000,,,,,Install new air cooling with heating systems at Facility A.,
2025,CIM,P-2526-00130,"Replace Roof - Facility B, Building 204.7 and 204.8, Unit 4, Housing Unit",DM,proposed,,,,,,,,1980000,,,,Full roof renewal. Roof is beyond its useful life and can no longer be repaired incrementally.,
2025,CIM,P-2526-00148,Americans with Disabilities Act Facility Improvements,DM,proposed,,,,,,,,2460000,,,,"Modify cells, restrooms, program spaces, and associated path-of-travel elements for disability placement program incarcerated individuals.",
2025,CIM,P-2526-00189,Family Visting Units - Facility C,MA,future_5yr,,,,,,,,,17524000,5,Unknown,Design and construct four new family visiting units and demolish the condemned family visiting trailers. Preliminary plans funding.,
2025,CIM,P-2122-00121,Repair of Cypress and Magnolia Storm Water Channels,SRP,future_5yr,,,,,,,,,15000000,4,Regulatory Compliance,Repair of storm water drainage channels crossing the CIM property.,The Cypress and Magnolia storm water drainage channels are heavily deteriorated and in need of repairs. The volume of water running through the channels is causing serious erosion.
2025,CIM,P-2122-00103,"Air Cooling Facilities A, C, & D Kitchens",MA,future_5_10yr,,,,,,,,,37473000,10,Staff and Population Safety,"Design and install cooling systems in the Kitchens in Facilities A, C, and D.","The kitchens in Facilities A, C, and D were not originally designed or equipped with air cooling and the ventilation is not adequate to provide relief for the incarcerated individuals and staff that utilize and/or work in the kitchens from high outdoor temperatures, which often exceed 100 degrees during the summer months. The kitchen’s large cooking equipment produces additional indoor heat causing the temperatures inside the buildings to exceed the temperature outside by 10-20 degrees."
2025,CIM,P-2122-00104,Backup Power,MA,future_5_10yr,,,,,,,,,72546000,10,Critical Infrastructure,Design and install a backup generator power system for the institution's standby power needs.,"CIM has very limited backup power capabilities. Without a standby power backup system to provide power during utility outages, essential infrastructure, including the Water Treatment Plant, will not be able to operate. This includes mechanical ventilation and heating systems, pumping systems, lighting, refrigerated and frozen food storage units, and electric cell door operators."
2025,CIM,P-2122-00112,Facility C East Culinary Renovation,MA,future_5_10yr,,,,,,,,,10000000,10,Critical Infrastructure,"Renovate Facility C East Culinary Building and replace cooking, refrigeration, and freezer equipment.",The flooring and ceilings throughout the building are deteriorated and require repair. The existing ventilation system is aged and consistently requires maintenance and repairs. The electrical components/systems and food processing equipment are showing signs of age.
2025,CIM,P-1213-00308,Fire Alarm Replacements Sitewide,DM,future_5_10yr,,,,,,,,,71141000,4,Fire/Life/Safety,"Replace existing fire alarm systems statewide including control panels, network connections, detection devices, various fire and life safety items and programming necessary to ensure complete and operational systems.","Fire/smoke detection systems become obsolete, are no longer supported by the manufacturer, and replacement parts are no longer available. The non-functioning system affects the ability to obtain a five- year fire suppression certification as the system will not alarm/notify in the event that the fire sprinkler is activated."
2025,CIW,P-2122-00123,Americans With Disabilities Act Modifications,SRP,active,Construction,10/2023,10/2026,29,GF-S,,5728000,,,,,"Modify cells, program spaces, and associated path-of-travel elements for disability placement program incarcerated individuals.",
2025,CIW,P-2526-00149,Americans with Disabilities Act Facility Improvements,DM,proposed,,,,,,,,2924000,,,,"Modify cells, restrooms, program spaces, and associated path-of-travel elements for disability placement program incarcerated individuals.",
2025,CIW,P-2122-00098,Central Kitchen Remodel,MA,future_5_10yr,,,,,,,,,11765000,10,Critical Infrastructure,"Design and renovate the main culinary with new refrigeration and freezer equipment, food preparation, cooking, serving and wash stations.","The Central Kitchen building and its original systems date back to 1966. Due to the unavailability of replacement parts, much of the steam powered equipment is inoperative, including the hot wells, kettles, steamers, and dish washers. The kitchen drainage system clogs regularly resulting in frequent failures. The refrigeration/freezer systems have damaged/failing doors, buckling floor areas, and aged/worn electrical connections. Additionally, the plumbing and electrical systems are continual points of failure."
2025,CIW,P-2526-00187,Fire Alarm Replacements Sitewide,DM,future_5_10yr,,,,,,,,,33419000,4,Fire/Life/Safety,"Replace existing fire alarm systems statewide including control panels, network connections, detection devices, various fire and life safety items and programming necessary to ensure complete and operational systems.","Fire/smoke detection systems become obsolete, are no longer supported by the manufacturer, and replacement parts are no longer available. The non-functioning system affects the ability to obtain a five- year fire suppression certification as the system will not alarm/notify in the event that the fire sprinkler is activated."
2025,CMC,P-1213-00224,Health Care Facility Improvement Program,MA,active,Construction,3/2015,3/2026,99,AB900LR;GF/AB900LR,,90980000,,,,,"Construct a new Primary Care Clinic at the West Facility, a new Primary Care Clinic and the Health Care Administration building at the East Facility, a new Pharmacy and Laboratory building, and a new Administrative Segregation Unit Primary Care Clinic and Administrative Segregation Unit - Enhanced Outpatient Program Mental Health Clinic at the East Facility. Renovations will be performed at the East Facility Receiving and Release exam room, the East Facility Central Health Services, East Facility Medication Distribution room, and utility improvements.",
2025,CMC,P-1415-00742,Water Plant Backwash Upgrade,SRP,active,Construction,8/2020,1/2026,99,GF-S,,5833000,,,,,Upgrade the Water Treatment Plant to be in regulatory compliance.,
2025,CMC,P-1718-00260,Replace Reservoir #5 Liner,SRP,active,Construction,6/2025,TBD,0,GF-S,,1251000,,,,,"Replace approximately 32,000 square feet of pond liner material at covered in-ground potable water storage pond with similar reinforced Polypropylene liner material.",
2025,CMC,P-2425-00125,"Water and Wastewater Constituent Control Improvements, Engineering Services (Phase 1)",SRP,active,Unknown,TBD,TBD,5,GF-S,,576838,,,,,"Provides engineering support necessary to incorporate the replacement of the influent wastewater pumps, associated piping and related components as part of the CMC Wastewater System Control Measure Improvements Design project currently in progress.",
2025,CMC,P-1819-00126,Upgrade Fire Suppression Exhaust Hood Systems (UL 300 Compliance),DM,active,Construction,11/2025,TBD,0,GF-S,,250000,,,,,Upgrade fire suppression exhaust hood systems to Underwriters Laboratories 300 compliance.,
2025,CMC,P-2425-00161,"Emergency Sheet Wall Repair, Water Treatment Plant",SRP,complete,,,,,,4/2025,644675,,,,,"Replace a failed sheet pile wall at the wastewater treatment plant. Remove sections of existing failing sheet wall, reconstruct the creek embankment to stabilize the embankment and reinstall sheet wall.",
2025,CMC,P-2122-00127,Backwash Pipeline and Sludge Drying Beds,MA,future_5yr,,,,,,,,,12154000,10,Regulatory Compliance,"Design and construct a pipeline of sufficient size to convey filter backwash water from the Water treatment Plant to the existing sanitary sewer system. Project will also include construction of two new sludge drying beds, effluent pumping station, decant return line, and other required infrastructure.","The Water Treatment Plant, which treats surface water obtained from Whale Rock and Chorro Reservoirs, operates under the original 1945 design with some minor enhancements over the years. Although recent and ongoing construction efforts have sought to bring the plant into compliance, the plant still lacks the ability to properly discharge filter backwash water and sludge. Prior to recent changes, the operational process was to discharge the filter backwash water into the nearby Chorro Reservoir and direct sludge, a byproduct of the water treatment process, to the two existing sludge drying beds."
2025,CMC,P-2526-00131,Waste Water Treatment Plant Improvements,SRP,future_5yr,,,,,,,,,10000000,4,Utilities,Installation of a new screening and control panel to remove plastics and other particles captured during filtration.,"This upgrade will include the installation of new screening and control panels for the East and West Facilities, new dry chemical silo and packaged chemical feed system, replacement of fine screen at the Wastewater Treatment Plant to remove plastics and other particles captured during tertiary filtration, the addition of a variable frequency drive to the existing aerator motors within the aerated portion of the oxidation ditch, and connect and upgrade of the waste activated sludge holding tank and sludge conveyance component."
2025,CMC,P-2122-00102,Renovation of Main Kitchen/Canteen,MA,future_5_10yr,,,,,,,,,50712000,4,Critical Infrastructure,"Design and renovate East Facility Main Kitchen and replace cooking, refrigeration, and freezer equipment.","The roof system is failing and allowing water to infiltrate the building’s interior. The floors of the Kitchen are in very poor condition. Several pieces of kitchen equipment are non-operational or in poor condition. The ventilation and evaporative cooling systems are aged and worn, with many components that are non- functioning or unreliable. Several areas of the ventilation ductwork are experiencing leaks due to rust and corrosion. Additionally, the plumbing systems for both water supply and waste drains are corroded and experiencing sediment buildup, routinely leak, and should be replaced."
2025,CMC,P-2526-00180,Fire Alarm Replacements Sitewide,DM,future_5_10yr,,,,,,,,,87345000,4,Fire/Life/Safety,"Replace existing fire alarm systems statewide including control panels, network connections, detection devices, various fire and life safety items and programming necessary to ensure complete and operational systems.","Fire/smoke detection systems become obsolete, are no longer supported by the manufacturer, and replacement parts are no longer available. The non-functioning system affects the ability to obtain a five- year fire suppression certification as the system will not alarm/notify in the event that the fire sprinkler is activated."
2025,CMF,P-2324-00032,Install Electrical & Television Outlets Administrative Segregation Unit,SRP,active,Construction,1/2024,5/2026,73,GF-C,,1647000,,,,,Add electrical and television outlets previously removed due to mission change.,
2025,CMF,P-1516-00271,Americans With Disabilities Act Modifications,SRP,complete,,,,,,10/2025,6429000,,,,,"Modify cells, dorms, restrooms, showers, and associated path-of-travel elements in I-1, H-1, H-2, H-3, and J-1 wings.",
2025,CMF,P-2526-00150,Americans with Disabilities Act Facility Improvements,DM,proposed,,,,,,,,1918000,,,,"Modify cells, restrooms, program spaces, and associated path-of-travel elements for disability placement program incarcerated individuals.",
2025,CMF,P-2526-00163,"Replace Roof - Hospice and Medical Records Building, Section M59",DM,proposed,,,,,,,,1180000,,,,Full roof renewal. Roof is beyond its useful life and can no longer be repaired incrementally.,
2025,CMF,P-2122-00107,Kitchen and Dining Facilities,MA,future_5_10yr,,,,,,,,,127307000,10,Critical Infrastructure,"Design and renovate the existing main kitchen, dietary pantry, and three dining halls, which includes upgrades and replacements of all food preparation equipment.","The main kitchen, dietary pantry, and dining halls suffer from multiple deficiencies with the equipment, building structures, finishes, and systems. Most of the walk-in refrigerator/freezer units are not operational due to the failure of the refrigeration systems. The interior walls and windows are damaged and show signs of water infiltration. Additionally, the tile floors are cracked, allowing water penetration from the surface to the subfloor. The electrical system is original to the building and wiring and panel boards have been damaged from condensation, mechanical wear of moving parts, deterioration of insulating materials, and rusting enclosures. The kitchen cooling is provided by evaporative coolers and the ducts from these coolers are cracked and the equipment is corroded and rusting."
2025,CMF,P-2526-00182,Fire Alarm Replacements Sitewide,DM,future_5_10yr,,,,,,,,,56440000,4,Fire/Life/Safety,"Replace existing fire alarm systems statewide including control panels, network connections, detection devices, various fire and life safety items and programming necessary to ensure complete and operational systems.","Fire/smoke detection systems become obsolete, are no longer supported by the manufacturer, and replacement parts are no longer available. The non-functioning system affects the ability to obtain a five- year fire suppression certification as the system will not alarm/notify in the event that the fire sprinkler is activated."
2025,COR,P-1314-00199,Health Care Facility Improvement Program,MA,active,Construction,7/2015,4/2026,99,AB900LR;GF/AB900LR,,51871000,,,,,"Design and construct a new Administrative Segregation Unit Primary Care Clinic; Primary Care Clinic renovations and additions at Facilities 3A, 3B, 3C, 4A and 4B; and Central Health Services Building renovations and addition. The new Administrative Segregation Unit Primary Care Clinic will provide separate clinical treatment space for the secure Administrative Segregation Unit population at COR. The Primary Care Clinic renovations and additions at Facilities 3A, 3B, 3C, 4A and 4B will provide primary health care consultation and treatment consistent with the delivery of a basic level of care. The renovated clinics will include lab draw stations to increase access to these services in an appropriate setting. The Central Health Services renovations and addition will provide centralized specialty health care treatment and consultation services, and emergency services for all incarcerated individuals.",
2025,COR,P-1718-00223,Replace Roofs Multiple Buildings,DM,active,Construction,10/2020,10/2026,80,GF-S,,,,,,,"Various roof replacements at California State Prison, Corcoran.",
2025,COR,P-2324-00139,"Replace Roof - Building 405A, Receiving and Release Funding:",DM,active,Construction,4/2023,10/2026,81,GF-S,,834000,,,,,Full roof renewal. Roof is beyond its useful life and can no longer be repaired incrementally.,
2025,COR,P-2526-00168,"Kitchen Repairs - Facility III, A",DM,active,Construction,10/2025,10/2026,0,GF-S,,22617000,,,,,"Repair Kitchen due to severe damage caused by water intrusion. Mitigate mold and replace all damaged building components. Replace air handling system, kitchen exhaust and relief hoods. Replace water heating systems.",
2025,COR,P-1213-00240,Statewide Medication Distribution Improvements,MA,complete,,,,,,2/2025,0,,,,,"Existing medication distribution facilities do not allow for safe, efficient, and effective distribution of medications and do not comply with federal and state infection control standards. Physical plant modifications are necessary to allow CDCR to provide appropriately sized space with proper infrastructure for secure distribution, infection control, and environmentally controlled and secure medication storage. This statewide project includes the design and construction of improved medication distribution facilities at 22 adult prisons. Note: Refer to Statewide Project for project funding.",
2025,COR,P-2122-00061,Correctional Treatment Center Individual Exercise Yards,MA,complete,,,,,,6/2025,1917000,,,,,Design and construct two individual exercise yards adjacent to the Correctional Treatment Center.,
2025,COR,P-1516-00297,Americans With Disabilities Act Modifications,SRP,complete,,,,,,2/2025,5438000,,,,,"Modify cells, program spaces, and associated path-of-travel elements for disability placement program incarcerated individuals.",
2025,COR,P-1718-00435,"Replace Roof - Bldg 309A, Central Kitchen",DM,proposed,,,,,,,,2363000,,,,Full roof renewal. Roof is beyond its useful life and can no longer be repaired incrementally.,
2025,COR,P-1819-00130,"Upgrade Fire Suppression Exhaust Hood Systems (UL 300 Compliance), Facility 3A and 3B",DM,proposed,,,,,,,,3700000,,,,Upgrade fire suppression exhaust hood systems to Underwriters Laboratories 300 compliance.,
2025,COR,P-0809-00086,Fire Alarm Replacements Sitewide,DM,future_5yr,,,,,,,,,64272000,4,Fire/Life/Safety,"Replace existing fire alarm systems statewide including control panels, network connections, detection devices, various fire and life safety items and programming necessary to ensure complete and operational systems.","Fire/smoke detection systems become obsolete, are no longer supported by the manufacturer, and replacement parts are no longer available. The non-functioning system affects the ability to obtain a five- year fire suppression certification as the system will not alarm/notify in the event that the fire sprinkler is activated."
2025,CTF,P-0910-00900,"Roof Replacement L-Wing, Central Culinary Building",DM,active,Construction,4/2023,2/2026,93,GF-S,,3263000,,,,,Full roof renewal. Roof is beyond useful life and can no longer be repaired incrementally.,
2025,CTF,P-2526-00174,New Potable Water Well,MA,proposed,,,,,,,,1079000,,,,Construct a new groundwater well to suply adequate amounts of potable water for incarcerated individuals and staff. Preliminary plans funding.,
2025,CTF,P-2122-00109,New Kitchen and Dining Buildings,MA,future_5_10yr,,,,,,,,,296109000,10,Critical Infrastructure,"Demolish and replace kitchen and dining buildings in Facilities A, B, and C, and the Central Culinary Warehouse. Scope includes new kitchen equipment, loading docks, and related paving.","The kitchen and dining buildings are more than 60 years old. The mechanical, electrical, and plumbing systems, which are original to the building, are experiencing numerous failures and are constant maintenance issues for Plant Operations staff. A significant portion of the existing food preparation and service equipment at Facility A/B are in disrepair or are nonfunctioning, creating inefficiencies in labor and service. Areas of the concrete floor are spalling and cracking, causing water infiltration."
2025,CTF,P-2526-00183,Fire Alarm Replacements Sitewide,DM,future_5_10yr,,,,,,,,,83164000,4,Fire/Life/Safety,"Replace existing fire alarm systems statewide including control panels, network connections, detection devices, various fire and life safety items and programming necessary to ensure complete and operational systems.","Fire/smoke detection systems become obsolete, are no longer supported by the manufacturer, and replacement parts are no longer available. The non-functioning system affects the ability to obtain a five- year fire suppression certification as the system will not alarm/notify in the event that the fire sprinkler is activated."
2025,FOL,P-1819-00142,Potable Water Treatment System,MA,complete,,,,,,3/2025,9627000,,,,,"Construct two new 750,000 gallon water storage tanks necessary to support building fire suppression requirements as part of the Health Care Facility Improvement Program improvements constructed at FSP and SAC.",
2025,FOL,P-2122-00138,Cell Block 1 Heating/Cooling System,DM,future_5_10yr,,,,,,,,,15000000,4,Staff and Population Safety,"Repair and replace hot water distribution system serving the heating air handling units and related equipment, including: heating coils, pumps, and exhaust fans. Steam is distributed to the mechanical rooms and terminates at steam to hot water heat exchangers for building heating.","The heating/cooling equipment serving Cell Block 1 includes indoor air handlers with heating coils, pumps, and exhaust fans. The hot water heat exchangers are leaking, not functioning properly and are not energy efficient. The heating/cooling system and all components are antiquated and are not able to meet heating requirements."
2025,FOL,P-2122-00140,"Repair Dining Rooms 1 and 2, Kitchen, Counseling Office",DM,future_5_10yr,,,,,,,,,30000000,4,Critical Infrastructure,Repair and replace all interior finishes and replace significant sections of the concrete floor slab in the Kitchen. Work is most significant in Kitchen/Dining areas and includes equipment replacement and upgrades for MEP systems; major repairs to walk-in freezers; and replacement of walk-in refrigerators.,"All areas require major equipment and MEP systems upgrades. Kitchen refrigerators and freezers have difficulty maintaining required temperatures, and the kitchen quarry tile floor and floor slab have cracked."
2025,FOL,P-2526-00184,Fire Alarm Replacements Sitewide,DM,future_5_10yr,,,,,,,,,51877000,4,Fire/Life/Safety,"Replace existing fire alarm systems statewide including control panels, network connections, detection devices, various fire and life safety items and programming necessary to ensure complete and operational systems.","Fire/smoke detection systems become obsolete, are no longer supported by the manufacturer, and replacement parts are no longer available. The non-functioning system affects the ability to obtain a five- year fire suppression certification as the system will not alarm/notify in the event that the fire sprinkler is activated."
2025,HDSP,P-1819-00199,Replace Roofs - Various Housing Units,DM,active,Construction,5/2021,11/2026,86,GF-S,,21056000,,,,,Various housing unit roof replacements at High Desert State Prison.,
2025,HDSP,P-2021-00058,Replace Roof - Buildings 351 and 455; Housing and Administrative Segregation Unit,DM,active,Construction,4/2026,11/2026,12,GF-S,,3437000,,,,,Full roof renewal. Roof is beyond its useful life and can no longer be repaired incrementally.,
2025,HDSP,P-2324-00144,"Replace Roof - Facility D, Building 352, Housing",DM,proposed,,,,,,,,1781000,,,,"Full roof renewal. Roofs are beyond their useful life and can no longer be repaired incrementally. C - Construction 4/2026 - 11/2026 GF-S $1,781,000",
2025,HDSP,P-2526-00175,Fire Alarm Replacements Sitewide,DM,future_5yr,,,,,,,,,41362000,4,Staff and Population Safety,"Replace existing fire alarm systems statewide including control panels, network connections, detection devices, various fire and life safety items and programming necessary to ensure complete and operational systems.","Fire/smoke detection systems become obsolete, are no longer supported by the manufacturer, and replacement parts are no longer available. The non-functioning system affects the ability to obtain a five- year fire suppression certification as the system will not alarm/notify in the event that the fire sprinkler is activated."
2025,ISP,P-2021-00310,New Potable Water Wells,MA,active,Construction,7/2025,4/2027,5,GF-C,,13433000,,,,,Design and construct two new groundwater wells to supply adequate amounts of potable water for incarcerated individuals and staff at ISP.,
2025,ISP,P-2021-00031,Renovate Water Tanks,SRP,complete,,,,,,7/2025,8838000,,,,,Repair and recoat the leaking elevated water tower and two ground water storage tanks that support ISP.,
2025,ISP,P-1718-00368,"Replace Freezer / Refrigerator Condensing, Evaporation, and Line Set System",SRP,proposed,,,,,,,,1100000,,,,Replace the original existing refrigerator rack system for all walk in refigerators and freezers.,
2025,ISP,P-2021-00215,Lethal Electrified Fence Repair and Upgrade,SRP,proposed,,,,,,,,1418000,,,,"Repair, replace and /or upgrade components installed in the electrified fence system. This includes system components that have reached the end of their useful life such as the graphic annunciator panels, programmable logic controllers, electrical monitoring devices and interlock panels.",
2025,ISP,P-2526-00185,Fire Alarm Replacements Sitewide,DM,future_5_10yr,,,,,,,,,58026000,4,Fire/Life/Safety,"Replace existing fire alarm systems statewide including control panels, network connections, detection devices, various fire and life safety items and programming necessary to ensure complete and operational systems.","Fire/smoke detection systems become obsolete, are no longer supported by the manufacturer, and replacement parts are no longer available. The non-functioning system affects the ability to obtain a five- year fire suppression certification as the system will not alarm/notify in the event that the fire sprinkler is activated."
2025,KVSP,P-2526-00145,Air Cooling Pilot,DM,active,Construction,1/2025,6/2026,50,GF-S,,38850,,,,,"Install Exterior Insulation Finishing System at Facility C, Building 341 and 344.",
2025,KVSP,P-2526-00157,Air Cooling Pilot,DM,proposed,,,,,,,,567667,,,,"Install mechanical air cooling system at Facility C, Building 341 and 344.",
2025,LAC,P-2122-00124,Americans With Disabilities Act Modifications,SRP,active,Construction,9/2023,9/2026,39,GF-S,,4549000,,,,,"Modify cells, program spaces, and associated path-of-travel elements for disability placement program incarcerated individuals.",
2025,LAC,P-2021-00201,Replace Roofs - Facility A and B Various Housing Units,DM,active,Construction,12/2023,10/2026,53,GF-S,,19354000,,,,,Various housing unit roof replacements at Facility A and B.,
2025,LAC,P-2324-00149,"Replace Roofs - Facility D, Housing Units, Buildings 346, 347, 348 and 3410",DM,active,Construction,10/2025,10/2026,15,GF-S,,8678000,,,,,Full roof renewal. Roofs are beyond their useful life and can no longer be repaired incrementally.,
2025,LAC,P-2526-00146,Air Cooling Pilot,DM,active,Construction,1/2025,6/2026,50,GF-S,,38850,,,,,"Design and install exterior Insulation in 2025-26 at Facility D, Buildings 348 and 3410, and install air- cooling system in 2026-27 at Facility D, Building 3410.",
2025,LAC,P-2021-00216,Lethal Electrified Fence Repair and Upgrade,SRP,proposed,,,,,,,,1976000,,,,"Repair, replace and /or upgrade components installed in the electrified fence system. This includes system components that have reached the end of their useful life such as the graphic annunciator panels, programmable logic controllers, electrical monitoring devices and interlock panels.",
2025,LAC,P-2324-00140,"Replace Roof - Kitchen & Housing Units, Buildings 421, 341, and 342",DM,proposed,,,,,,,,4622000,,,,Full roof renewal. Roofs are beyond their useful life and can no longer be repaired incrementally.,
2025,LAC,P-2526-00158,Air Cooling Pilot,DM,proposed,,,,,,,,567666,,,,"Install Exterior Insulation Finishing System at Facility D, Buildings 348 and 3410. Construction phase funding.",
2025,LAC,P-2122-00110,New Pharmacy Building,MA,future_5_10yr,,,,,,,,,18963000,10,Health Care Programming,"Design and construct a new pharmacy building in a central location. Scope of work includes an office for the Pharmacist-In-Charge, two staff restrooms, staff breakroom, a medication/narcotic filling station with secure cabinet, a prescription verification area, a shipping/receiving/manifesting space, and an intravenous anteroom/preparation area.","The pharmacy is located in the CTC and consists of five separate rooms. The main pharmacy room is approximately 550 sf. The surrounding four rooms, totaling approximately 250 sf, provide office space for six pharmacists and three pharmacist technicians, an intravenous fluids preparation station, pharmacy return processing, and waste storage. Due to the daily delivery of medications there is inadequate space for pharmaceutical storage, often leading to obstructions to the walkways and the entrance and exit door. LAC has no alternative but to store medication along walls and floor surfaces which impedes their path of travel and contributes to inefficient delivery of patient medications, which also puts staff safety at risk due to tripping hazards and potential injuries from unrestrained boxes."
2025,LAC,P-0809-02206,Fire Alarm Replacements Sitewide,DM,future_5_10yr,,,,,,,,,60663000,4,Fire/Life/Safety,"Replace existing fire alarm systems statewide including control panels, network connections, detection devices, various fire and life safety items and programming necessary to ensure complete and operational systems.","Fire/smoke detection systems become obsolete, are no longer supported by the manufacturer, and replacement parts are no longer available. The non-functioning system affects the ability to obtain a five- year fire suppression certification as the system will not alarm/notify in the event that the fire sprinkler is activated."
2025,MCSP,P-1819-00198,Americans With Disabilities Act Improvements,SRP,active,Construction,2/2022,10/2026,78,GF-S,,8678000,,,,,"Modify cells, program spaces, and associated path-of-travel elements for Administrative Segregation Unit and Enhanced Outpatient programs.",
2025,MCSP,P-1819-00201,Fire Alarm Replacements Sitewide,DM,active,Construction,11/2022,4/2026,91,GF-S,,19584000,,,,,"Replace existing fire alarm systems statewide including control panels, network connections, detection devices, various fire and life safety items and programming necessary to ensure complete and operational systems.",
2025,MCSP,P-1920-00122,Replace Irrigation System - Facility A - C,DM,active,Construction,10/2023,4/2026,62,GF-S,,4170000,,,,,Replace and install irrigation system.,
2025,MCSP,P-2122-00141,Sanitary Sewer/Storm Water System Upgrades,DM,active,Construction,1/2025,9/2026,15,GF-S,,1988000,,,,,"Replace existing damaged sanitary sewer and storm water systems. This project will require locating all damaged pipe, excavation, demolition of concrete and asphalt, pipe replacement, and replacement of concrete and asphalt.",
2025,MCSP,P-1415-00012,Repave Inner Perimeter Road,DM,proposed,,,,,,,,1500000,,,,Remove and replace existing deteriorated inner perimeter road.,
2025,MCSP,P-2526-00151,Americans with Disabilities Act Facility Improvements,DM,proposed,,,,,,,,2823000,,,,"Modify cells, restrooms, program spaces, and associated path-of-travel elements for disability placement program incarcerated individuals.",
2025,MCSP,P-2324-00053,Waste Water Treatment Plant Processing Upgrades,MA,future_5yr,,,,,,,,,42835000,4,Critical Infrastructure,Design and construct improvements to the waste water treatment plant (WWTP) to meet State Water Resource Control Board waste water discharge requirements. Improvements include repairs to the existing infrastructure and installation of additional filtration and monitoring equipment to effectively remove solids and harmful chemicals from the waste stream and provide monitoring to control/adjust pH levels to reduce bacteria.,"MCSP’s WWTP infrastructure is currently in need of repairs and upgrades as it is unable to effectively remove debris and pollutants from the water prior to discharge. The existing WWTP infrastructure is in poor condition, with many components continuing to deteriorate, broken, and/or missing. The WWTP is unable to effectively filter the influent water, causing volatile organic compounds, semi volatile organic compounds, nitrates, and other pollutants to be released to the city water system and into the groundwater."
2025,MCSP,P-2122-00142,Replace Existing Power System with Underground Feeds,DM,future_5_10yr,,,,,,,,,20000000,4,Fire/Life/Safety,Replace the existing 12 KV three phase overhead utility electrical system. The new system will be installed underground with new vaults and ground mounted transformers and sub-feeder to each building.,"The above ground overhead electrical utility power system is in very poor condition and has been noted by inspection to be in violation of the California Public Utilities Commission General Order 95 relative to rules for construction and maintenance of overhead electrical systems. High winds often damage the power poles and electrical power lines, which impacts the delivery of essential services to the incarcerated population."
2025,NKSP,P-2122-00144,Fire Alarm Replacements Sitewide,DM,future_5_10yr,,,,,,,,,67656000,4,Fire/Life/Safety,"Replace existing fire alarm systems statewide including control panels, network connections, detection devices, various fire and life safety items and programming necessary to ensure complete and operational systems.","Fire/smoke detection system currently has limited operation due to an obsolete system that is no longer supported by the manufacturer, and replacement parts are no longer available. The non-functioning system affects the ability to obtain a five year fire suppression certification as the system will not alarm/notify in the event that the fire sprinkler is activated."
2025,PBSP,P-1617-00108,Fire Suppression Upgrade,MA,active,Construction,2/2024,11/2027,44,GF-C,,42048000,,,,,"Replace existing fire alarm systems statewide including control panels, network connections, detection devices, various fire and life safety items and programming necessary to ensure complete and operational systems.",
2025,PBSP,P-1011-00014,Upgrade Fire Suppression Exhaust Hood System,DM,proposed,,,,,,,,2430000,,,,Upgrade fire suppression exhaust hood systems to Underwriters Laboratories 300 compliance.,
2025,PVSP,P-1314-00412,Health Care Facility Improvement Program,MA,active,Construction,4/2016,11/2026,92,AB900LR;GF/AB900LR,,43258000,,,,,"Renovate Primary Care Clinic, and design and construct additions to Facilities A, B, C, and D; a new Administrative Segregation Unit Primary Care Clinic; renovation to the Central Health Services building; and a new Pharmacy and Lab building. The Primary Care Clinic renovations and additions at Facilities A, B, C and D will provide primary health care consultation and treatment consistent with the delivery of a basic level of care. The renovated clinics will include lab draw stations to increase access to these services in an appropriate setting. The new Administrative Segregation Unit Primary Care Clinic will provide separate clinical treatment space for the secure Administrative Segregation Unit population. The Central Health Services renovation is to provide additional specialty exam rooms, clinical support space, and an appropriately sized physical therapy room, optical service and an expanded Treatment and Triage Area. The new Pharmacy and Lab building will meet the pharmaceutical processing demands at a basic level of care and make space available within the existing Central Health Services building for direct patient specialty clinical care services.",
2025,PVSP,P-2425-00181,Repair roof Facility A,SRP,active,Construction,11/2025,TBD,5,GF-S,,148000,,,,,Repair roof Facility A,
2025,PVSP,P-2324-00112,Central Kitchen Repairs,E,active,Construction,9/2024,11/2027,20,GF-C,,6339000,,,,,"Replace kitchen kettles and scullery, run electrical connection for temporary refrigeration, and replace all exterior and Interior lighting with LED lights.",
2025,PVSP,P-0910-01145,Replace Underground Storage Tank with New Above Ground Fuel Tank and Stand-by Generators,SRP,proposed,,,,,,,,350000,,,,Install new above ground fuel tank and dispensing system at the garage. Replace existing uderground storage tanks with above ground tanks at the treatment center. Replace the emergency / normal power generators.,
2025,PVSP,P-2526-00152,Americans with Disabilities Act Facility Improvements,DM,proposed,,,,,,,,2910000,,,,"Modify cells, restrooms, program spaces, and associated path-of-travel elements for disability placement program incarcerated individuals.",
2025,PVSP,P-2122-00148,Fire Alarm Replacements Sitewide,DM,future_5yr,,,,,,,,,46881000,5,Fire/Life/Safety,"Replace existing fire alarm systems statewide including control panels, network connections, detection devices, various fire and life safety items and programming necessary to ensure complete and operational systems.","Fire/smoke detection system currently has limited operation due to an obsolete system that is no longer supported by the manufacturer, and replacement parts are no longer available. All housing units and most of the support buildings are required to be on fire watch due to the lack of fire/smoke detection. The non- functioning system also affects the ability to obtain a five year fire suppression certification as the system will not alarm/notify in the event that fire sprinkler is activated."
2025,RJD,P-2122-00125,Americans With Disabilities Act Modifications,SRP,active,Construction,9/2023,1/2027,65,GF-S,,5346000,,,,,"Modify cells, program spaces, and associated path-of-travel elements for disability placement program incarcerated individuals.",
2025,RJD,P-1819-00202,Fire Alarm Replacements Sitewide,DM,active,Design Build,1/2024,1/2027,67,GF-C,,37715000,,,,,"Replace existing fire alarm systems statewide including control panels, network connections, detection devices, various fire and life safety items and programming necessary to ensure complete and operational systems.",
2025,RJD,P-1213-00318,"Install Electrical and TV Wiring - Facility B, Housing Units B6 & B7",SRP,complete,,,,,,1/2025,1087000,,,,,"Install electrical & TV wiring in Facility B, Housing Units B6 and B7.",
2025,RJD,P-2021-00217,Lethal Electrified Fence Repair and Upgrade,SRP,proposed,,,,,,,,2046000,,,,"Repair, replace and /or upgrade components installed in the electrified fence system. This includes system components that have reached the end of their useful life such as the graphic annunciator panels, programmable logic controllers, electrical monitoring devices and interlock panels.",
2025,RJD,P-2526-00154,Americans with Disabilities Act Facility Improvements,DM,proposed,,,,,,,,2852000,,,,"Modify cells, restrooms, program spaces, and associated path-of-travel elements for disability placement program incarcerated individuals.",
2025,RJD,P-2526-00164,Replace Roof - Healthcare and Litigation Buildings 3.12 and 5.28,DM,proposed,,,,,,,,896000,,,,Full roof renewal. Roof is beyond its useful life and can no longer be repaired incrementally.,
2025,SAC,P-1718-00113,New Cognitive Behavioral Treatment Classrooms,MA,active,Construction,5/2023,7/2026,85,GF-C,,15990000,,,,,"Construct three 1,440 sf modular buildings on Facility A, B and C for Cognitive Behavioral Treatment classes.",
2025,SAC,P-1415-00052,"Replace Heating, Ventilation and Air Conditioning System and Flooring - Facility A, Correctional Treatment Center",DM,active,Construction,11/2023,3/2026,88,GF-S,,8535000,,,,,"Replace and/or upgrade all air handling equipment located in Facility A, Correctional Treatment Center, and replace the existing epoxy flooring.",
2025,SAC,P-1920-00105,Replace Roofs - Various Housing Units,DM,active,Construction,5/2022,6/2026,89,GF-S,,22528000,,,,,"Various housing unit roof replacements at California State Prison, Sacramento.",
2025,SAC,P-2021-00035,Replace Roof - Housing Units; Facility B,DM,active,Construction,8/2025,6/2026,6,GF-S,,4326000,,,,,Full roof renewal. Roof is beyond its useful life and can no longer be repaired incrementally.,
2025,SAC,P-1516-00287,Americans With Disabilities Act Modifications,SRP,complete,,,,,,10/2025,2001000,,,,,"Modify cells, program spaces, and associated path-of-travel elements for disability placement program incarcerated individuals.",
2025,SAC,P-2324-00071,Generator Replacement - A Facility,SRP,proposed,,,,,,,,445000,,,,Replace the failed emergency generator located in Facility A.,
2025,SAC,P-2122-00111,New Pharmacy Building,MA,future_5_10yr,,,,,,,,,16761000,10,Health Care Programming,"Design and construct a new 2,800 sf pharmacy building within the secure perimeter with staff workstations to conduct current and future pharmacy operations. Scope includes spaces for the pharmacy to function as a local and regional hub for tele-pharmacy services, staff restrooms, breakroom, a conference room, and administrative office space.","The existing pharmacy room at SAC is 1,200 sf and consists of the drug utilization workstations to fill prescriptions and the other adjoining room is utilized for prescription verification is 1,160 sf. In addition to all the medications housed in these spaces, there are 17 pharmacists and pharmacy technicians sharing this space. The existing layout does not accommodate existing personnel, efficient workflow, and approval protocols required to minimize medication ordering, preparation and dispensing errors or the space and internal organization required to manage the receipt of daily prescriptions, central fill workflows and on-site prescription preparation and dispensing of medications. There is inadequate space for pharmaceutical storage and distribution for all incarcerated individual medication."
2025,SATF,P-1516-00307,Americans With Disabilities Act Modifications,SRP,active,Construction,11/2017,2/2026,99,GF-S,,10507000,,,,,"Modify cells, program spaces, and associated path-of-travel elements for disability placement program incarcerated individuals.",
2025,SATF,P-1718-00219,Replace Roofs Multiple Buildings,DM,active,Construction,7/2019,6/2026,88,GF-S,,31653000,,,,,Various roof replacements at California Substance Abuse Treatment Facility.,
2025,SATF,P-2122-00150,Fire Alarm Replacements Sitewide,DM,active,Perf. Crit. / Con. Dwgs.,3/2026,12/2026,0,GF-S,,1656000,,,,,"Replace existing fire alarm systems statewide including control panels, network connections, detection devices, various fire and life safety items and programming necessary to ensure complete and operational systems.",
2025,SATF,P-2526-00161,Replace Roof - Complex Control; Building 460,DM,active,Construction,2/2026,6/2026,2,GF-S,,2171000,,,,,Full roof renewal. Roof is beyond its useful life and can no longer be repaired incrementally.,
2025,SATF,P-1314-00201,Health Care Facility Improvement Program,MA,complete,,,,,,5/2025,40347000,,,,,"Design and construct a new Administrative Segregation Unit Primary Care Clinic at Facility E; Primary Care Clinic renovations and additions at Facilities A, B, C, D, E, F, and G and the Central Health Services building renovations. The new Administrative Segregation Unit Primary Care Clinic at Facility E will provide separate clinical treatment space for primary care treatment and consultation for the secure lock- up Administrative Segregation Unit population at SATF. The Primary Care Clinic renovations and additions at Facilities A, B, C, D, E, F and G will provide primary health care treatment and consultation consistent with the delivery of a basic level of care. The renovated clinics will include lab draw stations to increase access to these services in an appropriate setting. The renovated Central Health Services building will provide centralized specialty clinical services, consultation, and emergency services for all incarcerated individuals.",
2025,SATF,P-1920-00112,Air Cooling Facility F and G,MA,complete,,,,,,11/2025,17011000,,,,,"Design and construct air conditioning units in treatment and office spaces in Facility F and G housing units. The scope consists of additional equipment pads, conduit and piping supports, as well as the additional roof or wall penetrations to accommodate the new units.",
2025,SATF,P-2526-00159,Fire Alarm Replacements Sitewide,DM,proposed,,,,,,,,62354000,,,,"Replace existing fire alarm systems statewide including control panels, network connections, detection devices, various fire and life safety items and programming necessary to ensure complete and operational systems.",
2025,SATF,P-2526-00165,"Replace Roof - Visiting and Gym, Buildings 440 and 442",DM,proposed,,,,,,,,1377000,,,,Full roof renewal. Roof is beyond its useful life and can no longer be repaired incrementally.,
2025,SCC,P-0809-02716,Replace Hydronic Hot Water Line Level III Yard,SRP,proposed,,,,,,,,615000,,,,Replace existing hydronic hot water loop serving the Tuolumne Yard.,
2025,SCC,P-2122-00156,New Water Clarification System,MA,future_5yr,,,,,,,,,15520000,4,Regulatory Compliance,This proposal requests funding to design and construct a new Water Clarification System for the Water Treatment Plant at the Sierra Conservation Center. The project will also include construction of a building to house the system and provide protection from contamination and environmental elements,"SCC’s Water Treatment Plant uses an Upflow Clarifier, installed in 1962, which promotes the clarification/removal of suspended solids from the water. The pipes and baffles in the clarifier have been affected by corrosion and are no longer able to properly create the desired flow patterns. Additionally, the Upflow Clarifier is uncovered, allowing sun exposure and contaminates to enter the tanks which can cause unwanted fluctuation in water temperatures."
2025,SCC,P-2122-00101,Air Cooling Calaveras/Mariposa Housing Units,MA,future_5_10yr,,,,,,,,,45243000,10,Staff and Population Safety,Design and replace existing air handlers in Calaveras/Mariposa housing units with air cooling units and control systems.,"All 38 dorms in the Calaveras and Mariposa Housing Units are equipped with heating and ventilation units, but lack cooling equipment and adequate insulation. The concrete construction of the buildings continue to retain heat even as the outside air cools in the evening. Without air cooling, there is no relief from summer temperatures that can reach as high as 109°F. This can result in activation of heat plans when temperatures exceed allowable limits."
2025,SCC,P-2526-00181,Fire Alarm Replacements Sitewide,DM,future_5_10yr,,,,,,,,,87300000,4,Fire/Life/Safety,"Replace existing fire alarm systems statewide including control panels, network connections, detection devices, various fire and life safety items and programming necessary to ensure complete and operational systems.","Fire/smoke detection systems become obsolete, are no longer supported by the manufacturer, and replacement parts are no longer available. The non-functioning system affects the ability to obtain a five- year fire suppression certification as the system will not alarm/notify in the event that the fire sprinkler is activated."
2025,SOL,P-1516-00067,Replace Hydronic Loop System,SRP,active,Construction,8/2020,7/2028,58,GF-S,,23034000,,,,,Remove and replace all deteriorated pipes with like insulated pipes.,
2025,SOL,P-1718-00316,Repair Water Treatment Plant Filter Trains,SRP,active,Construction,11/2023,1/2026,99,GF-S,,1650000,,,,,Repair filter trains at Water Treatment Plant.,
2025,SOL,P-2526-00120,Increase Natural Gas Supply,SRP,active,Construction,10/2025,1/2026,50,GF-S,,2092000,,,,,Increase size of incoming supply lines.,
2025,SOL,P-1819-00134,Upgrade Fire Suppression Exhaust Hood Systems (UL 300 Compliance),DM,active,Construction,3/2023,7/2026,74,GF-S,,5770000,,,,,Upgrade fire suppression exhaust hood systems to Underwriters Laboratories 300 compliance.,
2025,SOL,P-2526-00147,Fire Alarm Replacements Sitewide,DM,active,Perf. Crit. / Con. Dwgs.,3/2026,12/2026,0,GF-S,,1656000,,,,,"Replace existing fire alarm systems statewide including control panels, network connections, detection devices, various fire and life safety items and programming necessary to ensure complete and operational systems.",
2025,SOL,P-1819-00200,Replace Roofs - Various Housing Units,DM,complete,,,,,,4/2025,21144000,,,,,Various housing unit roof replacements at Solano State Prison.,
2025,SOL,P-2526-00153,Americans with Disabilities Act Facility Improvements,DM,proposed,,,,,,,,3829000,,,,"Modify cells, restrooms, program spaces, and associated path-of-travel elements for disability placement program incarcerated individuals.",
2025,SOL,P-2526-00160,Fire Alarm Replacements Sitewide,DM,proposed,,,,,,,,44795000,,,,"Replace existing fire alarm systems statewide including control panels, network connections, detection devices, various fire and life safety items and programming necessary to ensure complete and operational systems.",
2025,SQ,P-1314-00510,New Boiler Facility,MA,active,Construction,3/2021,11/2026,70,GF-C,,33765000,,,,,"Demolish the existing boiler building, and build a new central boiler facility at San Quentin Rehabilitation Center. Boiler replacement is required for compliance with Bay Area Air Quality Management District regulations.",
2025,SQ,P-2324-00001,Improvement Projects,MA,active,All Phases,9/2024,12/2026,40,GF-C,,12000000,,,,,"Design and construct improvements to the existing San Quentin Rehabilitation Center infrastructure. The project will include the demolition of the existing Upper Yard paving, Individual Exercise Yards, yard fencing, and disconnecting existing utilities. Additionally, this project will include design and construction of an open area that includes accessible walkways, support infrastructure, utilities, lighting, and seating to provide recreational and programming areas.",
2025,SQ,P-2324-00002,Education and Vocational Center,MA,active,Progressive Design Build,3/2024,2/2026,81,LR,,239000000,,,,,"Demolition and abatement of the former California Prison Industry Authority Warehouse Building 38 and design and construction of a new Educational and Vocational Center at the San Quentin Rehabilitation Center. The project will include flexible classrooms, media and technology spaces, library space, counseling spaces, multi-purpose rooms, a store, a cafe, a central plaza with courtyard space for social gatherings, staff administrative offices, and restrooms for both staff and the incarcerated population. PRE-C - Pre-Construction 7/2023 - 3/2024 100% LR $25,091,000",
2025,SQ,P-2223-00071,East Block Housing,SRP,active,Construction,11/2024,6/2026,1,GF-C,,1642000,,,,,"Repair and renovation of SQRC East Block to remove barbed wire, high security glass barriers, holding cells, and fencing to accommodate the general population.",
2025,SQ,P-2526-00143,Repair Failed Retaining Wall (Design),SRP,active,Construction,11/2025,TBD,0,GF-S,,234000,,,,,Repair Failed Retaining Wall (Design),
2025,SQ,P-2324-00163,East Block Roof Repairs,DM,active,Construction,12/2025,1/2026,99,GF-S,,240000,,,,,Repair East Block roof at San Quentin Rehabilitation Center.,
2025,SQ,P-1415-00234,Replace Roof - Water Tank,DM,complete,,,,,,8/2025,7059000,,,,,Remove and replace roof structure of the San Quentin potable water tank.,
2025,SQ,P-1718-00025,Fire Alarm Replacements Sitewide,DM,complete,,,,,,10/2025,3109000,,,,,"Replace existing fire alarm systems statewide including control panels, network connections, detection devices, various fire and life safety items and programming necessary to ensure complete and operational systems.",
2025,SQ,P-2526-00166,Replace Roof - East Block Housing Units,DM,proposed,,,,,,,,4911000,,,,Full roof renewal. Roof is beyond its useful life and can no longer be repaired incrementally.,
2025,SQ,P-2122-00115,"Renovation of Kitchen/Bakery/Refrigeration, North and South Dining Halls",MA,future_5_10yr,,,,,,,,,318757000,4,Critical Infrastructure,"Design and construct renovations of existing Kitchen/Bakery and replace cooking, refrigeration, and freezer equipment.","The Kitchen/Bakery buildings are deteriorating and are no longer conducive to food preparation or storage operations. The roofs of the bakery and refrigeration areas are experiencing water intrusion, causing damage to the ceilings, walls, and flooring of the interiors. The floors throughout the buildings are in a significant state of disrepair. The mechanical, electrical, and plumbing systems are also past their useful lives. The ventilation systems are aged, with unreliable components that are antiquated and corroded. The plumbing systems are experiencing corrosion and sediment buildup and frequently leak, as do many of the plumbing fixtures. The deteriorating structures and unreliable food preparation and service equipment make it difficult for kitchen and dining staff to properly provide meals to incarcerated individuals."
2025,SVSP,P-1718-00220,Replace Roofs Multiple Buildings,DM,active,Construction,11/2020,12/2026,60,GF-S,,33138500,,,,,Various roof replacements at Salinas Valley State Prison.,
2025,SVSP,P-2324-00137,"Kitchen Repairs, Building 484",DM,active,Construction,11/2025,5/2026,50,GF-S,,10153000,,,,,"Repair kitchen due to severe damage caused by water intrusion. Mitigate mold and replace all damaged building components. Replace air handling system, kitchen exhaust and relief hoods. Replace water heating systems.",
2025,SVSP,P-2526-00162,Replace Roof - Kitchen; Buildings 462 and 484,DM,active,Construction,11/2025,10/2026,10,GF-S,,3368000,,,,,"Repair kitchen due to severe damage caused by water intrusion. Mitigate mold and replace all damaged building components. Replace air handling system, kitchen exhaust and relief hoods. Replace water heating systems.",
2025,SVSP,P-2526-00167,"Replace Roof - Correctional Treatment Center and Central Control, Building 420 and 461",DM,proposed,,,,,,,,2832000,,,,Full roof renewal. Roof is beyond its useful life and can no longer be repaired incrementally.,
2025,SVSP,P-1617-00248,Fire Alarm Replacements Sitewide,DM,future_5yr,,,,,,,,,48149000,4,Fire/Life/Safety,"Replace existing fire alarm systems statewide including control panels, network connections, detection devices, various fire and life safety items and programming necessary to ensure complete and operational systems.","Fire/smoke detection systems become obsolete, are no longer supported by the manufacturer, and replacement parts are no longer available. The non-functioning system affects the ability to obtain a five- year fire suppression certification as the system will not alarm/notify in the event that the fire sprinkler is activated."
2025,VSP,P-1819-00137,Arsenic and Manganese Removal Water Treatment Plant,MA,active,Construction,7/2024,9/2026,74,GF-C,,37164000,,,,,Design and install a treatment plant due to the increase in arsenic and manganese levels in the wells at Valley State Prison and adjacent Central California Women's Facility. This treatment plant will comply with the Environmental Protection Agency and State Water Resources Control Board drinking water quality standards related to arsenic and manganese levels at both Valley State Prison and Central California Women's Facility.,
2025,VSP,P-2324-00054,New Potable Water Wells,MA,active,Preliminary Plans,7/2025,9/2026,5,GF-C,,1150000,,,,,Design and construct two new groundwater wells to supply adequate amounts of potable water for incarcerated individuals at the Central California Women’s Facility and Valley State Prison. Preliminary plans phase funding.,
2025,VSP,P-2324-00138,"Replace Roof - Visiting Building 406 Roof Sections 1, 2, 3, and 4",DM,active,Construction,6/2023,10/2026,40,GF-S,,2080000,,,,,Full roof renewal. Roof is beyond its useful life and can no longer be repaired incrementally.,
2025,VSP,P-2526-00142,"Replace Heating, Ventilation, and Air Conditioning - Central Kitchen",E,active,Construction,11/2025,TBD,5,GF-S,,1891000,,,,,Central Kitchen AHU Replacement Assessment.,
2025,VSP,P-2526-00173,New Potable Water Wells,MA,proposed,,,,,,,,1665000,,,,Design and construct two new groundwater wells to supply adequate amounts of potable water for incarcerated individuals at the Central California Women’s Facility and Valley State Prison. Working drawings phase funding.,
2025,VSP,P-2223-00081,"Replace Roof - Central Kitchen, Building 410",DM,proposed,,,,,,,,1643000,,,,Full roof renewal. Roof is beyond its useful life and can no longer be repaired incrementally.,
2025,VSP,P-2526-00155,Americans with Disabilities Act Facility Improvements,DM,proposed,,,,,,,,3428000,,,,"Modify cells, restrooms, program spaces, and associated path-of-travel elements for disability placement program incarcerated individuals.",
2025,VSP,P-0910-00592,Fire Alarm Replacements Sitewide,DM,future_5yr,,,,,,,,,40840000,4,Other (Bldg./Site Deficiency),"Replace existing fire alarm systems statewide including control panels, network connections, detection devices, various fire and life safety items and programming necessary to ensure complete and operational systems.","Fire/smoke detection systems become obsolete, are no longer supported by the manufacturer, and replacement parts are no longer available. The non-functioning system affects the ability to obtain a five- year fire suppression certification as the system will not alarm/notify in the event that the fire sprinkler is activated."
2025,WSP,P-1516-00295,Americans With Disabilities Act Modifications,SRP,active,Construction,9/2017,2/2026,94,GF-S,,6383000,,,,,"Modify living areas, the Board of Parole Hearings conference room, Correctional Treatment Center, Receiving and Release, and path-of-travel.",
2025,WSP,P-1819-00215,Upgrade Potable Water Wells,SRP,complete,,,,,,7/2025,2693000,,,,,Upgrade well to improve the water quality.,
2025,WSP,P-2526-00179,Fire Alarm Replacements Sitewide,DM,future_5yr,,,,,,,,,67910000,4,Fire/Life/Safety,"Replace existing fire alarm systems statewide including control panels, network connections, detection devices, various fire and life safety items and programming necessary to ensure complete and operational systems.","Fire/smoke detection systems become obsolete, are no longer supported by the manufacturer, and replacement parts are no longer available. The non-functioning system affects the ability to obtain a five- year fire suppression certification as the system will not alarm/notify in the event that the fire sprinkler is activated."
2025,WSP,P-2324-00060,New Pharmacy Building,MA,future_5_10yr,,,,,,,,,16658000,10,Critical Infrastructure,Design and construct a new pharmacy building.,"A health care facility assessment was performed in 2009 for WSP’s health care infrastructure and several deficiencies were noted for the pharmacy, located in the Central Health Services Building. The original pharmacy had inefficiencies and ineffective operations of data and order entry, pharmacy verification, and prescription filling. Additionally, the pharmacy was approximately 500 square feet and too small to accommodate the operations required to manage the receipt of daily prescriptions, central fill workflows, on-site prescription preparation and dispensing of medication. EOP patients require a higher level of care including higher prescription use, resulting in increased medication inventory levels that require additional space for storage."
