cdcr_code,real_property_number,real_property_name,structure_number,agency_structure_no,structure_name,structure_type_code,structure_type,sqft,yr_built,data_date
ASP,34,AVENAL STATE PRISON,13752,1000,1000 PIA CHICKEN ABATTOIR,2430,STORAGE BUILDING,12250,1987,2026-10-06
ASP,34,AVENAL STATE PRISON,13753,1010,1010 PIA SUPPORT BLDG,2310,OFFICE (INSTITUTIONAL),1180,1987,2026-10-06
ASP,34,AVENAL STATE PRISON,13754,1020,PIA STORAGE-1020,2430,STORAGE BUILDING,16688,1987,2026-10-06
ASP,34,AVENAL STATE PRISON,13755,1030,PIA STORAGE - 1030,2430,STORAGE BUILDING,16688,1987,2026-10-06
ASP,34,AVENAL STATE PRISON,13756,1040,PIA STORAGE - 1040,2430,STORAGE BUILDING,16688,1987,2026-10-06
ASP,34,AVENAL STATE PRISON,13757,1050,PIA STORAGE - 1050,2430,STORAGE BUILDING,16688,1987,2026-10-06
ASP,34,AVENAL STATE PRISON,13758,1060,PIA STORAGE - 1060,2430,STORAGE BUILDING,16688,1987,2026-10-06
ASP,34,AVENAL STATE PRISON,13759,1070,PIA STORAGE - 1070,2430,STORAGE BUILDING,16688,1987,2026-10-06
ASP,34,AVENAL STATE PRISON,13760,1080,PIA STORAGE - 1080,2430,STORAGE BUILDING,16688,1987,2026-10-06
ASP,34,AVENAL STATE PRISON,13761,1090,PIA STORAGE - 1090,2430,STORAGE BUILDING,16688,1987,2026-10-06
ASP,34,AVENAL STATE PRISON,13692,110,110 HOUSING UNIT,5670,DORMITORY,21210,1986,2026-10-06
ASP,34,AVENAL STATE PRISON,13762,1100,PIA & USDA,2430,STORAGE BUILDING,5010,1987,2026-10-06
ASP,34,AVENAL STATE PRISON,13763,1110,1110 PIA FINISHING SWINE,2430,STORAGE BUILDING,2566,1987,2026-10-06
ASP,34,AVENAL STATE PRISON,13764,1111,1111 PIA FINISHING SWINE,2430,STORAGE BUILDING,2566,1987,2026-10-06
ASP,34,AVENAL STATE PRISON,13765,1112,1112 PIA FINISHING SWINE,2430,STORAGE BUILDING,2566,1987,2026-10-06
ASP,34,AVENAL STATE PRISON,13766,1113,1113 PIA FINISHING SWINE,2430,STORAGE BUILDING,2566,1987,2026-10-06
ASP,34,AVENAL STATE PRISON,13767,1114,1114 PIA FINISHING SWINE,2430,STORAGE BUILDING,2566,1987,2026-10-06
ASP,34,AVENAL STATE PRISON,13768,1115,1115 PIA FINISHING SWINE,2430,STORAGE BUILDING,2566,1987,2026-10-06
ASP,34,AVENAL STATE PRISON,13769,1116,1116 PIA FINISHING SWINE,2430,STORAGE BUILDING,2566,1987,2026-10-06
ASP,34,AVENAL STATE PRISON,13770,1117,1117 PIA FINISHING SWINE,2430,STORAGE BUILDING,2566,1987,2026-10-06
ASP,34,AVENAL STATE PRISON,13771,1118,1118 PIA FINISHING SWINE,2430,STORAGE BUILDING,2566,1987,2026-10-06
ASP,34,AVENAL STATE PRISON,13772,1119,1119 PIA FINISHING SWINE,2430,STORAGE BUILDING,2566,1987,2026-10-06
ASP,34,AVENAL STATE PRISON,13773,1120,1120 PIA FINISHING SWINE,2430,STORAGE BUILDING,2566,1987,2026-10-06
ASP,34,AVENAL STATE PRISON,13774,1121,1121 PIA FINISHING SWINE,2430,STORAGE BUILDING,2566,1987,2026-10-06
ASP,34,AVENAL STATE PRISON,13775,1130,1130 PIA GROWING SWINE,2420,SHED,1318,1987,2026-10-06
ASP,34,AVENAL STATE PRISON,13776,1131,1131 PIA GROWING SWINE,2420,SHED,1318,1987,2026-10-06
ASP,34,AVENAL STATE PRISON,13777,1132,1132 PIA GROWING SWINE,2420,SHED,1318,1987,2026-10-06
ASP,34,AVENAL STATE PRISON,13778,1133,1133 PIA GROWING SWINE,2420,SHED,1318,1987,2026-10-06
ASP,34,AVENAL STATE PRISON,13779,1140,1140 PIA FARROWING SWINE,2490,BARN,2907,1987,2026-10-06
ASP,34,AVENAL STATE PRISON,13780,1141,1141 PIA FARROWING SWINE,2490,BARN,2907,1987,2026-10-06
ASP,34,AVENAL STATE PRISON,13781,1142,1142 PIA FARROWING SWINE,2490,BARN,2907,1987,2026-10-06
ASP,34,AVENAL STATE PRISON,13782,1143,1143 PIA FARROWING SWINE,2490,BARN,2907,1987,2026-10-06
ASP,34,AVENAL STATE PRISON,13783,1150,1150 PIA NURSERY SWINE,2490,BARN,2907,1987,2026-10-06
ASP,34,AVENAL STATE PRISON,13784,1160,1160 PIA GESTATION SWINE,2490,BARN,4876,1987,2026-10-06
ASP,34,AVENAL STATE PRISON,13785,1161,1161 PIA GESTATION SWINE,2490,BARN,4876,1987,2026-10-06
ASP,34,AVENAL STATE PRISON,13786,1162,1162 PIA GESTATION SWINE,2490,BARN,4176,1987,2026-10-06
ASP,34,AVENAL STATE PRISON,13787,1163,1163 PIA GESTATION SWINE,2490,BARN,4876,1987,2026-10-06
ASP,34,AVENAL STATE PRISON,13788,1164,1164 PIA GESTATION SWINE,2490,BARN,4876,1987,2026-10-06
ASP,34,AVENAL STATE PRISON,13789,1170,1170 PIA SOW PENS SWINE,2490,BARN,3600,1987,2026-10-06
ASP,34,AVENAL STATE PRISON,13790,1171,1171 PIA SOW PENS SWINE,2490,BARN,3600,1987,2026-10-06
ASP,34,AVENAL STATE PRISON,13791,1172,1172 PIA SOW PENS SWINE,2490,BARN,3600,1987,2026-10-06
ASP,34,AVENAL STATE PRISON,13792,1173,1173 PIA SOW PENS SWINE,2490,BARN,3600,1987,2026-10-06
ASP,34,AVENAL STATE PRISON,13802,1190,1190 PIA BLDG USED BY CUSTODY K-9,2310,OFFICE (INSTITUTIONAL),1180,1987,2026-10-06
ASP,34,AVENAL STATE PRISON,13693,120,120 HOUSING UNIT,5670,DORMITORY,21210,1986,2026-10-06
ASP,34,AVENAL STATE PRISON,13817,1210,1210 PIA BROODERS CHICKEN,2490,BARN,9866,1987,2026-10-06
ASP,34,AVENAL STATE PRISON,13818,1211,1211 PIA BROODERS CHICKEN,2490,BARN,9866,1987,2026-10-06
ASP,34,AVENAL STATE PRISON,13819,1212,1212 PIA BROODERS CHICKEN,2490,BARN,9866,1987,2026-10-06
ASP,34,AVENAL STATE PRISON,13806,1220,1220 PIA PULLETS CHICKEN,2490,BARN,8640,1987,2026-10-06
ASP,34,AVENAL STATE PRISON,13807,1221,1221 PIA PULLETS CHICKEN,2490,BARN,8640,1987,2026-10-06
ASP,34,AVENAL STATE PRISON,13808,1222,1222 PIA PULLETS CHICKEN,2490,BARN,8640,1987,2026-10-06
ASP,34,AVENAL STATE PRISON,13805,1230,1230 PIA EGG PROCESSING,2430,STORAGE BUILDING,14302,1987,2026-10-06
ASP,34,AVENAL STATE PRISON,13803,1231,1231 PIA SUPPORT BLDG,2430,STORAGE BUILDING,1120,1987,2026-10-06
ASP,34,AVENAL STATE PRISON,13804,1232,1232 PIA SUPPORT BLDG,2430,STORAGE BUILDING,1120,1987,2026-10-06
ASP,34,AVENAL STATE PRISON,13809,1240,1240 PIA LAYERS CHICKEN,2490,BARN,8640,1987,2026-10-06
ASP,34,AVENAL STATE PRISON,13810,1241,1241 PIA LAYERS CHICKEN,2490,BARN,8640,1987,2026-10-06
ASP,34,AVENAL STATE PRISON,13811,1242,1242 PIA LAYERS CHICKEN,2490,BARN,8640,1987,2026-10-06
ASP,34,AVENAL STATE PRISON,13812,1243,1243 PIA LAYERS CHICKEN,2490,BARN,8640,1987,2026-10-06
ASP,34,AVENAL STATE PRISON,13813,1244,1244 PIA LAYERS CHICKEN,2490,BARN,8640,1987,2026-10-06
ASP,34,AVENAL STATE PRISON,13814,1245,1245 PIA LAYERS CHICKEN,2490,BARN,8640,1987,2026-10-06
ASP,34,AVENAL STATE PRISON,13815,1246,1246 PIA LAYERS CHICKEN,2490,BARN,8640,1987,2026-10-06
ASP,34,AVENAL STATE PRISON,13816,1247,1247 PIA LAYERS CHICKEN,2490,BARN,8640,1987,2026-10-06
ASP,34,AVENAL STATE PRISON,39364,130,130 DORMITORY HOUSING,5670,DORMITORY,13244,1997,2026-10-06
ASP,34,AVENAL STATE PRISON,13751,1300,1300 FIRING RANGE,5935,TRAINING FACILITY,1110,1986,2026-10-06
ASP,34,AVENAL STATE PRISON,13694,140,140 HOUSING UNIT,5670,DORMITORY,21210,1986,2026-10-06
ASP,34,AVENAL STATE PRISON,51503,145,145 TRANSPORTATION / ISUDT,5670,DORMITORY,2880,2010,2026-10-06
ASP,34,AVENAL STATE PRISON,5089,150,"EDUCATION BUILDING 150-SAP, ON A-YARD",2330,RELOCATABLE OFFICE,4970,2002,2026-10-06
ASP,34,AVENAL STATE PRISON,13695,160,160 ACADEMIC ED AND WORK CHANGE,5670,DORMITORY,3574,1986,2026-10-06
ASP,34,AVENAL STATE PRISON,13696,165,165 FACILITY SUPPORT,2310,OFFICE (INSTITUTIONAL),29002,1986,2026-10-06
ASP,34,AVENAL STATE PRISON,13697,185,185 VOCATIONAL ED,5620,CLASSROOM,12826,1986,2026-10-06
ASP,34,AVENAL STATE PRISON,13738,190,190 RECEIVING AND RELEASE,2310,OFFICE (INSTITUTIONAL),3762,1986,2026-10-06
ASP,34,AVENAL STATE PRISON,13698,210,210 HOUSING UNIT,5670,DORMITORY,21210,1986,2026-10-06
ASP,34,AVENAL STATE PRISON,39365,220,220 DORMITORY HOUSING,5670,DORMITORY,13244,1997,2026-10-06
ASP,34,AVENAL STATE PRISON,13699,230,230 HOUSING UNIT,5670,DORMITORY,21210,1986,2026-10-06
ASP,34,AVENAL STATE PRISON,13700,250,250 HOUSING UNIT,5670,DORMITORY,21210,1986,2026-10-06
ASP,34,AVENAL STATE PRISON,13701,260,260 ACADEMIC ED AND WORK CHANGE,5620,CLASSROOM,3574,1986,2026-10-06
ASP,34,AVENAL STATE PRISON,13702,265,265 FACILITY SUPPORT,2310,OFFICE (INSTITUTIONAL),29002,1986,2026-10-06
ASP,34,AVENAL STATE PRISON,13740,280,280 PIA CHAIR FACTORY,5810,SHOP,10270,1986,2026-10-06
ASP,34,AVENAL STATE PRISON,13703,285,285 VOCATIONAL ED,5620,CLASSROOM,13733,1986,2026-10-06
ASP,34,AVENAL STATE PRISON,13741,290,290 PIA FURNITURE FACTORY,5810,SHOP,63300,1986,2026-10-06
ASP,34,AVENAL STATE PRISON,13704,310,310 HOUSING UNIT,5670,DORMITORY,21210,1986,2026-10-06
ASP,34,AVENAL STATE PRISON,39366,320,320 DORMITORY HOUSING,5670,DORMITORY,13244,1997,2026-10-06
ASP,34,AVENAL STATE PRISON,13705,330,330 HOUSING UNIT,5670,DORMITORY,21210,1986,2026-10-06
ASP,34,AVENAL STATE PRISON,39374,340,340 EDUCATION CLASSROOM,5620,CLASSROOM,2592,1995,2026-10-06
ASP,34,AVENAL STATE PRISON,13706,350,350 HOUSING UNIT,5670,DORMITORY,21210,1986,2026-10-06
ASP,34,AVENAL STATE PRISON,13707,360,360 ACADEMIC ED AND WORK CHANGE,5620,CLASSROOM,3574,1986,2026-10-06
ASP,34,AVENAL STATE PRISON,13708,365,365 FACILITY SUPPORT,2310,OFFICE (INSTITUTIONAL),29002,1986,2026-10-06
ASP,34,AVENAL STATE PRISON,13709,385,385 VOCATIONAL ED,5620,CLASSROOM,12826,1986,2026-10-06
ASP,34,AVENAL STATE PRISON,13742,390,390 INFIRMARY,5710,HOSPITAL/CLINIC/TREATMENT CENTER,17442,1986,2026-10-06
ASP,34,AVENAL STATE PRISON,56587,390A,BLDG 390A - INMATE WAITING/HOLDING,5710,HOSPITAL/CLINIC/TREATMENT CENTER,1060,2016,2026-10-06
ASP,34,AVENAL STATE PRISON,39370,395,395 PHARMACY,5710,HOSPITAL/CLINIC/TREATMENT CENTER,1502,1996,2026-10-06
ASP,34,AVENAL STATE PRISON,13710,410,410 HOUSING UNIT,5670,DORMITORY,21210,1986,2026-10-06
ASP,34,AVENAL STATE PRISON,39367,420,420 DORMITORY HOUSING,5670,DORMITORY,13244,1997,2026-10-06
ASP,34,AVENAL STATE PRISON,13711,430,430 HOUSING UNIT,5670,DORMITORY,21210,1986,2026-10-06
ASP,34,AVENAL STATE PRISON,39375,440,440 EDUCATION CLASSROOM,5620,CLASSROOM,2592,1995,2026-10-06
ASP,34,AVENAL STATE PRISON,51117,445,445 D YARD DARS,5620,CLASSROOM,6720,2009,2026-10-06
ASP,34,AVENAL STATE PRISON,13712,450,450 HOUSING UNIT,5670,DORMITORY,21210,1986,2026-10-06
ASP,34,AVENAL STATE PRISON,13713,460,460 ACADEMIC ED AND WORK CHANGE,5620,CLASSROOM,3574,1986,2026-10-06
ASP,34,AVENAL STATE PRISON,13714,465,465 FACILITY SUPPORT,2310,OFFICE (INSTITUTIONAL),29002,1986,2026-10-06
ASP,34,AVENAL STATE PRISON,13739,485,485 CENTRAL KITCHEN,5830,KITCHEN,26245,1986,2026-10-06
ASP,34,AVENAL STATE PRISON,44285,490,490 MEDICAL/DENTAL SUPPLY,2310,OFFICE (INSTITUTIONAL),1800,2002,2026-10-06
ASP,34,AVENAL STATE PRISON,44496,495,495 CORRECTIONAL CLINICAL CASE MGMT,5710,HOSPITAL/CLINIC/TREATMENT CENTER,1853,2003,2026-10-06
ASP,34,AVENAL STATE PRISON,13715,510,510 HOUSING UNIT,5670,DORMITORY,21210,1986,2026-10-06
ASP,34,AVENAL STATE PRISON,39368,520,520 DORMITORY HOUSING,5670,DORMITORY,13244,1997,2026-10-06
ASP,34,AVENAL STATE PRISON,13716,530,530 HOUSING UNIT,5670,DORMITORY,21210,1986,2026-10-06
ASP,34,AVENAL STATE PRISON,13717,550,550 HOUSING UNIT,5670,DORMITORY,21210,1986,2026-10-06
ASP,34,AVENAL STATE PRISON,13718,560,560 ACADEMIC ED AND WORK CHANGE,5620,CLASSROOM,3574,1986,2026-10-06
ASP,34,AVENAL STATE PRISON,13719,565,565 FACILITY SUPPORT,2310,OFFICE (INSTITUTIONAL),29002,1986,2026-10-06
ASP,34,AVENAL STATE PRISON,13720,585,585 VOCATIONAL ED,5620,CLASSROOM,8055,1986,2026-10-06
ASP,34,AVENAL STATE PRISON,13744,590,590 PIA METAL FAB,5810,SHOP,59000,1986,2026-10-06
ASP,34,AVENAL STATE PRISON,13721,610,610 HOUSING UNIT,5670,DORMITORY,21210,1986,2026-10-06
ASP,34,AVENAL STATE PRISON,39376,620,620 EDUCATION CLASSROOM,5620,CLASSROOM,2592,1986,2026-10-06
ASP,34,AVENAL STATE PRISON,51118,625,625 F YARD DARS,5620,CLASSROOM,6720,2009,2026-10-06
ASP,34,AVENAL STATE PRISON,13722,630,630 HOUSING UNIT,5670,DORMITORY,21210,1986,2026-10-06
ASP,34,AVENAL STATE PRISON,39369,640,640 DORMITORY HOUSING,5670,DORMITORY,13244,1997,2026-10-06
ASP,34,AVENAL STATE PRISON,13723,650,650 HOUSING UNIT,5670,DORMITORY,21210,1986,2026-10-06
ASP,34,AVENAL STATE PRISON,13725,660,660 ACADEMIC ED AND WORK CHANGE,5620,CLASSROOM,3574,1986,2026-10-06
ASP,34,AVENAL STATE PRISON,13724,665,665 FACILITY SUPPORT,2310,OFFICE (INSTITUTIONAL),29002,1986,2026-10-06
ASP,34,AVENAL STATE PRISON,13726,685,685 VOCATIONAL ED,5620,CLASSROOM,11464,1986,2026-10-06
ASP,34,AVENAL STATE PRISON,13743,690,690 INVESTIGATIVE SVC UNIT OFFICE/AVSS,2310,OFFICE (INSTITUTIONAL),3361,1986,2026-10-06
ASP,34,AVENAL STATE PRISON,13745,695,695 PIA LAUNDRY,5860,LAUNDRY,16800,1986,2026-10-06
ASP,34,AVENAL STATE PRISON,51502,700,700 MEDICAL ADMINISTRATION,2310,OFFICE (INSTITUTIONAL),9360,2010,2026-10-06
ASP,34,AVENAL STATE PRISON,39954,705,705 PLANT OPERATIONS MAINTENANCE SHOP,5810,SHOP,3000,1999,2026-10-06
ASP,34,AVENAL STATE PRISON,13727,710,710 FAMILY VISITING HANDICAP,5960,VISITATION FACILITY,1408,1986,2026-10-06
ASP,34,AVENAL STATE PRISON,51504,712,712 A/B YARD MEDICAL CLINIC,5710,HOSPITAL/CLINIC/TREATMENT CENTER,5816,2010,2026-10-06
ASP,34,AVENAL STATE PRISON,13733,720,720 COMPLEX ADMINISTRATION,2310,OFFICE (INSTITUTIONAL),14468,1986,2026-10-06
ASP,34,AVENAL STATE PRISON,13728,730,730 FAMILY VISITING,5960,VISITATION FACILITY,1320,1986,2026-10-06
ASP,34,AVENAL STATE PRISON,51501,734,734 C/D YARD MEDICAL CLINIC,5710,HOSPITAL/CLINIC/TREATMENT CENTER,6528,2010,2026-10-06
ASP,34,AVENAL STATE PRISON,13729,740,740 FAMILY VISITING,5960,VISITATION FACILITY,1320,1986,2026-10-06
ASP,34,AVENAL STATE PRISON,13734,750,750 COMPLEX ADMINISTRATION SECURITY,2310,OFFICE (INSTITUTIONAL),16995,1986,2026-10-06
ASP,34,AVENAL STATE PRISON,51500,756,756 E/F YARD MEDICAL CLINIC,5710,HOSPITAL/CLINIC/TREATMENT CENTER,5816,2010,2026-10-06
ASP,34,AVENAL STATE PRISON,13730,760,760 FAMILY VISITING,5960,VISITATION FACILITY,1320,1986,2026-10-06
ASP,34,AVENAL STATE PRISON,13731,770,770 FAMILY VISITING,5960,VISITATION FACILITY,1320,1986,2026-10-06
ASP,34,AVENAL STATE PRISON,13735,780,780 COMPLEX ADMINISTRATION,2310,OFFICE (INSTITUTIONAL),14468,1986,2026-10-06
ASP,34,AVENAL STATE PRISON,13732,790,790 FAMILY VISITING,5960,VISITATION FACILITY,1320,1986,2026-10-06
ASP,34,AVENAL STATE PRISON,39955,795,795 RECYCLE AND SALVAGE,2480,EQUIPMENT/MAINTENANCE BUILDING,2000,1999,2026-10-06
ASP,34,AVENAL STATE PRISON,13736,810,810 CENTRAL ADMINISTRATION,2310,OFFICE (INSTITUTIONAL),26634,1986,2026-10-06
ASP,34,AVENAL STATE PRISON,114,815,EMPLOYEE HEALTH SERVICES,2330,RELOCATABLE OFFICE,1440,1997,2026-10-06
ASP,34,AVENAL STATE PRISON,13737,830,830 VISITOR PROCESSING,2310,OFFICE (INSTITUTIONAL),3593,1986,2026-10-06
ASP,34,AVENAL STATE PRISON,39371,840,"840 IST CLASS ROOM ""A""",2310,OFFICE (INSTITUTIONAL),1536,1995,2026-10-06
ASP,34,AVENAL STATE PRISON,39372,845,845 IST OFFICES,2310,OFFICE (INSTITUTIONAL),1536,1995,2026-10-06
ASP,34,AVENAL STATE PRISON,39373,850,"850 IST CLASS ROOMS ""B""/""C""",2310,OFFICE (INSTITUTIONAL),1536,1995,2026-10-06
ASP,34,AVENAL STATE PRISON,13746,910,910 STATE GARAGE,2480,EQUIPMENT/MAINTENANCE BUILDING,2944,1986,2026-10-06
ASP,34,AVENAL STATE PRISON,13747,920,920 PLANT OPERATIONS OFFICE,5810,SHOP,4677,1986,2026-10-06
ASP,34,AVENAL STATE PRISON,13748,925,925 PLANT OPERATIONS SHOPS,5810,SHOP,3780,1986,2026-10-06
ASP,34,AVENAL STATE PRISON,13691,930,930 WAREHOUSE,2440,WAREHOUSE,155495,1986,2026-10-06
ASP,34,AVENAL STATE PRISON,13820,940,940 COGENERATION PLANT,5820,UTILITY,1800,1986,2026-10-06
ASP,34,AVENAL STATE PRISON,13749,950,950 FIRE STATION,5690,FIREHOUSE/FOREST FIRE STATION,5818,1986,2026-10-06
ASP,34,AVENAL STATE PRISON,13750,960,960 ARMORY,5600,ARMORY,1089,1986,2026-10-06
ASP,34,AVENAL STATE PRISON,44284,970,970 LOCKSHOP,5600,ARMORY,1164,2001,2026-10-06
ASP,34,AVENAL STATE PRISON,51540,SMY,20 SMALL MANAGEMENT EXERCISE YARDS,5930,SMALL MANAGEMENT EXERCISE YARDS,3000,2009,2026-10-06
ASP,34,AVENAL STATE PRISON,13683,T-1,TOWER 1,5060,LOOKOUT (GUARD STATION),81,1986,2026-10-06
ASP,34,AVENAL STATE PRISON,13684,T-2,TOWER 2,5060,LOOKOUT (GUARD STATION),81,1986,2026-10-06
ASP,34,AVENAL STATE PRISON,13685,T-3,TOWER 3,5060,LOOKOUT (GUARD STATION),81,1986,2026-10-06
ASP,34,AVENAL STATE PRISON,13686,T-4,TOWER 4,5060,LOOKOUT (GUARD STATION),81,1986,2026-10-06
ASP,34,AVENAL STATE PRISON,13687,T-5,TOWER 5,5060,LOOKOUT (GUARD STATION),81,1986,2026-10-06
ASP,34,AVENAL STATE PRISON,13688,T-6,TOWER 6,5060,LOOKOUT (GUARD STATION),81,1986,2026-10-06
ASP,34,AVENAL STATE PRISON,13689,T-7,TOWER 7,5060,LOOKOUT (GUARD STATION),81,1986,2026-10-06
ASP,34,AVENAL STATE PRISON,13690,T-8,TOWER 8,5060,LOOKOUT (GUARD STATION),81,1986,2026-10-06
CAL,9735,CALIPATRIA STATE PRISON,45491,505,BLDG 505 OFFICE TRAILER,2330,RELOCATABLE OFFICE,960,1999,2026-10-06
CAL,9735,CALIPATRIA STATE PRISON,45492,575,BLDG. 575 CHEMICAL STORAGE BUILDING,2430,STORAGE BUILDING,180,1993,2026-10-06
CAL,9735,CALIPATRIA STATE PRISON,45493,576,BLDG. 576 CHEMICAL STORAGE BUILDING,2430,STORAGE BUILDING,180,1993,2026-10-06
CAL,9735,CALIPATRIA STATE PRISON,51555,BLDG 360EX,BLDG 360 EX - 20 SM. MGMT EXERCISE YARD,5930,SMALL MANAGEMENT EXERCISE YARDS,3000,2009,2026-10-06
CAL,9735,CALIPATRIA STATE PRISON,51487,BLDG 501,BLDG 501 - OFFICE TRAILER,2330,RELOCATABLE OFFICE,1440,,2026-10-06
CAL,9735,CALIPATRIA STATE PRISON,55162,BLDG 514,BLDG 514 - FIRE CHIEF OFFICE,2310,OFFICE (INSTITUTIONAL),241,2012,2026-10-06
CAL,9735,CALIPATRIA STATE PRISON,43664,BLDG. 210,BLDG. 210 - WATER TREATMENT OFFICE,2310,OFFICE (INSTITUTIONAL),1000,1991,2026-10-06
CAL,9735,CALIPATRIA STATE PRISON,43665,BLDG. 211,BLDG. 211 - BOOSTER PUMP STATION,5120,PUMP/WELL HOUSE,1000,1991,2026-10-06
CAL,9735,CALIPATRIA STATE PRISON,43666,BLDG. 212,BLDG. 212 - CHEMICAL INJECTION - WTP,5115,WATER MONITORING STATION,500,1991,2026-10-06
CAL,9735,CALIPATRIA STATE PRISON,43667,BLDG. 301,BLDG. 301 - TOWER 1,5060,LOOKOUT (GUARD STATION),200,1991,2026-10-06
CAL,9735,CALIPATRIA STATE PRISON,43668,BLDG. 302,BLDG. 302 - TOWER 2,5060,LOOKOUT (GUARD STATION),200,1991,2026-10-06
CAL,9735,CALIPATRIA STATE PRISON,43669,BLDG. 303,BLDG. 303 - TOWER 3,5060,LOOKOUT (GUARD STATION),200,1991,2026-10-06
CAL,9735,CALIPATRIA STATE PRISON,43670,BLDG. 304,BLDG. 304 - TOWER 4,5060,LOOKOUT (GUARD STATION),200,1991,2026-10-06
CAL,9735,CALIPATRIA STATE PRISON,43671,BLDG. 305,BLDG. 305 - TOWER 5,5060,LOOKOUT (GUARD STATION),200,1991,2026-10-06
CAL,9735,CALIPATRIA STATE PRISON,43672,BLDG. 306,BLDG. 306 - TOWER 6,5060,LOOKOUT (GUARD STATION),200,1991,2026-10-06
CAL,9735,CALIPATRIA STATE PRISON,43673,BLDG. 307,BLDG. 307 - TOWER 7,5060,LOOKOUT (GUARD STATION),200,1991,2026-10-06
CAL,9735,CALIPATRIA STATE PRISON,43674,BLDG. 308,BLDG. 308 - TOWER 8,5060,LOOKOUT (GUARD STATION),200,1991,2026-10-06
CAL,9735,CALIPATRIA STATE PRISON,43675,BLDG. 309,BLDG. 309 - TOWER 9,5060,LOOKOUT (GUARD STATION),200,1991,2026-10-06
CAL,9735,CALIPATRIA STATE PRISON,43676,BLDG. 310,BLDG. 310 - TOWER 10,5060,LOOKOUT (GUARD STATION),200,1991,2026-10-06
CAL,9735,CALIPATRIA STATE PRISON,43677,BLDG. 311,BLDG. 311 - TOWER 11,5060,LOOKOUT (GUARD STATION),200,1991,2026-10-06
CAL,9735,CALIPATRIA STATE PRISON,43678,BLDG. 312,BLDG. 312 - TOWER 12,5060,LOOKOUT (GUARD STATION),200,1991,2026-10-06
CAL,9735,CALIPATRIA STATE PRISON,43679,BLDG. 321,BLDG. 321 - HOUSING UNIT A5,5670,DORMITORY,25275,1991,2026-10-06
CAL,9735,CALIPATRIA STATE PRISON,43680,BLDG. 322,BLDG. 322 - HOUSING UNIT A4,5670,DORMITORY,23873,1991,2026-10-06
CAL,9735,CALIPATRIA STATE PRISON,43681,BLDG. 323,BLDG. 323 - HOUSING UNIT A3,5670,DORMITORY,23873,1991,2026-10-06
CAL,9735,CALIPATRIA STATE PRISON,43682,BLDG. 324,BLDG. 324 - HOUSING UNIT A2,5670,DORMITORY,23873,1991,2026-10-06
CAL,9735,CALIPATRIA STATE PRISON,43683,BLDG. 325,BLDG. 325 - HOUSING UNIT A1,5670,DORMITORY,23873,1991,2026-10-06
CAL,9735,CALIPATRIA STATE PRISON,43684,BLDG. 331,BLDG. 331 - HOUSING UNIT B1,5670,DORMITORY,23873,1991,2026-10-06
CAL,9735,CALIPATRIA STATE PRISON,43685,BLDG. 332,BLDG. 332 - HOUSING UNIT B2,5670,DORMITORY,23873,1991,2026-10-06
CAL,9735,CALIPATRIA STATE PRISON,43686,BLDG. 333,BLDG. 333 - HOUSING UNIT B3,5670,DORMITORY,23873,1991,2026-10-06
CAL,9735,CALIPATRIA STATE PRISON,43687,BLDG. 334,BLDG. 334 - HOUSING UNIT B4,5670,DORMITORY,23873,1991,2026-10-06
CAL,9735,CALIPATRIA STATE PRISON,43688,BLDG. 335,BLDG. 335 - HOUSING UNIT B5,5670,DORMITORY,23873,1991,2026-10-06
CAL,9735,CALIPATRIA STATE PRISON,43689,BLDG. 341,BLDG. 341 - HOUSING UNIT C5,5670,DORMITORY,23873,1991,2026-10-06
CAL,9735,CALIPATRIA STATE PRISON,43690,BLDG. 342,BLDG. 342 - HOUSING UNIT C4,5670,DORMITORY,23873,1991,2026-10-06
CAL,9735,CALIPATRIA STATE PRISON,43691,BLDG. 343,BLDG. 343 - HOUSING UNIT C3,5670,DORMITORY,23873,1991,2026-10-06
CAL,9735,CALIPATRIA STATE PRISON,43692,BLDG. 344,BLDG. 344 - HOUSING UNIT C2,5670,DORMITORY,23873,1991,2026-10-06
CAL,9735,CALIPATRIA STATE PRISON,43693,BLDG. 345,BLDG. 345 - HOUSING UNIT C1,5670,DORMITORY,23873,1991,2026-10-06
CAL,9735,CALIPATRIA STATE PRISON,43694,BLDG. 351,BLDG. 351 - HOUSING UNIT D1,5670,DORMITORY,23873,1991,2026-10-06
CAL,9735,CALIPATRIA STATE PRISON,43695,BLDG. 352,BLDG. 352 - HOUSING UNIT D2,5670,DORMITORY,23873,1991,2026-10-06
CAL,9735,CALIPATRIA STATE PRISON,43696,BLDG. 353,BLDG. 353 - HOUSING UNIT D3,5670,DORMITORY,23873,1991,2026-10-06
CAL,9735,CALIPATRIA STATE PRISON,43697,BLDG. 354,BLDG. 354 - HOUSING UNIT D4,5670,DORMITORY,23873,1991,2026-10-06
CAL,9735,CALIPATRIA STATE PRISON,43698,BLDG. 355,BLDG. 355 - HOUSING UNIT D5,5670,DORMITORY,23873,1991,2026-10-06
CAL,9735,CALIPATRIA STATE PRISON,50271,BLDG. 360,BLDG 360 ADMIN SEGREGATION HOUSING UNIT,5670,DORMITORY,25204,2003,2026-10-06
CAL,9735,CALIPATRIA STATE PRISON,43831,BLDG. 420,BLDG. 420-CENTRAL OPERATIONS,2310,OFFICE (INSTITUTIONAL),6165,1991,2026-10-06
CAL,9735,CALIPATRIA STATE PRISON,43832,BLDG. 421,BLDG. 421-FACILITY A PROGRAM SERVICES,2310,OFFICE (INSTITUTIONAL),24743,1991,2026-10-06
CAL,9735,CALIPATRIA STATE PRISON,43833,BLDG. 423,BLDG. 423-FACILITY FOOD SERVICE A-YARD,5870,DINING/CAFETERIA,12800,1991,2026-10-06
CAL,9735,CALIPATRIA STATE PRISON,43834,BLDG. 430,BLDG. 430-CENTRAL CONTROL A-B VISITING,5960,VISITATION FACILITY,19877,1991,2026-10-06
CAL,9735,CALIPATRIA STATE PRISON,43835,BLDG. 431,BLDG. 431-FACILITY B PROGRAM SERVICES,2310,OFFICE (INSTITUTIONAL),24743,1991,2026-10-06
CAL,9735,CALIPATRIA STATE PRISON,43836,BLDG. 433,BLDG. 433-FACILITY FOOD SERVICE B-YARD,5870,DINING/CAFETERIA,12800,1991,2026-10-06
CAL,9735,CALIPATRIA STATE PRISON,43837,BLDG. 440,BLDG. 440-COMPLEX CONTROL C/D VISITING,5960,VISITATION FACILITY,19877,1991,2026-10-06
CAL,9735,CALIPATRIA STATE PRISON,43699,BLDG. 441,BLDG. 441 - FACILITY C PROGRAM SERVICES,2310,OFFICE (INSTITUTIONAL),24743,1991,2026-10-06
CAL,9735,CALIPATRIA STATE PRISON,43700,BLDG. 443,BLDG. 443 - FACILITY FOOD SERVICE C-YARD,5870,DINING/CAFETERIA,12800,1991,2026-10-06
CAL,9735,CALIPATRIA STATE PRISON,43701,BLDG. 451,BLDG. 451 - FACILITY D PROGRAM SERVICES,2310,OFFICE (INSTITUTIONAL),24743,1991,2026-10-06
CAL,9735,CALIPATRIA STATE PRISON,43702,BLDG. 453,BLDG. 453 - FACILITY FOOD SERVICE D-YARD,5870,DINING/CAFETERIA,12800,1991,2026-10-06
CAL,9735,CALIPATRIA STATE PRISON,43703,BLDG. 460,BLDG. 460 - RECEIVING AND RELEASE,2310,OFFICE (INSTITUTIONAL),4965,1991,2026-10-06
CAL,9735,CALIPATRIA STATE PRISON,43704,BLDG. 461,BLDG. 461 - CENTRAL HEALTH INFIRMARY,5710,HOSPITAL/CLINIC/TREATMENT CENTER,15620,1991,2026-10-06
CAL,9735,CALIPATRIA STATE PRISON,43705,BLDG. 462,BLDG. 462 - CENTRAL KITCHEN,5870,DINING/CAFETERIA,21050,1991,2026-10-06
CAL,9735,CALIPATRIA STATE PRISON,43706,BLDG. 463,BLDG. 463 - ARMORY / LOCKSHOP,5600,ARMORY,1720,1991,2026-10-06
CAL,9735,CALIPATRIA STATE PRISON,43707,BLDG. 502,BLDG. 502 - CUSTODY TRAINING CLASSROOM,5810,SHOP,12195,1991,2026-10-06
CAL,9735,CALIPATRIA STATE PRISON,43708,BLDG. 504,BLDG 504 - MEDICAL ADMINISTRATION OFFICE,2310,OFFICE (INSTITUTIONAL),13916,1991,2026-10-06
CAL,9735,CALIPATRIA STATE PRISON,57908,BLDG. 506,BLDG. 506 - OFFICE TRAILER,2330,RELOCATABLE OFFICE,2135,2009,2026-10-06
CAL,9735,CALIPATRIA STATE PRISON,43709,BLDG. 510,BLDG. 510 - RECYCLE & SALVAGE PROJECT,2480,EQUIPMENT/MAINTENANCE BUILDING,1936,1991,2026-10-06
CAL,9735,CALIPATRIA STATE PRISON,44250,BLDG. 512,BLDG. 512 - ACCOUNTING OFFICE,2310,OFFICE (INSTITUTIONAL),1400,2000,2026-10-06
CAL,9735,CALIPATRIA STATE PRISON,43710,BLDG. 521,BLDG. 521-VOCATIONAL EDU A-YARD/CALCTRA,5620,CLASSROOM,2290,1991,2026-10-06
CAL,9735,CALIPATRIA STATE PRISON,43711,BLDG. 522,BLDG. 522 - VOCATIONAL EDUCATION B-YARD,5620,CLASSROOM,2290,1991,2026-10-06
CAL,9735,CALIPATRIA STATE PRISON,43712,BLDG. 523,BLDG. 523 - VOCATIONAL EDUCATION C-YARD,5620,CLASSROOM,2290,1991,2026-10-06
CAL,9735,CALIPATRIA STATE PRISON,43713,BLDG. 524,BLDG. 524 - VOCATIONAL EDUCATION C-YARD,5620,CLASSROOM,2290,1991,2026-10-06
CAL,9735,CALIPATRIA STATE PRISON,43714,BLDG. 525,BLDG. 525 - VOCATIONAL EDUCATION D-YARD,5620,CLASSROOM,2290,1991,2026-10-06
CAL,9735,CALIPATRIA STATE PRISON,43715,BLDG. 531,BLDG. 531-FACILITY A FOOD SRVC SATELITE,5870,DINING/CAFETERIA,3970,1991,2026-10-06
CAL,9735,CALIPATRIA STATE PRISON,43716,BLDG. 532,BLDG. 532-FACILITY B FOOD SRVC SATELITE,5870,DINING/CAFETERIA,3970,1991,2026-10-06
CAL,9735,CALIPATRIA STATE PRISON,43717,BLDG. 533,BLDG. 533-FACILITY C FOOD SRVC SATELITE,5870,DINING/CAFETERIA,3970,1991,2026-10-06
CAL,9735,CALIPATRIA STATE PRISON,43718,BLDG. 534,BLDG. 534-FACILITY D FOOD SRVC SATELITE,5870,DINING/CAFETERIA,3970,1991,2026-10-06
CAL,9735,CALIPATRIA STATE PRISON,43719,BLDG. 551,BLDG. 551 - CENTRAL MAINTENENCE,5810,SHOP,8220,1991,2026-10-06
CAL,9735,CALIPATRIA STATE PRISON,43720,BLDG. 552,BLDG. 552 - FACILITY A BLDG MAINTENANCE,5810,SHOP,2550,1991,2026-10-06
CAL,9735,CALIPATRIA STATE PRISON,43721,BLDG. 553,BLDG. 553 - VEHICLE MAINTENANCE,3510,GARAGE/PARKING STRUCTURE,6470,1991,2026-10-06
CAL,9735,CALIPATRIA STATE PRISON,43722,BLDG. 554,BLDG. 554 - FACILITY C BLDG MAINTENANCE,5810,SHOP,2550,1991,2026-10-06
CAL,9735,CALIPATRIA STATE PRISON,43723,BLDG. 555,BLDG. 555 - FACILITY D BLDG MAINTENANCE,5810,SHOP,2550,1991,2026-10-06
CAL,9735,CALIPATRIA STATE PRISON,43724,BLDG. 561,BLDG. 561 - WORK CHANGE FACILITY - A,2485,WORK CHANGE,625,1991,2026-10-06
CAL,9735,CALIPATRIA STATE PRISON,43725,BLDG. 562,BLDG. 562 - WORK CHANGE FACILITY - B,2485,WORK CHANGE,625,1991,2026-10-06
CAL,9735,CALIPATRIA STATE PRISON,43726,BLDG. 563,BLDG. 563 - WORK CHANGE FACILITY - C,2485,WORK CHANGE,625,1991,2026-10-06
CAL,9735,CALIPATRIA STATE PRISON,43838,BLDG. 564,BLDG. 564-WORK CHANGE - FACILITY D,2485,WORK CHANGE,625,1991,2026-10-06
CAL,9735,CALIPATRIA STATE PRISON,43727,BLDG. 570,BLDG. 570 - VIOLATILE STORAGE FACILITY-A,2400,STORAGE,100,1991,2026-10-06
CAL,9735,CALIPATRIA STATE PRISON,43728,BLDG. 571,BLDG. 571 - VIOLATILE STORAGE FACILITY-B,2400,STORAGE,100,1991,2026-10-06
CAL,9735,CALIPATRIA STATE PRISON,43729,BLDG. 572,BLDG. 572 - VIOLATILE STORAGE FACILITY-C,2400,STORAGE,100,1991,2026-10-06
CAL,9735,CALIPATRIA STATE PRISON,43730,BLDG. 573,BLDG. 573 - VIOLATILE STORAGE FACILITY-D,2400,STORAGE,100,1991,2026-10-06
CAL,9735,CALIPATRIA STATE PRISON,43731,BLDG. 574,BLDG. 574 - VIOLATILE STORAGE OUTSIDE,2400,STORAGE,880,1991,2026-10-06
CAL,9735,CALIPATRIA STATE PRISON,43839,BLDG. 602,BLDG. 602-GENERATOR BUILDING,5820,UTILITY,3444,1991,2026-10-06
CAL,9735,CALIPATRIA STATE PRISON,43732,BLDG. 604,BLDG. 604 - CHILLER PLANT,5820,UTILITY,7164,1991,2026-10-06
CAL,9735,CALIPATRIA STATE PRISON,43733,BLDG. 700,BLDG.700-GENERAL WAREHOUSE/PIA WAREHOUSE,2440,WAREHOUSE,62000,1991,2026-10-06
CAL,9735,CALIPATRIA STATE PRISON,43734,BLDG. 701,BLDG.701 - FIREHOUSE,5690,FIREHOUSE/FOREST FIRE STATION,3800,1991,2026-10-06
CAL,9735,CALIPATRIA STATE PRISON,43840,BLDG. 703,BLDG. 703-PIA / LAUNDRY,5860,LAUNDRY,9300,1991,2026-10-06
CAL,9735,CALIPATRIA STATE PRISON,43736,BLDG. 800,BLDG.800 - CENTRAL ADMINISTRATION,2310,OFFICE (INSTITUTIONAL),29290,1991,2026-10-06
CAL,9735,CALIPATRIA STATE PRISON,43737,BLDG. 801,BLDG. 801 - FAMILY VISITING A & B,5960,VISITATION FACILITY,3203,1991,2026-10-06
CAL,9735,CALIPATRIA STATE PRISON,43738,BLDG. 802,BLDG. 802 - FAMILY VISITING C & D,5960,VISITATION FACILITY,3255,1991,2026-10-06
CAL,9735,CALIPATRIA STATE PRISON,43739,BLDG. 803,BLDG. 803 - WEAPONS TRAINING CLASSROOM,5620,CLASSROOM,912,1991,2026-10-06
CAL,9735,CALIPATRIA STATE PRISON,43740,BLDG. 804,BLDG. 804 - FIRING RANGE CANOPY,5935,TRAINING FACILITY,2460,1991,2026-10-06
CAL,9735,CALIPATRIA STATE PRISON,43741,BLDG. 805,BLDG. 805 - VISITOR PROCESSING,2310,OFFICE (INSTITUTIONAL),3300,1991,2026-10-06
CAL,9735,CALIPATRIA STATE PRISON,43742,BLDG. 806,BLDG. 806 - SALLYPORT OFFICER'S STATION,5060,LOOKOUT (GUARD STATION),144,1991,2026-10-06
CAL,9735,CALIPATRIA STATE PRISON,43743,BLDG. 807,BLDG. 807 - ENTRANCE GATE HOUSE,5060,LOOKOUT (GUARD STATION),104,1991,2026-10-06
CAL,9735,CALIPATRIA STATE PRISON,43744,BLDG. 901,BLDG. 901 - LEVEL I HOUSING DORM #1,5670,DORMITORY,16850,1991,2026-10-06
CAL,9735,CALIPATRIA STATE PRISON,43745,BLDG. 902,BLDG. 902 - LEVEL I HOUSING DORM #2,5670,DORMITORY,16850,1991,2026-10-06
CAL,9735,CALIPATRIA STATE PRISON,43746,BLDG. 903,BLDG. 903 - LEVEL I PROGRAM SUPPORT,2310,OFFICE (INSTITUTIONAL),11550,1991,2026-10-06
CAL,9735,CALIPATRIA STATE PRISON,43747,BLDG. 904,BLDG. 904 - FAMILY VISITING LEVEL I,5960,VISITATION FACILITY,858,1991,2026-10-06
CAL,9735,CALIPATRIA STATE PRISON,43748,BLDG. 905,BLDG. 905-VISITING/SUPPORT SERVC LEVEL 1,5960,VISITATION FACILITY,5400,1991,2026-10-06
CCI,40,CALIFORNIA CORRECTIONAL INSTITUTION,51548,,10 SMALL MANAGEMENT EXERCISE YARDS,5930,SMALL MANAGEMENT EXERCISE YARDS,1500,2009,2026-10-06
CCI,40,CALIFORNIA CORRECTIONAL INSTITUTION,44247,,16 SMALL MANAGEMENT EXERCISE YARD,5930,SMALL MANAGEMENT EXERCISE YARDS,2400,2001,2026-10-06
CCI,40,CALIFORNIA CORRECTIONAL INSTITUTION,55228,,73 SMALL MANAGEMENT EXERCISE YARDS,5930,SMALL MANAGEMENT EXERCISE YARDS,10950,2012,2026-10-06
CCI,40,CALIFORNIA CORRECTIONAL INSTITUTION,43554,,ACCOUNTING,2310,OFFICE (INSTITUTIONAL),2340,,2026-10-06
CCI,40,CALIFORNIA CORRECTIONAL INSTITUTION,43434,,ARMORY,5600,ARMORY,1252,1997,2026-10-06
CCI,40,CALIFORNIA CORRECTIONAL INSTITUTION,29066,,BLDG B,5670,DORMITORY,18600,,2026-10-06
CCI,40,CALIFORNIA CORRECTIONAL INSTITUTION,29069,,BLDG C,5670,DORMITORY,37800,,2026-10-06
CCI,40,CALIFORNIA CORRECTIONAL INSTITUTION,29057,,BLDG E,5670,DORMITORY,16864,,2026-10-06
CCI,40,CALIFORNIA CORRECTIONAL INSTITUTION,29058,,BLDG F,5670,DORMITORY,16864,,2026-10-06
CCI,40,CALIFORNIA CORRECTIONAL INSTITUTION,29065,,BLDG G,5670,DORMITORY,34077,,2026-10-06
CCI,40,CALIFORNIA CORRECTIONAL INSTITUTION,29064,,BLDG J,5670,DORMITORY,46460,,2026-10-06
CCI,40,CALIFORNIA CORRECTIONAL INSTITUTION,29063,,BOILER HOUSE,5820,UTILITY,6241,,2026-10-06
CCI,40,CALIFORNIA CORRECTIONAL INSTITUTION,29030,,BRIGGS HALL,5670,DORMITORY,11413,,2026-10-06
CCI,40,CALIFORNIA CORRECTIONAL INSTITUTION,29108,,CAMP OFFICE,2310,OFFICE (INSTITUTIONAL),830,,2026-10-06
CCI,40,CALIFORNIA CORRECTIONAL INSTITUTION,29050,,CHEMICAL STORAGE,2420,SHED,1800,,2026-10-06
CCI,40,CALIFORNIA CORRECTIONAL INSTITUTION,29033,,CLARK HALL,5670,DORMITORY,18406,,2026-10-06
CCI,40,CALIFORNIA CORRECTIONAL INSTITUTION,29031,,DAVIS HALL,5670,DORMITORY,11097,,2026-10-06
CCI,40,CALIFORNIA CORRECTIONAL INSTITUTION,50993,,DIVISION OF ADDICTION & RECOVERY SVCES,2330,RELOCATABLE OFFICE,6720,2009,2026-10-06
CCI,40,CALIFORNIA CORRECTIONAL INSTITUTION,29097,,FACILITY A CANTEEN,5830,KITCHEN,540,1985,2026-10-06
CCI,40,CALIFORNIA CORRECTIONAL INSTITUTION,43533,,FACILITY A CHAPEL,5650,CHAPEL,4320,1986,2026-10-06
CCI,40,CALIFORNIA CORRECTIONAL INSTITUTION,43539,,FACILITY A DINING HALL #2,5870,DINING/CAFETERIA,3431,1986,2026-10-06
CCI,40,CALIFORNIA CORRECTIONAL INSTITUTION,43540,,FACILITY A DINING HALL #3,5870,DINING/CAFETERIA,3431,1986,2026-10-06
CCI,40,CALIFORNIA CORRECTIONAL INSTITUTION,43541,,FACILITY A DINING HALL #4,5870,DINING/CAFETERIA,3431,1986,2026-10-06
CCI,40,CALIFORNIA CORRECTIONAL INSTITUTION,29105,,FACILITY A FAMILY VISITING,5960,VISITATION FACILITY,1825,1985,2026-10-06
CCI,40,CALIFORNIA CORRECTIONAL INSTITUTION,43536,,FACILITY A GYMNASIUM,5890,GYMNASIUM,10800,1986,2026-10-06
CCI,40,CALIFORNIA CORRECTIONAL INSTITUTION,29096,,FACILITY A HSG UNITS 5-8 & SUPPORT BLDG,5670,DORMITORY,86960,1985,2026-10-06
CCI,40,CALIFORNIA CORRECTIONAL INSTITUTION,43534,,FACILITY A OUTSIDE VISITING,5960,VISITATION FACILITY,2520,1986,2026-10-06
CCI,40,CALIFORNIA CORRECTIONAL INSTITUTION,43542,,FACILITY A PIA INDUSTRIAL TRAINING,5620,CLASSROOM,11200,1986,2026-10-06
CCI,40,CALIFORNIA CORRECTIONAL INSTITUTION,43544,,FACILITY A STORAGE UNDER MAIN TOWER,2400,STORAGE,144,1986,2026-10-06
CCI,40,CALIFORNIA CORRECTIONAL INSTITUTION,43537,,FACILITY A SUPPORT SERVICES,2310,OFFICE (INSTITUTIONAL),33784,1986,2026-10-06
CCI,40,CALIFORNIA CORRECTIONAL INSTITUTION,29093,,FACILITY A UNITS 1-4,5670,DORMITORY,86988,1985,2026-10-06
CCI,40,CALIFORNIA CORRECTIONAL INSTITUTION,43535,,FACILITY A VISITING,5960,VISITATION FACILITY,9504,1986,2026-10-06
CCI,40,CALIFORNIA CORRECTIONAL INSTITUTION,43543,,FACILITY A VOCATIONAL TRAINING,5620,CLASSROOM,15420,1986,2026-10-06
CCI,40,CALIFORNIA CORRECTIONAL INSTITUTION,43520,,FACILITY B - CHAPEL,5650,CHAPEL,4320,1986,2026-10-06
CCI,40,CALIFORNIA CORRECTIONAL INSTITUTION,29106,,FACILITY B - FAMILY VISITING,5960,VISITATION FACILITY,1825,1985,2026-10-06
CCI,40,CALIFORNIA CORRECTIONAL INSTITUTION,43525,,FACILITY B - INFIRMAY,5710,HOSPITAL/CLINIC/TREATMENT CENTER,9082,1986,2026-10-06
CCI,40,CALIFORNIA CORRECTIONAL INSTITUTION,29098,,FACILITY B CANTEEN,5830,KITCHEN,540,1985,2026-10-06
CCI,40,CALIFORNIA CORRECTIONAL INSTITUTION,43526,,FACILITY B DINING HALL #1,5870,DINING/CAFETERIA,3431,1986,2026-10-06
CCI,40,CALIFORNIA CORRECTIONAL INSTITUTION,43527,,FACILITY B DINING HALL #2,5870,DINING/CAFETERIA,3431,1986,2026-10-06
CCI,40,CALIFORNIA CORRECTIONAL INSTITUTION,43528,,FACILITY B DINING HALL #3,5870,DINING/CAFETERIA,3431,1986,2026-10-06
CCI,40,CALIFORNIA CORRECTIONAL INSTITUTION,43529,,FACILITY B DINING HALL #4,5870,DINING/CAFETERIA,3431,1986,2026-10-06
CCI,40,CALIFORNIA CORRECTIONAL INSTITUTION,43522,,FACILITY B GYMNASIUM,5890,GYMNASIUM,10800,1986,2026-10-06
CCI,40,CALIFORNIA CORRECTIONAL INSTITUTION,29095,,FACILITY B HSG UNITS 5-8 & SUPPORT BLDG,5670,DORMITORY,86988,1985,2026-10-06
CCI,40,CALIFORNIA CORRECTIONAL INSTITUTION,43530,,FACILITY B INDUSRIAL TRAINING,5620,CLASSROOM,11200,1986,2026-10-06
CCI,40,CALIFORNIA CORRECTIONAL INSTITUTION,43521,,FACILITY B OUTSIDE VISITING,5960,VISITATION FACILITY,2050,1986,2026-10-06
CCI,40,CALIFORNIA CORRECTIONAL INSTITUTION,43524,,FACILITY B SUPPORT SERVICES,2310,OFFICE (INSTITUTIONAL),33784,1986,2026-10-06
CCI,40,CALIFORNIA CORRECTIONAL INSTITUTION,29094,,FACILITY B UNITS 1-4,5670,DORMITORY,86960,1985,2026-10-06
CCI,40,CALIFORNIA CORRECTIONAL INSTITUTION,43523,,FACILITY B VISITING,5960,VISITATION FACILITY,9504,1986,2026-10-06
CCI,40,CALIFORNIA CORRECTIONAL INSTITUTION,43531,,FACILITY B VOCATIONAL TRAINING,5620,CLASSROOM,13420,1986,2026-10-06
CCI,40,CALIFORNIA CORRECTIONAL INSTITUTION,29081,,FACILITY C BLDG B,5670,DORMITORY,7320,1988,2026-10-06
CCI,40,CALIFORNIA CORRECTIONAL INSTITUTION,29082,,FACILITY C BLDG D,5060,LOOKOUT (GUARD STATION),1000,1988,2026-10-06
CCI,40,CALIFORNIA CORRECTIONAL INSTITUTION,29083,,FACILITY C BLDG E,5670,DORMITORY,11653,1988,2026-10-06
CCI,40,CALIFORNIA CORRECTIONAL INSTITUTION,29085,,FACILITY C BLDG H,5670,DORMITORY,3120,,2026-10-06
CCI,40,CALIFORNIA CORRECTIONAL INSTITUTION,29086,,FACILITY C BLDG J1,5670,DORMITORY,625,,2026-10-06
CCI,40,CALIFORNIA CORRECTIONAL INSTITUTION,29087,,FACILITY C BLDG J2,5670,DORMITORY,100,,2026-10-06
CCI,40,CALIFORNIA CORRECTIONAL INSTITUTION,29088,,FACILITY C BLDG J6,5060,LOOKOUT (GUARD STATION),96,,2026-10-06
CCI,40,CALIFORNIA CORRECTIONAL INSTITUTION,43545,,FACILITY C BUILDING C - KITCHEN,5830,KITCHEN,13846,1989,2026-10-06
CCI,40,CALIFORNIA CORRECTIONAL INSTITUTION,29084,,FACILITY C F&G,5670,DORMITORY,36160,,2026-10-06
CCI,40,CALIFORNIA CORRECTIONAL INSTITUTION,29080,,FACILITY C FS/GYM/SVS,2310,OFFICE (INSTITUTIONAL),27174,1988,2026-10-06
CCI,40,CALIFORNIA CORRECTIONAL INSTITUTION,43546,,FACILITY C GATEHOUSE,5060,LOOKOUT (GUARD STATION),96,1989,2026-10-06
CCI,40,CALIFORNIA CORRECTIONAL INSTITUTION,29071,,FACILITY C HSG UNIT 1,2310,OFFICE (INSTITUTIONAL),11366,,2026-10-06
CCI,40,CALIFORNIA CORRECTIONAL INSTITUTION,29075,,FACILITY C HSG UNIT 1,5670,DORMITORY,24747,1988,2026-10-06
CCI,40,CALIFORNIA CORRECTIONAL INSTITUTION,29076,,FACILITY C HSG UNIT 2,5670,DORMITORY,24747,1988,2026-10-06
CCI,40,CALIFORNIA CORRECTIONAL INSTITUTION,29077,,FACILITY C HSG UNIT 3,5670,DORMITORY,24747,1988,2026-10-06
CCI,40,CALIFORNIA CORRECTIONAL INSTITUTION,29078,,FACILITY C HSG UNIT 4,5670,DORMITORY,24747,1988,2026-10-06
CCI,40,CALIFORNIA CORRECTIONAL INSTITUTION,29079,,FACILITY C HSG UNIT 5,5670,DORMITORY,24747,1988,2026-10-06
CCI,40,CALIFORNIA CORRECTIONAL INSTITUTION,29089,,FACILITY C R&R,2310,OFFICE (INSTITUTIONAL),2250,1988,2026-10-06
CCI,40,CALIFORNIA CORRECTIONAL INSTITUTION,43841,,FACILITY C SMALL MANAGEMENT YARDS,5930,SMALL MANAGEMENT EXERCISE YARDS,5080,2001,2026-10-06
CCI,40,CALIFORNIA CORRECTIONAL INSTITUTION,29067,,FACILITY D - GYM,5890,GYMNASIUM,9215,,2026-10-06
CCI,40,CALIFORNIA CORRECTIONAL INSTITUTION,29068,,FACILITY D CHAPEL,5650,CHAPEL,9215,,2026-10-06
CCI,40,CALIFORNIA CORRECTIONAL INSTITUTION,43547,,FACILITY D GATEHOUSE,5060,LOOKOUT (GUARD STATION),80,,2026-10-06
CCI,40,CALIFORNIA CORRECTIONAL INSTITUTION,43559,,FACILITY D TOWER,5060,LOOKOUT (GUARD STATION),192,,2026-10-06
CCI,40,CALIFORNIA CORRECTIONAL INSTITUTION,43754,,FACILITY D WEIGHT SHACK,5840,RECREATION BUILDING,3000,1986,2026-10-06
CCI,40,CALIFORNIA CORRECTIONAL INSTITUTION,29061,,FACILITY E - ACTIVITY BLDG (GYM),5890,GYMNASIUM,13024,,2026-10-06
CCI,40,CALIFORNIA CORRECTIONAL INSTITUTION,29046,,FACILITY E - CLOTHING FACTORY,5810,SHOP,15128,,2026-10-06
CCI,40,CALIFORNIA CORRECTIONAL INSTITUTION,29039,,FACILITY E - DINING HALL,5870,DINING/CAFETERIA,13308,,2026-10-06
CCI,40,CALIFORNIA CORRECTIONAL INSTITUTION,29056,,FACILITY E - LIBRARY,5680,LIBRARY,3801,,2026-10-06
CCI,40,CALIFORNIA CORRECTIONAL INSTITUTION,29052,,FACILITY E - MAINT SHOPS,5810,SHOP,18932,,2026-10-06
CCI,40,CALIFORNIA CORRECTIONAL INSTITUTION,29047,,FACILITY E - PIA WAREHOUSE,2430,STORAGE BUILDING,8046,,2026-10-06
CCI,40,CALIFORNIA CORRECTIONAL INSTITUTION,29044,,FACILITY E - VISITING ROOM,5960,VISITATION FACILITY,4500,,2026-10-06
CCI,40,CALIFORNIA CORRECTIONAL INSTITUTION,29051,,FACILITY E - VOC SHOPS-DOM AUTO/M&C,5810,SHOP,11712,,2026-10-06
CCI,40,CALIFORNIA CORRECTIONAL INSTITUTION,29038,,FACILITY E CANTEEN,5830,KITCHEN,1568,,2026-10-06
CCI,40,CALIFORNIA CORRECTIONAL INSTITUTION,29104,,FACILITY E CLOTHING ROOM,2430,STORAGE BUILDING,1938,,2026-10-06
CCI,40,CALIFORNIA CORRECTIONAL INSTITUTION,43548,,FACILITY E EDUCATION/TV SPECIALIST,5620,CLASSROOM,2000,,2026-10-06
CCI,40,CALIFORNIA CORRECTIONAL INSTITUTION,29036,,FACILITY E FAMILY VISITING DUPLEX,5090,RESIDENCE (MULTI-FAMILY),1512,,2026-10-06
CCI,40,CALIFORNIA CORRECTIONAL INSTITUTION,29092,,FACILITY E MEDICAL TREATMENT FACILITY,2355,RELOCATABLE MEDICAL FACILITY,720,,2026-10-06
CCI,40,CALIFORNIA CORRECTIONAL INSTITUTION,29048,,FACILITY E PIA/MAINTENANCE WAREHOUSE,2440,WAREHOUSE,14400,,2026-10-06
CCI,40,CALIFORNIA CORRECTIONAL INSTITUTION,43549,,FACILITY E PLANT OPERATIONS,2310,OFFICE (INSTITUTIONAL),18735,,2026-10-06
CCI,40,CALIFORNIA CORRECTIONAL INSTITUTION,29053,,FACILITY E VOC UPH/B&F,5620,CLASSROOM,6762,,2026-10-06
CCI,40,CALIFORNIA CORRECTIONAL INSTITUTION,43749,,FACILITY E WEIGHT SHACK,5840,RECREATION BUILDING,1900,1986,2026-10-06
CCI,40,CALIFORNIA CORRECTIONAL INSTITUTION,43538,,FACILTY A DINING HALL #1,5870,DINING/CAFETERIA,3431,1986,2026-10-06
CCI,40,CALIFORNIA CORRECTIONAL INSTITUTION,29059,,FAMILY VISITING FOURPLEX,5090,RESIDENCE (MULTI-FAMILY),2447,,2026-10-06
CCI,40,CALIFORNIA CORRECTIONAL INSTITUTION,29037,,FAMILY VISITING TRAILER  - FACILITY E,2360,RELOCATABLE RESIDENCE,864,,2026-10-06
CCI,40,CALIFORNIA CORRECTIONAL INSTITUTION,29062,,FIREHOUSE,5690,FIREHOUSE/FOREST FIRE STATION,4865,,2026-10-06
CCI,40,CALIFORNIA CORRECTIONAL INSTITUTION,43556,,FRIENDS OUTSIDE,2330,RELOCATABLE OFFICE,2200,1986,2026-10-06
CCI,40,CALIFORNIA CORRECTIONAL INSTITUTION,43750,,HEATER HOUSE,2420,SHED,192,1986,2026-10-06
CCI,40,CALIFORNIA CORRECTIONAL INSTITUTION,29040,,HUT # 1,2310,OFFICE (INSTITUTIONAL),1000,,2026-10-06
CCI,40,CALIFORNIA CORRECTIONAL INSTITUTION,29041,,HUT # 2,2310,OFFICE (INSTITUTIONAL),1000,,2026-10-06
CCI,40,CALIFORNIA CORRECTIONAL INSTITUTION,29042,,HUT # 3,1000,USED BY STATE PROGRAM,1000,,2026-10-06
CCI,40,CALIFORNIA CORRECTIONAL INSTITUTION,29043,,HUT # 4,1000,USED BY STATE PROGRAM,1000,,2026-10-06
CCI,40,CALIFORNIA CORRECTIONAL INSTITUTION,29070,,MAIL ROOM,2392,MAILROOM/REPRODUCTION,2541,,2026-10-06
CCI,40,CALIFORNIA CORRECTIONAL INSTITUTION,29054,,MAINT SUPPLY SHED,2420,SHED,8000,,2026-10-06
CCI,40,CALIFORNIA CORRECTIONAL INSTITUTION,5073,,MODULAR BUILDING,2330,RELOCATABLE OFFICE,4970,2002,2026-10-06
CCI,40,CALIFORNIA CORRECTIONAL INSTITUTION,29049,,MOTOR POOL,3510,GARAGE/PARKING STRUCTURE,5000,,2026-10-06
CCI,40,CALIFORNIA CORRECTIONAL INSTITUTION,43550,,OUTSIDE BOOSTER PUMP HOUSE,5120,PUMP/WELL HOUSE,708,,2026-10-06
CCI,40,CALIFORNIA CORRECTIONAL INSTITUTION,29074,,PERSONNEL,2310,OFFICE (INSTITUTIONAL),2057,,2026-10-06
CCI,40,CALIFORNIA CORRECTIONAL INSTITUTION,43553,,PERSONNEL,2310,OFFICE (INSTITUTIONAL),2985,,2026-10-06
CCI,40,CALIFORNIA CORRECTIONAL INSTITUTION,43555,,PIA WAREHOUSE,2440,WAREHOUSE,8046,,2026-10-06
CCI,40,CALIFORNIA CORRECTIONAL INSTITUTION,43433,,RANGE,5935,TRAINING FACILITY,912,1998,2026-10-06
CCI,40,CALIFORNIA CORRECTIONAL INSTITUTION,43557,,RASP RECYCLE,2480,EQUIPMENT/MAINTENANCE BUILDING,2000,1995,2026-10-06
CCI,40,CALIFORNIA CORRECTIONAL INSTITUTION,29103,,RECEPTION INFORMATION CENTER,2310,OFFICE (INSTITUTIONAL),4900,,2026-10-06
CCI,40,CALIFORNIA CORRECTIONAL INSTITUTION,29099,,RESIDENCE # 1,5740,RESIDENCE (SINGLE FAMILY),2104,,2026-10-06
CCI,40,CALIFORNIA CORRECTIONAL INSTITUTION,29100,,RESIDENCE # 2,5740,RESIDENCE (SINGLE FAMILY),1716,,2026-10-06
CCI,40,CALIFORNIA CORRECTIONAL INSTITUTION,29101,,RESIDENCE # 3,5740,RESIDENCE (SINGLE FAMILY),1811,,2026-10-06
CCI,40,CALIFORNIA CORRECTIONAL INSTITUTION,29102,,RESIDENCE # 4,5740,RESIDENCE (SINGLE FAMILY),1962,,2026-10-06
CCI,40,CALIFORNIA CORRECTIONAL INSTITUTION,29029,,REX DEAL HALL,5670,DORMITORY,4961,,2026-10-06
CCI,40,CALIFORNIA CORRECTIONAL INSTITUTION,43551,,RIFLE RANGE,5600,ARMORY,160,,2026-10-06
CCI,40,CALIFORNIA CORRECTIONAL INSTITUTION,29035,,SECURITY ADMINISTRATION BUILDING,2310,OFFICE (INSTITUTIONAL),3014,,2026-10-06
CCI,40,CALIFORNIA CORRECTIONAL INSTITUTION,29107,,SEWAGE PLANT OFFICE,2310,OFFICE (INSTITUTIONAL),820,,2026-10-06
CCI,40,CALIFORNIA CORRECTIONAL INSTITUTION,43753,,SPOT BY DUMP,2400,STORAGE,36,1986,2026-10-06
CCI,40,CALIFORNIA CORRECTIONAL INSTITUTION,43532,,STORAGE UNDERMAIN TOWER - DVB,2400,STORAGE,144,1986,2026-10-06
CCI,40,CALIFORNIA CORRECTIONAL INSTITUTION,29073,,SUB-ADMINISTRATION-A,2310,OFFICE (INSTITUTIONAL),2319,,2026-10-06
CCI,40,CALIFORNIA CORRECTIONAL INSTITUTION,29045,,SUPPORT WAREHOUSE,2440,WAREHOUSE,45360,,2026-10-06
CCI,40,CALIFORNIA CORRECTIONAL INSTITUTION,43751,,TOOL SHED,2420,SHED,176,1986,2026-10-06
CCI,40,CALIFORNIA CORRECTIONAL INSTITUTION,29110,,TOWERS,5060,LOOKOUT (GUARD STATION),6364,,2026-10-06
CCI,40,CALIFORNIA CORRECTIONAL INSTITUTION,29032,,VAN WESSON HALL,5670,DORMITORY,19742,,2026-10-06
CCI,40,CALIFORNIA CORRECTIONAL INSTITUTION,29091,,WASTE WATER TREATEMNT PLANT TRAILER,2310,OFFICE (INSTITUTIONAL),720,,2026-10-06
CCI,40,CALIFORNIA CORRECTIONAL INSTITUTION,55777,,WASTE WATER TREATMENT PLANT,5820,UTILITY,0,1932,2026-10-06
CCI,40,CALIFORNIA CORRECTIONAL INSTITUTION,29109,,WATER TREATMENT PLANT,5820,UTILITY,6100,1984,2026-10-06
CCI,40,CALIFORNIA CORRECTIONAL INSTITUTION,43560,,WELL HOUSE #1,5120,PUMP/WELL HOUSE,113,,2026-10-06
CCI,40,CALIFORNIA CORRECTIONAL INSTITUTION,43561,,WELL HOUSE #2,5120,PUMP/WELL HOUSE,113,,2026-10-06
CCI,40,CALIFORNIA CORRECTIONAL INSTITUTION,43562,,WELL HOUSE #3,5120,PUMP/WELL HOUSE,113,,2026-10-06
CCI,40,CALIFORNIA CORRECTIONAL INSTITUTION,43552,,WEST GATE CREW HOUSE,2485,WORK CHANGE,135,,2026-10-06
CCI,40,CALIFORNIA CORRECTIONAL INSTITUTION,29055,,WEST GATE HOUSE,5060,LOOKOUT (GUARD STATION),64,,2026-10-06
CCI,40,CALIFORNIA CORRECTIONAL INSTITUTION,29034,,WILLARD HALL,5670,DORMITORY,11045,,2026-10-06
CCI,40,CALIFORNIA CORRECTIONAL INSTITUTION,29028,29028,FACILITY E - ADMINISTRATION BUILDING,2310,OFFICE (INSTITUTIONAL),18527,,2026-10-06
CCWF,9475,CENTRAL CALIFORNIA WOMEN'S FACILITY,51558,,7 SMALL MANAGEMENT EXERCISE YARDS,5930,SMALL MANAGEMENT EXERCISE YARDS,1050,2009,2026-10-06
CCWF,9475,CENTRAL CALIFORNIA WOMEN'S FACILITY,51557,,CONDEMNED ROW SOFT EXERCISE YARD,5930,SMALL MANAGEMENT EXERCISE YARDS,4760,2008,2026-10-06
CCWF,9475,CENTRAL CALIFORNIA WOMEN'S FACILITY,43381,301,GENERAL / PIA WAREHOUSE,2440,WAREHOUSE,67890,1988,2026-10-06
CCWF,9475,CENTRAL CALIFORNIA WOMEN'S FACILITY,43382,302,FIRE STATION,5690,FIREHOUSE/FOREST FIRE STATION,1528,1988,2026-10-06
CCWF,9475,CENTRAL CALIFORNIA WOMEN'S FACILITY,43388,303,VEHICLE / BUILDING MAINTENANCE FACILITY,2480,EQUIPMENT/MAINTENANCE BUILDING,6744,1998,2026-10-06
CCWF,9475,CENTRAL CALIFORNIA WOMEN'S FACILITY,43387,304,CENTRAL ADMIN/STAFF SVCS/DINING/TRAINING,2310,OFFICE (INSTITUTIONAL),28488,1998,2026-10-06
CCWF,9475,CENTRAL CALIFORNIA WOMEN'S FACILITY,43383,305,VISITOR / STAFF PROCESSING FACILITY,2482,STAGING AREA,3580,1988,2026-10-06
CCWF,9475,CENTRAL CALIFORNIA WOMEN'S FACILITY,43884,306,ARMORY / LOCKSMITH FACILITY,5600,ARMORY,1718,1988,2026-10-06
CCWF,9475,CENTRAL CALIFORNIA WOMEN'S FACILITY,43385,307,VEHICLE SALLYPORT OFFICER'S STATION,5060,LOOKOUT (GUARD STATION),147,1988,2026-10-06
CCWF,9475,CENTRAL CALIFORNIA WOMEN'S FACILITY,43386,308,GUARD TOWER 2,5060,LOOKOUT (GUARD STATION),120,1988,2026-10-06
CCWF,9475,CENTRAL CALIFORNIA WOMEN'S FACILITY,43389,309,TOWER 1,5060,LOOKOUT (GUARD STATION),120,1988,2026-10-06
CCWF,9475,CENTRAL CALIFORNIA WOMEN'S FACILITY,43430,310,FIRING RANGE CLASSROOM,5935,TRAINING FACILITY,914,1988,2026-10-06
CCWF,9475,CENTRAL CALIFORNIA WOMEN'S FACILITY,43431,311,FIRING RANGE CLASSROOM,5935,TRAINING FACILITY,2322,,2026-10-06
CCWF,9475,CENTRAL CALIFORNIA WOMEN'S FACILITY,43390,312,GATEHOUSE,5060,LOOKOUT (GUARD STATION),104,1988,2026-10-06
CCWF,9475,CENTRAL CALIFORNIA WOMEN'S FACILITY,43391,313,RECYCLE AND SALVAGE PROGRAM (R.A.S.P.),2480,EQUIPMENT/MAINTENANCE BUILDING,1936,1988,2026-10-06
CCWF,9475,CENTRAL CALIFORNIA WOMEN'S FACILITY,43392,314,PERIMETER OBSERVATION POST,5060,LOOKOUT (GUARD STATION),120,1988,2026-10-06
CCWF,9475,CENTRAL CALIFORNIA WOMEN'S FACILITY,43393,315,PERIMETER OBSERVATION POST,5060,LOOKOUT (GUARD STATION),120,1988,2026-10-06
CCWF,9475,CENTRAL CALIFORNIA WOMEN'S FACILITY,40590,316,CASUAL CORNER WITH FRIENDS,2482,STAGING AREA,706,1995,2026-10-06
CCWF,9475,CENTRAL CALIFORNIA WOMEN'S FACILITY,40591,317,UNCLOTHED BODY SEARCH FACILITY,2485,WORK CHANGE,1440,1997,2026-10-06
CCWF,9475,CENTRAL CALIFORNIA WOMEN'S FACILITY,43397,404,WATER SUPPLY SYSTEM PUMP STATION,5120,PUMP/WELL HOUSE,625,1988,2026-10-06
CCWF,9475,CENTRAL CALIFORNIA WOMEN'S FACILITY,43398,405,WATER SUPPLY SYSTEM / PUMP STATION,5120,PUMP/WELL HOUSE,0,1988,2026-10-06
CCWF,9475,CENTRAL CALIFORNIA WOMEN'S FACILITY,43399,406,ON SITE WASTE WATER TREATMENT PLANT,5820,UTILITY,2057,1988,2026-10-06
CCWF,9475,CENTRAL CALIFORNIA WOMEN'S FACILITY,43400,501,RECEPTION CENTER HOUSING UNIT,5670,DORMITORY,21350,1988,2026-10-06
CCWF,9475,CENTRAL CALIFORNIA WOMEN'S FACILITY,43401,502,RECEPTION CENTER HOUSING UNIT,5670,DORMITORY,21350,1988,2026-10-06
CCWF,9475,CENTRAL CALIFORNIA WOMEN'S FACILITY,43402,503,RECEPTION CENTER HOUSING UNIT,5670,DORMITORY,23560,1988,2026-10-06
CCWF,9475,CENTRAL CALIFORNIA WOMEN'S FACILITY,43403,504,SPECIALIZED POPULATION HOUSING UNIT,5670,DORMITORY,24586,1988,2026-10-06
CCWF,9475,CENTRAL CALIFORNIA WOMEN'S FACILITY,43404,505,MEDICAL POPULATION HOUSING UNIT,5670,DORMITORY,21350,1988,2026-10-06
CCWF,9475,CENTRAL CALIFORNIA WOMEN'S FACILITY,43405,506,GENERAL POPULATION HOUSING UNIT,5670,DORMITORY,21350,1988,2026-10-06
CCWF,9475,CENTRAL CALIFORNIA WOMEN'S FACILITY,43406,507     BID PACAKAGE 5,GENERAL POPULATION HOUSING UNIT,5670,DORMITORY,21350,1988,2026-10-06
CCWF,9475,CENTRAL CALIFORNIA WOMEN'S FACILITY,43407,508,GENERAL POPULATION HOUSING UNIT,5670,DORMITORY,21350,1988,2026-10-06
CCWF,9475,CENTRAL CALIFORNIA WOMEN'S FACILITY,43408,509,GENERAL POPULATION HOUSING UNIT,5670,DORMITORY,21350,1988,2026-10-06
CCWF,9475,CENTRAL CALIFORNIA WOMEN'S FACILITY,43409,510,GENERAL POPULATION HOUSING UNIT,5670,DORMITORY,21350,1988,2026-10-06
CCWF,9475,CENTRAL CALIFORNIA WOMEN'S FACILITY,43410,511,GENERAL POPULATION HOUSING UNIT,5670,DORMITORY,21350,1988,2026-10-06
CCWF,9475,CENTRAL CALIFORNIA WOMEN'S FACILITY,43411,512,GENERAL POPULATION HOUSING UNIT,5670,DORMITORY,21350,1988,2026-10-06
CCWF,9475,CENTRAL CALIFORNIA WOMEN'S FACILITY,43412,513,GENERAL POPULATION HOUSING UNIT,5670,DORMITORY,21350,1988,2026-10-06
CCWF,9475,CENTRAL CALIFORNIA WOMEN'S FACILITY,43413,514,GENERAL POPULATION HOUSING UNIT,5670,DORMITORY,21350,1988,2026-10-06
CCWF,9475,CENTRAL CALIFORNIA WOMEN'S FACILITY,43414,515,GENERAL POPULATION HOUSING UNIT,5670,DORMITORY,21350,1988,2026-10-06
CCWF,9475,CENTRAL CALIFORNIA WOMEN'S FACILITY,43415,516,GENERAL POPULATION HOUSING UNIT,5670,DORMITORY,21350,1988,2026-10-06
CCWF,9475,CENTRAL CALIFORNIA WOMEN'S FACILITY,43416,517,RECEIVING AND RELEASE FACILITY,2310,OFFICE (INSTITUTIONAL),4966,1988,2026-10-06
CCWF,9475,CENTRAL CALIFORNIA WOMEN'S FACILITY,43417,518,FAMILY VISITING FACILITY,5960,VISITATION FACILITY,6452,1988,2026-10-06
CCWF,9475,CENTRAL CALIFORNIA WOMEN'S FACILITY,43418,519,FAMILY VISITING FACILITY,5960,VISITATION FACILITY,6452,1988,2026-10-06
CCWF,9475,CENTRAL CALIFORNIA WOMEN'S FACILITY,40592,520,LOOKOUT STATION FOR AD-SEG YARD,5060,LOOKOUT (GUARD STATION),80,1991,2026-10-06
CCWF,9475,CENTRAL CALIFORNIA WOMEN'S FACILITY,40593,700,A YARD MEDICAL BUILDING,2355,RELOCATABLE MEDICAL FACILITY,1288,1995,2026-10-06
CCWF,9475,CENTRAL CALIFORNIA WOMEN'S FACILITY,43421,701,SUPPORT SERVICES/FOOD SERVICES FACILITY,5870,DINING/CAFETERIA,41000,1988,2026-10-06
CCWF,9475,CENTRAL CALIFORNIA WOMEN'S FACILITY,43422,702,SUPPORT SERVICES/FOOD SERVICES FACILITY,5870,DINING/CAFETERIA,41000,1988,2026-10-06
CCWF,9475,CENTRAL CALIFORNIA WOMEN'S FACILITY,43423,703,RECEPTION CENTER SERVICES/ADMINISTATION,2310,OFFICE (INSTITUTIONAL),10850,1988,2026-10-06
CCWF,9475,CENTRAL CALIFORNIA WOMEN'S FACILITY,43424,704,CENTRAL KITCHEN,5830,KITCHEN,21050,1988,2026-10-06
CCWF,9475,CENTRAL CALIFORNIA WOMEN'S FACILITY,55780,705,ENHANCED OUTPATIENT PROGRAM TREATEMENT,5710,HOSPITAL/CLINIC/TREATMENT CENTER,18009,2015,2026-10-06
CCWF,9475,CENTRAL CALIFORNIA WOMEN'S FACILITY,43425,801,ADMINISTRATION AD-SEG / RC VISITING,2310,OFFICE (INSTITUTIONAL),34194,1988,2026-10-06
CCWF,9475,CENTRAL CALIFORNIA WOMEN'S FACILITY,43426,802,LIBRARY/MEDIA CENTER/ARTS/CHAPEL/GYM,5680,LIBRARY,23078,1988,2026-10-06
CCWF,9475,CENTRAL CALIFORNIA WOMEN'S FACILITY,43427,803/1101,ACADEMIC EDUCATION OFFICE,2310,OFFICE (INSTITUTIONAL),21180,1988,2026-10-06
CCWF,9475,CENTRAL CALIFORNIA WOMEN'S FACILITY,43428,804,C/D FACILITY AMINISTRATION,2310,OFFICE (INSTITUTIONAL),4900,1988,2026-10-06
CCWF,9475,CENTRAL CALIFORNIA WOMEN'S FACILITY,43429,805,CENTRAL HEALTH SERVICES/SKILLED NURSING,5710,HOSPITAL/CLINIC/TREATMENT CENTER,28380,1990,2026-10-06
CCWF,9475,CENTRAL CALIFORNIA WOMEN'S FACILITY,40594,806,FRIENDS OUTSIDE TRAILER,2310,OFFICE (INSTITUTIONAL),960,1995,2026-10-06
CCWF,9475,CENTRAL CALIFORNIA WOMEN'S FACILITY,40595,807,ARTS IN CORRECTIONS,2340,RELOCATABLE CLASSROOM,960,1995,2026-10-06
CCWF,9475,CENTRAL CALIFORNIA WOMEN'S FACILITY,40596,808,MEDICAL BUILDING 808,2355,RELOCATABLE MEDICAL FACILITY,2160,1995,2026-10-06
CCWF,9475,CENTRAL CALIFORNIA WOMEN'S FACILITY,4664,809,SUBSTANCE ABUSE PROGRAM,2340,RELOCATABLE CLASSROOM,4320,1999,2026-10-06
CCWF,9475,CENTRAL CALIFORNIA WOMEN'S FACILITY,4834,810,"SUBSTANCE ABUSE B YARD MODULAR 2,810",2355,RELOCATABLE MEDICAL FACILITY,1440,1998,2026-10-06
CCWF,9475,CENTRAL CALIFORNIA WOMEN'S FACILITY,4833,811,"SUBSTANCE ABUSE C YARD MODULAR, BLDG 811",2355,RELOCATABLE MEDICAL FACILITY,5040,1998,2026-10-06
CCWF,9475,CENTRAL CALIFORNIA WOMEN'S FACILITY,44259,812,RECEPTION CENTER ENHANCED OUT PATIENT,5710,HOSPITAL/CLINIC/TREATMENT CENTER,4278,2002,2026-10-06
CCWF,9475,CENTRAL CALIFORNIA WOMEN'S FACILITY,44260,813,CORRECTIONAL CLINICAL CASE MGMT SYSTEM,2310,OFFICE (INSTITUTIONAL),2070,2002,2026-10-06
CCWF,9475,CENTRAL CALIFORNIA WOMEN'S FACILITY,40597,900,PIA MAIN OFFICE,2330,RELOCATABLE OFFICE,1380,1995,2026-10-06
CCWF,9475,CENTRAL CALIFORNIA WOMEN'S FACILITY,43816,901,PIA/VOCATIONAL TRAINING FACILITY,5620,CLASSROOM,53743,1988,2026-10-06
CCWF,9475,CENTRAL CALIFORNIA WOMEN'S FACILITY,43817,902,PIA/VOCATIONAL TRAINING FACILITY,5620,CLASSROOM,56700,1988,2026-10-06
CCWF,9475,CENTRAL CALIFORNIA WOMEN'S FACILITY,43818,903,VOCATIONAL TRAINING FACILITY,5620,CLASSROOM,26160,1988,2026-10-06
CCWF,9475,CENTRAL CALIFORNIA WOMEN'S FACILITY,43819,904,VOCATIONAL TRAINING FACILITY,5620,CLASSROOM,13760,1988,2026-10-06
CCWF,9475,CENTRAL CALIFORNIA WOMEN'S FACILITY,43820,905,BLDG MAINTENANCE FAC /PLANT OPERATIONS,2310,OFFICE (INSTITUTIONAL),8820,1988,2026-10-06
CCWF,9475,CENTRAL CALIFORNIA WOMEN'S FACILITY,43821,906,VOLATILE STORAGE BUILDING,2420,SHED,100,1988,2026-10-06
CCWF,9475,CENTRAL CALIFORNIA WOMEN'S FACILITY,43822,907,VOLATILE STORAGE BUILDING,2420,SHED,100,1988,2026-10-06
CCWF,9475,CENTRAL CALIFORNIA WOMEN'S FACILITY,43823,908,VOLATILE STORAGE BUILDING,2420,SHED,100,1988,2026-10-06
CCWF,9475,CENTRAL CALIFORNIA WOMEN'S FACILITY,43824,909,PIA OPTICAL BUILDING,2480,EQUIPMENT/MAINTENANCE BUILDING,2700,1988,2026-10-06
CCWF,9475,CENTRAL CALIFORNIA WOMEN'S FACILITY,43825,910,FARM BUILDING B,2480,EQUIPMENT/MAINTENANCE BUILDING,2700,1988,2026-10-06
CCWF,9475,CENTRAL CALIFORNIA WOMEN'S FACILITY,43826,911,VOCATIONAL GREEN HOUSE,5700,NURSERY/GREENHOUSE,760,1988,2026-10-06
CCWF,9475,CENTRAL CALIFORNIA WOMEN'S FACILITY,43435,912,PRISON INDUSTRY AUTHORITY OPTICAL ACCT.,2330,RELOCATABLE OFFICE,1440,1999,2026-10-06
CCWF,9475,CENTRAL CALIFORNIA WOMEN'S FACILITY,40599,913,HAZARDOUS MATERIAL STORAGE BLDG,2420,SHED,1656,1993,2026-10-06
CCWF,9475,CENTRAL CALIFORNIA WOMEN'S FACILITY,40600,914,PLANT OPERATIONS CORP. YARD STORAGE BLDG,2420,SHED,2400,1992,2026-10-06
CCWF,9475,CENTRAL CALIFORNIA WOMEN'S FACILITY,51108,BUILDING #521,LOOKOUT STATION/TOP OF 504 SOFT YARD,5060,LOOKOUT (GUARD STATION),100,2008,2026-10-06
CCWF,9475,CENTRAL CALIFORNIA WOMEN'S FACILITY,51109,BUILDING #814,DRUG ABUSE RECOVERY SYSTEM (DARS),2355,RELOCATABLE MEDICAL FACILITY,6720,2009,2026-10-06
CEN,9734,CENTINELA STATE PRISON,38238,,D-VOLATILE STORAGE,2420,SHED,100,1993,2026-10-06
CEN,9734,CENTINELA STATE PRISON,40101,,MEDICAL,2330,RELOCATABLE OFFICE,840,1982,2026-10-06
CEN,9734,CENTINELA STATE PRISON,44502,,MEDICAL SUPPLY STORAGE FACILITY,2430,STORAGE BUILDING,2000,2002,2026-10-06
CEN,9734,CENTINELA STATE PRISON,40102,,MEDICAL TRAILER,2330,RELOCATABLE OFFICE,450,1966,2026-10-06
CEN,9734,CENTINELA STATE PRISON,38161,201,WASTE WATER PLANT,5820,UTILITY,1000,1993,2026-10-06
CEN,9734,CENTINELA STATE PRISON,38162,301,TOWER 1,5060,LOOKOUT (GUARD STATION),1440,1993,2026-10-06
CEN,9734,CENTINELA STATE PRISON,38163,302,TOWER 2,5060,LOOKOUT (GUARD STATION),1440,1993,2026-10-06
CEN,9734,CENTINELA STATE PRISON,38164,303,TOWER 3,5060,LOOKOUT (GUARD STATION),1440,1993,2026-10-06
CEN,9734,CENTINELA STATE PRISON,38165,304,TOWER 4,5060,LOOKOUT (GUARD STATION),1440,1993,2026-10-06
CEN,9734,CENTINELA STATE PRISON,38166,305,TOWER 5,5060,LOOKOUT (GUARD STATION),1440,1993,2026-10-06
CEN,9734,CENTINELA STATE PRISON,38167,306,TOWER 6,5060,LOOKOUT (GUARD STATION),1440,1993,2026-10-06
CEN,9734,CENTINELA STATE PRISON,38168,307,TOWER 7,5060,LOOKOUT (GUARD STATION),1440,1993,2026-10-06
CEN,9734,CENTINELA STATE PRISON,38169,308,TOWER 8,5060,LOOKOUT (GUARD STATION),1440,1993,2026-10-06
CEN,9734,CENTINELA STATE PRISON,38170,309,TOWER 9,5060,LOOKOUT (GUARD STATION),1440,1993,2026-10-06
CEN,9734,CENTINELA STATE PRISON,38171,310,TOWER 10,5060,LOOKOUT (GUARD STATION),1440,1993,2026-10-06
CEN,9734,CENTINELA STATE PRISON,38172,311,TOWER 11,5060,LOOKOUT (GUARD STATION),1440,1993,2026-10-06
CEN,9734,CENTINELA STATE PRISON,38173,312,TOWER 12,5060,LOOKOUT (GUARD STATION),1440,1993,2026-10-06
CEN,9734,CENTINELA STATE PRISON,38174,321,HOUSING UNIT A-1,5670,DORMITORY,24177,1993,2026-10-06
CEN,9734,CENTINELA STATE PRISON,38175,322,HOUSING UNIT A-2,5670,DORMITORY,24177,1993,2026-10-06
CEN,9734,CENTINELA STATE PRISON,38176,323,HOUSING UNIT A-3,5670,DORMITORY,24177,1993,2026-10-06
CEN,9734,CENTINELA STATE PRISON,38177,324,HOUSING UNIT A-4,5670,DORMITORY,24177,1993,2026-10-06
CEN,9734,CENTINELA STATE PRISON,51098,325,20 SMALL MANAGEMENT YARDS (A-5),5930,SMALL MANAGEMENT EXERCISE YARDS,3000,2009,2026-10-06
CEN,9734,CENTINELA STATE PRISON,38178,325,HOUSING UNIT A-5,5670,DORMITORY,24177,1993,2026-10-06
CEN,9734,CENTINELA STATE PRISON,55541,325,MEDICAL TRAILER,2330,RELOCATABLE OFFICE,2346,,2026-10-06
CEN,9734,CENTINELA STATE PRISON,55542,325,RANCH HOUSE (BLDG 75),5935,TRAINING FACILITY,2500,1940,2026-10-06
CEN,9734,CENTINELA STATE PRISON,38179,331,HOUSING UNIT B-1,5670,DORMITORY,24177,1993,2026-10-06
CEN,9734,CENTINELA STATE PRISON,38180,332,HOUSING UNIT B-2,5670,DORMITORY,24177,1993,2026-10-06
CEN,9734,CENTINELA STATE PRISON,38181,333,HOUSING UNIT B-3,5670,DORMITORY,24177,1993,2026-10-06
CEN,9734,CENTINELA STATE PRISON,38182,334,HOUSING UNIT B-4,5670,DORMITORY,24177,1993,2026-10-06
CEN,9734,CENTINELA STATE PRISON,38183,335,HOUSING UNIT B-5,5670,DORMITORY,24177,1993,2026-10-06
CEN,9734,CENTINELA STATE PRISON,38184,341,HOUSING UNIT C-1,5670,DORMITORY,24177,1993,2026-10-06
CEN,9734,CENTINELA STATE PRISON,38185,342,HOUSING UNIT C-2,5670,DORMITORY,24177,1993,2026-10-06
CEN,9734,CENTINELA STATE PRISON,38186,343,HOUSING UNIT C-3,5670,DORMITORY,24177,1993,2026-10-06
CEN,9734,CENTINELA STATE PRISON,38187,344,HOUSING UNIT C-4,5670,DORMITORY,24177,1993,2026-10-06
CEN,9734,CENTINELA STATE PRISON,38188,345,HOUSING UNIT C-5,5670,DORMITORY,24177,1993,2026-10-06
CEN,9734,CENTINELA STATE PRISON,50272,346,ADMINISTRATIVE SEGREGATION HOUSING UNIT,5670,DORMITORY,25204,2003,2026-10-06
CEN,9734,CENTINELA STATE PRISON,38189,351,HOUSING UNIT D-1,5670,DORMITORY,24177,1993,2026-10-06
CEN,9734,CENTINELA STATE PRISON,38190,352,HOUSING UNIT D-2,5670,DORMITORY,24177,1993,2026-10-06
CEN,9734,CENTINELA STATE PRISON,38191,353,HOUSING UNIT D-3,5670,DORMITORY,24177,1993,2026-10-06
CEN,9734,CENTINELA STATE PRISON,38192,354,HOUSING UNIT D-4,5670,DORMITORY,24177,1993,2026-10-06
CEN,9734,CENTINELA STATE PRISON,38193,355,HOUSING UNIT D-5,5670,DORMITORY,24177,1993,2026-10-06
CEN,9734,CENTINELA STATE PRISON,38194,420,CENTRAL OPERATIONS,2310,OFFICE (INSTITUTIONAL),6163,1993,2026-10-06
CEN,9734,CENTINELA STATE PRISON,38195,421,FACILITY A PROGRAM SERVICES,2310,OFFICE (INSTITUTIONAL),24620,1993,2026-10-06
CEN,9734,CENTINELA STATE PRISON,38196,422,A-GYM,5890,GYMNASIUM,7372,1993,2026-10-06
CEN,9734,CENTINELA STATE PRISON,38197,423,"FACILITY A, SATELLITE DINING",5870,DINING/CAFETERIA,12885,1993,2026-10-06
CEN,9734,CENTINELA STATE PRISON,38199,431,"FACILITY B, PROGRAM SERVICES",2310,OFFICE (INSTITUTIONAL),24620,1993,2026-10-06
CEN,9734,CENTINELA STATE PRISON,38200,432,B-GYM,5890,GYMNASIUM,7372,1993,2026-10-06
CEN,9734,CENTINELA STATE PRISON,38201,433,"FACILITY B, SATELLITE DINING",5870,DINING/CAFETERIA,12885,1993,2026-10-06
CEN,9734,CENTINELA STATE PRISON,38203,441,"FACILITY C, PROGRAM SERVICES",2310,OFFICE (INSTITUTIONAL),24620,1993,2026-10-06
CEN,9734,CENTINELA STATE PRISON,38204,442,C-GYM,5890,GYMNASIUM,7372,1993,2026-10-06
CEN,9734,CENTINELA STATE PRISON,38205,443,"FACILITY C, SATELLITE DINING",5870,DINING/CAFETERIA,12885,1993,2026-10-06
CEN,9734,CENTINELA STATE PRISON,38206,451,"FACILITY D, PROGRAM SERVICES",2310,OFFICE (INSTITUTIONAL),24620,1993,2026-10-06
CEN,9734,CENTINELA STATE PRISON,38207,452,D-GYM,5890,GYMNASIUM,7372,1993,2026-10-06
CEN,9734,CENTINELA STATE PRISON,38208,453,"FACILITY D, SATELLITE DINING",5870,DINING/CAFETERIA,12885,1993,2026-10-06
CEN,9734,CENTINELA STATE PRISON,38209,460,RECEIVING AND RELEASE,2310,OFFICE (INSTITUTIONAL),4965,1993,2026-10-06
CEN,9734,CENTINELA STATE PRISON,38210,461,CENTRAL INFIRMARY,5710,HOSPITAL/CLINIC/TREATMENT CENTER,17759,1993,2026-10-06
CEN,9734,CENTINELA STATE PRISON,911,461-B,MENTAL HEALTH TRAILER,2330,RELOCATABLE OFFICE,2160,1996,2026-10-06
CEN,9734,CENTINELA STATE PRISON,38211,462,CENTRAL KITCHEN,5870,DINING/CAFETERIA,6163,1993,2026-10-06
CEN,9734,CENTINELA STATE PRISON,38212,464,BOILER PLANT,5820,UTILITY,1800,1993,2026-10-06
CEN,9734,CENTINELA STATE PRISON,38213,521,A-VOCATIONAL EDUCATION,5620,CLASSROOM,15260,1993,2026-10-06
CEN,9734,CENTINELA STATE PRISON,38214,522,A-VOCATIONAL EDUCATION,5620,CLASSROOM,18060,1993,2026-10-06
CEN,9734,CENTINELA STATE PRISON,38215,523,A-IST BATON CLASSROOM,5620,CLASSROOM,800,1993,2026-10-06
CEN,9734,CENTINELA STATE PRISON,38216,524,B-VOCATIONAL EDUCATION,5620,CLASSROOM,16896,1993,2026-10-06
CEN,9734,CENTINELA STATE PRISON,38217,525,B-VOCATIONAL EDUCATION,5620,CLASSROOM,20160,1993,2026-10-06
CEN,9734,CENTINELA STATE PRISON,38218,526,C-VOCATIONAL EDUCATION,5620,CLASSROOM,15260,1993,2026-10-06
CEN,9734,CENTINELA STATE PRISON,38219,527,C-VOCATIONAL EDUCATION,5620,CLASSROOM,18760,1993,2026-10-06
CEN,9734,CENTINELA STATE PRISON,38220,528,C-VOCATIONAL LIBRARY,5680,LIBRARY,5040,1993,2026-10-06
CEN,9734,CENTINELA STATE PRISON,38221,529,D-VOCATIONAL EDUCATION,5620,CLASSROOM,22470,1993,2026-10-06
CEN,9734,CENTINELA STATE PRISON,38222,530,D-VOCATIONAL EDUCATION,5620,CLASSROOM,22096,1993,2026-10-06
CEN,9734,CENTINELA STATE PRISON,38223,531,A-VOCATIONAL DINING,5870,DINING/CAFETERIA,3969,1993,2026-10-06
CEN,9734,CENTINELA STATE PRISON,38224,532,B-VOCATIONAL DINING,5870,DINING/CAFETERIA,3969,1993,2026-10-06
CEN,9734,CENTINELA STATE PRISON,38225,533,C-VOCATIONAL DINING,5870,DINING/CAFETERIA,3969,1993,2026-10-06
CEN,9734,CENTINELA STATE PRISON,38226,534,D-VOCATIONAL DINING,5870,DINING/CAFETERIA,3969,1993,2026-10-06
CEN,9734,CENTINELA STATE PRISON,38227,551,A-BUILDING MAINTENANCE,5810,SHOP,2550,1993,2026-10-06
CEN,9734,CENTINELA STATE PRISON,38228,552,B-PLANT OPERATION OFFICE,5810,SHOP,8100,1993,2026-10-06
CEN,9734,CENTINELA STATE PRISON,38229,553,C-BUILDING MAINTENANCE,5810,SHOP,2550,1993,2026-10-06
CEN,9734,CENTINELA STATE PRISON,38230,554,D-BUILDING MAINTENANCE,5810,SHOP,2550,1993,2026-10-06
CEN,9734,CENTINELA STATE PRISON,38231,561,A-WORK CHANGE,2485,WORK CHANGE,625,1993,2026-10-06
CEN,9734,CENTINELA STATE PRISON,38232,562,B-WORK CHANGE,2485,WORK CHANGE,625,1993,2026-10-06
CEN,9734,CENTINELA STATE PRISON,38233,563,C-WORK CHANGE,2485,WORK CHANGE,625,1993,2026-10-06
CEN,9734,CENTINELA STATE PRISON,38234,564,D-WORK CHANGE,2485,WORK CHANGE,625,1993,2026-10-06
CEN,9734,CENTINELA STATE PRISON,38235,571,A-VOLATILE STORAGE,2420,SHED,100,1993,2026-10-06
CEN,9734,CENTINELA STATE PRISON,38236,572,B-VOLATILE STORAGE,2420,SHED,100,1993,2026-10-06
CEN,9734,CENTINELA STATE PRISON,38237,573,C-VOLATILE STORAGE,2420,SHED,100,1993,2026-10-06
CEN,9734,CENTINELA STATE PRISON,38239,575,WAREHOUSE VOLATILE STORAGE,2420,SHED,880,1993,2026-10-06
CEN,9734,CENTINELA STATE PRISON,38241,601,GENERATOR ROOM,5820,UTILITY,3537,1993,2026-10-06
CEN,9734,CENTINELA STATE PRISON,38240,602,CHILLER PLANT,5820,UTILITY,7539,1993,2026-10-06
CEN,9734,CENTINELA STATE PRISON,38242,603,FRIEND'S OUTSIDE TRAILER,5960,VISITATION FACILITY,1152,1993,2026-10-06
CEN,9734,CENTINELA STATE PRISON,38243,700,WAREHOUSE,2440,WAREHOUSE,52679,1993,2026-10-06
CEN,9734,CENTINELA STATE PRISON,38244,701,FIREHOUSE,5690,FIREHOUSE/FOREST FIRE STATION,3804,1993,2026-10-06
CEN,9734,CENTINELA STATE PRISON,38245,702,FIRE EXTINGUISHER BUILDING,5690,FIREHOUSE/FOREST FIRE STATION,320,1993,2026-10-06
CEN,9734,CENTINELA STATE PRISON,38246,703,GARAGE,3512,GARAGE (RESIDENCE),5722,1993,2026-10-06
CEN,9734,CENTINELA STATE PRISON,38247,704,RASP RECYCLE CENTER,2480,EQUIPMENT/MAINTENANCE BUILDING,2640,1993,2026-10-06
CEN,9734,CENTINELA STATE PRISON,38248,800,ADMINISTRATION,2310,OFFICE (INSTITUTIONAL),31020,1993,2026-10-06
CEN,9734,CENTINELA STATE PRISON,38249,801,FAMILY VISITING,5960,VISITATION FACILITY,4057,1993,2026-10-06
CEN,9734,CENTINELA STATE PRISON,38250,802,FAMILY VISITING,5960,VISITATION FACILITY,4057,1993,2026-10-06
CEN,9734,CENTINELA STATE PRISON,38251,803,FIRING RANGE CLASSROOM,5935,TRAINING FACILITY,912,1993,2026-10-06
CEN,9734,CENTINELA STATE PRISON,38252,804,FIRING RANGE,5935,TRAINING FACILITY,2821,1993,2026-10-06
CEN,9734,CENTINELA STATE PRISON,38253,805,VISITOR PROCESSING,5960,VISITATION FACILITY,3580,1993,2026-10-06
CEN,9734,CENTINELA STATE PRISON,38254,806,VEHICLE SALLYPONT,5060,LOOKOUT (GUARD STATION),144,1993,2026-10-06
CEN,9734,CENTINELA STATE PRISON,38255,807,ENTRANCE GATEHOUSE,5060,LOOKOUT (GUARD STATION),144,1993,2026-10-06
CEN,9734,CENTINELA STATE PRISON,38257,809,ARMORY/LOCKSMITH,5600,ARMORY,1720,1993,2026-10-06
CEN,9734,CENTINELA STATE PRISON,38258,901,DORM 1,5670,DORMITORY,13244,1993,2026-10-06
CEN,9734,CENTINELA STATE PRISON,38259,902,DORM 2,5670,DORMITORY,13244,1993,2026-10-06
CEN,9734,CENTINELA STATE PRISON,38260,903,LEVEL 1 SUPPORT AND DINING,5870,DINING/CAFETERIA,11651,1993,2026-10-06
CEN,9734,CENTINELA STATE PRISON,38261,904,LEVEL 1 FAMILY VISITING,5960,VISITATION FACILITY,810,1993,2026-10-06
CEN,9734,CENTINELA STATE PRISON,38262,905,LEVEL 1 VISITING,5960,VISITATION FACILITY,5907,1993,2026-10-06
CEN,9734,CENTINELA STATE PRISON,38160,9734,WATER TREATMENT PLANT,5820,UTILITY,2632,1993,2026-10-06
CHCF,11761,CALIFORNIA HEALTH CARE FACILITY,55879,100,ADMINISTRATION,2310,OFFICE (INSTITUTIONAL),30869,2013,2026-10-06
CHCF,11761,CALIFORNIA HEALTH CARE FACILITY,55880,101,MATERIALS STORES CENTER,2440,WAREHOUSE,77281,2013,2026-10-06
CHCF,11761,CALIFORNIA HEALTH CARE FACILITY,55881,102,OUTSIDE GROUNDS BUILDING,2430,STORAGE BUILDING,6200,2013,2026-10-06
CHCF,11761,CALIFORNIA HEALTH CARE FACILITY,55883,104,ARMORY,5600,ARMORY,1620,2013,2026-10-06
CHCF,11761,CALIFORNIA HEALTH CARE FACILITY,55884,105,VEHICLE SALLYPORT GATEHOUSE,5060,LOOKOUT (GUARD STATION),180,2013,2026-10-06
CHCF,11761,CALIFORNIA HEALTH CARE FACILITY,55885,106,CENTRAL UTILITIES PLANT,5820,UTILITY,13833,2012,2026-10-06
CHCF,11761,CALIFORNIA HEALTH CARE FACILITY,55886,107,ENTRY GATEHOUSE,5060,LOOKOUT (GUARD STATION),180,2013,2026-10-06
CHCF,11761,CALIFORNIA HEALTH CARE FACILITY,55887,108,PARALLELING GEAR BUILDING,5820,UTILITY,2959,2013,2026-10-06
CHCF,11761,CALIFORNIA HEALTH CARE FACILITY,55888,109,FACILITY E GATEHOUSE,5060,LOOKOUT (GUARD STATION),120,2013,2026-10-06
CHCF,11761,CALIFORNIA HEALTH CARE FACILITY,55889,110,FRIENDS OUTSIDE,5960,VISITATION FACILITY,1440,2013,2026-10-06
CHCF,11761,CALIFORNIA HEALTH CARE FACILITY,55890,200,FACILITY SHARED SERVICES,2310,OFFICE (INSTITUTIONAL),26201,2013,2026-10-06
CHCF,11761,CALIFORNIA HEALTH CARE FACILITY,55891,201,FACILITY SHARED SERVICES,5710,HOSPITAL/CLINIC/TREATMENT CENTER,84021,2013,2026-10-06
CHCF,11761,CALIFORNIA HEALTH CARE FACILITY,55892,202,FACILITY SHARED SERVICES,5710,HOSPITAL/CLINIC/TREATMENT CENTER,44409,2013,2026-10-06
CHCF,11761,CALIFORNIA HEALTH CARE FACILITY,55893,204,CENTRAL KITCHEN,5830,KITCHEN,37830,2013,2026-10-06
CHCF,11761,CALIFORNIA HEALTH CARE FACILITY,55894,205,PLANT MAINTENANCE AND WORKCHANGE,2480,EQUIPMENT/MAINTENANCE BUILDING,12780,2013,2026-10-06
CHCF,11761,CALIFORNIA HEALTH CARE FACILITY,55895,206,MATERIALS UNIT TRANSFER-SOUTH,2400,STORAGE,7968,2013,2026-10-06
CHCF,11761,CALIFORNIA HEALTH CARE FACILITY,55896,207,FACILITY CONTROL (FC1),5060,LOOKOUT (GUARD STATION),430,2013,2026-10-06
CHCF,11761,CALIFORNIA HEALTH CARE FACILITY,55897,211,MATERIALS UNIT TRANSFER-NORTH,2400,STORAGE,8790,2013,2026-10-06
CHCF,11761,CALIFORNIA HEALTH CARE FACILITY,55898,212,FACILITY CONTROL (FC2),5060,LOOKOUT (GUARD STATION),430,2013,2026-10-06
CHCF,11761,CALIFORNIA HEALTH CARE FACILITY,55899,213,FACILITY COMPLEX CONTROL (FCC),5060,LOOKOUT (GUARD STATION),397,2013,2026-10-06
CHCF,11761,CALIFORNIA HEALTH CARE FACILITY,55900,214,FAMILY VISITING,5960,VISITATION FACILITY,3746,2013,2026-10-06
CHCF,11761,CALIFORNIA HEALTH CARE FACILITY,57356,215,NEW VISITING,5960,VISITATION FACILITY,9700,2019,2026-10-06
CHCF,11761,CALIFORNIA HEALTH CARE FACILITY,16429,218,218 - CHAPEL,5650,CHAPEL,5348,1967,2026-10-06
CHCF,11761,CALIFORNIA HEALTH CARE FACILITY,55901,222,FACILITY E SATELLITE,2480,EQUIPMENT/MAINTENANCE BUILDING,11807,2014,2026-10-06
CHCF,11761,CALIFORNIA HEALTH CARE FACILITY,55902,223,FACILITY E EDUCATION/LIBRARY,5620,CLASSROOM,10281,2014,2026-10-06
CHCF,11761,CALIFORNIA HEALTH CARE FACILITY,55903,224,FACILITY E EDUCATION ADMINISTRATION,2310,OFFICE (INSTITUTIONAL),1904,2014,2026-10-06
CHCF,11761,CALIFORNIA HEALTH CARE FACILITY,55904,225,FACILITY E RECREATIONAL PROGRAM,5890,GYMNASIUM,1275,2014,2026-10-06
CHCF,11761,CALIFORNIA HEALTH CARE FACILITY,55905,228,FACILITY E PROGRAM MGMT FACILITY SVCES,2310,OFFICE (INSTITUTIONAL),13440,2014,2026-10-06
CHCF,11761,CALIFORNIA HEALTH CARE FACILITY,55906,231,FACILITY E MEDICAL CLINIC,5710,HOSPITAL/CLINIC/TREATMENT CENTER,12300,2014,2026-10-06
CHCF,11761,CALIFORNIA HEALTH CARE FACILITY,55907,232/233,FACILITY E WORK CHANGE/CLINIC OFFICES,5710,HOSPITAL/CLINIC/TREATMENT CENTER,88685,2014,2026-10-06
CHCF,11761,CALIFORNIA HEALTH CARE FACILITY,55908,234,MENTAL HEALTH OUTPATIENT CLINIC,5710,HOSPITAL/CLINIC/TREATMENT CENTER,9564,2013,2026-10-06
CHCF,11761,CALIFORNIA HEALTH CARE FACILITY,55909,402,PERIMETER GAURD TOWER 2,5060,LOOKOUT (GUARD STATION),351,2013,2026-10-06
CHCF,11761,CALIFORNIA HEALTH CARE FACILITY,55910,403,PERIMETER GAURD TOWER 3,5060,LOOKOUT (GUARD STATION),655,2013,2026-10-06
CHCF,11761,CALIFORNIA HEALTH CARE FACILITY,55911,404,PERIMETER GAURD TOWER 4,5060,LOOKOUT (GUARD STATION),351,2013,2026-10-06
CHCF,11761,CALIFORNIA HEALTH CARE FACILITY,55912,405,PERIMETER GAURD TOWER 5,5060,LOOKOUT (GUARD STATION),340,2013,2026-10-06
CHCF,11761,CALIFORNIA HEALTH CARE FACILITY,55913,406,PERIMETER GAURD TOWER 6,5060,LOOKOUT (GUARD STATION),340,2014,2026-10-06
CHCF,11761,CALIFORNIA HEALTH CARE FACILITY,55914,407,PERIMETER GAURD TOWER 7,5060,LOOKOUT (GUARD STATION),340,2014,2026-10-06
CHCF,11761,CALIFORNIA HEALTH CARE FACILITY,55915,408,PERIMETER GAURD TOWER 8,5060,LOOKOUT (GUARD STATION),340,2014,2026-10-06
CHCF,11761,CALIFORNIA HEALTH CARE FACILITY,55916,409,PERIMETER GAURD TOWER 9,5060,LOOKOUT (GUARD STATION),340,2014,2026-10-06
CHCF,11761,CALIFORNIA HEALTH CARE FACILITY,55917,410,PERIMETER GAURD TOWER 10,5060,LOOKOUT (GUARD STATION),340,2014,2026-10-06
CHCF,11761,CALIFORNIA HEALTH CARE FACILITY,55918,411,PERIMETER GAURD TOWER 11,5060,LOOKOUT (GUARD STATION),340,2014,2026-10-06
CHCF,11761,CALIFORNIA HEALTH CARE FACILITY,55919,412,PERIMETER GAURD TOWER 12,5060,LOOKOUT (GUARD STATION),340,2014,2026-10-06
CHCF,11761,CALIFORNIA HEALTH CARE FACILITY,55920,413,PERIMETER GAURD TOWER 13,5060,LOOKOUT (GUARD STATION),340,2014,2026-10-06
CHCF,11761,CALIFORNIA HEALTH CARE FACILITY,55921,414,PERIMETER GAURD TOWER 14,5060,LOOKOUT (GUARD STATION),340,2014,2026-10-06
CHCF,11761,CALIFORNIA HEALTH CARE FACILITY,55922,415,PERIMETER GAURD TOWER 15,5060,LOOKOUT (GUARD STATION),340,2013,2026-10-06
CHCF,11761,CALIFORNIA HEALTH CARE FACILITY,55923,416,PERIMETER GAURD TOWER 16,5060,LOOKOUT (GUARD STATION),351,2013,2026-10-06
CHCF,11761,CALIFORNIA HEALTH CARE FACILITY,55924,417,PERIMETER GAURD TOWER 17,5060,LOOKOUT (GUARD STATION),351,2013,2026-10-06
CHCF,11761,CALIFORNIA HEALTH CARE FACILITY,55925,418,PERIMETER GAURD TOWER 18,5060,LOOKOUT (GUARD STATION),351,2013,2026-10-06
CHCF,11761,CALIFORNIA HEALTH CARE FACILITY,55926,419,PERIMETER GAURD TOWER 19,5060,LOOKOUT (GUARD STATION),351,2013,2026-10-06
CHCF,11761,CALIFORNIA HEALTH CARE FACILITY,55927,420,PERIMETER GAURD TOWER 20,5060,LOOKOUT (GUARD STATION),351,2013,2026-10-06
CHCF,11761,CALIFORNIA HEALTH CARE FACILITY,55928,421,PERIMETER GAURD TOWER 21,5060,LOOKOUT (GUARD STATION),351,2013,2026-10-06
CHCF,11761,CALIFORNIA HEALTH CARE FACILITY,55929,422,PERIMETER GAURD TOWER 22,5060,LOOKOUT (GUARD STATION),351,2013,2026-10-06
CHCF,11761,CALIFORNIA HEALTH CARE FACILITY,55930,423,PERIMETER GAURD TOWER 23,5060,LOOKOUT (GUARD STATION),351,2013,2026-10-06
CHCF,11761,CALIFORNIA HEALTH CARE FACILITY,55931,424,PERIMETER GAURD TOWER 24,5060,LOOKOUT (GUARD STATION),351,2013,2026-10-06
CHCF,11761,CALIFORNIA HEALTH CARE FACILITY,55932,A301,MENTAL HEALTH CRISIS BED HOUSING,5710,HOSPITAL/CLINIC/TREATMENT CENTER,41532,2013,2026-10-06
CHCF,11761,CALIFORNIA HEALTH CARE FACILITY,55933,A302,MENTAL HEALTH CRISIS BED HOUSING,5710,HOSPITAL/CLINIC/TREATMENT CENTER,47017,2013,2026-10-06
CHCF,11761,CALIFORNIA HEALTH CARE FACILITY,55934,A304,PERMANENT WORK CREW HOUSING,5670,DORMITORY,46462,2013,2026-10-06
CHCF,11761,CALIFORNIA HEALTH CARE FACILITY,55935,B301,ACUTE PSYCHIATRIC HOUSING & ICF HOUSING,5710,HOSPITAL/CLINIC/TREATMENT CENTER,36855,2013,2026-10-06
CHCF,11761,CALIFORNIA HEALTH CARE FACILITY,55936,B302,INTERMEDIATE CARE FACILITY-HIGH CUSTODY,5710,HOSPITAL/CLINIC/TREATMENT CENTER,37754,2013,2026-10-06
CHCF,11761,CALIFORNIA HEALTH CARE FACILITY,55937,B303,INTERMEDIATE CARE FACILITY-HIGH CUSTODY,5710,HOSPITAL/CLINIC/TREATMENT CENTER,37754,2013,2026-10-06
CHCF,11761,CALIFORNIA HEALTH CARE FACILITY,55938,B304,INTERMEDIATE CARE FACILITY-HIGH CUSTODY,5710,HOSPITAL/CLINIC/TREATMENT CENTER,37754,2013,2026-10-06
CHCF,11761,CALIFORNIA HEALTH CARE FACILITY,55939,B305,INTERMEDIATE CARE FACILITY-HIGH CUSTODY,5710,HOSPITAL/CLINIC/TREATMENT CENTER,37754,2013,2026-10-06
CHCF,11761,CALIFORNIA HEALTH CARE FACILITY,55940,B306,INTERMEDIATE CARE FACILITY-HIGH CUSTODY,5710,HOSPITAL/CLINIC/TREATMENT CENTER,37754,2013,2026-10-06
CHCF,11761,CALIFORNIA HEALTH CARE FACILITY,55941,B307,INTERMEDIATE CARE FACILITY-HIGH CUSTODY,5710,HOSPITAL/CLINIC/TREATMENT CENTER,37754,2013,2026-10-06
CHCF,11761,CALIFORNIA HEALTH CARE FACILITY,55942,B308,INTERMEDIATE CARE FACILITY-HIGH CUSTODY,5710,HOSPITAL/CLINIC/TREATMENT CENTER,37754,2013,2026-10-06
CHCF,11761,CALIFORNIA HEALTH CARE FACILITY,55943,C301,LOW ACUITY CUBICLE HOUSING,5710,HOSPITAL/CLINIC/TREATMENT CENTER,38211,2013,2026-10-06
CHCF,11761,CALIFORNIA HEALTH CARE FACILITY,55944,C302,LOW ACUITY CELL HOUSING,5710,HOSPITAL/CLINIC/TREATMENT CENTER,52100,2013,2026-10-06
CHCF,11761,CALIFORNIA HEALTH CARE FACILITY,55945,C303,LOW ACUITY CELL HOUSING,5710,HOSPITAL/CLINIC/TREATMENT CENTER,52100,2013,2026-10-06
CHCF,11761,CALIFORNIA HEALTH CARE FACILITY,55946,C304,LOW ACUITY CUBICLE HOUSING,5710,HOSPITAL/CLINIC/TREATMENT CENTER,37950,2013,2026-10-06
CHCF,11761,CALIFORNIA HEALTH CARE FACILITY,55947,C305,LOW ACUITY CUBICLE HOUSING,5710,HOSPITAL/CLINIC/TREATMENT CENTER,37950,2013,2026-10-06
CHCF,11761,CALIFORNIA HEALTH CARE FACILITY,55948,C306,LOW ACUITY CUBICLE HOUSING,5710,HOSPITAL/CLINIC/TREATMENT CENTER,37950,2013,2026-10-06
CHCF,11761,CALIFORNIA HEALTH CARE FACILITY,55949,D301,HIGH ACUITY HOUSING,5710,HOSPITAL/CLINIC/TREATMENT CENTER,37754,2013,2026-10-06
CHCF,11761,CALIFORNIA HEALTH CARE FACILITY,55950,D302,HIGH ACUITY HOUSING,5710,HOSPITAL/CLINIC/TREATMENT CENTER,37754,2013,2026-10-06
CHCF,11761,CALIFORNIA HEALTH CARE FACILITY,55951,D303,HIGH ACUITY HOUSING,5710,HOSPITAL/CLINIC/TREATMENT CENTER,37754,2013,2026-10-06
CHCF,11761,CALIFORNIA HEALTH CARE FACILITY,55952,D304,HIGH ACUITY HOUSING,5710,HOSPITAL/CLINIC/TREATMENT CENTER,36855,2013,2026-10-06
CHCF,11761,CALIFORNIA HEALTH CARE FACILITY,55953,D305,HIGH ACUITY HOUSING,5710,HOSPITAL/CLINIC/TREATMENT CENTER,37754,2013,2026-10-06
CHCF,11761,CALIFORNIA HEALTH CARE FACILITY,55954,D306,HIGH ACUITY HOUSING,5710,HOSPITAL/CLINIC/TREATMENT CENTER,37754,2013,2026-10-06
CHCF,11761,CALIFORNIA HEALTH CARE FACILITY,55955,D307,HIGH ACUITY HOUSING,5710,HOSPITAL/CLINIC/TREATMENT CENTER,37754,2013,2026-10-06
CHCF,11761,CALIFORNIA HEALTH CARE FACILITY,55956,E301,ENHANCED OUTPATIENT PROGRAM HOUSING UNIT,5710,HOSPITAL/CLINIC/TREATMENT CENTER,118283,2013,2026-10-06
CHCF,11761,CALIFORNIA HEALTH CARE FACILITY,55957,E302,SPECIAL GENERAL POPULATION HOUSING,5670,DORMITORY,22881,2014,2026-10-06
CHCF,11761,CALIFORNIA HEALTH CARE FACILITY,55958,E303,SPECIAL GENERAL POPULATION HOUSING,5670,DORMITORY,22379,2014,2026-10-06
CHCF,11761,CALIFORNIA HEALTH CARE FACILITY,55959,E304,SPECIAL GENERAL POPULATION HOUSING,5670,DORMITORY,22379,2014,2026-10-06
CHCF,11761,CALIFORNIA HEALTH CARE FACILITY,55960,E305,SPECIAL GENERAL POPULATION HOUSING,5670,DORMITORY,22881,2014,2026-10-06
CIM,50,CALIFORNIA INSTITUTION FOR MEN,51549,,20 SMALL MANAGEMENT EXERCISE YARDS,5930,SMALL MANAGEMENT EXERCISE YARDS,3000,2009,2026-10-06
CIM,50,CALIFORNIA INSTITUTION FOR MEN,57172,,DE NITRIFICATION WATER TREATMENT PLANT,5118,WASTEWATER TREATMENT FACILITY,0,2007,2026-10-06
CIM,50,CALIFORNIA INSTITUTION FOR MEN,15084,(SEE COMMENTS),FACILITY-B,5670,DORMITORY,181545,,2026-10-06
CIM,50,CALIFORNIA INSTITUTION FOR MEN,14994,(SEE COMMENTS),GUARD TOWERS 1-18,5060,LOOKOUT (GUARD STATION),1411,,2026-10-06
CIM,50,CALIFORNIA INSTITUTION FOR MEN,37695,001,MAIN GATE HOUSE / VISITOR'S CENTER,5060,LOOKOUT (GUARD STATION),4732,1992,2026-10-06
CIM,50,CALIFORNIA INSTITUTION FOR MEN,37698,002,POSTAL RANGE BUILDING,5620,CLASSROOM,2000,1993,2026-10-06
CIM,50,CALIFORNIA INSTITUTION FOR MEN,14997,003,CONFERENCE ROOM/TRANSPORTATION OFFICE,2310,OFFICE (INSTITUTIONAL),1269,,2026-10-06
CIM,50,CALIFORNIA INSTITUTION FOR MEN,14998,004,RESIDENCE NO. 1,5740,RESIDENCE (SINGLE FAMILY),1280,1941,2026-10-06
CIM,50,CALIFORNIA INSTITUTION FOR MEN,39649,004.1,DETACHED GARAGE NO. 1,3512,GARAGE (RESIDENCE),480,1941,2026-10-06
CIM,50,CALIFORNIA INSTITUTION FOR MEN,39642,005,EIS COMPUTER OFFICE RESIDENCE NO. 2,2310,OFFICE (INSTITUTIONAL),1580,1941,2026-10-06
CIM,50,CALIFORNIA INSTITUTION FOR MEN,39650,005.1,DETACHED GARAGE NO. 2,3512,GARAGE (RESIDENCE),480,1941,2026-10-06
CIM,50,CALIFORNIA INSTITUTION FOR MEN,39643,006,WORK OFFICE RESIDENCE NO. 3,2310,OFFICE (INSTITUTIONAL),1577,1941,2026-10-06
CIM,50,CALIFORNIA INSTITUTION FOR MEN,39651,006.1,DETACHED GARAGE NO. 3,3512,GARAGE (RESIDENCE),480,1941,2026-10-06
CIM,50,CALIFORNIA INSTITUTION FOR MEN,39644,007,RESIDENCE NO. 4,2310,OFFICE (INSTITUTIONAL),1280,1941,2026-10-06
CIM,50,CALIFORNIA INSTITUTION FOR MEN,39652,007.1,DETACHED GARAGE NO. 4,3512,GARAGE (RESIDENCE),480,1941,2026-10-06
CIM,50,CALIFORNIA INSTITUTION FOR MEN,39645,008,SO. REGION TRANSPORTATION HUB RES. NO 5,2310,OFFICE (INSTITUTIONAL),1580,1941,2026-10-06
CIM,50,CALIFORNIA INSTITUTION FOR MEN,39653,008.1,DETACHED GARAGE #5,3512,GARAGE (RESIDENCE),480,1941,2026-10-06
CIM,50,CALIFORNIA INSTITUTION FOR MEN,39646,009,HIRING INTERVIEW ROOM RESIDENCE NO. 6,2310,OFFICE (INSTITUTIONAL),1580,1941,2026-10-06
CIM,50,CALIFORNIA INSTITUTION FOR MEN,39654,009.1,DETACHED GARAGE NO. 6,3512,GARAGE (RESIDENCE),480,1941,2026-10-06
CIM,50,CALIFORNIA INSTITUTION FOR MEN,39647,010,CRISIS RESPONSE TEAM (CRT) OFC RES NO 7,2310,OFFICE (INSTITUTIONAL),1577,1941,2026-10-06
CIM,50,CALIFORNIA INSTITUTION FOR MEN,39655,010.1,DETACHED NO. 7,3512,GARAGE (RESIDENCE),480,1941,2026-10-06
CIM,50,CALIFORNIA INSTITUTION FOR MEN,39648,011,RESIDENCE NO. 8 EMPLOYEE CHANGING ROOM,5740,RESIDENCE (SINGLE FAMILY),1280,1941,2026-10-06
CIM,50,CALIFORNIA INSTITUTION FOR MEN,39656,011.1,DETACHED GARAGE NO. 8,3512,GARAGE (RESIDENCE),480,1941,2026-10-06
CIM,50,CALIFORNIA INSTITUTION FOR MEN,39661,027,OUTGROUNDS OFFICE,2310,OFFICE (INSTITUTIONAL),1000,,2026-10-06
CIM,50,CALIFORNIA INSTITUTION FOR MEN,15034,028,WAREHOUSE - RECEIVING,2430,STORAGE BUILDING,17348,1958,2026-10-06
CIM,50,CALIFORNIA INSTITUTION FOR MEN,15032,029,CANTEEN - ANNEX WAREHOUSE,2430,STORAGE BUILDING,4280,,2026-10-06
CIM,50,CALIFORNIA INSTITUTION FOR MEN,15035,030,OVERFLOW WAREHOUSE,2430,STORAGE BUILDING,4012,,2026-10-06
CIM,50,CALIFORNIA INSTITUTION FOR MEN,15030,031,BUILDING 8 / FOOD SERVICES,2430,STORAGE BUILDING,2560,,2026-10-06
CIM,50,CALIFORNIA INSTITUTION FOR MEN,40641,032,"HAZARDOUS MATERIALS STORAGE, FAC-D",2420,SHED,500,1999,2026-10-06
CIM,50,CALIFORNIA INSTITUTION FOR MEN,15017,034,GARAGE / PROPERTY STORAGE BAYS,2430,STORAGE BUILDING,12522,1958,2026-10-06
CIM,50,CALIFORNIA INSTITUTION FOR MEN,15016,035,STATE GARAGE,3510,GARAGE/PARKING STRUCTURE,8328,1958,2026-10-06
CIM,50,CALIFORNIA INSTITUTION FOR MEN,15048,036,TRUCK SHED,2420,SHED,8000,,2026-10-06
CIM,50,CALIFORNIA INSTITUTION FOR MEN,15018,037,TOOL CONTROL,5810,SHOP,1288,,2026-10-06
CIM,50,CALIFORNIA INSTITUTION FOR MEN,15044,039,PIA FARM AND DAIRY MAINTENANCE DEPT.,5810,SHOP,1824,,2026-10-06
CIM,50,CALIFORNIA INSTITUTION FOR MEN,15041,040,PIA JUICE PROCESSING / PACKAGING BLDG,2430,STORAGE BUILDING,1047,1960,2026-10-06
CIM,50,CALIFORNIA INSTITUTION FOR MEN,15028,041,PIA JUICE PLANT POWERHOUSE,5820,UTILITY,379,1960,2026-10-06
CIM,50,CALIFORNIA INSTITUTION FOR MEN,37696,042,"OTD WAREHOUSE, PIA",2490,BARN,7360,1995,2026-10-06
CIM,50,CALIFORNIA INSTITUTION FOR MEN,15043,043,CALF BARN,2490,BARN,2040,,2026-10-06
CIM,50,CALIFORNIA INSTITUTION FOR MEN,15045,044,"HAY SHED NO. 1, PIA",2420,SHED,1228,,2026-10-06
CIM,50,CALIFORNIA INSTITUTION FOR MEN,39665,044,"HAY SHED NO. 2, PIA",2420,SHED,1228,,2026-10-06
CIM,50,CALIFORNIA INSTITUTION FOR MEN,39666,044,"HAY SHED NO. 3, PIA",2420,SHED,1228,,2026-10-06
CIM,50,CALIFORNIA INSTITUTION FOR MEN,39667,044,"HAY SHED NO. 4, PIA",2420,SHED,1228,,2026-10-06
CIM,50,CALIFORNIA INSTITUTION FOR MEN,39668,044,"HAY SHED NO. 5, PIA",2420,SHED,1228,,2026-10-06
CIM,50,CALIFORNIA INSTITUTION FOR MEN,15027,045,PIA JUICE PLANT OFFICE,2310,OFFICE (INSTITUTIONAL),1276,1960,2026-10-06
CIM,50,CALIFORNIA INSTITUTION FOR MEN,15029,047,JUICE PLANT ALLEY OFFICE/PIA,2310,OFFICE (INSTITUTIONAL),384,,2026-10-06
CIM,50,CALIFORNIA INSTITUTION FOR MEN,38288,054,LABORATORY-WASTE WATER TREATMENT PLANT,5820,UTILITY,1066,1941,2026-10-06
CIM,50,CALIFORNIA INSTITUTION FOR MEN,15053,064,NURSERY,5700,NURSERY/GREENHOUSE,2618,1941,2026-10-06
CIM,50,CALIFORNIA INSTITUTION FOR MEN,15033,065,OVERFLOW ANNEX / OFFICE SUPPLIES,2430,STORAGE BUILDING,480,,2026-10-06
CIM,50,CALIFORNIA INSTITUTION FOR MEN,45488,066,DOMESTIC WATER SUPPLY WELL #16,5820,UTILITY,0,2004,2026-10-06
CIM,50,CALIFORNIA INSTITUTION FOR MEN,14996,079,"IN SERVICE TRAINING BLDGS, SCUDDER BLDG",5620,CLASSROOM,4512,,2026-10-06
CIM,50,CALIFORNIA INSTITUTION FOR MEN,39641,080,IN SERVICE TRAINING CLASSROOM A & B,5620,CLASSROOM,2810,,2026-10-06
CIM,50,CALIFORNIA INSTITUTION FOR MEN,40640,082,"RANCH GATE, EAST ENTRANCE",5060,LOOKOUT (GUARD STATION),500,1999,2026-10-06
CIM,50,CALIFORNIA INSTITUTION FOR MEN,38282,083,ISU (EAST SIDE),2310,OFFICE (INSTITUTIONAL),1536,1997,2026-10-06
CIM,50,CALIFORNIA INSTITUTION FOR MEN,38286,084,ISU (WEST SIDE),2310,OFFICE (INSTITUTIONAL),1536,1997,2026-10-06
CIM,50,CALIFORNIA INSTITUTION FOR MEN,15036,085,ANNEX WAREHOUSE,2430,STORAGE BUILDING,3160,,2026-10-06
CIM,50,CALIFORNIA INSTITUTION FOR MEN,37697,086,FRIENDS OUTSIDE-HOSPITALITY CENTER,2310,OFFICE (INSTITUTIONAL),1440,1995,2026-10-06
CIM,50,CALIFORNIA INSTITUTION FOR MEN,15020,102,"GYMNASIUM, FAC-D",5890,GYMNASIUM,10416,,2026-10-06
CIM,50,CALIFORNIA INSTITUTION FOR MEN,38290,103,FACILITY-D GARBAGE CAN WASH RM,5820,UTILITY,127,1995,2026-10-06
CIM,50,CALIFORNIA INSTITUTION FOR MEN,51528,104,"VEHICLE SALLYPORT GATEHOUSE, FAC-D",5060,LOOKOUT (GUARD STATION),288,1993,2026-10-06
CIM,50,CALIFORNIA INSTITUTION FOR MEN,14993,105,"ADMINISTRATION BLDG. MAIN, FACILITY-D",2310,OFFICE (INSTITUTIONAL),45286,1941,2026-10-06
CIM,50,CALIFORNIA INSTITUTION FOR MEN,15005,106,"SOUTH DORMITORY, FAC-D",5670,DORMITORY,31590,,2026-10-06
CIM,50,CALIFORNIA INSTITUTION FOR MEN,15006,107,"WEST DORMITORY, FAC-D",5670,DORMITORY,33242,,2026-10-06
CIM,50,CALIFORNIA INSTITUTION FOR MEN,15007,108,"HOSPITAL, FACILITY-D OHU",5710,HOSPITAL/CLINIC/TREATMENT CENTER,53812,,2026-10-06
CIM,50,CALIFORNIA INSTITUTION FOR MEN,15012,110,"CLOTHING ROOM / STORAGE AREA, FAC-D",2430,STORAGE BUILDING,24567,1945,2026-10-06
CIM,50,CALIFORNIA INSTITUTION FOR MEN,15009,112,"DINING ROOM CULINARY MAIN, FAC-D",5870,DINING/CAFETERIA,32465,1938,2026-10-06
CIM,50,CALIFORNIA INSTITUTION FOR MEN,15021,113,"ENGINEERING WAREHOUSE, FAC-D",2430,STORAGE BUILDING,4000,1945,2026-10-06
CIM,50,CALIFORNIA INSTITUTION FOR MEN,39660,113,"MAINTENANCE, WAREHOUSE, FAC-D",5810,SHOP,5500,1945,2026-10-06
CIM,50,CALIFORNIA INSTITUTION FOR MEN,15031,114,"ENGINEERING SHOP, FAC-D",5810,SHOP,4800,,2026-10-06
CIM,50,CALIFORNIA INSTITUTION FOR MEN,15026,115,POWERHOUSE,5820,UTILITY,6226,1938,2026-10-06
CIM,50,CALIFORNIA INSTITUTION FOR MEN,15052,116,MARINE TECH TRAINING CTR (MTTC-DIVER TR),5620,CLASSROOM,16150,1945,2026-10-06
CIM,50,CALIFORNIA INSTITUTION FOR MEN,15037,117,"PIA MAIN WAREHOUSE CLOTHING STORAGE, MSF",2430,STORAGE BUILDING,14884,1945,2026-10-06
CIM,50,CALIFORNIA INSTITUTION FOR MEN,15051,118,INMATE WORK CHANGE / PIA WHS #4,2485,WORK CHANGE,4720,,2026-10-06
CIM,50,CALIFORNIA INSTITUTION FOR MEN,15039,119,"OFFICE SUP-WHSE STORAGE / RPE RM, FAC-D",5810,SHOP,28960,,2026-10-06
CIM,50,CALIFORNIA INSTITUTION FOR MEN,15050,120,"PRISON INDUSTRY AUTHORITY OFFICE, FAC-D",2310,OFFICE (INSTITUTIONAL),1800,1965,2026-10-06
CIM,50,CALIFORNIA INSTITUTION FOR MEN,15049,121,VOCATIONAL MASONARY,5620,CLASSROOM,4800,1945,2026-10-06
CIM,50,CALIFORNIA INSTITUTION FOR MEN,15040,122,"PIA WAREHOUSE NO. 1, FAC-D",2440,WAREHOUSE,14400,,2026-10-06
CIM,50,CALIFORNIA INSTITUTION FOR MEN,15038,123,"PIA ANNEX WAREHOUSE, FAC-D",2430,STORAGE BUILDING,4800,1945,2026-10-06
CIM,50,CALIFORNIA INSTITUTION FOR MEN,15019,124,"FIRE STATION, FAC-D",5690,FIREHOUSE/FOREST FIRE STATION,3824,1938,2026-10-06
CIM,50,CALIFORNIA INSTITUTION FOR MEN,15010,125,"CANTEEN, FAC-D",5750,CONCESSION,2280,1945,2026-10-06
CIM,50,CALIFORNIA INSTITUTION FOR MEN,14999,126,"CEDAR HALL, FAC-D",5670,DORMITORY,10296,,2026-10-06
CIM,50,CALIFORNIA INSTITUTION FOR MEN,15000,127,"OAK HALL, FAC-D",5670,DORMITORY,10296,,2026-10-06
CIM,50,CALIFORNIA INSTITUTION FOR MEN,15001,128,"PINE HALL, FAC-D",5670,DORMITORY,10296,,2026-10-06
CIM,50,CALIFORNIA INSTITUTION FOR MEN,15002,129,"REDWOOD HALL, FAC-D",5670,DORMITORY,10296,,2026-10-06
CIM,50,CALIFORNIA INSTITUTION FOR MEN,15013,131,"VOCATIONAL SHOP NO. 1, FAC-D",5620,CLASSROOM,19096,1945,2026-10-06
CIM,50,CALIFORNIA INSTITUTION FOR MEN,39658,131,"VOCATIONAL SHOP NO. 2, FAC-B",5620,CLASSROOM,19096,1945,2026-10-06
CIM,50,CALIFORNIA INSTITUTION FOR MEN,39659,133,FACILITY-D EDUCATION COMPLEX,5620,CLASSROOM,6720,1945,2026-10-06
CIM,50,CALIFORNIA INSTITUTION FOR MEN,15015,133,"LIBRARY AND CLASSROOMS, FAC-D",5680,LIBRARY,8523,1945,2026-10-06
CIM,50,CALIFORNIA INSTITUTION FOR MEN,39663,134,SMALL ENGINE REPAIR,5810,SHOP,600,,2026-10-06
CIM,50,CALIFORNIA INSTITUTION FOR MEN,15023,135,"IN-GROUNDS, FAC-D",5810,SHOP,600,,2026-10-06
CIM,50,CALIFORNIA INSTITUTION FOR MEN,44481,136,"MENTAL HEALTH DEPT/CCCMS, FAC-D",2310,OFFICE (INSTITUTIONAL),1788,2002,2026-10-06
CIM,50,CALIFORNIA INSTITUTION FOR MEN,51534,137,"INMATE VISITING PROCESSING, FAC-D",2310,OFFICE (INSTITUTIONAL),504,1986,2026-10-06
CIM,50,CALIFORNIA INSTITUTION FOR MEN,51526,138,FAC-D OPERATIONS ROOM,2310,OFFICE (INSTITUTIONAL),1024,1993,2026-10-06
CIM,50,CALIFORNIA INSTITUTION FOR MEN,15014,139,"BARBER SHOP, FAC-D",5150,BARBER SHOP,928,,2026-10-06
CIM,50,CALIFORNIA INSTITUTION FOR MEN,38296,140,D-12 MAGNOLIA,5670,DORMITORY,13244,1996,2026-10-06
CIM,50,CALIFORNIA INSTITUTION FOR MEN,38294,141,D-11 JUNIPER,5670,DORMITORY,13244,1996,2026-10-06
CIM,50,CALIFORNIA INSTITUTION FOR MEN,38295,142,D-10 ALDER,5670,DORMITORY,13244,1996,2026-10-06
CIM,50,CALIFORNIA INSTITUTION FOR MEN,38285,143,EDUCATION ANNEX FAC-D,5620,CLASSROOM,2538,1997,2026-10-06
CIM,50,CALIFORNIA INSTITUTION FOR MEN,38299,145,PSYCHIATRIC OFFICE NO. 1 FAC-D,2330,RELOCATABLE OFFICE,2160,1996,2026-10-06
CIM,50,CALIFORNIA INSTITUTION FOR MEN,38293,146,FACILITY-D CLINIC/PILL LINE,5710,HOSPITAL/CLINIC/TREATMENT CENTER,1656,1996,2026-10-06
CIM,50,CALIFORNIA INSTITUTION FOR MEN,38300,148,MEDICAL TRAINING ROOM FAC-D,2330,RELOCATABLE OFFICE,2160,1996,2026-10-06
CIM,50,CALIFORNIA INSTITUTION FOR MEN,39640,149,FACILITY-D PROGRAM SERVICES,2310,OFFICE (INSTITUTIONAL),4100,1999,2026-10-06
CIM,50,CALIFORNIA INSTITUTION FOR MEN,39638,150,D-5 WILLOW,5670,DORMITORY,13244,1999,2026-10-06
CIM,50,CALIFORNIA INSTITUTION FOR MEN,39639,"151, P/C #HO5",D-4 SPRUCE,5670,DORMITORY,13244,1999,2026-10-06
CIM,50,CALIFORNIA INSTITUTION FOR MEN,4964,152,OLD NORTH CLINIC,2330,RELOCATABLE OFFICE,4970,2001,2026-10-06
CIM,50,CALIFORNIA INSTITUTION FOR MEN,4965,153,RE-ENTRY HUB MODULE/FAC-D,2330,RELOCATABLE OFFICE,4970,2001,2026-10-06
CIM,50,CALIFORNIA INSTITUTION FOR MEN,51535,154,"DARS-MH MODULAR/AB900, FAC-D",2340,RELOCATABLE CLASSROOM,6400,2009,2026-10-06
CIM,50,CALIFORNIA INSTITUTION FOR MEN,15022,167,"PLANT OPERATIONS OFFICE AND SHOPS, FAC-D",5810,SHOP,24000,1945,2026-10-06
CIM,50,CALIFORNIA INSTITUTION FOR MEN,38281,180,"LAUNDRY, FAC-D",5860,LAUNDRY,22082,1989,2026-10-06
CIM,50,CALIFORNIA INSTITUTION FOR MEN,15011,181,"VISITING CANTEEN, FAC-D",5750,CONCESSION,486,1945,2026-10-06
CIM,50,CALIFORNIA INSTITUTION FOR MEN,39657,181,"VISITING RESTROOMS, FAC-B",5880,COMFORT STATION/RESTROOMS/LAVATORIES,820,1945,2026-10-06
CIM,50,CALIFORNIA INSTITUTION FOR MEN,51532,192,LOCKSHOP,5060,LOOKOUT (GUARD STATION),800,2005,2026-10-06
CIM,50,CALIFORNIA INSTITUTION FOR MEN,51530,192.1,ARMORY,5600,ARMORY,1800,2005,2026-10-06
CIM,50,CALIFORNIA INSTITUTION FOR MEN,15003,196,"ELM HALL, FAC-D",5670,DORMITORY,14100,,2026-10-06
CIM,50,CALIFORNIA INSTITUTION FOR MEN,14995,198.1 AND 198.2,"FAMILY VISITING UNITS, FACILITY-D",5940,HOTEL/LODGE/CABIN,2668,,2026-10-06
CIM,50,CALIFORNIA INSTITUTION FOR MEN,15085,205,FAMILY VISITING FAC-B,2360,RELOCATABLE RESIDENCE,990,,2026-10-06
CIM,50,CALIFORNIA INSTITUTION FOR MEN,51527,206,"VEHICLE SALLYPORT GATEHOUSE, FAC-B",5060,LOOKOUT (GUARD STATION),180,1951,2026-10-06
CIM,50,CALIFORNIA INSTITUTION FOR MEN,39662,360,GROUNDS BLDG FAC-A,5810,SHOP,900,,2026-10-06
CIM,50,CALIFORNIA INSTITUTION FOR MEN,15056,374,ADMINISTRATION BLDG FACILITY-A,2310,OFFICE (INSTITUTIONAL),20070,1961,2026-10-06
CIM,50,CALIFORNIA INSTITUTION FOR MEN,15064,375,"LAW LIBRARY/CHAPEL, FAC-A",5680,LIBRARY,3584,,2026-10-06
CIM,50,CALIFORNIA INSTITUTION FOR MEN,15057,376,VISITING - FACILITY-A,5960,VISITATION FACILITY,2560,1961,2026-10-06
CIM,50,CALIFORNIA INSTITUTION FOR MEN,15058,377,MEDICAL AND DENTAL FACILITY-A,5710,HOSPITAL/CLINIC/TREATMENT CENTER,2540,1961,2026-10-06
CIM,50,CALIFORNIA INSTITUTION FOR MEN,15072,378,CANTEEN FAC-A,5750,CONCESSION,3276,,2026-10-06
CIM,50,CALIFORNIA INSTITUTION FOR MEN,15073,378,"CLOTHING ROOM, FAC-A",2430,STORAGE BUILDING,3936,,2026-10-06
CIM,50,CALIFORNIA INSTITUTION FOR MEN,15066,379,MEDICAL PILL LINE/EDUCATIONAL VEP FAC-A,2310,OFFICE (INSTITUTIONAL),2080,1961,2026-10-06
CIM,50,CALIFORNIA INSTITUTION FOR MEN,15063,380,"EDUCATION PROGRAM, FAC-A",5620,CLASSROOM,6660,,2026-10-06
CIM,50,CALIFORNIA INSTITUTION FOR MEN,15059,381,A-8 ANGELUS,5670,DORMITORY,8832,1961,2026-10-06
CIM,50,CALIFORNIA INSTITUTION FOR MEN,15060,382,A-7 OTAY,5670,DORMITORY,8832,1961,2026-10-06
CIM,50,CALIFORNIA INSTITUTION FOR MEN,15061,383,A-6 JOSHUA,5670,DORMITORY,8832,1961,2026-10-06
CIM,50,CALIFORNIA INSTITUTION FOR MEN,15062,384,A-5 MARIPOSA,5670,DORMITORY,8832,1961,2026-10-06
CIM,50,CALIFORNIA INSTITUTION FOR MEN,15070,385,A-1 BORREGO,5670,DORMITORY,8832,1961,2026-10-06
CIM,50,CALIFORNIA INSTITUTION FOR MEN,15069,386,A-2 LAGUNA,5670,DORMITORY,8832,1961,2026-10-06
CIM,50,CALIFORNIA INSTITUTION FOR MEN,15068,387,A-3 SEQUOIA,5670,DORMITORY,8832,1961,2026-10-06
CIM,50,CALIFORNIA INSTITUTION FOR MEN,15067,388,A-4 CLEVELAND,5670,DORMITORY,8832,1961,2026-10-06
CIM,50,CALIFORNIA INSTITUTION FOR MEN,15071,389,VOCATIONAL PROGRAMS FAC-A,2310,OFFICE (INSTITUTIONAL),8248,1961,2026-10-06
CIM,50,CALIFORNIA INSTITUTION FOR MEN,15065,390,FAC-A CULINARY,5870,DINING/CAFETERIA,19200,1961,2026-10-06
CIM,50,CALIFORNIA INSTITUTION FOR MEN,38297,391,FACILITY-A GARBAGE CAN WASH ROOM,5820,UTILITY,127,1995,2026-10-06
CIM,50,CALIFORNIA INSTITUTION FOR MEN,15077,394,VEHICLE SALLYPORT FACILITY-A,5060,LOOKOUT (GUARD STATION),234,,2026-10-06
CIM,50,CALIFORNIA INSTITUTION FOR MEN,15074,398,PEDESTRIAN SALLYPORT FACILITY-A,5060,LOOKOUT (GUARD STATION),407,,2026-10-06
CIM,50,CALIFORNIA INSTITUTION FOR MEN,38287,402,BOARD OF PRISON TERMS FAC-C,2330,RELOCATABLE OFFICE,3456,1996,2026-10-06
CIM,50,CALIFORNIA INSTITUTION FOR MEN,51529,409,BOARD OF PAROLE TRAILER (BPT) - FAC-C,2310,OFFICE (INSTITUTIONAL),2100,2003,2026-10-06
CIM,50,CALIFORNIA INSTITUTION FOR MEN,44244,409,FACILITY-C MENTAL HEALTH (BCPA),2310,OFFICE (INSTITUTIONAL),262,2001,2026-10-06
CIM,50,CALIFORNIA INSTITUTION FOR MEN,38298,487,RC EAST-WEST CULINARY GARBAGE CAN WASH,5820,UTILITY,154,1995,2026-10-06
CIM,50,CALIFORNIA INSTITUTION FOR MEN,38302,488,FAC-C EASTSIDE CULINARY GARBAGE CAN WASH,5820,UTILITY,154,1995,2026-10-06
CIM,50,CALIFORNIA INSTITUTION FOR MEN,37041,489,CHAPEL FAC-C,5650,CHAPEL,4725,1968,2026-10-06
CIM,50,CALIFORNIA INSTITUTION FOR MEN,15078,490.1,ADMINISTRATION BLDG./FACILITY-C,2310,OFFICE (INSTITUTIONAL),22500,1968,2026-10-06
CIM,50,CALIFORNIA INSTITUTION FOR MEN,37046,491.1,FAC-C MAINTENANCE/VOCATIONAL,5810,SHOP,10000,,2026-10-06
CIM,50,CALIFORNIA INSTITUTION FOR MEN,37044,491.2 AND 491.4,FACILITY-C - GYMNASIUM & TOWER 5,5890,GYMNASIUM,10150,,2026-10-06
CIM,50,CALIFORNIA INSTITUTION FOR MEN,37045,491.3,FACILITY-C  EDUCATION-CANTEEN,5620,CLASSROOM,7500,,2026-10-06
CIM,50,CALIFORNIA INSTITUTION FOR MEN,37042,"492.1, 492.2, 492.3",FACILITY-C - DEL NORTE AND COLUSA,5670,DORMITORY,55600,,2026-10-06
CIM,50,CALIFORNIA INSTITUTION FOR MEN,37043,"493.1, 493.2, 493.3","FAC-C - ALPINE, BUTTE & W. CULINARY",5670,DORMITORY,55600,,2026-10-06
CIM,50,CALIFORNIA INSTITUTION FOR MEN,15081,494.1,"FAMILY VISITING FAC-C, NO. 1",2360,RELOCATABLE RESIDENCE,600,,2026-10-06
CIM,50,CALIFORNIA INSTITUTION FOR MEN,39669,494.2,"FAMILY VISITING FAC-C, NO. 2",2360,RELOCATABLE RESIDENCE,600,,2026-10-06
CIM,50,CALIFORNIA INSTITUTION FOR MEN,15080,495,VISITING RESTROOM FAC-C,5880,COMFORT STATION/RESTROOMS/LAVATORIES,825,,2026-10-06
CIM,50,CALIFORNIA INSTITUTION FOR MEN,15079,496,PEDESTRIAN SALLYPORT FAC-C,5060,LOOKOUT (GUARD STATION),1442,1987,2026-10-06
CIM,50,CALIFORNIA INSTITUTION FOR MEN,51533,498.19,FAC-C TOWER 19,5060,LOOKOUT (GUARD STATION),338,2005,2026-10-06
CIW,41,CALIFORNIA INSTITUTION FOR WOMEN,39621,,(SAP 1) SUBSTANCE ABUSE PROGRAM,2330,RELOCATABLE OFFICE,2160,1994,2026-10-06
CIW,41,CALIFORNIA INSTITUTION FOR WOMEN,51538,,20-BED PSYCHIATRIC SERVICES HOUSING UNIT,5670,DORMITORY,3046,2011,2026-10-06
CIW,41,CALIFORNIA INSTITUTION FOR WOMEN,55229,,45 BED PSYCHIATRIC IN-PATIENT FACILITY,5710,HOSPITAL/CLINIC/TREATMENT CENTER,52985,2012,2026-10-06
CIW,41,CALIFORNIA INSTITUTION FOR WOMEN,51551,,6 SMALL MANAGEMENT EXERCISE YARDS,5930,SMALL MANAGEMENT EXERCISE YARDS,900,2009,2026-10-06
CIW,41,CALIFORNIA INSTITUTION FOR WOMEN,43374,,ARMORY / LOCK SHOP / RADIO ROOM,5600,ARMORY,1500,1990,2026-10-06
CIW,41,CALIFORNIA INSTITUTION FOR WOMEN,14558,,AUDITORIUM,5630,AUDITORIUM/HALL,9664,1951,2026-10-06
CIW,41,CALIFORNIA INSTITUTION FOR WOMEN,14568,,BARNEBURG HOUSING UNIT,5670,DORMITORY,26318,1951,2026-10-06
CIW,41,CALIFORNIA INSTITUTION FOR WOMEN,43375,,BOILER HOUSE,5820,UTILITY,4000,1994,2026-10-06
CIW,41,CALIFORNIA INSTITUTION FOR WOMEN,50591,,BONDING MOTHERS & BABIES VISITATION MOD.,2340,RELOCATABLE CLASSROOM,1423,2007,2026-10-06
CIW,41,CALIFORNIA INSTITUTION FOR WOMEN,39624,,CASA FRONTERA,2330,RELOCATABLE OFFICE,1440,1996,2026-10-06
CIW,41,CALIFORNIA INSTITUTION FOR WOMEN,4844,,CCCMS BUILDING (YARD),2330,RELOCATABLE OFFICE,2160,1996,2026-10-06
CIW,41,CALIFORNIA INSTITUTION FOR WOMEN,39622,,CHAPEL,5650,CHAPEL,2880,1992,2026-10-06
CIW,41,CALIFORNIA INSTITUTION FOR WOMEN,50592,,CORRECTIONAL TREATMENT CENTER,5710,HOSPITAL/CLINIC/TREATMENT CENTER,30604,2006,2026-10-06
CIW,41,CALIFORNIA INSTITUTION FOR WOMEN,14576,,CULINARY,5830,KITCHEN,25313,1966,2026-10-06
CIW,41,CALIFORNIA INSTITUTION FOR WOMEN,43376,,EMERGENCY ELECTRICAL GENERATOR ROOM,5820,UTILITY,1365,1991,2026-10-06
CIW,41,CALIFORNIA INSTITUTION FOR WOMEN,14569,,EMMONS HOUSING UNIT,5670,DORMITORY,26318,1951,2026-10-06
CIW,41,CALIFORNIA INSTITUTION FOR WOMEN,57611,,EV CHARGING STATIONS (6-LEVEL 2 PORTS),4595,ELECTRIC VEHICLE CHARGING STATION,0,2020,2026-10-06
CIW,41,CALIFORNIA INSTITUTION FOR WOMEN,14580,,FAMILY LIVING TRIPLEX-TRANSPORTATION OFC,5090,RESIDENCE (MULTI-FAMILY),2000,1976,2026-10-06
CIW,41,CALIFORNIA INSTITUTION FOR WOMEN,43377,,FAMILY LIVING UNIT DUPLEX,5090,RESIDENCE (MULTI-FAMILY),1520,1987,2026-10-06
CIW,41,CALIFORNIA INSTITUTION FOR WOMEN,14565,,FIRE DEPARTMENT OFFICE/FMR PLANT OPS,5690,FIREHOUSE/FOREST FIRE STATION,1200,1980,2026-10-06
CIW,41,CALIFORNIA INSTITUTION FOR WOMEN,14573,,GROUNDS OFFICE AND SHOP,2310,OFFICE (INSTITUTIONAL),1800,1980,2026-10-06
CIW,41,CALIFORNIA INSTITUTION FOR WOMEN,14575,,GUARD TOWER 1,5060,LOOKOUT (GUARD STATION),300,1980,2026-10-06
CIW,41,CALIFORNIA INSTITUTION FOR WOMEN,55165,,GUARD TOWER 2,5060,LOOKOUT (GUARD STATION),240,1980,2026-10-06
CIW,41,CALIFORNIA INSTITUTION FOR WOMEN,55166,,GUARD TOWER 3,5060,LOOKOUT (GUARD STATION),169,2012,2026-10-06
CIW,41,CALIFORNIA INSTITUTION FOR WOMEN,55167,,GUARD TOWER 4,5060,LOOKOUT (GUARD STATION),169,2012,2026-10-06
CIW,41,CALIFORNIA INSTITUTION FOR WOMEN,55168,,GUARD TOWER 5,5060,LOOKOUT (GUARD STATION),240,1980,2026-10-06
CIW,41,CALIFORNIA INSTITUTION FOR WOMEN,55169,,GUARD TOWER 6,5060,LOOKOUT (GUARD STATION),300,1980,2026-10-06
CIW,41,CALIFORNIA INSTITUTION FOR WOMEN,14578,,H-12 HOUSING UNIT,5670,DORMITORY,28334,1962,2026-10-06
CIW,41,CALIFORNIA INSTITUTION FOR WOMEN,14572,,HARRISON HOUSING UNIT,5670,DORMITORY,26318,1963,2026-10-06
CIW,41,CALIFORNIA INSTITUTION FOR WOMEN,39971,,HAZARDOUS MATERIAL STORAGE,2400,STORAGE,945,1999,2026-10-06
CIW,41,CALIFORNIA INSTITUTION FOR WOMEN,39970,,HAZARDOUS MATERIAL WASTE SHED,2420,SHED,880,1999,2026-10-06
CIW,41,CALIFORNIA INSTITUTION FOR WOMEN,14570,,LATHAM HOUSING UNIT,5670,DORMITORY,26318,1951,2026-10-06
CIW,41,CALIFORNIA INSTITUTION FOR WOMEN,14559,,MAILROOM,2310,OFFICE (INSTITUTIONAL),3610,1951,2026-10-06
CIW,41,CALIFORNIA INSTITUTION FOR WOMEN,14574,,MAINTENANCE GATE (CUSTODY),5060,LOOKOUT (GUARD STATION),640,1975,2026-10-06
CIW,41,CALIFORNIA INSTITUTION FOR WOMEN,14564,,MAINTENANCE SHOPS,2430,STORAGE BUILDING,23785,1951,2026-10-06
CIW,41,CALIFORNIA INSTITUTION FOR WOMEN,14566,,MAINTENANCE WAREHOUSE # 1&2,2430,STORAGE BUILDING,7782,1964,2026-10-06
CIW,41,CALIFORNIA INSTITUTION FOR WOMEN,55164,,MAINTENANCE WAREHOUSE 3,2440,WAREHOUSE,800,1991,2026-10-06
CIW,41,CALIFORNIA INSTITUTION FOR WOMEN,718,,MENTAL HEALTH MODULAR - RC,2340,RELOCATABLE CLASSROOM,2160,1995,2026-10-06
CIW,41,CALIFORNIA INSTITUTION FOR WOMEN,14567,,MILLER HOUSING UNIT,5670,DORMITORY,26318,1951,2026-10-06
CIW,41,CALIFORNIA INSTITUTION FOR WOMEN,14585,,NORTH EDUCATION BUILDING,5620,CLASSROOM,15090,1951,2026-10-06
CIW,41,CALIFORNIA INSTITUTION FOR WOMEN,439,,PERSONNEL MODULAR,2310,OFFICE (INSTITUTIONAL),3600,1997,2026-10-06
CIW,41,CALIFORNIA INSTITUTION FOR WOMEN,4558,,PLANT OPERATION,2330,RELOCATABLE OFFICE,3600,1997,2026-10-06
CIW,41,CALIFORNIA INSTITUTION FOR WOMEN,14563,,PRISON INDUSTRIES AUTHORITY,5810,SHOP,39118,1951,2026-10-06
CIW,41,CALIFORNIA INSTITUTION FOR WOMEN,51537,,PSYCHIATRIC SERVICES UNIT SMALL MGT YARD,5930,SMALL MANAGEMENT EXERCISE YARDS,3046,2011,2026-10-06
CIW,41,CALIFORNIA INSTITUTION FOR WOMEN,51536,,PSYCHIATRIC SERVICES UNIT TREATMENT MOD.,2330,RELOCATABLE OFFICE,2769,2010,2026-10-06
CIW,41,CALIFORNIA INSTITUTION FOR WOMEN,14577,,RC ADMINISTRATION,2310,OFFICE (INSTITUTIONAL),12150,1962,2026-10-06
CIW,41,CALIFORNIA INSTITUTION FOR WOMEN,44498,,RECEPTION CENTER SCREENING & EVAL PROG,5710,HOSPITAL/CLINIC/TREATMENT CENTER,1544,2003,2026-10-06
CIW,41,CALIFORNIA INSTITUTION FOR WOMEN,44472,,RECORDS TRAILER (MODULAR),2330,RELOCATABLE OFFICE,720,2001,2026-10-06
CIW,41,CALIFORNIA INSTITUTION FOR WOMEN,14562,,SOUTH EDUCATION,5620,CLASSROOM,10584,1956,2026-10-06
CIW,41,CALIFORNIA INSTITUTION FOR WOMEN,14582,,SPECIAL HOUSING UNIT (SPHU),5670,DORMITORY,25084,1987,2026-10-06
CIW,41,CALIFORNIA INSTITUTION FOR WOMEN,4682,,SUBSTANCE ABUSE PROGRAM #2,2330,RELOCATABLE OFFICE,5040,1998,2026-10-06
CIW,41,CALIFORNIA INSTITUTION FOR WOMEN,50779,,SUBSTANCE ABUSE PROGRAM MODULAR / SAP 3,2340,RELOCATABLE CLASSROOM,5760,2007,2026-10-06
CIW,41,CALIFORNIA INSTITUTION FOR WOMEN,50778,,SUBSTANCE ABUSE PROGRAM MOSULAR / SAP 4,2340,RELOCATABLE CLASSROOM,5760,2007,2026-10-06
CIW,41,CALIFORNIA INSTITUTION FOR WOMEN,14579,,SUPPORT CARE UNIT (SCU),5670,DORMITORY,16583,1962,2026-10-06
CIW,41,CALIFORNIA INSTITUTION FOR WOMEN,44497,,SUPPORT CARE UNIT (SCU) CLINIC,5710,HOSPITAL/CLINIC/TREATMENT CENTER,2503,2003,2026-10-06
CIW,41,CALIFORNIA INSTITUTION FOR WOMEN,14583,,"VISITING AREA, PROCESSING & WAITING ROOM",5960,VISITATION FACILITY,5167,1977,2026-10-06
CIW,41,CALIFORNIA INSTITUTION FOR WOMEN,50907,,VISITOR CENTER MODULAR,5960,VISITATION FACILITY,1423,2008,2026-10-06
CIW,41,CALIFORNIA INSTITUTION FOR WOMEN,39625,,WARDEN CONFERANCE ROOM/COSMETOLOGY ROOM,2330,RELOCATABLE OFFICE,6480,,2026-10-06
CIW,41,CALIFORNIA INSTITUTION FOR WOMEN,14571,,WILSON HOUSING UNIT,5670,DORMITORY,26318,1963,2026-10-06
CIW,41,CALIFORNIA INSTITUTION FOR WOMEN,43378,,WOMEN'S ADVISORY COUNSEL (WAC),2310,OFFICE (INSTITUTIONAL),154,1985,2026-10-06
CIW,41,CALIFORNIA INSTITUTION FOR WOMEN,14557,14557,ADMINISTRATION BUILDING,2310,OFFICE (INSTITUTIONAL),64603,1951,2026-10-06
CIW,41,CALIFORNIA INSTITUTION FOR WOMEN,4842,EAST,VOCATIONAL MODULAR - MILLER HOUSING EAST,2330,RELOCATABLE OFFICE,1440,1995,2026-10-06
CIW,41,CALIFORNIA INSTITUTION FOR WOMEN,4843,WEST,VOCATIONAL MODULAR - MILLER HOUSING WEST,2330,RELOCATABLE OFFICE,1440,1995,2026-10-06
CMC,46,CALIFORNIA MEN'S COLONY,55455,,50-BED MENTAL HEALTH CRISIS BUILDING,5710,HOSPITAL/CLINIC/TREATMENT CENTER,45762,2013,2026-10-06
CMC,46,CALIFORNIA MEN'S COLONY,50565,,ADMIN TRAILER 2 - BLDG AT - 2,2330,RELOCATABLE OFFICE,1380,,2026-10-06
CMC,46,CALIFORNIA MEN'S COLONY,50566,,ADMIN TRAILER STORAGE  - BLDG AT - S,2375,RELOCATABLE STORAGE,320,,2026-10-06
CMC,46,CALIFORNIA MEN'S COLONY,50564,,ADMIN TRAINER 1 - BLDG AT - 1,2330,RELOCATABLE OFFICE,1380,,2026-10-06
CMC,46,CALIFORNIA MEN'S COLONY,37806,,BUSINESS ANNEX-T-J PROCUREMENT OFFICE,2330,RELOCATABLE OFFICE,1440,1993,2026-10-06
CMC,46,CALIFORNIA MEN'S COLONY,37805,,BUSINESS ANNEX-T-K: PERSONNEL,2330,RELOCATABLE OFFICE,4560,1993,2026-10-06
CMC,46,CALIFORNIA MEN'S COLONY,37804,,BUSINESS ANNEX-T-L: ERO/PERSONNEL,2330,RELOCATABLE OFFICE,1475,1993,2026-10-06
CMC,46,CALIFORNIA MEN'S COLONY,37803,,BUSINESS ANNEX-T-M: DELEGATED TESTING,2330,RELOCATABLE OFFICE,1440,1993,2026-10-06
CMC,46,CALIFORNIA MEN'S COLONY,40064,,BUSINESS ANNEX-T-N BUSINESS SERVICES,2330,RELOCATABLE OFFICE,6240,1996,2026-10-06
CMC,46,CALIFORNIA MEN'S COLONY,50568,,CHLORINATION/DECHLORINATION - BLDG 607,2480,EQUIPMENT/MAINTENANCE BUILDING,830,2007,2026-10-06
CMC,46,CALIFORNIA MEN'S COLONY,50569,,DEWATERING BUILDING - BLDG 611,2480,EQUIPMENT/MAINTENANCE BUILDING,2070,2007,2026-10-06
CMC,46,CALIFORNIA MEN'S COLONY,50563,,FAMILY VISITING UNITS - BLDG FV,5960,VISITATION FACILITY,2453,2007,2026-10-06
CMC,46,CALIFORNIA MEN'S COLONY,50405,,GENERATOR BUILDING - BLDG BD - 1,5820,UTILITY,688,1991,2026-10-06
CMC,46,CALIFORNIA MEN'S COLONY,50567,,HEADWORKS - BLDG 601,2480,EQUIPMENT/MAINTENANCE BUILDING,2628,2007,2026-10-06
CMC,46,CALIFORNIA MEN'S COLONY,44380,,LESS THAN LETHAL WEAPONS STORAGE-BLDG AI,2430,STORAGE BUILDING,150,2002,2026-10-06
CMC,46,CALIFORNIA MEN'S COLONY,50571,,MAINTENANCE BUILDING - BLDG 613,2480,EQUIPMENT/MAINTENANCE BUILDING,2250,2007,2026-10-06
CMC,46,CALIFORNIA MEN'S COLONY,50570,,MCC AND GENERATOR - BLDG 612,2480,EQUIPMENT/MAINTENANCE BUILDING,1472,2007,2026-10-06
CMC,46,CALIFORNIA MEN'S COLONY,45660,,MENTAL HEALTH SERVICES BUILDING -BLDG MH,2310,OFFICE (INSTITUTIONAL),9200,2005,2026-10-06
CMC,46,CALIFORNIA MEN'S COLONY,5572,,OSAP - MODULAR,2330,RELOCATABLE OFFICE,5301,2005,2026-10-06
CMC,46,CALIFORNIA MEN'S COLONY,50404,,RADIO ROOM - BLDG BC - 1,2310,OFFICE (INSTITUTIONAL),400,1989,2026-10-06
CMC,46,CALIFORNIA MEN'S COLONY,50406,,TRANSFORMER ROOM - BLDG BD - 2,5820,UTILITY,1080,1996,2026-10-06
CMC,46,CALIFORNIA MEN'S COLONY,50402,,TV/VCR EQUIPMENT ROOM - BLDG - BS,2310,OFFICE (INSTITUTIONAL),200,2006,2026-10-06
CMC,46,CALIFORNIA MEN'S COLONY,50906,,TV/VCR EQUIPMENT ROOM - BUILDING BS-1,2310,OFFICE (INSTITUTIONAL),360,2007,2026-10-06
CMC,46,CALIFORNIA MEN'S COLONY,14931,149  -,GYMNASIUM - BLDG G,5890,GYMNASIUM,24350,1961,2026-10-06
CMC,46,CALIFORNIA MEN'S COLONY,14922,14922-A,ADMINISTRATION BLDG. - BLDG A,2310,OFFICE (INSTITUTIONAL),49315,1961,2026-10-06
CMC,46,CALIFORNIA MEN'S COLONY,14923,14923-A1,RECEIVING & RELEASE STORAGE BLDG. A1,2430,STORAGE BUILDING,199,1961,2026-10-06
CMC,46,CALIFORNIA MEN'S COLONY,14924,14924-B,"DINING ROOMS,CLASSROOMS, OFFICES-BLDG B",5870,DINING/CAFETERIA,23000,1961,2026-10-06
CMC,46,CALIFORNIA MEN'S COLONY,14925,14925-C,"HOSPITAL, ADMINISTRATIVE SEGREGATION - C",5710,HOSPITAL/CLINIC/TREATMENT CENTER,29568,1961,2026-10-06
CMC,46,CALIFORNIA MEN'S COLONY,14926,14926-C1,WATCH OFFICE - BLDG C1,2310,OFFICE (INSTITUTIONAL),1270,1961,2026-10-06
CMC,46,CALIFORNIA MEN'S COLONY,14927,14927-D,"CLASSROOMS, OFFICES, DINNING ROOMS - D",5620,CLASSROOM,21920,1961,2026-10-06
CMC,46,CALIFORNIA MEN'S COLONY,14928,14928-D1,B-QUAD PSYCHIATRIC UNIT - BLDG D1,5710,HOSPITAL/CLINIC/TREATMENT CENTER,986,1961,2026-10-06
CMC,46,CALIFORNIA MEN'S COLONY,14929,14929-E,"HOUSING UNIT, BLDG.3 (E)",5670,DORMITORY,32828,1961,2026-10-06
CMC,46,CALIFORNIA MEN'S COLONY,14930,14930-F,"HOUSING UNIT, BLDG.4 (F)",5670,DORMITORY,32828,1961,2026-10-06
CMC,46,CALIFORNIA MEN'S COLONY,14932,14932-H,"EDUCATION, BLDG H",5620,CLASSROOM,5990,1961,2026-10-06
CMC,46,CALIFORNIA MEN'S COLONY,14933,14933-J,CATHOLIC CHAPEL - BLDG J,5650,CHAPEL,6200,1961,2026-10-06
CMC,46,CALIFORNIA MEN'S COLONY,14934,14934-K,PROTESTANT CHAPEL - BLDG K,5650,CHAPEL,6200,1961,2026-10-06
CMC,46,CALIFORNIA MEN'S COLONY,14935,14935-K1,INTERFAITH CHAPE - BLDG K1,5650,CHAPEL,1375,1961,2026-10-06
CMC,46,CALIFORNIA MEN'S COLONY,14936,14936-L,"CLASSROOMS,DINING ROOMS,OFFICES - BLDG L",5620,CLASSROOM,21920,1961,2026-10-06
CMC,46,CALIFORNIA MEN'S COLONY,14937,14937-L1,C-QUAD PSYCHIATRIC UNIT - BLDG L1,5710,HOSPITAL/CLINIC/TREATMENT CENTER,370,1961,2026-10-06
CMC,46,CALIFORNIA MEN'S COLONY,14938,14938-L2,"C-QUAD DISPENSARY UNIT, OFFICES-BLDG L2",5710,HOSPITAL/CLINIC/TREATMENT CENTER,1400,1961,2026-10-06
CMC,46,CALIFORNIA MEN'S COLONY,14939,14939-M,HOUSING UNIT BLDG. 6 (N),5670,DORMITORY,32828,1961,2026-10-06
CMC,46,CALIFORNIA MEN'S COLONY,14940,14940-N,"HOUSING UNIT, BLDG 5 (M)",5670,DORMITORY,32828,1961,2026-10-06
CMC,46,CALIFORNIA MEN'S COLONY,14941,14941-P,"SHOE FACTORY, KNITTING MILL - BLDG P",5810,SHOP,43000,1961,2026-10-06
CMC,46,CALIFORNIA MEN'S COLONY,14942,14942-P1,GUARD STATION - BLDG P1,5060,LOOKOUT (GUARD STATION),220,1961,2026-10-06
CMC,46,CALIFORNIA MEN'S COLONY,14943,14943-Q,"DINING ROOMS,OFFICES,CLASSROOMS,PIA - Q",5870,DINING/CAFETERIA,25950,1961,2026-10-06
CMC,46,CALIFORNIA MEN'S COLONY,14944,14944-Q1,D-QUAD PSYCHIATRIC UNIT - BLDG Q1,5710,HOSPITAL/CLINIC/TREATMENT CENTER,15590,1961,2026-10-06
CMC,46,CALIFORNIA MEN'S COLONY,14945,14945-Q2,D-QUAD DISPENSARY UNIT - BLDG Q2,5710,HOSPITAL/CLINIC/TREATMENT CENTER,1387,1961,2026-10-06
CMC,46,CALIFORNIA MEN'S COLONY,14946,14946-R,PIA PRINT PLANT - BLDG R,5810,SHOP,12170,1961,2026-10-06
CMC,46,CALIFORNIA MEN'S COLONY,14947,14947-S,HOUSING UNIT BLDG. 7 (S),5670,DORMITORY,32828,1961,2026-10-06
CMC,46,CALIFORNIA MEN'S COLONY,14948,14948-T,HOUSING UNIT BLDG. 8 (T),5670,DORMITORY,32828,1961,2026-10-06
CMC,46,CALIFORNIA MEN'S COLONY,14949,14949-T1,GUN TOWER - BLDG T-1,5060,LOOKOUT (GUARD STATION),208,1961,2026-10-06
CMC,46,CALIFORNIA MEN'S COLONY,14950,14950-T2,GUN TOWER - BLDG T-2,5060,LOOKOUT (GUARD STATION),208,1961,2026-10-06
CMC,46,CALIFORNIA MEN'S COLONY,14951,14951-T3,GUN TOWER - BLDG T-3,5060,LOOKOUT (GUARD STATION),208,1961,2026-10-06
CMC,46,CALIFORNIA MEN'S COLONY,14952,14952-T4,GUN TOWER - BLDG T-4,5060,LOOKOUT (GUARD STATION),208,1961,2026-10-06
CMC,46,CALIFORNIA MEN'S COLONY,14953,14953-T5,GUN TOWER - BLDG T-5,5060,LOOKOUT (GUARD STATION),208,1961,2026-10-06
CMC,46,CALIFORNIA MEN'S COLONY,14954,14954-T6,GUN TOWER - BLDG T-6,5060,LOOKOUT (GUARD STATION),208,1961,2026-10-06
CMC,46,CALIFORNIA MEN'S COLONY,14955,14955-T7,GUN TOWER - BLDG T-7,5060,LOOKOUT (GUARD STATION),208,1961,2026-10-06
CMC,46,CALIFORNIA MEN'S COLONY,14956,14956-T8,GUN TOWER - BLDG T-8,5060,LOOKOUT (GUARD STATION),208,1961,2026-10-06
CMC,46,CALIFORNIA MEN'S COLONY,14957,14957-U,"LAUNDRY, JACKET FACTORY - U",5860,LAUNDRY,39900,1961,2026-10-06
CMC,46,CALIFORNIA MEN'S COLONY,14958,14958-V,MAINT. PAINT - BLDG V,5810,SHOP,1452,1961,2026-10-06
CMC,46,CALIFORNIA MEN'S COLONY,14960,14960-X,"KITCHEN, BAKERY, CANTEEN - BLDG X",5830,KITCHEN,24476,1961,2026-10-06
CMC,46,CALIFORNIA MEN'S COLONY,14961,14961-X1,KITCHEN STORAGE - BLDG X1,2430,STORAGE BUILDING,256,1961,2026-10-06
CMC,46,CALIFORNIA MEN'S COLONY,14962,14962-Y,SALLY PORT GUARD STATION - BLDG Y,5060,LOOKOUT (GUARD STATION),64,1961,2026-10-06
CMC,46,CALIFORNIA MEN'S COLONY,14963,14963-Z,MAINTENANCE & VOCATIONAL SHOPS-BLDG Z,5810,SHOP,50380,1961,2026-10-06
CMC,46,CALIFORNIA MEN'S COLONY,14964,14964-ZA,MAINTENANCE GUARD STATION - BLDG ZA,5060,LOOKOUT (GUARD STATION),64,1961,2026-10-06
CMC,46,CALIFORNIA MEN'S COLONY,14965,14965-ZB,"FLAMABLE STORAGE, REFER. MECHANIC- ZB",2420,SHED,411,1961,2026-10-06
CMC,46,CALIFORNIA MEN'S COLONY,14966,14966-AA,HOUSING UNIT BLDG. 1 (AA),5670,DORMITORY,32828,1961,2026-10-06
CMC,46,CALIFORNIA MEN'S COLONY,14967,14967-AB,HOUSING UNIT BLDG. 2 (AB),5670,DORMITORY,32828,1961,2026-10-06
CMC,46,CALIFORNIA MEN'S COLONY,14968,14968-AC,RECREATION STORAGE SHACK - BLDG AC,2420,SHED,550,1961,2026-10-06
CMC,46,CALIFORNIA MEN'S COLONY,14969,14969-AD,RECREATION STORAGE SHACK - BLDG AD,2420,SHED,550,1961,2026-10-06
CMC,46,CALIFORNIA MEN'S COLONY,14970,14970-BB1,RECREATION STORAGE SHACK- BLDG AE,2310,OFFICE (INSTITUTIONAL),550,1961,2026-10-06
CMC,46,CALIFORNIA MEN'S COLONY,14971,14971-AF,RECREATION STORAGE SHACK - BLDG AF,2420,SHED,550,1961,2026-10-06
CMC,46,CALIFORNIA MEN'S COLONY,14972,14972-AG,CENTRAL PLAZA TOWER - BLDG AG,5060,LOOKOUT (GUARD STATION),450,1961,2026-10-06
CMC,46,CALIFORNIA MEN'S COLONY,14973,14973-BN,PAINT BOOTH - BLDG BN,5810,SHOP,960,1961,2026-10-06
CMC,46,CALIFORNIA MEN'S COLONY,14974,14974-BA,GATEHOUSE - BLDG BA,5060,LOOKOUT (GUARD STATION),3100,1961,2026-10-06
CMC,46,CALIFORNIA MEN'S COLONY,14975,14975-BB,EMPLOYEE'S ACTIVITIES-BLDG BB/MAIL ROOM,5840,RECREATION BUILDING,8226,1961,2026-10-06
CMC,46,CALIFORNIA MEN'S COLONY,14976,14976-BC,ARMORY - BLDG BC,5600,ARMORY,800,1961,2026-10-06
CMC,46,CALIFORNIA MEN'S COLONY,14977,14977-BD,ELECTRICAL SUB-STATION - BLDG BD,5820,UTILITY,846,1961,2026-10-06
CMC,46,CALIFORNIA MEN'S COLONY,14978,14978-BE,BOILERHOUSE - BLDG BE,5820,UTILITY,8271,1961,2026-10-06
CMC,46,CALIFORNIA MEN'S COLONY,14979,14979-BF,FIREHOUSE - BLDG BF,5690,FIREHOUSE/FOREST FIRE STATION,3515,1961,2026-10-06
CMC,46,CALIFORNIA MEN'S COLONY,14980,14980-BG,GROUNDSMAN - BLDG BG,2480,EQUIPMENT/MAINTENANCE BUILDING,289,1961,2026-10-06
CMC,46,CALIFORNIA MEN'S COLONY,14981,14981-BH,SERVICE STATION - BLDG BH,5900,SERVICE STATION,2451,1961,2026-10-06
CMC,46,CALIFORNIA MEN'S COLONY,14982,14982-BU,AUTOMOTIVE STORAGE - BLDG BJ,3510,GARAGE/PARKING STRUCTURE,5200,1961,2026-10-06
CMC,46,CALIFORNIA MEN'S COLONY,14983,14983-BK,"WAREHOUSE,COMMISSARY,PIA WAREHOUSE-BK",2440,WAREHOUSE,61920,1961,2026-10-06
CMC,46,CALIFORNIA MEN'S COLONY,14984,14984-BL,VALVEHOUSE - BLDG BL,2420,SHED,121,1961,2026-10-06
CMC,46,CALIFORNIA MEN'S COLONY,14985,14985-BM,"REFRIG, STEAM - BLDG BM",5810,SHOP,2649,1961,2026-10-06
CMC,46,CALIFORNIA MEN'S COLONY,14987,14987-BQ,FIREHOUSE STORAGE - BLDG BQ,2420,SHED,256,1961,2026-10-06
CMC,46,CALIFORNIA MEN'S COLONY,14988,14988-BT,LUBE SHED - BLDG BT,2420,SHED,832,1961,2026-10-06
CMC,46,CALIFORNIA MEN'S COLONY,14989,14989-PIA,WAREHOUSE PIA - BLDG BK-1,2440,WAREHOUSE,12500,1961,2026-10-06
CMC,46,CALIFORNIA MEN'S COLONY,51141,200,WATER FILTRATION PLANT BLDG 200,5820,UTILITY,9181,,2026-10-06
CMC,46,CALIFORNIA MEN'S COLONY,51140,202,PUMP HOUSE BLDG 202,5120,PUMP/WELL HOUSE,600,,2026-10-06
CMC,46,CALIFORNIA MEN'S COLONY,51142,204,WATER FILTRATION PLANT STORAGE BLDG 204,2430,STORAGE BUILDING,391,,2026-10-06
CMC,46,CALIFORNIA MEN'S COLONY,51136,210,CLORINE STATION #1 BLDG 210,2400,STORAGE,600,,2026-10-06
CMC,46,CALIFORNIA MEN'S COLONY,51137,220,CLORINE STATION #2 BLDG 220,2400,STORAGE,468,,2026-10-06
CMC,46,CALIFORNIA MEN'S COLONY,51135,AH,PLAZA LOOP STRUCTURE BLDG AH,2310,OFFICE (INSTITUTIONAL),8500,,2026-10-06
CMC,46,CALIFORNIA MEN'S COLONY,51131,BI,VECTOR CONTROL BLDG BI,2330,RELOCATABLE OFFICE,654,,2026-10-06
CMC,46,CALIFORNIA MEN'S COLONY,51128,BJ-1,GARAGE FRONT OFFICE BLDG BJ-1,2310,OFFICE (INSTITUTIONAL),720,,2026-10-06
CMC,46,CALIFORNIA MEN'S COLONY,51133,BO,DUMPSTER WASH STATION BLDG BO,3540,CAR WASH/WASH RACK,700,,2026-10-06
CMC,46,CALIFORNIA MEN'S COLONY,51132,BQ-1,BOOSTER PUMP STATION BLDG BQ-1,5120,PUMP/WELL HOUSE,336,,2026-10-06
CMC,46,CALIFORNIA MEN'S COLONY,51139,BQ-2,WATER BOOSTER PUMP STATION BLDG BQ-2,5120,PUMP/WELL HOUSE,1326,2009,2026-10-06
CMC,46,CALIFORNIA MEN'S COLONY,51130,BV,HAZARDOUS MATERIALS STORAGE BLDG BV,2430,STORAGE BUILDING,1120,,2026-10-06
CMC,46,CALIFORNIA MEN'S COLONY,51127,BW,FRIENDS OUTSIDE BLDG BW,2310,OFFICE (INSTITUTIONAL),1440,,2026-10-06
CMC,46,CALIFORNIA MEN'S COLONY,51138,BX,BAR SCREEN #1 BLDG BX,5660,MISCELLANEOUS,512,,2026-10-06
CMC,46,CALIFORNIA MEN'S COLONY,51129,BY,GOLF SHACK BLDG BY,2400,STORAGE,1276,,2026-10-06
CMC,46,CALIFORNIA MEN'S COLONY,51126,BZ,EVAPORATION POND MECHANICAL SHED BLDG BZ,2420,SHED,96,,2026-10-06
CMC,46,CALIFORNIA MEN'S COLONY,51134,Y,PEDESTRIAN SALLYPORT BLDG Y,5060,LOOKOUT (GUARD STATION),800,,2026-10-06
CMF,45,CALIFORNIA MEDICAL FACILITY,55230,,64-BED INTERMEDIATE CARE/MENTAL HEALTH,5710,HOSPITAL/CLINIC/TREATMENT CENTER,51000,2011,2026-10-06
CMF,45,CALIFORNIA MEDICAL FACILITY,50409,,AMBULATORY CARE CLINIC,5710,HOSPITAL/CLINIC/TREATMENT CENTER,4560,2005,2026-10-06
CMF,45,CALIFORNIA MEDICAL FACILITY,36610,,CO-GENERATION PLANT,5820,UTILITY,2000,,2026-10-06
CMF,45,CALIFORNIA MEDICAL FACILITY,36606,,EMERGENCY GENERATOR #3,5820,UTILITY,600,,2026-10-06
CMF,45,CALIFORNIA MEDICAL FACILITY,37699,,IN-SERVICE TRAINING COMPLEX,5620,CLASSROOM,5048,1994,2026-10-06
CMF,45,CALIFORNIA MEDICAL FACILITY,51552,,MENTAL HEALTH CRISIS BEDS,5710,HOSPITAL/CLINIC/TREATMENT CENTER,44881,2008,2026-10-06
CMF,45,CALIFORNIA MEDICAL FACILITY,56666,,O-WING EOP TREATMENT & OFFICE BLDG.,5710,HOSPITAL/CLINIC/TREATMENT CENTER,44000,2013,2026-10-06
CMF,45,CALIFORNIA MEDICAL FACILITY,36609,,PCB STORAGE SHED,2430,STORAGE BUILDING,1500,,2026-10-06
CMF,45,CALIFORNIA MEDICAL FACILITY,44451,,T-WING SMALL MANAGEMENT EXERCISE YARDS,5930,SMALL MANAGEMENT EXERCISE YARDS,750,2002,2026-10-06
CMF,45,CALIFORNIA MEDICAL FACILITY,15327,16,OLD WARDEN'S RESIDENCE,5740,RESIDENCE (SINGLE FAMILY),3940,,2026-10-06
CMF,45,CALIFORNIA MEDICAL FACILITY,15326,17,CAPTAIN'S HOUSE,5740,RESIDENCE (SINGLE FAMILY),1500,,2026-10-06
CMF,45,CALIFORNIA MEDICAL FACILITY,15325,21,FEBA GARAGE,2430,STORAGE BUILDING,800,,2026-10-06
CMF,45,CALIFORNIA MEDICAL FACILITY,15329,37,FITNESS CENTER,5620,CLASSROOM,1000,,2026-10-06
CMF,45,CALIFORNIA MEDICAL FACILITY,36604,566,ARMORY/LOCKSHOP,5600,ARMORY,1950,,2026-10-06
CMF,45,CALIFORNIA MEDICAL FACILITY,50197,901,DORM C (BLDG 901),5670,DORMITORY,13244,2006,2026-10-06
CMF,45,CALIFORNIA MEDICAL FACILITY,50198,902,DORM D (BLDG 902),5670,DORMITORY,13244,2006,2026-10-06
CMF,45,CALIFORNIA MEDICAL FACILITY,15300,AAD,MAIN BUILDING,2310,OFFICE (INSTITUTIONAL),769993,,2026-10-06
CMF,45,CALIFORNIA MEDICAL FACILITY,15317,FCC,FIREHOUSE,5690,FIREHOUSE/FOREST FIRE STATION,4900,,2026-10-06
CMF,45,CALIFORNIA MEDICAL FACILITY,15313,HRD1-10,RANCH DORMS,5670,DORMITORY,27000,,2026-10-06
CMF,45,CALIFORNIA MEDICAL FACILITY,15321,I4,OUTSIDE GROUNDS OFFICE,2310,OFFICE (INSTITUTIONAL),2000,,2026-10-06
CMF,45,CALIFORNIA MEDICAL FACILITY,15303,N-N,UNIT 4 YARD SHACK,2430,STORAGE BUILDING,300,,2026-10-06
CMF,45,CALIFORNIA MEDICAL FACILITY,15306,P2A,SATELLITE WAREHOUSE,5620,CLASSROOM,2200,,2026-10-06
CMF,45,CALIFORNIA MEDICAL FACILITY,15304,P5,MAIN YARD SHACK,2430,STORAGE BUILDING,500,,2026-10-06
CMF,45,CALIFORNIA MEDICAL FACILITY,36608,P64,QUONSET HUT COUNSELING CENTER,5620,CLASSROOM,1000,,2026-10-06
CMF,45,CALIFORNIA MEDICAL FACILITY,15309,"PFV8,9",FAMILY VISITING APARTMENTS,5030,APARTMENT(S),9620,,2026-10-06
CMF,45,CALIFORNIA MEDICAL FACILITY,15320,S32-34,OUTSIDE OPERATIONS,2310,OFFICE (INSTITUTIONAL),1825,,2026-10-06
CMF,45,CALIFORNIA MEDICAL FACILITY,15314,SFF,TRUCK SALLYPORT,5060,LOOKOUT (GUARD STATION),100,,2026-10-06
CMF,45,CALIFORNIA MEDICAL FACILITY,15310,SGG,FRONT ENTRANCE,5060,LOOKOUT (GUARD STATION),2080,,2026-10-06
CMF,45,CALIFORNIA MEDICAL FACILITY,15311,"SHH, SJJ, SKK",TOWERS 1-8,5060,LOOKOUT (GUARD STATION),900,,2026-10-06
CMF,45,CALIFORNIA MEDICAL FACILITY,55779,"SHH, SJJ, SKK",TOWERS 10,5060,LOOKOUT (GUARD STATION),169,2011,2026-10-06
CMF,45,CALIFORNIA MEDICAL FACILITY,55778,"SHH, SJJ, SKK",TOWERS 9,5060,LOOKOUT (GUARD STATION),169,2011,2026-10-06
CMF,45,CALIFORNIA MEDICAL FACILITY,15315,U31,RANCH YARD SHACK,2430,STORAGE BUILDING,1500,,2026-10-06
CMF,45,CALIFORNIA MEDICAL FACILITY,36605,U58,EMERGENCY GENERATOR #2 S & Q,5820,UTILITY,672,,2026-10-06
CMF,45,CALIFORNIA MEDICAL FACILITY,15316,W1,RANCH SHOPS,5810,SHOP,4500,,2026-10-06
CMF,45,CALIFORNIA MEDICAL FACILITY,15322,W12,EMERGENCY GENERATOR #1,5820,UTILITY,672,,2026-10-06
CMF,45,CALIFORNIA MEDICAL FACILITY,15302,W7,FLAMMABLE STORAGE,2430,STORAGE BUILDING,400,,2026-10-06
CMF,45,CALIFORNIA MEDICAL FACILITY,15305,WBB,BOILER HOUSE,5820,UTILITY,9000,1994,2026-10-06
CMF,45,CALIFORNIA MEDICAL FACILITY,15318,WDD,GARAGE,5900,SERVICE STATION,12100,,2026-10-06
CMF,45,CALIFORNIA MEDICAL FACILITY,15307,WEE,MAINTENANCE WAREHOUSE,2440,WAREHOUSE,4900,,2026-10-06
CMF,45,CALIFORNIA MEDICAL FACILITY,15301,WF,MAINTENANCE SHOPS,5810,SHOP,19095,,2026-10-06
COR,36,"CSP, CORCORAN",55227,,47 SMALL MANAGEMENT EXERCISE YARDS,5930,SMALL MANAGEMENT EXERCISE YARDS,7050,2012,2026-10-06
COR,36,"CSP, CORCORAN",55804,,ADMIN SEG UNIT/ENHANCED OUTPATIENT PROG.,5670,DORMITORY,14932,2013,2026-10-06
COR,36,"CSP, CORCORAN",55774,,ADMINISTRATION SEGREGATION UNIT,5670,DORMITORY,25204,2002,2026-10-06
COR,36,"CSP, CORCORAN",44505,,CORR CLINICAL CASE MGT & OUTPATIENT CARE,5710,HOSPITAL/CLINIC/TREATMENT CENTER,6890,2002,2026-10-06
COR,36,"CSP, CORCORAN",57610,,EV CHARGING STATIONS (30-LEVEL 2 PORTS),4595,ELECTRIC VEHICLE CHARGING STATION,0,2020,2026-10-06
COR,36,"CSP, CORCORAN",57609,,EV CHARGING STATIONS (6- LEVEL 2 PORTS),4595,ELECTRIC VEHICLE CHARGING STATION,0,2020,2026-10-06
COR,36,"CSP, CORCORAN",431,,MENTAL HEALTH SERVICES,2355,RELOCATABLE MEDICAL FACILITY,4320,1996,2026-10-06
COR,36,"CSP, CORCORAN",441,,MODULAR OFFICE,2330,RELOCATABLE OFFICE,2496,1988,2026-10-06
COR,36,"CSP, CORCORAN",44133,,MODULAR OFFICE,2330,RELOCATABLE OFFICE,2160,1989,2026-10-06
COR,36,"CSP, CORCORAN",44134,,MODULAR OFFICE,2330,RELOCATABLE OFFICE,2160,1989,2026-10-06
COR,36,"CSP, CORCORAN",44135,,MODULAR OFFICE,2330,RELOCATABLE OFFICE,2160,1989,2026-10-06
COR,36,"CSP, CORCORAN",44136,,MODULAR OFFICE,2330,RELOCATABLE OFFICE,1440,1989,2026-10-06
COR,36,"CSP, CORCORAN",5258,,RELOCATABLE OFFICE,2330,RELOCATABLE OFFICE,5112,2004,2026-10-06
COR,36,"CSP, CORCORAN",37887,002,GUARD TOWER,5060,LOOKOUT (GUARD STATION),197,1988,2026-10-06
COR,36,"CSP, CORCORAN",37888,003,GUARD TOWER,5060,LOOKOUT (GUARD STATION),197,1988,2026-10-06
COR,36,"CSP, CORCORAN",37889,004,GUARD TOWER,5060,LOOKOUT (GUARD STATION),197,1988,2026-10-06
COR,36,"CSP, CORCORAN",37890,005,GUARD TOWER,5060,LOOKOUT (GUARD STATION),197,1988,2026-10-06
COR,36,"CSP, CORCORAN",37891,006,GUARD TOWER,5060,LOOKOUT (GUARD STATION),197,1988,2026-10-06
COR,36,"CSP, CORCORAN",37892,007,GUARD TOWER,5060,LOOKOUT (GUARD STATION),197,1988,2026-10-06
COR,36,"CSP, CORCORAN",37893,008,GUARD TOWER,5060,LOOKOUT (GUARD STATION),197,1988,2026-10-06
COR,36,"CSP, CORCORAN",37894,009,GUARD TOWER,5060,LOOKOUT (GUARD STATION),197,1988,2026-10-06
COR,36,"CSP, CORCORAN",37895,010,GUARD TOWER,5060,LOOKOUT (GUARD STATION),197,1988,2026-10-06
COR,36,"CSP, CORCORAN",37896,011,GUARD TOWER,5060,LOOKOUT (GUARD STATION),197,1988,2026-10-06
COR,36,"CSP, CORCORAN",37897,012,GUARD TOWER,5060,LOOKOUT (GUARD STATION),197,1988,2026-10-06
COR,36,"CSP, CORCORAN",37898,013,GUARD TOWER,5060,LOOKOUT (GUARD STATION),197,1988,2026-10-06
COR,36,"CSP, CORCORAN",37899,014,GUARD TOWER,5060,LOOKOUT (GUARD STATION),197,1988,2026-10-06
COR,36,"CSP, CORCORAN",37811,"100 A,B",FAMILY VISITING,5090,RESIDENCE (MULTI-FAMILY),1655,1988,2026-10-06
COR,36,"CSP, CORCORAN",15521,106,ADMIN LEVEL I,5960,VISITATION FACILITY,1655,1988,2026-10-06
COR,36,"CSP, CORCORAN",37816,108,ADMINISTRATION-LEVEL I,2310,OFFICE (INSTITUTIONAL),9610,1988,2026-10-06
COR,36,"CSP, CORCORAN",15524,200,VOLATILE STORAGE LEVEL I,2420,SHED,576,1988,2026-10-06
COR,36,"CSP, CORCORAN",15525,"201 A, B",GENERAL SUPPORT/PIA WAREHOUSE,2440,WAREHOUSE,165200,1988,2026-10-06
COR,36,"CSP, CORCORAN",38269,201W,PUMP STATION,5120,PUMP/WELL HOUSE,1938,1997,2026-10-06
COR,36,"CSP, CORCORAN",15526,202,FIRE STATION,5690,FIREHOUSE/FOREST FIRE STATION,4100,1988,2026-10-06
COR,36,"CSP, CORCORAN",15527,203,VEHICLE MAINTENANCE,3510,GARAGE/PARKING STRUCTURE,5513,1988,2026-10-06
COR,36,"CSP, CORCORAN",15528,204,ARMORY LOCKSMITH,5600,ARMORY,1403,1988,2026-10-06
COR,36,"CSP, CORCORAN",15530,205,SALLYPORT,5060,LOOKOUT (GUARD STATION),145,1988,2026-10-06
COR,36,"CSP, CORCORAN",15531,206,FIRING RANGE,5935,TRAINING FACILITY,1152,1988,2026-10-06
COR,36,"CSP, CORCORAN",15532,207,CENTRAL ADMINISTRATION,2310,OFFICE (INSTITUTIONAL),26634,1988,2026-10-06
COR,36,"CSP, CORCORAN",37817,208,VISITOR/STAFF SERVICES LEVEL III,5960,VISITATION FACILITY,3593,1988,2026-10-06
COR,36,"CSP, CORCORAN",37818,209,RELOCATABLE OFFICE,2330,RELOCATABLE OFFICE,120,1988,2026-10-06
COR,36,"CSP, CORCORAN",15533,210A,EMERGENCY GENERATOR CONTROL ROOM,2310,OFFICE (INSTITUTIONAL),1500,1988,2026-10-06
COR,36,"CSP, CORCORAN",38280,210R,BOILER PLANT,5820,UTILITY,6370,1994,2026-10-06
COR,36,"CSP, CORCORAN",38270,210W,WASTE WATER / ELECTRICAL BLDG,5820,UTILITY,384,1997,2026-10-06
COR,36,"CSP, CORCORAN",37819,211,VISITING STAFF LEVEL IV,5960,VISITATION FACILITY,533,1988,2026-10-06
COR,36,"CSP, CORCORAN",15534,212,WASTE WATER TREATMENT PLANT,5820,UTILITY,2355,1988,2026-10-06
COR,36,"CSP, CORCORAN",15535,213,WATER STOAGE PUMP STATION,5120,PUMP/WELL HOUSE,1200,1980,2026-10-06
COR,36,"CSP, CORCORAN",37820,214,RASP PROGRAM,2310,OFFICE (INSTITUTIONAL),1936,1988,2026-10-06
COR,36,"CSP, CORCORAN",37821,215,PIA SPICE FARM BLDG.,2440,WAREHOUSE,600,1988,2026-10-06
COR,36,"CSP, CORCORAN",37822,216,ENTRANCE GATE,5060,LOOKOUT (GUARD STATION),100,1988,2026-10-06
COR,36,"CSP, CORCORAN",37825,300 C,FAMILY VISITING BLDG 300C APTS. 1 AND 2,5090,RESIDENCE (MULTI-FAMILY),932,1988,2026-10-06
COR,36,"CSP, CORCORAN",37823,300A,FAMILY VISITING BLDG 300A APTS. 5 AND 6,5090,RESIDENCE (MULTI-FAMILY),932,1988,2026-10-06
COR,36,"CSP, CORCORAN",37824,300B,FAMILY VISITING BLDG. 300B APTS 3 AND 4,5090,RESIDENCE (MULTI-FAMILY),932,1988,2026-10-06
COR,36,"CSP, CORCORAN",15539,306 ABC,VISITING,5960,VISITATION FACILITY,29909,1988,2026-10-06
COR,36,"CSP, CORCORAN",15540,307 A,3A FOOD SERVICE SATELLITE,5830,KITCHEN,13200,1988,2026-10-06
COR,36,"CSP, CORCORAN",37900,307B,3B FOOD SERVICE SATELLITE,5060,LOOKOUT (GUARD STATION),13200,1988,2026-10-06
COR,36,"CSP, CORCORAN",37901,307C,3C FOOD SERVICE SATELLITE,5060,LOOKOUT (GUARD STATION),13200,1988,2026-10-06
COR,36,"CSP, CORCORAN",15523,308 B,PROGRAM OFFICES,2310,OFFICE (INSTITUTIONAL),26527,1988,2026-10-06
COR,36,"CSP, CORCORAN",15541,308A,PROGRAM OFFICES,2310,OFFICE (INSTITUTIONAL),26527,1988,2026-10-06
COR,36,"CSP, CORCORAN",37854,308C,PROGRAM OFFICE,2310,OFFICE (INSTITUTIONAL),26527,1988,2026-10-06
COR,36,"CSP, CORCORAN",15542,309A,CENTRAL KITCHEN-BAKERY,5830,KITCHEN,25120,1988,2026-10-06
COR,36,"CSP, CORCORAN",15543,309B,CAPTAIN'S OFFICES,2310,OFFICE (INSTITUTIONAL),5280,1988,2026-10-06
COR,36,"CSP, CORCORAN",37855,309C,VOCATIONAL CLASSROOMS,5620,CLASSROOM,1936,1988,2026-10-06
COR,36,"CSP, CORCORAN",15544,310A,CENTRAL LAUNDRY DRY CLEANING,5860,LAUNDRY,23295,1988,2026-10-06
COR,36,"CSP, CORCORAN",37856,310C,PROGRAM OFFICES,2310,OFFICE (INSTITUTIONAL),26160,1988,2026-10-06
COR,36,"CSP, CORCORAN",15546,311 A,PLANT OPS-CARPERNTER/ELECTRICIAN SHOPS,5810,SHOP,6000,,2026-10-06
COR,36,"CSP, CORCORAN",37902,311B,PIA-INDUSTRIES FOOD SERVICE 3B,5830,KITCHEN,6000,1988,2026-10-06
COR,36,"CSP, CORCORAN",37903,311C,PIA-INDUSTRIES FOOD SERVICE 3C,5830,KITCHEN,6000,1988,2026-10-06
COR,36,"CSP, CORCORAN",15547,312 B,PIA VOCATIONAL FACILITY,5620,CLASSROOM,39600,1988,2026-10-06
COR,36,"CSP, CORCORAN",15545,312A,PLANT OPERATIONS - OFFICES AND SHOPS,2310,OFFICE (INSTITUTIONAL),26640,1988,2026-10-06
COR,36,"CSP, CORCORAN",37857,312C,VOCATIONAL CLASSROOMS,5620,CLASSROOM,48600,1988,2026-10-06
COR,36,"CSP, CORCORAN",15548,313 A,BUILDING MAINTENANCE SATELLITE,5810,SHOP,3120,1988,2026-10-06
COR,36,"CSP, CORCORAN",15549,313 B,EDUCATION OFFICES,2310,OFFICE (INSTITUTIONAL),6720,1988,2026-10-06
COR,36,"CSP, CORCORAN",37904,313C,VOCATIONAL CLASSROOMS,5620,CLASSROOM,3120,1988,2026-10-06
COR,36,"CSP, CORCORAN",15550,314 B,VOLATILE STORAGE,2420,SHED,144,1988,2026-10-06
COR,36,"CSP, CORCORAN",37831,314A,VOLATILE STORAGE,2420,SHED,81,1988,2026-10-06
COR,36,"CSP, CORCORAN",37858,314C,VOLATILE STORAGE,2430,STORAGE BUILDING,81,1988,2026-10-06
COR,36,"CSP, CORCORAN",37859,315C,MILK PROCESSING FACILITY,5160,DAIRY,5712,1988,2026-10-06
COR,36,"CSP, CORCORAN",37826,3A01,3A-01 INMATE HOUSING,5670,DORMITORY,24224,1988,2026-10-06
COR,36,"CSP, CORCORAN",37827,3A02,3A-02 INMATE HOUSING,5670,DORMITORY,24224,1988,2026-10-06
COR,36,"CSP, CORCORAN",37828,3A03,3A-03 INMATE HOUSING,5670,DORMITORY,24224,1988,2026-10-06
COR,36,"CSP, CORCORAN",37829,3A04,3A-04 INMATE HOUSING,5670,DORMITORY,24224,1988,2026-10-06
COR,36,"CSP, CORCORAN",37830,3A05,3A-05 INMATE HOUSING,5670,DORMITORY,24224,1988,2026-10-06
COR,36,"CSP, CORCORAN",37832,3B01,BUILDING 3B01 INMATE HOUSING,5670,DORMITORY,24224,1988,2026-10-06
COR,36,"CSP, CORCORAN",37833,3B02,BUILDING 3B02 INMATE HOUSING,5670,DORMITORY,24224,1988,2026-10-06
COR,36,"CSP, CORCORAN",37834,3B03,BUILDING 3B03 INMATE HOUSING,5670,DORMITORY,24224,1988,2026-10-06
COR,36,"CSP, CORCORAN",37835,3B04,BUILDING 3B04 INMATE HOUSING,5670,DORMITORY,24224,1988,2026-10-06
COR,36,"CSP, CORCORAN",37836,3B05,BUILDING 3B05 INMATE HOUSING,5670,DORMITORY,24224,1988,2026-10-06
COR,36,"CSP, CORCORAN",37837,3C01,BUILDING 3C01 INMATE HOUSING,5670,DORMITORY,24224,1988,2026-10-06
COR,36,"CSP, CORCORAN",37838,3C02,BUILDING 3C02 INMATE HOUSING,5670,DORMITORY,24224,1988,2026-10-06
COR,36,"CSP, CORCORAN",37839,3C03,BUILDING 3C03 INMATE HOUSING,5670,DORMITORY,24224,1988,2026-10-06
COR,36,"CSP, CORCORAN",37840,3C04,BUILDING 3C04 INMATE HOUSING,5670,DORMITORY,24224,1988,2026-10-06
COR,36,"CSP, CORCORAN",37841,3C05,BUILDING 3C05 INMATE HOUSING,5670,DORMITORY,24224,1988,2026-10-06
COR,36,"CSP, CORCORAN",37850,404A,HOSPITAL,5710,HOSPITAL/CLINIC/TREATMENT CENTER,68654,1993,2026-10-06
COR,36,"CSP, CORCORAN",15553,405 A,RECEIVING/RELEASE,2310,OFFICE (INSTITUTIONAL),3782,1988,2026-10-06
COR,36,"CSP, CORCORAN",15554,406 ABX,VISITING/CONTROL,5960,VISITATION FACILITY,25186,1988,2026-10-06
COR,36,"CSP, CORCORAN",37851,408A,LIBRARY/CANTEEN/PROGRAM,2310,OFFICE (INSTITUTIONAL),7892,1988,2026-10-06
COR,36,"CSP, CORCORAN",37852,408B,LIBRARY/CANTEEN/PROGRAM,5680,LIBRARY,7892,1988,2026-10-06
COR,36,"CSP, CORCORAN",15556,411B,DINING LEVEL IV,5830,KITCHEN,9304,1988,2026-10-06
COR,36,"CSP, CORCORAN",15557,413 B,BUILDING MAINTENANCE SATELLITE,2310,OFFICE (INSTITUTIONAL),3420,1988,2026-10-06
COR,36,"CSP, CORCORAN",37853,414B,VOLATILE STORAGE,2420,SHED,400,1988,2026-10-06
COR,36,"CSP, CORCORAN",1559,415 B,WORK CHANGE,2485,WORK CHANGE,600,1988,2026-10-06
COR,36,"CSP, CORCORAN",37842,4A01,4A01 INMATE HOUSING,5670,DORMITORY,46646,1988,2026-10-06
COR,36,"CSP, CORCORAN",37843,4A02,4A02 INMATE HOUSING LEVEL IV,5670,DORMITORY,46646,1988,2026-10-06
COR,36,"CSP, CORCORAN",37844,4A03,4A03 INMATE HOUSEING LEVEL IV,5670,DORMITORY,46646,1988,2026-10-06
COR,36,"CSP, CORCORAN",37845,4A04,4A04 INMATE HOUSING LEVEL IV,5670,DORMITORY,46646,1988,2026-10-06
COR,36,"CSP, CORCORAN",37846,4B01,BUILDING 4B01 INMATE HOUSING LEVEL IV,5670,DORMITORY,46646,1988,2026-10-06
COR,36,"CSP, CORCORAN",37847,4B02,BUILDING 4B02 INMATE HOUSING LEVEL IV,5670,DORMITORY,46646,1988,2026-10-06
COR,36,"CSP, CORCORAN",37848,4B03,BUILDING 4B03 INMATE HOUSING LEVEL IV,5670,DORMITORY,46646,1988,2026-10-06
COR,36,"CSP, CORCORAN",37849,4B04,BUILDING 4B04 INMATE HOUSING LEVEL IV,5670,DORMITORY,46646,1988,2026-10-06
COR,36,"CSP, CORCORAN",38271,501#,PIA MECHANIC SHOP,5810,SHOP,3200,1996,2026-10-06
COR,36,"CSP, CORCORAN",38272,502,PIA CHEMICAL STORAGE,5810,SHOP,3359,1996,2026-10-06
COR,36,"CSP, CORCORAN",38273,706#,FIRE HOUSE DORM,5670,DORMITORY,1694,1997,2026-10-06
COR,36,"CSP, CORCORAN",38274,707#,FIRE EXTINGUISHER BLDG,5810,SHOP,320,1997,2026-10-06
COR,36,"CSP, CORCORAN",38276,CLS#2,E BED CLASSROOM NO. 2,5620,CLASSROOM,2592,1997,2026-10-06
COR,36,"CSP, CORCORAN",38275,CLS1,E BED CLASSROOM NO. 1,5620,CLASSROOM,2592,1997,2026-10-06
COR,36,"CSP, CORCORAN",1551,COWS,PIA-MILK PROCESSING,5160,DAIRY,7980,1988,2026-10-06
COR,36,"CSP, CORCORAN",38268,HAZ-1,HAZ-MAT STORAGE BLDG,2430,STORAGE BUILDING,80,1996,2026-10-06
COR,36,"CSP, CORCORAN",38277,IDL1,IDL REGION II HEADQUARTERS,5310,PEDESTRIAN PASSAGEWAY,3700,1997,2026-10-06
COR,36,"CSP, CORCORAN",38278,IDL2,IDL METAL FAB SHOP,5810,SHOP,5000,1997,2026-10-06
COR,36,"CSP, CORCORAN",37812,LEVEL 1A,LEV. 1A DORM,5670,DORMITORY,16618,1988,2026-10-06
COR,36,"CSP, CORCORAN",37813,LEVEL 1B,LEVEL 1B DORM,5670,DORMITORY,16618,1988,2026-10-06
COR,36,"CSP, CORCORAN",37814,LEVEL 1C,LEVEL 1C DORM,5670,DORMITORY,16618,1988,2026-10-06
COR,36,"CSP, CORCORAN",37815,LEVEL 1D,LEVEL 1D DORM,5670,DORMITORY,16618,1988,2026-10-06
COR,36,"CSP, CORCORAN",38279,LV1E,LEVEL 1 E-DORM,5670,DORMITORY,13244,1997,2026-10-06
COR,36,"CSP, CORCORAN",15520,TOWER NO. 1,GUARD TOWERS,5060,LOOKOUT (GUARD STATION),197,,2026-10-06
CRC,48,CALIFORNIA REHABILITATION CENTER (AKA NORCO),28932,100,PEDESTRIAN GATE HOUSE & ARMORY,5600,ARMORY,1832,1988,2026-10-06
CRC,48,CALIFORNIA REHABILITATION CENTER (AKA NORCO),28933,101,ADMINISTRATION ADM HOUSING MED EDUC,2310,OFFICE (INSTITUTIONAL),331809,1927,2026-10-06
CRC,48,CALIFORNIA REHABILITATION CENTER (AKA NORCO),28934,102,FACILITY D VISITING,5960,VISITATION FACILITY,1438,1937,2026-10-06
CRC,48,CALIFORNIA REHABILITATION CENTER (AKA NORCO),28935,103,"HOUSING, CULINARY, CHAPEL, CLOTHING",5670,DORMITORY,45438,1941,2026-10-06
CRC,48,CALIFORNIA REHABILITATION CENTER (AKA NORCO),28936,104,"HOUSING, HEALTH CARE OFFICE, CUSTODY",5670,DORMITORY,28049,1943,2026-10-06
CRC,48,CALIFORNIA REHABILITATION CENTER (AKA NORCO),28937,107A,"MALE HOUSING, CULINARY, PLANT OPS OFFICE",5670,DORMITORY,42284,1941,2026-10-06
CRC,48,CALIFORNIA REHABILITATION CENTER (AKA NORCO),28938,107B,"MALE HOUSING, STORAGE",5670,DORMITORY,37068,1941,2026-10-06
CRC,48,CALIFORNIA REHABILITATION CENTER (AKA NORCO),28939,107C,MALE HOUSING,5670,DORMITORY,52031,1941,2026-10-06
CRC,48,CALIFORNIA REHABILITATION CENTER (AKA NORCO),28940,108,"STORAGE, HAZMAT",2430,STORAGE BUILDING,560,1941,2026-10-06
CRC,48,CALIFORNIA REHABILITATION CENTER (AKA NORCO),50436,200,INGALLS HALL,2310,OFFICE (INSTITUTIONAL),62640,1942,2026-10-06
CRC,48,CALIFORNIA REHABILITATION CENTER (AKA NORCO),39042,300,GENERATOR BUILDING,5820,UTILITY,744,1991,2026-10-06
CRC,48,CALIFORNIA REHABILITATION CENTER (AKA NORCO),28941,301,PAINT SHOP,5810,SHOP,2240,1963,2026-10-06
CRC,48,CALIFORNIA REHABILITATION CENTER (AKA NORCO),28943,302,BOILER HOUSE,5820,UTILITY,7062,1926,2026-10-06
CRC,48,CALIFORNIA REHABILITATION CENTER (AKA NORCO),28944,303,CARPENTER SHOP/MAINT LUMBER STORAGE,5810,SHOP,3300,1943,2026-10-06
CRC,48,CALIFORNIA REHABILITATION CENTER (AKA NORCO),28945,304,PEST CONTROL/EQUIMPENT MAINTENANCE SUPER,2430,STORAGE BUILDING,4414,1943,2026-10-06
CRC,48,CALIFORNIA REHABILITATION CENTER (AKA NORCO),28946,305,"STORAGE, RASP",2430,STORAGE BUILDING,4776,1943,2026-10-06
CRC,48,CALIFORNIA REHABILITATION CENTER (AKA NORCO),28947,306,CHAPEL,5650,CHAPEL,9104,1943,2026-10-06
CRC,48,CALIFORNIA REHABILITATION CENTER (AKA NORCO),28948,307,SHOPS MECHANICAL WELD LANDSCAPE,5810,SHOP,1050,1965,2026-10-06
CRC,48,CALIFORNIA REHABILITATION CENTER (AKA NORCO),28949,311,RESTROOMS VISITORS / STAFF,5880,COMFORT STATION/RESTROOMS/LAVATORIES,130,1963,2026-10-06
CRC,48,CALIFORNIA REHABILITATION CENTER (AKA NORCO),37919,312,PEDESTRIAN GATE WITH/VEHICLE SALLYPORT,5060,LOOKOUT (GUARD STATION),240,1990,2026-10-06
CRC,48,CALIFORNIA REHABILITATION CENTER (AKA NORCO),28950,313,HOBBY CRAFT,5620,CLASSROOM,1320,1943,2026-10-06
CRC,48,CALIFORNIA REHABILITATION CENTER (AKA NORCO),28951,314,CAL FIRE OFFICE,2310,OFFICE (INSTITUTIONAL),1008,1942,2026-10-06
CRC,48,CALIFORNIA REHABILITATION CENTER (AKA NORCO),51144,314B,OFFICER QUARTERS CALFIRE,2360,RELOCATABLE RESIDENCE,300,2003,2026-10-06
CRC,48,CALIFORNIA REHABILITATION CENTER (AKA NORCO),28954,315A,WAREHOUSE CAL FIRE,2440,WAREHOUSE,4560,1975,2026-10-06
CRC,48,CALIFORNIA REHABILITATION CENTER (AKA NORCO),28952,315C,AUTO SHOP - CAL FIRE,2480,EQUIPMENT/MAINTENANCE BUILDING,1491,1973,2026-10-06
CRC,48,CALIFORNIA REHABILITATION CENTER (AKA NORCO),28953,316,BUS BARN - CAL FIRE,3510,GARAGE/PARKING STRUCTURE,3116,1977,2026-10-06
CRC,48,CALIFORNIA REHABILITATION CENTER (AKA NORCO),28955,317,ENGRAVING SHOP/FUEL STATION CAL FIRE,5900,SERVICE STATION,943,1974,2026-10-06
CRC,48,CALIFORNIA REHABILITATION CENTER (AKA NORCO),28956,318,VOC HVAC,5620,CLASSROOM,3600,1943,2026-10-06
CRC,48,CALIFORNIA REHABILITATION CENTER (AKA NORCO),28957,319,GARAGE,5900,SERVICE STATION,1850,1975,2026-10-06
CRC,48,CALIFORNIA REHABILITATION CENTER (AKA NORCO),28958,320,VOCATIONAL CARPENTRY,5620,CLASSROOM,19100,1943,2026-10-06
CRC,48,CALIFORNIA REHABILITATION CENTER (AKA NORCO),28959,321,"R&R, GYMNASIUM - MULTIPURPOSE CENTER",5890,GYMNASIUM,27552,1943,2026-10-06
CRC,48,CALIFORNIA REHABILITATION CENTER (AKA NORCO),28960,322,CLOTHING EXCHANGE,5860,LAUNDRY,13938,1943,2026-10-06
CRC,48,CALIFORNIA REHABILITATION CENTER (AKA NORCO),36944,324,STAFF GYM,2430,STORAGE BUILDING,726,1982,2026-10-06
CRC,48,CALIFORNIA REHABILITATION CENTER (AKA NORCO),39633,325,CHLORINE TREATMENT PLANT,5820,UTILITY,100,1993,2026-10-06
CRC,48,CALIFORNIA REHABILITATION CENTER (AKA NORCO),39631,340,FRIENDS OUTSIDE,2310,OFFICE (INSTITUTIONAL),500,1994,2026-10-06
CRC,48,CALIFORNIA REHABILITATION CENTER (AKA NORCO),51224,426,HOUSING UNIT / D-214,5670,DORMITORY,13244,2007,2026-10-06
CRC,48,CALIFORNIA REHABILITATION CENTER (AKA NORCO),28961,427,CUSTODY OPERATIONS,2310,OFFICE (INSTITUTIONAL),4917,1943,2026-10-06
CRC,48,CALIFORNIA REHABILITATION CENTER (AKA NORCO),28962,429,CUSTODY OPERATIONS OFFICES,2310,OFFICE (INSTITUTIONAL),6211,1943,2026-10-06
CRC,48,CALIFORNIA REHABILITATION CENTER (AKA NORCO),28963,431,EDUCATION/FACILTIY PROGRAM OFFICES,5620,CLASSROOM,8352,1943,2026-10-06
CRC,48,CALIFORNIA REHABILITATION CENTER (AKA NORCO),28964,432,HOUSING MALE,5670,DORMITORY,6211,1943,2026-10-06
CRC,48,CALIFORNIA REHABILITATION CENTER (AKA NORCO),28965,433,HOUSING MALE,5670,DORMITORY,6211,1943,2026-10-06
CRC,48,CALIFORNIA REHABILITATION CENTER (AKA NORCO),28966,434,HOUSING MALE,5670,DORMITORY,6211,1943,2026-10-06
CRC,48,CALIFORNIA REHABILITATION CENTER (AKA NORCO),28967,435,HOUSING MALE,5670,DORMITORY,6211,1943,2026-10-06
CRC,48,CALIFORNIA REHABILITATION CENTER (AKA NORCO),28968,436,HOUSING MALE,5670,DORMITORY,6211,1943,2026-10-06
CRC,48,CALIFORNIA REHABILITATION CENTER (AKA NORCO),28969,437,HOUSING MALE,5670,DORMITORY,6211,1943,2026-10-06
CRC,48,CALIFORNIA REHABILITATION CENTER (AKA NORCO),28970,438,HOUSING MALE,5670,DORMITORY,6211,1943,2026-10-06
CRC,48,CALIFORNIA REHABILITATION CENTER (AKA NORCO),28971,439,HOUSING MALE,5670,DORMITORY,6211,1943,2026-10-06
CRC,48,CALIFORNIA REHABILITATION CENTER (AKA NORCO),28972,441,HOUSING MALE,5670,DORMITORY,6211,1943,2026-10-06
CRC,48,CALIFORNIA REHABILITATION CENTER (AKA NORCO),28973,442,HOUSING MALE,5670,DORMITORY,6211,1943,2026-10-06
CRC,48,CALIFORNIA REHABILITATION CENTER (AKA NORCO),28974,443,HOUSING MALE,5670,DORMITORY,6211,1943,2026-10-06
CRC,48,CALIFORNIA REHABILITATION CENTER (AKA NORCO),29015,445,HOUSING MALE,5670,DORMITORY,6211,1943,2026-10-06
CRC,48,CALIFORNIA REHABILITATION CENTER (AKA NORCO),28975,446,LIBRARY,5680,LIBRARY,6211,1943,2026-10-06
CRC,48,CALIFORNIA REHABILITATION CENTER (AKA NORCO),28976,447,WAREHOUSE ANNEX/MENTAL HEALTH OFFICE,2440,WAREHOUSE,6211,1943,2026-10-06
CRC,48,CALIFORNIA REHABILITATION CENTER (AKA NORCO),28977,448,CANTEEN,5790,STORE (RETAIL),1537,1943,2026-10-06
CRC,48,CALIFORNIA REHABILITATION CENTER (AKA NORCO),28978,449,AUTO REPAIR VOC ED,5620,CLASSROOM,4152,1943,2026-10-06
CRC,48,CALIFORNIA REHABILITATION CENTER (AKA NORCO),44414,450,YARD RECREATION BUILDING,5890,GYMNASIUM,300,2003,2026-10-06
CRC,48,CALIFORNIA REHABILITATION CENTER (AKA NORCO),28979,451,WAREHOUSE,2440,WAREHOUSE,22350,1943,2026-10-06
CRC,48,CALIFORNIA REHABILITATION CENTER (AKA NORCO),44413,452,CCCMS BUILDING,2310,OFFICE (INSTITUTIONAL),1723,2002,2026-10-06
CRC,48,CALIFORNIA REHABILITATION CENTER (AKA NORCO),28980,453,FOOD SERVICES,5870,DINING/CAFETERIA,26652,1943,2026-10-06
CRC,48,CALIFORNIA REHABILITATION CENTER (AKA NORCO),28981,454,HEALTH CARE,2310,OFFICE (INSTITUTIONAL),4850,1943,2026-10-06
CRC,48,CALIFORNIA REHABILITATION CENTER (AKA NORCO),28982,455,PROGRAM OFFICES,2310,OFFICE (INSTITUTIONAL),2220,1943,2026-10-06
CRC,48,CALIFORNIA REHABILITATION CENTER (AKA NORCO),28983,456,MAIN DENTAL CLINIC,5710,HOSPITAL/CLINIC/TREATMENT CENTER,5250,1943,2026-10-06
CRC,48,CALIFORNIA REHABILITATION CENTER (AKA NORCO),28984,457,HOUSING MALE WORK CREW,5670,DORMITORY,4760,1943,2026-10-06
CRC,48,CALIFORNIA REHABILITATION CENTER (AKA NORCO),28985,458,OHU/MAIN MEDICAL CLINIC,5710,HOSPITAL/CLINIC/TREATMENT CENTER,5250,1943,2026-10-06
CRC,48,CALIFORNIA REHABILITATION CENTER (AKA NORCO),28986,459,HOUSING MALE WORK CREW,5670,DORMITORY,4760,1943,2026-10-06
CRC,48,CALIFORNIA REHABILITATION CENTER (AKA NORCO),39041,460,MENTAL HEALTH,5710,HOSPITAL/CLINIC/TREATMENT CENTER,1440,1996,2026-10-06
CRC,48,CALIFORNIA REHABILITATION CENTER (AKA NORCO),28987,461,HOUSING MALE,5670,DORMITORY,6211,1943,2026-10-06
CRC,48,CALIFORNIA REHABILITATION CENTER (AKA NORCO),28988,462,HOUSING MALE,5670,DORMITORY,6211,1943,2026-10-06
CRC,48,CALIFORNIA REHABILITATION CENTER (AKA NORCO),28989,463,HOUSING MALE,5670,DORMITORY,6211,1943,2026-10-06
CRC,48,CALIFORNIA REHABILITATION CENTER (AKA NORCO),28990,464,HOUSING MALE,5670,DORMITORY,6211,1943,2026-10-06
CRC,48,CALIFORNIA REHABILITATION CENTER (AKA NORCO),28991,465,HOUSING MALE,5670,DORMITORY,6211,1943,2026-10-06
CRC,48,CALIFORNIA REHABILITATION CENTER (AKA NORCO),28992,466,HOUSING MALE,5670,DORMITORY,6211,1943,2026-10-06
CRC,48,CALIFORNIA REHABILITATION CENTER (AKA NORCO),28993,467,HOUSING MALE,5670,DORMITORY,6211,1943,2026-10-06
CRC,48,CALIFORNIA REHABILITATION CENTER (AKA NORCO),28994,468,HOUSING MALE,5670,DORMITORY,6211,1943,2026-10-06
CRC,48,CALIFORNIA REHABILITATION CENTER (AKA NORCO),28995,469,HOUSING MALE,5670,DORMITORY,6211,1943,2026-10-06
CRC,48,CALIFORNIA REHABILITATION CENTER (AKA NORCO),28996,471,HOUSING MALE,5670,DORMITORY,6211,1943,2026-10-06
CRC,48,CALIFORNIA REHABILITATION CENTER (AKA NORCO),28997,472,HOUSING MALE,5670,DORMITORY,6211,1943,2026-10-06
CRC,48,CALIFORNIA REHABILITATION CENTER (AKA NORCO),28998,473,HOUSING MALE,5670,DORMITORY,6211,1943,2026-10-06
CRC,48,CALIFORNIA REHABILITATION CENTER (AKA NORCO),28999,475,HOUSING MALE,5670,DORMITORY,6211,1943,2026-10-06
CRC,48,CALIFORNIA REHABILITATION CENTER (AKA NORCO),29000,476,CLASSROOM / HFM,5620,CLASSROOM,6211,1943,2026-10-06
CRC,48,CALIFORNIA REHABILITATION CENTER (AKA NORCO),29001,477,MAIN VISITING ROOM,5960,VISITATION FACILITY,6211,1943,2026-10-06
CRC,48,CALIFORNIA REHABILITATION CENTER (AKA NORCO),37918,478,VISITORS PROCESSING CENTER,5960,VISITATION FACILITY,704,1996,2026-10-06
CRC,48,CALIFORNIA REHABILITATION CENTER (AKA NORCO),29002,498,FIRE HOUSE,5690,FIREHOUSE/FOREST FIRE STATION,2442,1943,2026-10-06
CRC,48,CALIFORNIA REHABILITATION CENTER (AKA NORCO),29004,600,EDUCATION MODULER,2340,RELOCATABLE CLASSROOM,1440,1986,2026-10-06
CRC,48,CALIFORNIA REHABILITATION CENTER (AKA NORCO),29005,601,EDUCATION MODULER,2340,RELOCATABLE CLASSROOM,1440,1986,2026-10-06
CRC,48,CALIFORNIA REHABILITATION CENTER (AKA NORCO),29006,602,EDUCATION MODULER,2340,RELOCATABLE CLASSROOM,1440,1986,2026-10-06
CRC,48,CALIFORNIA REHABILITATION CENTER (AKA NORCO),29007,603,EDUCATION MODULER,2340,RELOCATABLE CLASSROOM,1440,1986,2026-10-06
CRC,48,CALIFORNIA REHABILITATION CENTER (AKA NORCO),29008,604,EDUCATION MODULAR,2340,RELOCATABLE CLASSROOM,1440,1986,2026-10-06
CRC,48,CALIFORNIA REHABILITATION CENTER (AKA NORCO),29009,605,EDUCATION MODULAR,2340,RELOCATABLE CLASSROOM,1440,1986,2026-10-06
CRC,48,CALIFORNIA REHABILITATION CENTER (AKA NORCO),29010,606,EDUCATION MODULAR,2340,RELOCATABLE CLASSROOM,1440,1986,2026-10-06
CRC,48,CALIFORNIA REHABILITATION CENTER (AKA NORCO),29011,607,EDUCATION RESTROOM MODULE,5880,COMFORT STATION/RESTROOMS/LAVATORIES,720,1986,2026-10-06
CRC,48,CALIFORNIA REHABILITATION CENTER (AKA NORCO),29012,608,EDUCATION MODULAR,2340,RELOCATABLE CLASSROOM,1440,1986,2026-10-06
CRC,48,CALIFORNIA REHABILITATION CENTER (AKA NORCO),29013,609,EDUCATION MODULAR,2340,RELOCATABLE CLASSROOM,1440,1986,2026-10-06
CRC,48,CALIFORNIA REHABILITATION CENTER (AKA NORCO),4663,625,MAIN EDUCATION OFFICES,2330,RELOCATABLE OFFICE,4320,1998,2026-10-06
CRC,48,CALIFORNIA REHABILITATION CENTER (AKA NORCO),4805,626,ISUDT,2330,RELOCATABLE OFFICE,6390,1999,2026-10-06
CRC,48,CALIFORNIA REHABILITATION CENTER (AKA NORCO),4806,627,M/U OFFICES (SELF HELP),2330,RELOCATABLE OFFICE,6390,1999,2026-10-06
CRC,48,CALIFORNIA REHABILITATION CENTER (AKA NORCO),4803,701,ISUDT,2330,RELOCATABLE OFFICE,6390,1999,2026-10-06
CRC,48,CALIFORNIA REHABILITATION CENTER (AKA NORCO),4804,702,HEALTHCARE ADMINISTRATION,2330,RELOCATABLE OFFICE,6390,1999,2026-10-06
CRC,48,CALIFORNIA REHABILITATION CENTER (AKA NORCO),50976,L1,CONFERENCE ROOM,2380,CONFERENCE ROOM,2650,2002,2026-10-06
CRC,48,CALIFORNIA REHABILITATION CENTER (AKA NORCO),50977,L2,EDUCATION,5620,CLASSROOM,2650,2002,2026-10-06
CRC,48,CALIFORNIA REHABILITATION CENTER (AKA NORCO),50978,L3,EDUCATION,5620,CLASSROOM,2650,2002,2026-10-06
CRC,48,CALIFORNIA REHABILITATION CENTER (AKA NORCO),50960,MOD A,PERSONNEL / 1ST,2330,RELOCATABLE OFFICE,8640,2002,2026-10-06
CRC,48,CALIFORNIA REHABILITATION CENTER (AKA NORCO),50961,MOD B,FELON RECORDS,2330,RELOCATABLE OFFICE,5760,2002,2026-10-06
CRC,48,CALIFORNIA REHABILITATION CENTER (AKA NORCO),50962,MOD B1,COMPUTER SERVICES,2330,RELOCATABLE OFFICE,1152,2002,2026-10-06
CRC,48,CALIFORNIA REHABILITATION CENTER (AKA NORCO),50963,MOD C,N# RECORDS,2330,RELOCATABLE OFFICE,4320,2002,2026-10-06
CRC,48,CALIFORNIA REHABILITATION CENTER (AKA NORCO),50964,MOD D,ADMINISTRATION,2330,RELOCATABLE OFFICE,3600,2002,2026-10-06
CRC,48,CALIFORNIA REHABILITATION CENTER (AKA NORCO),50965,MOD E,ADMINISTRATION - EXECUTIVE,2330,RELOCATABLE OFFICE,4320,2002,2026-10-06
CRC,48,CALIFORNIA REHABILITATION CENTER (AKA NORCO),50966,MOD F,ACCOUNTING/PROCUREMENT,2330,RELOCATABLE OFFICE,4320,2002,2026-10-06
CRC,48,CALIFORNIA REHABILITATION CENTER (AKA NORCO),50967,MOD G,MAILROOM,2330,RELOCATABLE OFFICE,2880,2002,2026-10-06
CRC,48,CALIFORNIA REHABILITATION CENTER (AKA NORCO),50968,MOD G1,MAILROOM,2330,RELOCATABLE OFFICE,320,2002,2026-10-06
CRC,48,CALIFORNIA REHABILITATION CENTER (AKA NORCO),50969,MOD H1,MALE HOUSING,2350,RELOCATABLE DORMITORY,5760,2002,2026-10-06
CRC,48,CALIFORNIA REHABILITATION CENTER (AKA NORCO),50970,MOD H2,MALE HOUSING,2350,RELOCATABLE DORMITORY,5760,2002,2026-10-06
CRC,48,CALIFORNIA REHABILITATION CENTER (AKA NORCO),50971,MOD H3,MALE HOUSING,2350,RELOCATABLE DORMITORY,5760,2002,2026-10-06
CRC,48,CALIFORNIA REHABILITATION CENTER (AKA NORCO),50973,MOD J,EDUCATION F-4,2340,RELOCATABLE CLASSROOM,5040,2002,2026-10-06
CRC,48,CALIFORNIA REHABILITATION CENTER (AKA NORCO),50974,MOD K,DENTAL / X-RAY F-4,2355,RELOCATABLE MEDICAL FACILITY,2880,2002,2026-10-06
CRC,48,CALIFORNIA REHABILITATION CENTER (AKA NORCO),50979,MOD L4,PAROLE / FIRE / EDUCATION,2330,RELOCATABLE OFFICE,2880,2002,2026-10-06
CRC,48,CALIFORNIA REHABILITATION CENTER (AKA NORCO),50975,MOD M,HEALTH CARE OFFICES / SUPPLY,2355,RELOCATABLE MEDICAL FACILITY,5760,2002,2026-10-06
CRC,48,CALIFORNIA REHABILITATION CENTER (AKA NORCO),50980,MOD N,BOARD OF PAROLE HEARINGS,2330,RELOCATABLE OFFICE,4320,2002,2026-10-06
CRC,48,CALIFORNIA REHABILITATION CENTER (AKA NORCO),50981,MOD P1,FAMILY VISITING,2360,RELOCATABLE RESIDENCE,768,2002,2026-10-06
CRC,48,CALIFORNIA REHABILITATION CENTER (AKA NORCO),50982,MOD P2,FAMILY VISITING,2360,RELOCATABLE RESIDENCE,768,2002,2026-10-06
CRC,48,CALIFORNIA REHABILITATION CENTER (AKA NORCO),50983,MOD P3,FAMILY VISITING,2360,RELOCATABLE RESIDENCE,768,2002,2026-10-06
CRC,48,CALIFORNIA REHABILITATION CENTER (AKA NORCO),50984,MOD P4,FAMILY VISITING,2360,RELOCATABLE RESIDENCE,768,2002,2026-10-06
CRC,48,CALIFORNIA REHABILITATION CENTER (AKA NORCO),50985,MOD R,EDUCATION OFFICES / CLASSROOMS,2340,RELOCATABLE CLASSROOM,2880,2002,2026-10-06
CRC,48,CALIFORNIA REHABILITATION CENTER (AKA NORCO),50986,MOD S,EDUCATION CLASSROOM,2330,RELOCATABLE OFFICE,720,2002,2026-10-06
CRC,48,CALIFORNIA REHABILITATION CENTER (AKA NORCO),29014,T1-8,TOWERS 1-8,5060,LOOKOUT (GUARD STATION),900,1988,2026-10-06
CTC,10497,RICHARD A. MCGEE CORRECTIONAL TRAINING CENTER,44290,,A BUILDING,5630,AUDITORIUM/HALL,5016,1959,2026-10-06
CTC,10497,RICHARD A. MCGEE CORRECTIONAL TRAINING CENTER,44291,,B BUILDING,2310,OFFICE (INSTITUTIONAL),13035,1959,2026-10-06
CTC,10497,RICHARD A. MCGEE CORRECTIONAL TRAINING CENTER,44292,,C BUILDING,2310,OFFICE (INSTITUTIONAL),7198,1959,2026-10-06
CTC,10497,RICHARD A. MCGEE CORRECTIONAL TRAINING CENTER,44293,,D BUILDING,2310,OFFICE (INSTITUTIONAL),3616,1959,2026-10-06
CTC,10497,RICHARD A. MCGEE CORRECTIONAL TRAINING CENTER,44294,,E BUILDING,5670,DORMITORY,7729,1959,2026-10-06
CTC,10497,RICHARD A. MCGEE CORRECTIONAL TRAINING CENTER,44295,,F BUILDING,5670,DORMITORY,9222,1959,2026-10-06
CTC,10497,RICHARD A. MCGEE CORRECTIONAL TRAINING CENTER,44296,,G BUILDING,5670,DORMITORY,9297,1959,2026-10-06
CTC,10497,RICHARD A. MCGEE CORRECTIONAL TRAINING CENTER,44297,,H BUILDING,5600,ARMORY,1906,1991,2026-10-06
CTC,10497,RICHARD A. MCGEE CORRECTIONAL TRAINING CENTER,44298,,J BUILDING,5830,KITCHEN,9648,1959,2026-10-06
CTC,10497,RICHARD A. MCGEE CORRECTIONAL TRAINING CENTER,44299,,K BUILDING,2310,OFFICE (INSTITUTIONAL),2479,1959,2026-10-06
CTC,10497,RICHARD A. MCGEE CORRECTIONAL TRAINING CENTER,44300,,L BUILDING,5890,GYMNASIUM,14972,1959,2026-10-06
CTC,10497,RICHARD A. MCGEE CORRECTIONAL TRAINING CENTER,44301,,M BUILDING,5630,AUDITORIUM/HALL,12750,1991,2026-10-06
CTC,10497,RICHARD A. MCGEE CORRECTIONAL TRAINING CENTER,4647,,MODULAR BUILDING A,2340,RELOCATABLE CLASSROOM,1440,1998,2026-10-06
CTC,10497,RICHARD A. MCGEE CORRECTIONAL TRAINING CENTER,4648,,MODULAR BUILDING B,2340,RELOCATABLE CLASSROOM,1440,1998,2026-10-06
CTC,10497,RICHARD A. MCGEE CORRECTIONAL TRAINING CENTER,4649,,MODULAR BUILDING C,2340,RELOCATABLE CLASSROOM,1440,1998,2026-10-06
CTC,10497,RICHARD A. MCGEE CORRECTIONAL TRAINING CENTER,4650,,MODULAR BUILDING D,2340,RELOCATABLE CLASSROOM,1440,1998,2026-10-06
CTC,10497,RICHARD A. MCGEE CORRECTIONAL TRAINING CENTER,5018,,MODULAR BUILDING E,2340,RELOCATABLE CLASSROOM,1420,2001,2026-10-06
CTC,10497,RICHARD A. MCGEE CORRECTIONAL TRAINING CENTER,5014,,MODULAR BUILDING F,2330,RELOCATABLE OFFICE,4970,2001,2026-10-06
CTC,10497,RICHARD A. MCGEE CORRECTIONAL TRAINING CENTER,5017,,MODULAR BUILDING G,2350,RELOCATABLE DORMITORY,4970,2001,2026-10-06
CTC,10497,RICHARD A. MCGEE CORRECTIONAL TRAINING CENTER,5015,,MODULAR BUILDING H,2350,RELOCATABLE DORMITORY,7800,2001,2026-10-06
CTC,10497,RICHARD A. MCGEE CORRECTIONAL TRAINING CENTER,5016,,MODULAR BUILDING I,2350,RELOCATABLE DORMITORY,7800,2001,2026-10-06
CTC,10497,RICHARD A. MCGEE CORRECTIONAL TRAINING CENTER,44302,,N BUILDING,2310,OFFICE (INSTITUTIONAL),4627,1991,2026-10-06
CTC,10497,RICHARD A. MCGEE CORRECTIONAL TRAINING CENTER,44303,,O BUILDING,5620,CLASSROOM,4110,1991,2026-10-06
CTC,10497,RICHARD A. MCGEE CORRECTIONAL TRAINING CENTER,44304,,P BUILDING,5620,CLASSROOM,4200,1991,2026-10-06
CTC,10497,RICHARD A. MCGEE CORRECTIONAL TRAINING CENTER,44305,,Q BUILDING,5670,DORMITORY,2464,1991,2026-10-06
CTC,10497,RICHARD A. MCGEE CORRECTIONAL TRAINING CENTER,44306,,R BUILDING,5670,DORMITORY,2464,1991,2026-10-06
CTC,10497,RICHARD A. MCGEE CORRECTIONAL TRAINING CENTER,44307,,S BUILDING,5670,DORMITORY,2464,1991,2026-10-06
CTC,10497,RICHARD A. MCGEE CORRECTIONAL TRAINING CENTER,44308,,T BUILDING,5670,DORMITORY,2514,1991,2026-10-06
CTC,10497,RICHARD A. MCGEE CORRECTIONAL TRAINING CENTER,44309,,U BUILDING,5670,DORMITORY,2514,1991,2026-10-06
CTC,10497,RICHARD A. MCGEE CORRECTIONAL TRAINING CENTER,44310,,V BUILDING,5810,SHOP,7186,1991,2026-10-06
CTC,10497,RICHARD A. MCGEE CORRECTIONAL TRAINING CENTER,44311,,W BUILDING,2440,WAREHOUSE,9668,1991,2026-10-06
CTC,10497,RICHARD A. MCGEE CORRECTIONAL TRAINING CENTER,44312,,X BUILDING,5810,SHOP,3117,1991,2026-10-06
CTC,10497,RICHARD A. MCGEE CORRECTIONAL TRAINING CENTER,44313,,Y BUILDING,5860,LAUNDRY,2342,1991,2026-10-06
CTC,10497,RICHARD A. MCGEE CORRECTIONAL TRAINING CENTER,44314,,Z BUILDING,2480,EQUIPMENT/MAINTENANCE BUILDING,2940,1991,2026-10-06
CTF,51,CORRECTIONAL TRAINING FACILITY,51560,,38 SMALL MANAGEMENT EXERCISE YARDS,5930,SMALL MANAGEMENT EXERCISE YARDS,5700,2009,2026-10-06
CTF,51,CORRECTIONAL TRAINING FACILITY,37703,,FREEZER STORAGE #19 & #20 - CENTRAL FAC.,2430,STORAGE BUILDING,1600,1995,2026-10-06
CTF,51,CORRECTIONAL TRAINING FACILITY,4870,,MODULAR BUILDING S-83 (VACANT),2330,RELOCATABLE OFFICE,5040,2000,2026-10-06
CTF,51,CORRECTIONAL TRAINING FACILITY,5382,,OSAP MODULAR,2330,RELOCATABLE OFFICE,5443,2004,2026-10-06
CTF,51,CORRECTIONAL TRAINING FACILITY,28682,#28682,QUONSET HOUSING,5740,RESIDENCE (SINGLE FAMILY),19062,,2026-10-06
CTF,51,CORRECTIONAL TRAINING FACILITY,28696,#28696,"STORAGE S-63, S-68",2430,STORAGE BUILDING,8735,,2026-10-06
CTF,51,CORRECTIONAL TRAINING FACILITY,28718,#28718,SH2 CENTRALIZED WATCH OFFICE,2310,OFFICE (INSTITUTIONAL),10140,1953,2026-10-06
CTF,51,CORRECTIONAL TRAINING FACILITY,28719,#28719,SH-2A BSO CARPORT & SH-3A PERS. CARPORT,3500,CARPORT,6940,,2026-10-06
CTF,51,CORRECTIONAL TRAINING FACILITY,28721,#28721,"CARPORTS SH-4A, SH-5A & SH-6A",3500,CARPORT,3249,,2026-10-06
CTF,51,CORRECTIONAL TRAINING FACILITY,28724,#28724,6 TWO-BEDROOM RESIDENCES SH-7 THRU SH-12,5740,RESIDENCE (SINGLE FAMILY),7704,,2026-10-06
CTF,51,CORRECTIONAL TRAINING FACILITY,28725,#28725,6 GARAGES RESIDENCES SH-7A THRU SH-12A,3512,GARAGE (RESIDENCE),1440,,2026-10-06
CTF,51,CORRECTIONAL TRAINING FACILITY,28726,#28726,4 3-BEDROOM RESIDENCES SH-13 THRU SH-16,5740,RESIDENCE (SINGLE FAMILY),6128,,2026-10-06
CTF,51,CORRECTIONAL TRAINING FACILITY,28727,#28727,GARAGES RESIDENCES SH-13 THRU SH-16,3512,GARAGE (RESIDENCE),2420,,2026-10-06
CTF,51,CORRECTIONAL TRAINING FACILITY,28728,#28728,SH-17 RESIDENCE NO. 17 3-BEDROOM,5740,RESIDENCE (SINGLE FAMILY),1356,,2026-10-06
CTF,51,CORRECTIONAL TRAINING FACILITY,2875,#28757,S-230 CORP YARD OFFICE/SHOP,5810,SHOP,2665,,2026-10-06
CTF,51,CORRECTIONAL TRAINING FACILITY,28760,#28760,STORAGE SHEDS S-234 THRU S-239,2420,SHED,9480,,2026-10-06
CTF,51,CORRECTIONAL TRAINING FACILITY,15632,15632,CENTRAL FACILITY,2310,OFFICE (INSTITUTIONAL),432325,,2026-10-06
CTF,51,CORRECTIONAL TRAINING FACILITY,15638,15638,CENTRAL FACILITY TOWERS,5060,LOOKOUT (GUARD STATION),1956,,2026-10-06
CTF,51,CORRECTIONAL TRAINING FACILITY,15644,15644,BUILDINGS KK & LL NDUSTRIES BLDG,5810,SHOP,48556,,2026-10-06
CTF,51,CORRECTIONAL TRAINING FACILITY,15661,15661,"NORTH FACILITY SA, SB, SC, SD",5670,DORMITORY,145264,,2026-10-06
CTF,51,CORRECTIONAL TRAINING FACILITY,15664,15664,NORTH FACILITY SG/SH,5620,CLASSROOM,13842,,2026-10-06
CTF,51,CORRECTIONAL TRAINING FACILITY,15665,15665,NORTH FACILITY SK/SJ,5620,CLASSROOM,5659,,2026-10-06
CTF,51,CORRECTIONAL TRAINING FACILITY,15666,15666,NORTH FAC. - ROOF TOWERS & GUARD TOWERS,5060,LOOKOUT (GUARD STATION),1164,,2026-10-06
CTF,51,CORRECTIONAL TRAINING FACILITY,15667,15667,SL ADMIN. BLDG. AND SL-V VISITING,2310,OFFICE (INSTITUTIONAL),21564,,2026-10-06
CTF,51,CORRECTIONAL TRAINING FACILITY,15668,15668,"SP YARD A TOILET, SO YARD B TOILET",5880,COMFORT STATION/RESTROOMS/LAVATORIES,188,,2026-10-06
CTF,51,CORRECTIONAL TRAINING FACILITY,15669,15669,VS-1 VOCATIONAL SHOP NO. 1 BLDG,5620,CLASSROOM,23793,,2026-10-06
CTF,51,CORRECTIONAL TRAINING FACILITY,15674,15674,"DORM NOS. 3, 4, 5, 6, 7",5670,DORMITORY,41445,,2026-10-06
CTF,51,CORRECTIONAL TRAINING FACILITY,15680,15680,RESIDENCES (SH20 ISU OFFICE),5740,RESIDENCE (SINGLE FAMILY),3286,1953,2026-10-06
CTF,51,CORRECTIONAL TRAINING FACILITY,43379,A-51,A-51 PLANT OPERATIONS,2310,OFFICE (INSTITUTIONAL),3600,,2026-10-06
CTF,51,CORRECTIONAL TRAINING FACILITY,43380,A-51-A,A-51-A,2310,OFFICE (INSTITUTIONAL),600,,2026-10-06
CTF,51,CORRECTIONAL TRAINING FACILITY,15634,BB,BB GARAGE/SERVICE STATION,5900,SERVICE STATION,8596,,2026-10-06
CTF,51,CORRECTIONAL TRAINING FACILITY,15635,CC,CC SALLYPORT NO. 10,5060,LOOKOUT (GUARD STATION),44,,2026-10-06
CTF,51,CORRECTIONAL TRAINING FACILITY,36794,CMC,CMC - CENTRAL MAIN CORRIDOR,5060,LOOKOUT (GUARD STATION),16267,1988,2026-10-06
CTF,51,CORRECTIONAL TRAINING FACILITY,36793,CMC,CMC - CENTRAL MAIN CORRIDOR-EAST GATE,5060,LOOKOUT (GUARD STATION),2300,1988,2026-10-06
CTF,51,CORRECTIONAL TRAINING FACILITY,36792,CMC,CMC - CENTRAL MAIN CORRIDOR-WEST GATE,5060,LOOKOUT (GUARD STATION),566,1988,2026-10-06
CTF,51,CORRECTIONAL TRAINING FACILITY,36795,CMC,CMC - TUNNEL AREA,5820,UTILITY,20512,,2026-10-06
CTF,51,CORRECTIONAL TRAINING FACILITY,15636,DD,DD FIREHOUSE,5690,FIREHOUSE/FOREST FIRE STATION,3774,,2026-10-06
CTF,51,CORRECTIONAL TRAINING FACILITY,39036,DD-2,DD-2 FIREHOUSE GARAGE,3510,GARAGE/PARKING STRUCTURE,1560,1996,2026-10-06
CTF,51,CORRECTIONAL TRAINING FACILITY,39978,DD-3,DD-3 FIRE EXTINGUISHER SERVICE BLDG,5810,SHOP,320,1995,2026-10-06
CTF,51,CORRECTIONAL TRAINING FACILITY,15656,DDD,DDD DOG KENNELS,5300,KENNEL,112,,2026-10-06
CTF,51,CORRECTIONAL TRAINING FACILITY,36791,E-1,E-1 WEST GATE ROOF TOWER,5060,LOOKOUT (GUARD STATION),64,1988,2026-10-06
CTF,51,CORRECTIONAL TRAINING FACILITY,15637,EE,EE ENTRANCE BLDG,2310,OFFICE (INSTITUTIONAL),1233,,2026-10-06
CTF,51,CORRECTIONAL TRAINING FACILITY,15657,EEE,EEE INGROUNDS/PAINT STORAGE,2430,STORAGE BUILDING,1284,,2026-10-06
CTF,51,CORRECTIONAL TRAINING FACILITY,15659,FFF,FFF 4-PLEX FAMILY VISIT FOUR PLEX,5670,DORMITORY,2400,,2026-10-06
CTF,51,CORRECTIONAL TRAINING FACILITY,39981,FR,FR FIRING RANGE TOILET,5880,COMFORT STATION/RESTROOMS/LAVATORIES,400,,2026-10-06
CTF,51,CORRECTIONAL TRAINING FACILITY,15648,II,II MUSEUM / HEALTH CARE TRAINING ROOM,5770,MUSEUM,1860,,2026-10-06
CTF,51,CORRECTIONAL TRAINING FACILITY,58362,IJ,BLDG  IJ-FACILITY C PRIMARY CARE CLINIC,5710,HOSPITAL/CLINIC/TREATMENT CENTER,4460,2019,2026-10-06
CTF,51,CORRECTIONAL TRAINING FACILITY,15639,JJ,JJ MAINTENANCE WAREHOUSE,2440,WAREHOUSE,16924,,2026-10-06
CTF,51,CORRECTIONAL TRAINING FACILITY,15641,JJ-1,JJ-1 ELECTRIC SHOP,5810,SHOP,4449,,2026-10-06
CTF,51,CORRECTIONAL TRAINING FACILITY,15642,JJ-2,JJ-2 CARPENTER SHOP,5810,SHOP,2936,,2026-10-06
CTF,51,CORRECTIONAL TRAINING FACILITY,15643,JJ-3,JJ-3 PLANT OPERATION ANNEX,2310,OFFICE (INSTITUTIONAL),1064,,2026-10-06
CTF,51,CORRECTIONAL TRAINING FACILITY,15640,JJOAS,JJOAS OXYGEN & ACTELYNE STORAGE,2430,STORAGE BUILDING,99,,2026-10-06
CTF,51,CORRECTIONAL TRAINING FACILITY,15645,MM,BUILDING MM PIA SILKSCREEN,5810,SHOP,21140,1953,2026-10-06
CTF,51,CORRECTIONAL TRAINING FACILITY,36789,MS,"MS MAINTENANCE SHOPS, NORTH FACILITY",5810,SHOP,6141,,2026-10-06
CTF,51,CORRECTIONAL TRAINING FACILITY,15646,NN,NN INDUSTRIES,5810,SHOP,47643,,2026-10-06
CTF,51,CORRECTIONAL TRAINING FACILITY,36785,O-1,"O-1 CENTRAL FAC ROOF, TOWER O-WING EAST",5060,LOOKOUT (GUARD STATION),64,,2026-10-06
CTF,51,CORRECTIONAL TRAINING FACILITY,36786,O-2,"O-2 CENTRAL FAC ROOF, TOWER O-WING EAST",5060,LOOKOUT (GUARD STATION),64,,2026-10-06
CTF,51,CORRECTIONAL TRAINING FACILITY,36784,O-3,"O-3 CENTRAL FAC ROOF, TOWER O-WING WEST",5060,LOOKOUT (GUARD STATION),64,,2026-10-06
CTF,51,CORRECTIONAL TRAINING FACILITY,15647,OO,00 INDUSTRIES BLDG./TIMEKEEPER'S OFFICE,2310,OFFICE (INSTITUTIONAL),1504,,2026-10-06
CTF,51,CORRECTIONAL TRAINING FACILITY,15633,"P, P-1","P-1 BOILER ROOM ANNEX, P BOILER ROOM",5820,UTILITY,12266,,2026-10-06
CTF,51,CORRECTIONAL TRAINING FACILITY,54983,P2,BUILDING P2 - BOILER ADDITION,5820,UTILITY,713,2012,2026-10-06
CTF,51,CORRECTIONAL TRAINING FACILITY,15649,PP,PP IN-SERVICE TRAINING BLDG,5620,CLASSROOM,7092,,2026-10-06
CTF,51,CORRECTIONAL TRAINING FACILITY,36782,PPP,PPP INDUSTRIES TOWER,5060,LOOKOUT (GUARD STATION),96,,2026-10-06
CTF,51,CORRECTIONAL TRAINING FACILITY,15650,QQ,QQ RECYCLING CENTER,2480,EQUIPMENT/MAINTENANCE BUILDING,2500,,2026-10-06
CTF,51,CORRECTIONAL TRAINING FACILITY,44465,QQ-2,RASP BUILDING QQ-2,5810,SHOP,3000,2003,2026-10-06
CTF,51,CORRECTIONAL TRAINING FACILITY,15651,RR,RR PROCUREMENT WHSE,2440,WAREHOUSE,34270,,2026-10-06
CTF,51,CORRECTIONAL TRAINING FACILITY,39975,RR-1,RR-1 HAZARDOUS MATERIALS STORAGE,2420,SHED,700,1999,2026-10-06
CTF,51,CORRECTIONAL TRAINING FACILITY,15672,S-1,S-1 BACKGATE HOUSE & TRUCK PASSGATE,5060,LOOKOUT (GUARD STATION),270,,2026-10-06
CTF,51,CORRECTIONAL TRAINING FACILITY,36787,S-10,S-10 VOC. FLOOR/TILE CLASSROOM-SOUTH FAC,5620,CLASSROOM,480,,2026-10-06
CTF,51,CORRECTIONAL TRAINING FACILITY,28710,S-100,S-100 STORAGE SHED,2420,SHED,249,,2026-10-06
CTF,51,CORRECTIONAL TRAINING FACILITY,28707,S-101,S-101 TOOL SHED AND STORAGE,2430,STORAGE BUILDING,366,,2026-10-06
CTF,51,CORRECTIONAL TRAINING FACILITY,39973,S-102,S-102 STORAGE SHED,2420,SHED,120,1950,2026-10-06
CTF,51,CORRECTIONAL TRAINING FACILITY,28708,S-103,"S-103 SEWAGE PLANT, CONTROL BLDG.",5820,UTILITY,1288,,2026-10-06
CTF,51,CORRECTIONAL TRAINING FACILITY,28709,S-104,S-104 LABORATORY,5720,LABORATORY,480,,2026-10-06
CTF,51,CORRECTIONAL TRAINING FACILITY,36797,S-11,S-11 TOWER 11,5060,LOOKOUT (GUARD STATION),121,1993,2026-10-06
CTF,51,CORRECTIONAL TRAINING FACILITY,36798,S-12,S-12 TOWER 12,5060,LOOKOUT (GUARD STATION),121,1993,2026-10-06
CTF,51,CORRECTIONAL TRAINING FACILITY,36799,S-13,S-13 TOWER 13,5060,LOOKOUT (GUARD STATION),223,1988,2026-10-06
CTF,51,CORRECTIONAL TRAINING FACILITY,36800,S-14,S-14 TOWER 14,5060,LOOKOUT (GUARD STATION),121,1993,2026-10-06
CTF,51,CORRECTIONAL TRAINING FACILITY,15676,S-15,S-15 RED BARN,2430,STORAGE BUILDING,2464,,2026-10-06
CTF,51,CORRECTIONAL TRAINING FACILITY,15677,S-17,"S-16, S-17 GEENHOUSE #1 & #2 (VACANT)",5700,NURSERY/GREENHOUSE,2829,1953,2026-10-06
CTF,51,CORRECTIONAL TRAINING FACILITY,15678,S-18,S-18 FAMILY VISITING TRAILER (VACANT),2360,RELOCATABLE RESIDENCE,672,,2026-10-06
CTF,51,CORRECTIONAL TRAINING FACILITY,15679,S-19,S-19 FAMILY VISITING DUPLEX,5670,DORMITORY,1200,,2026-10-06
CTF,51,CORRECTIONAL TRAINING FACILITY,38332,S-2,S-2 DORMITORY NO. 2 (SOUTH FACILITY),5670,DORMITORY,13244,1996,2026-10-06
CTF,51,CORRECTIONAL TRAINING FACILITY,39979,S-200,S-200 WELL 7 PUMP HOUSE,5120,PUMP/WELL HOUSE,170,,2026-10-06
CTF,51,CORRECTIONAL TRAINING FACILITY,39980,S-201,S-201 WELL 6 PUMP HOUSE,5120,PUMP/WELL HOUSE,170,,2026-10-06
CTF,51,CORRECTIONAL TRAINING FACILITY,28732,S-202,S-202 WELL NO. 4,5120,PUMP/WELL HOUSE,71,,2026-10-06
CTF,51,CORRECTIONAL TRAINING FACILITY,28735,S-203,S-203 CHLORINATION STATION,5820,UTILITY,216,,2026-10-06
CTF,51,CORRECTIONAL TRAINING FACILITY,28736,S-204,S-204 DOMESTIC WATER WET WELL,5820,UTILITY,529,,2026-10-06
CTF,51,CORRECTIONAL TRAINING FACILITY,28737,S-205,S-205 BOOSTER PUMP HOUSE,5120,PUMP/WELL HOUSE,496,,2026-10-06
CTF,51,CORRECTIONAL TRAINING FACILITY,28738,S-206,S-206 HAY BARN,2490,BARN,4608,,2026-10-06
CTF,51,CORRECTIONAL TRAINING FACILITY,28740,S-208,S-208 CALF BARN (VACANT),2490,BARN,3557,1953,2026-10-06
CTF,51,CORRECTIONAL TRAINING FACILITY,43890,S-209,S-209 MEDICAL IT OFFICE,2310,OFFICE (INSTITUTIONAL),1440,1997,2026-10-06
CTF,51,CORRECTIONAL TRAINING FACILITY,28741,S-210,S-210 MILKING BARN (VACANT),2490,BARN,5634,1953,2026-10-06
CTF,51,CORRECTIONAL TRAINING FACILITY,28742,S-211,S-211 DAIRY BOILER ROOM (VACANT),5820,UTILITY,456,1953,2026-10-06
CTF,51,CORRECTIONAL TRAINING FACILITY,28743,S-212,S-212 COOLING TOWER (VACANT),5820,UTILITY,267,1953,2026-10-06
CTF,51,CORRECTIONAL TRAINING FACILITY,28744,S-213,S-213 COW & CALF BARN (VACANT),2490,BARN,2637,1953,2026-10-06
CTF,51,CORRECTIONAL TRAINING FACILITY,28745,S-214,S-214 BULL BARN (VACANT),2490,BARN,871,1953,2026-10-06
CTF,51,CORRECTIONAL TRAINING FACILITY,28746,S-215,S-215 CALF BARN (VACANT),2490,BARN,1692,1953,2026-10-06
CTF,51,CORRECTIONAL TRAINING FACILITY,28747,S-216,S-216 FEEDER BARN (VACANT),2490,BARN,3317,1953,2026-10-06
CTF,51,CORRECTIONAL TRAINING FACILITY,28739,S-217,S-217 HAY BARN,2490,BARN,5760,,2026-10-06
CTF,51,CORRECTIONAL TRAINING FACILITY,28748,S-218,S-218 FARM OFFICE (VACANT),2310,OFFICE (INSTITUTIONAL),517,1953,2026-10-06
CTF,51,CORRECTIONAL TRAINING FACILITY,28749,S-219,S-219 GRAIN STORAGE (VACANT),2420,SHED,1320,1953,2026-10-06
CTF,51,CORRECTIONAL TRAINING FACILITY,15681,S-22,S-22 FAMILY VISITING OFFICE,2310,OFFICE (INSTITUTIONAL),960,,2026-10-06
CTF,51,CORRECTIONAL TRAINING FACILITY,28750,S-220,S-220 GARDEN SHOP/EQUIP SHOP (VACANT),5810,SHOP,428,1953,2026-10-06
CTF,51,CORRECTIONAL TRAINING FACILITY,28751,S-221,S-221 IMPLIMENT SHED,2420,SHED,4800,,2026-10-06
CTF,51,CORRECTIONAL TRAINING FACILITY,28752,S-222,S-222 TRACTOR SHED,2420,SHED,4800,,2026-10-06
CTF,51,CORRECTIONAL TRAINING FACILITY,28753,S-223,S-223 FARM SHOP,5810,SHOP,6480,,2026-10-06
CTF,51,CORRECTIONAL TRAINING FACILITY,43889,S-224,S-224 INMATE DAY LABOR,5810,SHOP,2310,2000,2026-10-06
CTF,51,CORRECTIONAL TRAINING FACILITY,28754,S-225,S-225 INMATE DAY LABOR,2310,OFFICE (INSTITUTIONAL),756,,2026-10-06
CTF,51,CORRECTIONAL TRAINING FACILITY,28755,S-226,S-226 INMATE DAY LABOR,2310,OFFICE (INSTITUTIONAL),705,,2026-10-06
CTF,51,CORRECTIONAL TRAINING FACILITY,36803,S-227,S-227 RESTROOM IDL,5880,COMFORT STATION/RESTROOMS/LAVATORIES,107,1988,2026-10-06
CTF,51,CORRECTIONAL TRAINING FACILITY,28756,S-228,S-228 STORAGE NO. 1,2430,STORAGE BUILDING,1858,,2026-10-06
CTF,51,CORRECTIONAL TRAINING FACILITY,15682,S-23,S-23 FARM WORKCREW OFFICE,2310,OFFICE (INSTITUTIONAL),800,,2026-10-06
CTF,51,CORRECTIONAL TRAINING FACILITY,28758,S-231,S-231 CORP YARD TOILET FACILITY,5880,COMFORT STATION/RESTROOMS/LAVATORIES,96,,2026-10-06
CTF,51,CORRECTIONAL TRAINING FACILITY,28759,S-232,S-232 SHEETMETAL/OUT GROUNDS OFFICE,5810,SHOP,4680,,2026-10-06
CTF,51,CORRECTIONAL TRAINING FACILITY,28675,S-24,S-24 CONTROL/PBX,2310,OFFICE (INSTITUTIONAL),960,,2026-10-06
CTF,51,CORRECTIONAL TRAINING FACILITY,28761,S-240,S-240 BOILER CHEMICAL STORAGE,2430,STORAGE BUILDING,1008,,2026-10-06
CTF,51,CORRECTIONAL TRAINING FACILITY,28763,S-241,S-241 SAND BLASTING SHED,2420,SHED,600,,2026-10-06
CTF,51,CORRECTIONAL TRAINING FACILITY,44466,S-242,S-242 DRINKING WATER CHLORINATION BLDG,5820,UTILITY,96,2003,2026-10-06
CTF,51,CORRECTIONAL TRAINING FACILITY,44988,S-243,S--243 PRISON INDUSTRY WAREHOUSE,2440,WAREHOUSE,4000,2003,2026-10-06
CTF,51,CORRECTIONAL TRAINING FACILITY,28676,S-25,S-25 MAC OFFICE,2310,OFFICE (INSTITUTIONAL),400,,2026-10-06
CTF,51,CORRECTIONAL TRAINING FACILITY,28678,S-27,S-27 DENTAL LAB/MEDICAL RECORDS,5620,CLASSROOM,2370,1953,2026-10-06
CTF,51,CORRECTIONAL TRAINING FACILITY,28679,S-28,S-28 INGROUNDS/HORTICULTURE,5620,CLASSROOM,1920,,2026-10-06
CTF,51,CORRECTIONAL TRAINING FACILITY,28680,S-29,S-29 VOC. HORTICULTURE,5620,CLASSROOM,960,,2026-10-06
CTF,51,CORRECTIONAL TRAINING FACILITY,28681,S-30,S-30 IRRIGATION WELL #1,5120,PUMP/WELL HOUSE,100,,2026-10-06
CTF,51,CORRECTIONAL TRAINING FACILITY,28685,S-51,S-51,5620,CLASSROOM,960,,2026-10-06
CTF,51,CORRECTIONAL TRAINING FACILITY,28684,S-52,"S-52 CLASSROOMS #3, 4",5620,CLASSROOM,1382,,2026-10-06
CTF,51,CORRECTIONAL TRAINING FACILITY,28686,S-53,S-53 LIBRARY,5680,LIBRARY,480,,2026-10-06
CTF,51,CORRECTIONAL TRAINING FACILITY,28687,S-54,S-54 LAUNDRY ROOM,5860,LAUNDRY,320,,2026-10-06
CTF,51,CORRECTIONAL TRAINING FACILITY,28688,S-55,S-55 WATCH OFFICE,2310,OFFICE (INSTITUTIONAL),2000,,2026-10-06
CTF,51,CORRECTIONAL TRAINING FACILITY,28689,S-56,S-56 MUSIC ROOM,5620,CLASSROOM,640,,2026-10-06
CTF,51,CORRECTIONAL TRAINING FACILITY,28690,S-57,S-57 BARBER SHOP,2310,OFFICE (INSTITUTIONAL),480,,2026-10-06
CTF,51,CORRECTIONAL TRAINING FACILITY,37700,S-58,S-58 GYMNASIUM - SOUTH FACILITY,5890,GYMNASIUM,10318,1994,2026-10-06
CTF,51,CORRECTIONAL TRAINING FACILITY,28692,S-59,S-59 VOCATIONAL CLASSROOM,5620,CLASSROOM,1157,,2026-10-06
CTF,51,CORRECTIONAL TRAINING FACILITY,28693,S-60,INSIDE PLUMBING SHOP,5810,SHOP,960,,2026-10-06
CTF,51,CORRECTIONAL TRAINING FACILITY,28694,S-61,ENGINEER SHOP,5810,SHOP,2976,,2026-10-06
CTF,51,CORRECTIONAL TRAINING FACILITY,28695,S-62,S-62 BOILER ROOM,5820,UTILITY,1560,,2026-10-06
CTF,51,CORRECTIONAL TRAINING FACILITY,28697,S-64,S-64 CULINARY,5830,KITCHEN,14842,,2026-10-06
CTF,51,CORRECTIONAL TRAINING FACILITY,15673,S-67,S-67 VOCATIONAL PLUMBING MOCKUP,5620,CLASSROOM,795,,2026-10-06
CTF,51,CORRECTIONAL TRAINING FACILITY,37702,S-69,S-69 ADMIN./SUPPORT BLDG.-SOUTH FAC.,2310,OFFICE (INSTITUTIONAL),24200,1995,2026-10-06
CTF,51,CORRECTIONAL TRAINING FACILITY,28702,S-71,S-71 ENTRANCE BLDG.,2310,OFFICE (INSTITUTIONAL),864,,2026-10-06
CTF,51,CORRECTIONAL TRAINING FACILITY,28703,S-73,S-73 ARMORY,5600,ARMORY,149,,2026-10-06
CTF,51,CORRECTIONAL TRAINING FACILITY,28704,S-75,S-75 OUTSIDE MAINTENANCE,5810,SHOP,5078,,2026-10-06
CTF,51,CORRECTIONAL TRAINING FACILITY,28705,S-76,S-76 OUTSIDE MAINTENANCE STORAGE,2430,STORAGE BUILDING,324,,2026-10-06
CTF,51,CORRECTIONAL TRAINING FACILITY,28706,S-78,S-78 SPORTS EQUIPMENT STORAGE,2400,STORAGE,165,,2026-10-06
CTF,51,CORRECTIONAL TRAINING FACILITY,58363,S-90,BLDG S-90-FACILITY D PRIMARY CARE CLINIC,5710,HOSPITAL/CLINIC/TREATMENT CENTER,3467,2019,2026-10-06
CTF,51,CORRECTIONAL TRAINING FACILITY,36802,S-92,S-92 IRRIGATION WELL #2,5120,PUMP/WELL HOUSE,64,1988,2026-10-06
CTF,51,CORRECTIONAL TRAINING FACILITY,28733,S207,S-207 WELL NO. 5,5120,PUMP/WELL HOUSE,64,,2026-10-06
CTF,51,CORRECTIONAL TRAINING FACILITY,15662,SE,"SE CULINARY, DINING HALLS AND GYM",5670,DORMITORY,33391,,2026-10-06
CTF,51,CORRECTIONAL TRAINING FACILITY,37701,SEE COMMENTS FOR DETAIL,FAMILY VISITING DUPLEXES - CENTRAL,5090,RESIDENCE (MULTI-FAMILY),5694,1992,2026-10-06
CTF,51,CORRECTIONAL TRAINING FACILITY,15663,SF,SF NORTH FACILITY,5620,CLASSROOM,19151,,2026-10-06
CTF,51,CORRECTIONAL TRAINING FACILITY,28715,SH-1,SH-1 WARDEN'S RESIDENCE,5740,RESIDENCE (SINGLE FAMILY),3285,,2026-10-06
CTF,51,CORRECTIONAL TRAINING FACILITY,28716,SH-1,SH-1 WARDEN'S RESIDENCE TEAHOUSE,5840,RECREATION BUILDING,325,,2026-10-06
CTF,51,CORRECTIONAL TRAINING FACILITY,39982,SH-17A,SH-17A GARAGE RESIDENCE 17,3512,GARAGE (RESIDENCE),624,1953,2026-10-06
CTF,51,CORRECTIONAL TRAINING FACILITY,39976,SH-18,SH-18 STAFF RESIDENCES SEWAGE LIFT STA.,5820,UTILITY,312,,2026-10-06
CTF,51,CORRECTIONAL TRAINING FACILITY,28729,SH-19,"SH-19 GATEHOUSE, TRI-FACILITY",5060,LOOKOUT (GUARD STATION),105,,2026-10-06
CTF,51,CORRECTIONAL TRAINING FACILITY,28717,SH-1A,SH-1A GARAGE - RESIDENCE,3512,GARAGE (RESIDENCE),1034,,2026-10-06
CTF,51,CORRECTIONAL TRAINING FACILITY,28723,SH-4,SH-4 CREDIT UNION,2310,OFFICE (INSTITUTIONAL),2370,,2026-10-06
CTF,51,CORRECTIONAL TRAINING FACILITY,28683,SH-47,SH-47 QUONSET HOUSING #47,5740,RESIDENCE (SINGLE FAMILY),1920,,2026-10-06
CTF,51,CORRECTIONAL TRAINING FACILITY,28720,SH-5,OLD RESIDENCE (BUSINESS SERVICES),2310,OFFICE (INSTITUTIONAL),2343,1953,2026-10-06
CTF,51,CORRECTIONAL TRAINING FACILITY,28722,SH-6,ACCOUNTING,2310,OFFICE (INSTITUTIONAL),1907,1953,2026-10-06
CTF,51,CORRECTIONAL TRAINING FACILITY,58361,SIK,BLDG SIK-FACILITY A PRIMARY CARE CLINIC,5710,HOSPITAL/CLINIC/TREATMENT CENTER,3467,2019,2026-10-06
CTF,51,CORRECTIONAL TRAINING FACILITY,36788,SR,SR SALLYPORT NO. 6,5060,LOOKOUT (GUARD STATION),136,,2026-10-06
CTF,51,CORRECTIONAL TRAINING FACILITY,15652,SS,SS YARD CANTEEN,5750,CONCESSION,880,,2026-10-06
CTF,51,CORRECTIONAL TRAINING FACILITY,38331,SV,SV FREMONT DORMITORY,5670,DORMITORY,13244,1996,2026-10-06
CTF,51,CORRECTIONAL TRAINING FACILITY,38330,SW,SW TORO DORMITORY,5670,DORMITORY,13244,1996,2026-10-06
CTF,51,CORRECTIONAL TRAINING FACILITY,39038,SX,SX MED. CLINIC (E-BED) NO. FAC.,5710,HOSPITAL/CLINIC/TREATMENT CENTER,1502,1997,2026-10-06
CTF,51,CORRECTIONAL TRAINING FACILITY,39037,SZ,SZ CLASSROOM (E-BED) NORTH FAC. (VACANT),5620,CLASSROOM,4320,1997,2026-10-06
CTF,51,CORRECTIONAL TRAINING FACILITY,15658,T-1,T-1 SHOP STORAGE,2430,STORAGE BUILDING,126,,2026-10-06
CTF,51,CORRECTIONAL TRAINING FACILITY,39974,TS,TS SALLYPORT 8,5060,LOOKOUT (GUARD STATION),96,1985,2026-10-06
CTF,51,CORRECTIONAL TRAINING FACILITY,39977,TT,TT STORAGE,2420,SHED,561,,2026-10-06
CTF,51,CORRECTIONAL TRAINING FACILITY,15654,UU,UU YARD TOILET,5880,COMFORT STATION/RESTROOMS/LAVATORIES,500,,2026-10-06
CTF,51,CORRECTIONAL TRAINING FACILITY,36790,VS-2,VS-2 VOCATIONAL SHOP 2,5620,CLASSROOM,20510,1988,2026-10-06
CTF,51,CORRECTIONAL TRAINING FACILITY,39548,VV,VV LOCKSHOP / ARMORY,5600,ARMORY,1700,1997,2026-10-06
CTF,51,CORRECTIONAL TRAINING FACILITY,36783,X-1,"X-1 CENTRAL FAC ROOF, TOWER X-WING",5060,LOOKOUT (GUARD STATION),64,,2026-10-06
CTF,51,CORRECTIONAL TRAINING FACILITY,44467,X-2,X-2 X-WING AD-SEG TOWER,5060,LOOKOUT (GUARD STATION),56,2003,2026-10-06
CVSP,9288,"CHUCKAWALLA VALLEY STATE PRISON, RIVERSIDE CO.",51559,,20 SMALL MANAGEMENT EXERCISE YARDS,5930,SMALL MANAGEMENT EXERCISE YARDS,3000,2009,2026-10-06
CVSP,9288,"CHUCKAWALLA VALLEY STATE PRISON, RIVERSIDE CO.",57614,,EV CHARGING STATIONS (10-LEVEL 2 PORTS),4595,ELECTRIC VEHICLE CHARGING STATION,0,2020,2026-10-06
CVSP,9288,"CHUCKAWALLA VALLEY STATE PRISON, RIVERSIDE CO.",37940,A-01,CENTRAL ADMINISTRATION,2310,OFFICE (INSTITUTIONAL),26604,1987,2026-10-06
CVSP,9288,"CHUCKAWALLA VALLEY STATE PRISON, RIVERSIDE CO.",37941,C-01,CENTRAL KITCHEN,5830,KITCHEN,20160,1987,2026-10-06
CVSP,9288,"CHUCKAWALLA VALLEY STATE PRISON, RIVERSIDE CO.",37942,C-02,PIA FOOD SERVICE SATELITE A,5870,DINING/CAFETERIA,5684,1987,2026-10-06
CVSP,9288,"CHUCKAWALLA VALLEY STATE PRISON, RIVERSIDE CO.",37943,C-03,PIA FOOD SERVICE SATELITE B,5870,DINING/CAFETERIA,5684,1987,2026-10-06
CVSP,9288,"CHUCKAWALLA VALLEY STATE PRISON, RIVERSIDE CO.",37944,C-04,PIA FOOD SERVICE SATELITE C,5870,DINING/CAFETERIA,5684,1987,2026-10-06
CVSP,9288,"CHUCKAWALLA VALLEY STATE PRISON, RIVERSIDE CO.",37945,C-05,PIA FOOD SERVICE SATELITE D,5870,DINING/CAFETERIA,5684,1987,2026-10-06
CVSP,9288,"CHUCKAWALLA VALLEY STATE PRISON, RIVERSIDE CO.",37946,C-06,FACILITY FOOD SERVICE SATELITE A,5870,DINING/CAFETERIA,12384,1987,2026-10-06
CVSP,9288,"CHUCKAWALLA VALLEY STATE PRISON, RIVERSIDE CO.",37947,C-07,FACILITY FOOD SERVICE SATELITE B,5870,DINING/CAFETERIA,12384,1987,2026-10-06
CVSP,9288,"CHUCKAWALLA VALLEY STATE PRISON, RIVERSIDE CO.",37948,C-08,FACILITY FOOD SERVICE SATELITE C,5870,DINING/CAFETERIA,12384,1987,2026-10-06
CVSP,9288,"CHUCKAWALLA VALLEY STATE PRISON, RIVERSIDE CO.",37949,C-09,FACILITY FOOD SERVICE SATELITE D,5870,DINING/CAFETERIA,12384,1987,2026-10-06
CVSP,9288,"CHUCKAWALLA VALLEY STATE PRISON, RIVERSIDE CO.",37950,H-01,HOUSING UNIT #1,5670,DORMITORY,23333,1987,2026-10-06
CVSP,9288,"CHUCKAWALLA VALLEY STATE PRISON, RIVERSIDE CO.",37951,H-02,HOUSING UNIT #2,5670,DORMITORY,23333,1987,2026-10-06
CVSP,9288,"CHUCKAWALLA VALLEY STATE PRISON, RIVERSIDE CO.",37952,H-03,HOUSING UNIT #3,5670,DORMITORY,23333,1987,2026-10-06
CVSP,9288,"CHUCKAWALLA VALLEY STATE PRISON, RIVERSIDE CO.",37953,H-04,HOUSING UNIT #4,5670,DORMITORY,23333,1987,2026-10-06
CVSP,9288,"CHUCKAWALLA VALLEY STATE PRISON, RIVERSIDE CO.",37954,H-05,HOUSING UNIT #5,5670,DORMITORY,23333,1987,2026-10-06
CVSP,9288,"CHUCKAWALLA VALLEY STATE PRISON, RIVERSIDE CO.",37955,H-06,HOUSING UNIT #6,5670,DORMITORY,23333,1987,2026-10-06
CVSP,9288,"CHUCKAWALLA VALLEY STATE PRISON, RIVERSIDE CO.",37956,H-07,HOUSING UNIT #7,5670,DORMITORY,23333,1987,2026-10-06
CVSP,9288,"CHUCKAWALLA VALLEY STATE PRISON, RIVERSIDE CO.",37957,H-08,HOUSING UNIT #8,5670,DORMITORY,23333,1987,2026-10-06
CVSP,9288,"CHUCKAWALLA VALLEY STATE PRISON, RIVERSIDE CO.",37958,H-09,HOUSING UNIT #9,5670,DORMITORY,23333,1987,2026-10-06
CVSP,9288,"CHUCKAWALLA VALLEY STATE PRISON, RIVERSIDE CO.",37959,H-10,HOUSING UNIT #10,5670,DORMITORY,23333,1987,2026-10-06
CVSP,9288,"CHUCKAWALLA VALLEY STATE PRISON, RIVERSIDE CO.",37960,H-11,HOUSING UNIT #11,5670,DORMITORY,23333,1987,2026-10-06
CVSP,9288,"CHUCKAWALLA VALLEY STATE PRISON, RIVERSIDE CO.",37961,H-12,ADMINISTRATIVE SEGREGATION,5670,DORMITORY,23876,1987,2026-10-06
CVSP,9288,"CHUCKAWALLA VALLEY STATE PRISON, RIVERSIDE CO.",37962,I-01,PIA CENTRAL LAUNDRY,5860,LAUNDRY,14711,1987,2026-10-06
CVSP,9288,"CHUCKAWALLA VALLEY STATE PRISON, RIVERSIDE CO.",37963,I-02,"MILL AND CABINET FACILTY ""B""",5620,CLASSROOM,36000,1987,2026-10-06
CVSP,9288,"CHUCKAWALLA VALLEY STATE PRISON, RIVERSIDE CO.",37964,I-03,PIA SEWING FACTORY,5810,SHOP,16000,1987,2026-10-06
CVSP,9288,"CHUCKAWALLA VALLEY STATE PRISON, RIVERSIDE CO.",37965,I-04,MAINTENANCE WAREHOUSE,2440,WAREHOUSE,26908,1987,2026-10-06
CVSP,9288,"CHUCKAWALLA VALLEY STATE PRISON, RIVERSIDE CO.",37967,M-01,CENTRAL HEALTH,5710,HOSPITAL/CLINIC/TREATMENT CENTER,14420,1987,2026-10-06
CVSP,9288,"CHUCKAWALLA VALLEY STATE PRISON, RIVERSIDE CO.",37969,M-02,FIRE HOUSE,5690,FIREHOUSE/FOREST FIRE STATION,5500,1987,2026-10-06
CVSP,9288,"CHUCKAWALLA VALLEY STATE PRISON, RIVERSIDE CO.",37968,M-03,RECYCLE AND SALVAGE PROGRAM,2480,EQUIPMENT/MAINTENANCE BUILDING,2025,1987,2026-10-06
CVSP,9288,"CHUCKAWALLA VALLEY STATE PRISON, RIVERSIDE CO.",37970,P-01,BOARD OF PRISON TERMS/ A-B VISITING,5960,VISITATION FACILITY,14078,1987,2026-10-06
CVSP,9288,"CHUCKAWALLA VALLEY STATE PRISON, RIVERSIDE CO.",37971,P-02,FAMILY VISITING UNIT #1,5960,VISITATION FACILITY,3224,1987,2026-10-06
CVSP,9288,"CHUCKAWALLA VALLEY STATE PRISON, RIVERSIDE CO.",37972,P-03,FAMILY VISITING UNIT #2,5960,VISITATION FACILITY,3076,1987,2026-10-06
CVSP,9288,"CHUCKAWALLA VALLEY STATE PRISON, RIVERSIDE CO.",37973,P-04,C-D VISITING,5960,VISITATION FACILITY,11878,1987,2026-10-06
CVSP,9288,"CHUCKAWALLA VALLEY STATE PRISON, RIVERSIDE CO.",37974,P-05,VOCATIONAL EDUCATION A,5620,CLASSROOM,16800,1987,2026-10-06
CVSP,9288,"CHUCKAWALLA VALLEY STATE PRISON, RIVERSIDE CO.",37975,P-06,VOCATIONAL EDUCATION B,5620,CLASSROOM,14560,1987,2026-10-06
CVSP,9288,"CHUCKAWALLA VALLEY STATE PRISON, RIVERSIDE CO.",37976,P-07,VOCATIONAL EDUCATION C,5620,CLASSROOM,11680,1987,2026-10-06
CVSP,9288,"CHUCKAWALLA VALLEY STATE PRISON, RIVERSIDE CO.",37977,P-08,VOCATIONAL EDUCATION D,5620,CLASSROOM,15360,1987,2026-10-06
CVSP,9288,"CHUCKAWALLA VALLEY STATE PRISON, RIVERSIDE CO.",37978,P-09,FACILITY PROGRAMS AND SERVICES A,2310,OFFICE (INSTITUTIONAL),32729,1987,2026-10-06
CVSP,9288,"CHUCKAWALLA VALLEY STATE PRISON, RIVERSIDE CO.",37979,P-10,FACILITY PROGRAMS AND SERVICES B,2310,OFFICE (INSTITUTIONAL),32729,1987,2026-10-06
CVSP,9288,"CHUCKAWALLA VALLEY STATE PRISON, RIVERSIDE CO.",37980,P-11,FACILITY PROGRAMS AND SERVICES C,2310,OFFICE (INSTITUTIONAL),32729,1987,2026-10-06
CVSP,9288,"CHUCKAWALLA VALLEY STATE PRISON, RIVERSIDE CO.",37981,P-12,FACILITY PROGRAMS AND SERVICES D,2310,OFFICE (INSTITUTIONAL),32729,1987,2026-10-06
CVSP,9288,"CHUCKAWALLA VALLEY STATE PRISON, RIVERSIDE CO.",37982,P-13,VISITOR PROCESSING,2482,STAGING AREA,2883,1987,2026-10-06
CVSP,9288,"CHUCKAWALLA VALLEY STATE PRISON, RIVERSIDE CO.",37983,P-14,CENTRAL LIBRARY/MEDIA,5680,LIBRARY,5315,1987,2026-10-06
CVSP,9288,"CHUCKAWALLA VALLEY STATE PRISON, RIVERSIDE CO.",37984,P-15,VISITING CENTER,2330,RELOCATABLE OFFICE,1440,1987,2026-10-06
CVSP,9288,"CHUCKAWALLA VALLEY STATE PRISON, RIVERSIDE CO.",5122,P-20,OSAP,2330,RELOCATABLE OFFICE,6272,2004,2026-10-06
CVSP,9288,"CHUCKAWALLA VALLEY STATE PRISON, RIVERSIDE CO.",37985,S-01,CENTRAL OPERATIONS AND CONTROL,2310,OFFICE (INSTITUTIONAL),6224,1987,2026-10-06
CVSP,9288,"CHUCKAWALLA VALLEY STATE PRISON, RIVERSIDE CO.",37986,S-02,RECEIVING AND RELEASE,2310,OFFICE (INSTITUTIONAL),3782,1987,2026-10-06
CVSP,9288,"CHUCKAWALLA VALLEY STATE PRISON, RIVERSIDE CO.",37987,S-03,GUARD TOWER #1,5060,LOOKOUT (GUARD STATION),197,1987,2026-10-06
CVSP,9288,"CHUCKAWALLA VALLEY STATE PRISON, RIVERSIDE CO.",37988,S-04,GUARD TOWER #2,5060,LOOKOUT (GUARD STATION),197,1987,2026-10-06
CVSP,9288,"CHUCKAWALLA VALLEY STATE PRISON, RIVERSIDE CO.",37989,S-05,WEAPONS TRAINING BUILDING,5600,ARMORY,912,1987,2026-10-06
CVSP,9288,"CHUCKAWALLA VALLEY STATE PRISON, RIVERSIDE CO.",37990,S-06,VEHICLE SALLPORT/GUARD HOUSE,5060,LOOKOUT (GUARD STATION),150,1987,2026-10-06
CVSP,9288,"CHUCKAWALLA VALLEY STATE PRISON, RIVERSIDE CO.",37991,S-07,LOCKSMITH/ARMORY,5600,ARMORY,1560,1987,2026-10-06
CVSP,9288,"CHUCKAWALLA VALLEY STATE PRISON, RIVERSIDE CO.",37992,U-01,WATER TREATMENT CONTROL BUILDING,5820,UTILITY,9500,1987,2026-10-06
CVSP,9288,"CHUCKAWALLA VALLEY STATE PRISON, RIVERSIDE CO.",37994,U-02,EMERGENCY POWER PLANT,5820,UTILITY,1800,1987,2026-10-06
CVSP,9288,"CHUCKAWALLA VALLEY STATE PRISON, RIVERSIDE CO.",37993,U-03,WASTEWATER TREATMENT BUILDING,5820,UTILITY,2400,1987,2026-10-06
CVSP,9288,"CHUCKAWALLA VALLEY STATE PRISON, RIVERSIDE CO.",43807,U-22,WASTEWATER CHLORINE /  SCRUBBER BUILDING,5820,UTILITY,1500,1992,2026-10-06
CVSP,9288,"CHUCKAWALLA VALLEY STATE PRISON, RIVERSIDE CO.",51525,U-32,H.V.A.C. - CHILLER PLANT,5820,UTILITY,7200,2009,2026-10-06
CVSP,9288,"CHUCKAWALLA VALLEY STATE PRISON, RIVERSIDE CO.",38003,W-01,BUILD. MAINTENANCE SERVICE SATELITE A,5810,SHOP,3120,1987,2026-10-06
CVSP,9288,"CHUCKAWALLA VALLEY STATE PRISON, RIVERSIDE CO.",38004,W-02,BUILD. MAINTENANCE SERVICE SATELITE B,5810,SHOP,3120,1987,2026-10-06
CVSP,9288,"CHUCKAWALLA VALLEY STATE PRISON, RIVERSIDE CO.",38005,W-03,BUILD. MAINTENANCE SERVICE SATELITE C,5810,SHOP,3120,1987,2026-10-06
CVSP,9288,"CHUCKAWALLA VALLEY STATE PRISON, RIVERSIDE CO.",38006,W-04,BUILDING MAINTENANCE SERVICE D,5810,SHOP,6720,1987,2026-10-06
CVSP,9288,"CHUCKAWALLA VALLEY STATE PRISON, RIVERSIDE CO.",37966,W-05/I-05,GENERAL WAREHOUSE/PIA WAREHOUSE,2440,WAREHOUSE,88200,1987,2026-10-06
CVSP,9288,"CHUCKAWALLA VALLEY STATE PRISON, RIVERSIDE CO.",37996,W-06,VOLATILE STORAGE,2420,SHED,576,1987,2026-10-06
CVSP,9288,"CHUCKAWALLA VALLEY STATE PRISON, RIVERSIDE CO.",38001,W-07,VEHICLE MAINTENANCE,5900,SERVICE STATION,6000,1987,2026-10-06
CVSP,9288,"CHUCKAWALLA VALLEY STATE PRISON, RIVERSIDE CO.",37997,W-08,VOLATILE STORAGE STATELITE A,2420,SHED,81,1987,2026-10-06
CVSP,9288,"CHUCKAWALLA VALLEY STATE PRISON, RIVERSIDE CO.",37998,W-09,VOLATILE STORAGE STATELITE B,2420,SHED,81,1987,2026-10-06
CVSP,9288,"CHUCKAWALLA VALLEY STATE PRISON, RIVERSIDE CO.",37999,W-10,VOLATILE STORAGE STATELITE C,2420,SHED,81,1987,2026-10-06
CVSP,9288,"CHUCKAWALLA VALLEY STATE PRISON, RIVERSIDE CO.",38000,W-11,VOLATILE STORAGE STATELITE D,2420,SHED,81,1987,2026-10-06
FOL,39,FOLSOM STATE PRISON,6853,,DRP MODULAR BUILDING,2330,RELOCATABLE OFFICE,3780,2016,2026-10-06
FOL,39,FOLSOM STATE PRISON,50524,,OLD COW AND CALF BARN,2400,STORAGE,2702,1950,2026-10-06
FOL,39,FOLSOM STATE PRISON,50540,,OLD DAIRY BARN,2400,STORAGE,2702,1963,2026-10-06
FOL,39,FOLSOM STATE PRISON,50525,,OLD DAIRY WAREHOUSE,2400,STORAGE,975,1920,2026-10-06
FOL,39,FOLSOM STATE PRISON,43911,59158,MOBILE OFFICE,2330,RELOCATABLE OFFICE,1800,,2026-10-06
FOL,39,FOLSOM STATE PRISON,43912,59159,MOBILE OFFICE,2330,RELOCATABLE OFFICE,1970,,2026-10-06
FOL,39,FOLSOM STATE PRISON,14682,ABANDONED,OLD DAIRY BOILER ROOM,5820,UTILITY,408,1919,2026-10-06
FOL,39,FOLSOM STATE PRISON,14662,C02,MAIN KITCHEN AND MINIMUM KITCHEN,5870,DINING/CAFETERIA,34533,1894,2026-10-06
FOL,39,FOLSOM STATE PRISON,14669,CELL BLOCK #5 & OG BLDG.,CELL BLOCK #5 AND O & G BUILDING,5670,DORMITORY,92935,1880,2026-10-06
FOL,39,FOLSOM STATE PRISON,14721,H01,CELL BLOCK#1,5670,DORMITORY,83850,1908,2026-10-06
FOL,39,FOLSOM STATE PRISON,14664,"H02, H03",CELL BLOCKS#2&#3 AND HOSPITAL ADMIN BLDG,5670,DORMITORY,194900,1931,2026-10-06
FOL,39,FOLSOM STATE PRISON,50532,H04,CELL BLOCK #4,5670,DORMITORY,33309,1951,2026-10-06
FOL,39,FOLSOM STATE PRISON,14637,H100 TO H600,NEW DORMITORIES CAMP REPRESA,5670,DORMITORY,12420,1959,2026-10-06
FOL,39,FOLSOM STATE PRISON,14636,H700 TO H1300,OLD DORMITORIES CAMP REPRESA,5670,DORMITORY,35700,1949,2026-10-06
FOL,39,FOLSOM STATE PRISON,14672,I01,INDUSTRIES OFFICE BUILDING,2310,OFFICE (INSTITUTIONAL),3400,1958,2026-10-06
FOL,39,FOLSOM STATE PRISON,50826,I02,PRISON INDUSTRIES STORAGE BUILDING,2430,STORAGE BUILDING,1250,2008,2026-10-06
FOL,39,FOLSOM STATE PRISON,14675,I04,METAL FABRICATION BUILDING#2,5810,SHOP,14285,1952,2026-10-06
FOL,39,FOLSOM STATE PRISON,14676,I05,METAL FABRICATION BUILDING#3,5810,SHOP,13380,1957,2026-10-06
FOL,39,FOLSOM STATE PRISON,14678,I06,LICENSE PLANT FACTORY,5810,SHOP,47649,1953,2026-10-06
FOL,39,FOLSOM STATE PRISON,50538,I07,INMATE SHOWER FACILITY - PIA,5950,SHOWER,4020,1990,2026-10-06
FOL,39,FOLSOM STATE PRISON,14679,I08,INDUSTRIES MAINTENANCE,2480,EQUIPMENT/MAINTENANCE BUILDING,6160,1950,2026-10-06
FOL,39,FOLSOM STATE PRISON,50830,I08,PIA SIGN SHOP SHEAR AREA,5810,SHOP,593,1954,2026-10-06
FOL,39,FOLSOM STATE PRISON,14673,I10,METAL FABRICATION STEEL STORAGE,2430,STORAGE BUILDING,4800,1948,2026-10-06
FOL,39,FOLSOM STATE PRISON,50827,I13,PRISON INDUSTRIES ELECTRICAL BUILDING,5820,UTILITY,529,2007,2026-10-06
FOL,39,FOLSOM STATE PRISON,50828,I15,PRISON INDUSTRIES SHEET METAL STORAGE,2430,STORAGE BUILDING,1250,2007,2026-10-06
FOL,39,FOLSOM STATE PRISON,14638,KITCHEN CAMP REPRESA,KITCHEN CAMP REPRESA,5830,KITCHEN,3760,1959,2026-10-06
FOL,39,FOLSOM STATE PRISON,14670,LOWER YARD MAINTENANCE,LY MAINT BD/PAINTERS/PLUMBERS/CARPENTERS,5810,SHOP,47372,1946,2026-10-06
FOL,39,FOLSOM STATE PRISON,14644,M02,"FIRE HOUSE, ENGINE BARN & OFFICE BLDG",5690,FIREHOUSE/FOREST FIRE STATION,6332,1949,2026-10-06
FOL,39,FOLSOM STATE PRISON,50829,M04,PIA MAINTENANCE AREAS,5810,SHOP,594,1959,2026-10-06
FOL,39,FOLSOM STATE PRISON,14646,M05,VALLEY HOUSE #4 PROCUREMENT,2310,OFFICE (INSTITUTIONAL),2016,1938,2026-10-06
FOL,39,FOLSOM STATE PRISON,14647,M06,FSP MUSEUM,5770,MUSEUM,2700,1938,2026-10-06
FOL,39,FOLSOM STATE PRISON,14725,M07,UNITED STATES POST OFFICE,2310,OFFICE (INSTITUTIONAL),612,1925,2026-10-06
FOL,39,FOLSOM STATE PRISON,14631,M08,DENTAL CLINIC,5710,HOSPITAL/CLINIC/TREATMENT CENTER,6871,1991,2026-10-06
FOL,39,FOLSOM STATE PRISON,50530,M09,LARKIN HALL,5620,CLASSROOM,0,1937,2026-10-06
FOL,39,FOLSOM STATE PRISON,14633,M09,LARKIN HALL IN-SERVICE TRAINNIG,2430,STORAGE BUILDING,6206,1937,2026-10-06
FOL,39,FOLSOM STATE PRISON,50528,M11,TRUST OFFICE - VALLEY HOUSE #7,2310,OFFICE (INSTITUTIONAL),2650,1930,2026-10-06
FOL,39,FOLSOM STATE PRISON,50523,M13,FSP RECYCLE,2480,EQUIPMENT/MAINTENANCE BUILDING,2087,1995,2026-10-06
FOL,39,FOLSOM STATE PRISON,50545,M14,VOCATIONAL LANDSCAPPING - UPPER,5620,CLASSROOM,1232,1950,2026-10-06
FOL,39,FOLSOM STATE PRISON,50824,M19,COMPUTER SERVICES TRAILER,5750,CONCESSION,614,1935,2026-10-06
FOL,39,FOLSOM STATE PRISON,14642,M19,VENDING MACHINES,2430,STORAGE BUILDING,1620,1956,2026-10-06
FOL,39,FOLSOM STATE PRISON,14645,M20,INSTITUTION MAILROOM OLD FOLSOM,2310,OFFICE (INSTITUTIONAL),2200,,2026-10-06
FOL,39,FOLSOM STATE PRISON,14643,M22,VALLEY LAWNS,2310,OFFICE (INSTITUTIONAL),1440,1950,2026-10-06
FOL,39,FOLSOM STATE PRISON,50825,M24,PRISON INDUSTRIES INSPECTION POST,5060,LOOKOUT (GUARD STATION),153,2007,2026-10-06
FOL,39,FOLSOM STATE PRISON,14674,METAL FABRICATION BLDG #1,METAL FABRICATION BUILDING#1,5810,SHOP,18932,1951,2026-10-06
FOL,39,FOLSOM STATE PRISON,2063,P05,LIBRARY,5680,LIBRARY,4000,1991,2026-10-06
FOL,39,FOLSOM STATE PRISON,14632,P08,VISITOR PROCESSING,2310,OFFICE (INSTITUTIONAL),5000,,2026-10-06
FOL,39,FOLSOM STATE PRISON,14718,P10,FAMILY VISITING #3,5960,VISITATION FACILITY,1900,1979,2026-10-06
FOL,39,FOLSOM STATE PRISON,14719,P10,FAMILY VISITING #4,5960,VISITATION FACILITY,1400,1979,2026-10-06
FOL,39,FOLSOM STATE PRISON,14720,P10,"FAMILY VISITING #5, 6 AND 7",5960,VISITATION FACILITY,1800,1979,2026-10-06
FOL,39,FOLSOM STATE PRISON,14716,P10,MEDICAL TRAINING AREA,2310,OFFICE (INSTITUTIONAL),1900,1979,2026-10-06
FOL,39,FOLSOM STATE PRISON,14717,P10,MEDICAL TRAINING AREA,2310,OFFICE (INSTITUTIONAL),1900,1979,2026-10-06
FOL,39,FOLSOM STATE PRISON,14666,P11,VISITING ROOM,5960,VISITATION FACILITY,7600,1918,2026-10-06
FOL,39,FOLSOM STATE PRISON,14665,P13,PLANT OPERATIONS LANDSCAPING,5620,CLASSROOM,2112,,2026-10-06
FOL,39,FOLSOM STATE PRISON,50522,P14,VOCATIONAL MASONRY BLDG,5620,CLASSROOM,1660,1985,2026-10-06
FOL,39,FOLSOM STATE PRISON,14648,P16,VALLEY HOUSES S&I #10,2310,OFFICE (INSTITUTIONAL),2600,1938,2026-10-06
FOL,39,FOLSOM STATE PRISON,50833,P28,FAITH-BASED PROGRAM BUILDING,2310,OFFICE (INSTITUTIONAL),2701,2008,2026-10-06
FOL,39,FOLSOM STATE PRISON,51563,P29,10 SMALL MANAGEMENT EXERCISE YARDS,5930,SMALL MANAGEMENT EXERCISE YARDS,1500,2009,2026-10-06
FOL,39,FOLSOM STATE PRISON,50541,P29,SMALL MANAGEMENT EXERCISE YARDS,5930,SMALL MANAGEMENT EXERCISE YARDS,2700,2002,2026-10-06
FOL,39,FOLSOM STATE PRISON,14640,POWER HOUSE 22 SUBSTATION,POWER HOUSE 22 SUB-STATION (PIA),5820,UTILITY,416,,2026-10-06
FOL,39,FOLSOM STATE PRISON,14708,RES 114,VALLEY HOUSES RESIDENT#114,5740,RESIDENCE (SINGLE FAMILY),1080,1938,2026-10-06
FOL,39,FOLSOM STATE PRISON,14706,RES110,VALLEY HOUSES RESIDENT#110,5740,RESIDENCE (SINGLE FAMILY),1080,1938,2026-10-06
FOL,39,FOLSOM STATE PRISON,14707,RES113,VALLEY HOUSES RESIDENT#113,5740,RESIDENCE (SINGLE FAMILY),1080,1938,2026-10-06
FOL,39,FOLSOM STATE PRISON,14709,RES116,VALLEY HOUSES RESIDENT#116,5740,RESIDENCE (SINGLE FAMILY),1080,1919,2026-10-06
FOL,39,FOLSOM STATE PRISON,14710,RES117,VALLEY HOUSES RESIDENT#117,5740,RESIDENCE (SINGLE FAMILY),1080,1922,2026-10-06
FOL,39,FOLSOM STATE PRISON,14711,RES119,VALLEY HOUSES RESIDENT#119,5740,RESIDENCE (SINGLE FAMILY),1080,1922,2026-10-06
FOL,39,FOLSOM STATE PRISON,14712,RES120,VALLEY HOUSES RESIDENT#120,5740,RESIDENCE (SINGLE FAMILY),1080,1938,2026-10-06
FOL,39,FOLSOM STATE PRISON,36945,RES121,VALLEY HOUSES RESIDENT #121,5740,RESIDENCE (SINGLE FAMILY),1080,,2026-10-06
FOL,39,FOLSOM STATE PRISON,36946,RES123,VALLEY HOUSES RESIDENT #123,5740,RESIDENCE (SINGLE FAMILY),1080,,2026-10-06
FOL,39,FOLSOM STATE PRISON,14658,RES201,VALLEY HOUSES RESIDENT#201,5740,RESIDENCE (SINGLE FAMILY),1148,1938,2026-10-06
FOL,39,FOLSOM STATE PRISON,14689,RES202,VALLEY HOUSES RESIDENT#202,5740,RESIDENCE (SINGLE FAMILY),1148,1931,2026-10-06
FOL,39,FOLSOM STATE PRISON,14690,RES205,VALLEY HOUSES RESIDENT#205,5740,RESIDENCE (SINGLE FAMILY),1148,1931,2026-10-06
FOL,39,FOLSOM STATE PRISON,14691,RES206,VALLEY HOUSES RESIDENT#206,5740,RESIDENCE (SINGLE FAMILY),1148,1931,2026-10-06
FOL,39,FOLSOM STATE PRISON,14692,RES209,VALLEY HOUSES RESIDENT#209,5740,RESIDENCE (SINGLE FAMILY),1148,1931,2026-10-06
FOL,39,FOLSOM STATE PRISON,14649,RES21,VALLEY HOUSES RESIDENT#21,5740,RESIDENCE (SINGLE FAMILY),2700,1919,2026-10-06
FOL,39,FOLSOM STATE PRISON,14694,RES212,VALLEY HOUSES RESIDENT#212,5740,RESIDENCE (SINGLE FAMILY),1148,1931,2026-10-06
FOL,39,FOLSOM STATE PRISON,14695,RES213,VALLEY HOUSES RESIDENT#213,5740,RESIDENCE (SINGLE FAMILY),1148,1931,2026-10-06
FOL,39,FOLSOM STATE PRISON,14696,RES214,VALLEY HOUSES RESIDENT#214,5740,RESIDENCE (SINGLE FAMILY),1148,1931,2026-10-06
FOL,39,FOLSOM STATE PRISON,14650,RES22,VALLEY HOUSE RESIDENT#22,5740,RESIDENCE (SINGLE FAMILY),2700,1919,2026-10-06
FOL,39,FOLSOM STATE PRISON,14651,RES25,VALLEY HOUSE RESIDENT#25,5740,RESIDENCE (SINGLE FAMILY),1080,1922,2026-10-06
FOL,39,FOLSOM STATE PRISON,14652,RES26,VALLEY HOUSE RESIDENT#26,5740,RESIDENCE (SINGLE FAMILY),1080,1938,2026-10-06
FOL,39,FOLSOM STATE PRISON,14654,RES28,VALLEY HOUSE RESIDENT#28,5740,RESIDENCE (SINGLE FAMILY),1080,1938,2026-10-06
FOL,39,FOLSOM STATE PRISON,14655,RES29,VALLEY HOUSE RESIDENT#29,5740,RESIDENCE (SINGLE FAMILY),1080,1938,2026-10-06
FOL,39,FOLSOM STATE PRISON,14656,RES30,VALLEY HOUSE RESIDENT#30,5740,RESIDENCE (SINGLE FAMILY),1080,1938,2026-10-06
FOL,39,FOLSOM STATE PRISON,14697,RES303,VALLEY HOUSES RESIDENT#303,5740,RESIDENCE (SINGLE FAMILY),1148,1931,2026-10-06
FOL,39,FOLSOM STATE PRISON,14698,RES304,VALLEY HOUSES RESIDENT#304,5740,RESIDENCE (SINGLE FAMILY),1148,1931,2026-10-06
FOL,39,FOLSOM STATE PRISON,14699,RES305,VALLEY HOUSES RESIDENT#305,5740,RESIDENCE (SINGLE FAMILY),1148,1931,2026-10-06
FOL,39,FOLSOM STATE PRISON,14700,RES306,VALLEY HOUSES RESIDENT#306,5740,RESIDENCE (SINGLE FAMILY),1148,1931,2026-10-06
FOL,39,FOLSOM STATE PRISON,14701,RES307,VALLEY HOUSES RESIDENT#307,5740,RESIDENCE (SINGLE FAMILY),1148,1931,2026-10-06
FOL,39,FOLSOM STATE PRISON,14702,RES308,VALLEY HOUSES RESIDENT#308,5740,RESIDENCE (SINGLE FAMILY),1148,1931,2026-10-06
FOL,39,FOLSOM STATE PRISON,14703,RES309,VALLEY HOUSES RESIDENT#309,5740,RESIDENCE (SINGLE FAMILY),1148,1931,2026-10-06
FOL,39,FOLSOM STATE PRISON,14704,RES310,VALLEY HOUSES RESIDENT#310,5740,RESIDENCE (SINGLE FAMILY),1148,1931,2026-10-06
FOL,39,FOLSOM STATE PRISON,14705,RES312,"CSP, GLASS SHOP, VALLEY HOUSES RES#312",2310,OFFICE (INSTITUTIONAL),1148,1931,2026-10-06
FOL,39,FOLSOM STATE PRISON,14659,RES401,VALLEY HOUSES RESIDENT#401,5740,RESIDENCE (SINGLE FAMILY),1204,1938,2026-10-06
FOL,39,FOLSOM STATE PRISON,14684,RES402,VALLEY HOUSES RESIDENT#402,5740,RESIDENCE (SINGLE FAMILY),1204,1938,2026-10-06
FOL,39,FOLSOM STATE PRISON,14685,RES403,VALLEY HOUSES RESIDENT#403,5740,RESIDENCE (SINGLE FAMILY),1204,1938,2026-10-06
FOL,39,FOLSOM STATE PRISON,14686,RES404,VALLEY HOUSES RESIDENT#404,5740,RESIDENCE (SINGLE FAMILY),1204,1938,2026-10-06
FOL,39,FOLSOM STATE PRISON,14687,RES405,VALLEY HOUSES RESIDENT#405,5740,RESIDENCE (SINGLE FAMILY),1204,1938,2026-10-06
FOL,39,FOLSOM STATE PRISON,14688,RES411,VALLEY HOUSES RESIDENT#411,5740,RESIDENCE (SINGLE FAMILY),1204,1938,2026-10-06
FOL,39,FOLSOM STATE PRISON,50539,S01,INMATE SHOWER FACILITY - LOWER YARD,5950,SHOWER,4020,1990,2026-10-06
FOL,39,FOLSOM STATE PRISON,14668,S02 (SEE COMMENTS),MAIN YARD BUILDINGS,2310,OFFICE (INSTITUTIONAL),31826,1915,2026-10-06
FOL,39,FOLSOM STATE PRISON,50537,S05,RECEIVING & RELEASE,2310,OFFICE (INSTITUTIONAL),4100,1962,2026-10-06
FOL,39,FOLSOM STATE PRISON,14635,S07,ENTRANCE GATE OLD FOLSOM,5060,LOOKOUT (GUARD STATION),694,,2026-10-06
FOL,39,FOLSOM STATE PRISON,14661,"S10 TO S28, S31, S34, S35",GUN TOWERS,5060,LOOKOUT (GUARD STATION),1620,,2026-10-06
FOL,39,FOLSOM STATE PRISON,50544,S33,ARMORY - LOCKSMITH,5600,ARMORY,1721,1992,2026-10-06
FOL,39,FOLSOM STATE PRISON,14657,S36,CRISIS RESPONSE TEAM - VALLEY HOUSE #108,2310,OFFICE (INSTITUTIONAL),1080,1938,2026-10-06
FOL,39,FOLSOM STATE PRISON,50832,S38,WEST GATE SECURITY PROCESSING BUILDING,2310,OFFICE (INSTITUTIONAL),201,2007,2026-10-06
FOL,39,FOLSOM STATE PRISON,45489,U02,ACTIFLOW PRETREATMENT UNIT,5820,UTILITY,0,2004,2026-10-06
FOL,39,FOLSOM STATE PRISON,14671,U02,FILTRATION PLANT,5820,UTILITY,5650,,2026-10-06
FOL,39,FOLSOM STATE PRISON,14628,U02,WATER TREATMENT PLANT,5820,UTILITY,4012,1985,2026-10-06
FOL,39,FOLSOM STATE PRISON,50529,U05,OLD WATER FILTRATION PLANT,5820,UTILITY,10943,1940,2026-10-06
FOL,39,FOLSOM STATE PRISON,14693,VALLEY HOUSE #210,VALLEY HOUSES RESIDENT#210,5740,RESIDENCE (SINGLE FAMILY),1148,1931,2026-10-06
FOL,39,FOLSOM STATE PRISON,14653,VALLEY HOUSE #27,VALLEY HOUSE RESIDENT#27,5740,RESIDENCE (SINGLE FAMILY),1080,1938,2026-10-06
FOL,39,FOLSOM STATE PRISON,14660,VALLEY HOUSES RES GARAGE,VALLEY HOUSES RESIDENT GARAGES,3510,GARAGE/PARKING STRUCTURE,16074,1938,2026-10-06
FOL,39,FOLSOM STATE PRISON,14667,VOCATIONAL EDUCATION,VOCATIONAL EDUCATION,5620,CLASSROOM,14320,1948,2026-10-06
FOL,39,FOLSOM STATE PRISON,14663,"W01, W02",MAINTENANCE HANGER (INCLUDING STORAGE),2440,WAREHOUSE,14100,1948,2026-10-06
FOL,39,FOLSOM STATE PRISON,14677,W04,INDUSTRIAL WAREHOUSE,2440,WAREHOUSE,30054,1967,2026-10-06
FOL,39,FOLSOM STATE PRISON,50533,W05,OLD POWER HOUSE,5620,CLASSROOM,19483,1891,2026-10-06
FOL,39,FOLSOM STATE PRISON,14713,W06,BUS REPAIR GARAGE,3510,GARAGE/PARKING STRUCTURE,3600,1968,2026-10-06
FOL,39,FOLSOM STATE PRISON,14723,W08,MAINTENANCE GARAGE OLD FOLSOM,5810,SHOP,8100,1935,2026-10-06
FOL,39,FOLSOM STATE PRISON,50534,"W13, W14",CAMP 12 CONSERVATION CORP,5670,DORMITORY,14465,1959,2026-10-06
FOL,39,FOLSOM STATE PRISON,50542,W14,VOCATIONAL BLDG. MAINT. - VALLEY,5620,CLASSROOM,2604,1975,2026-10-06
FOL,39,FOLSOM STATE PRISON,50546,W16,VALLEY LAWNS,2310,OFFICE (INSTITUTIONAL),1213,1950,2026-10-06
FOL,39,FOLSOM STATE PRISON,50535,W17,POST 8 WAREHOUSE,2400,STORAGE,358,1945,2026-10-06
FOL,39,FOLSOM STATE PRISON,50536,W17,VALLEY TRADES,5810,SHOP,5530,1960,2026-10-06
FOL,39,FOLSOM STATE PRISON,50531,"W18, W19 ,W20, W21",FOLSOM WOMEN'S FACILITY,5710,HOSPITAL/CLINIC/TREATMENT CENTER,82447,1990,2026-10-06
FOL,39,FOLSOM STATE PRISON,50547,W21,HAZORDOUS MATERIALS SHED,2420,SHED,1008,1990,2026-10-06
FOL,39,FOLSOM STATE PRISON,50543,W26,LOWER YARD CREW #2 QUONSETS,2430,STORAGE BUILDING,1890,1970,2026-10-06
FOL,39,FOLSOM STATE PRISON,50831,W27,MAINTENANCE STORAGE QUONSETS,2400,STORAGE,4312,1950,2026-10-06
FOL,39,FOLSOM STATE PRISON,14639,WAREHOUSE,MAINT. WAREHOUSE OLD FOLSOM,2430,STORAGE BUILDING,8860,,2026-10-06
HDSP,9982,HIGH DESERT STATE PRISON,51564,,6 AD SEG SMALL MANAGEMENT YARDS,5930,SMALL MANAGEMENT EXERCISE YARDS,900,2008,2026-10-06
HDSP,9982,HIGH DESERT STATE PRISON,50401,,ADMINISTRATIVE SEGREGATION HOUSING UNIT,5670,DORMITORY,25204,2003,2026-10-06
HDSP,9982,HIGH DESERT STATE PRISON,51565,,ARSENIC REMOVAL FACILITY,5115,WATER MONITORING STATION,4240,2008,2026-10-06
HDSP,9982,HIGH DESERT STATE PRISON,39543,,FRIENDS OUTSIDE OFFICE,2330,RELOCATABLE OFFICE,1440,1997,2026-10-06
HDSP,9982,HIGH DESERT STATE PRISON,39540,,WELL A,5120,PUMP/WELL HOUSE,480,1995,2026-10-06
HDSP,9982,HIGH DESERT STATE PRISON,39541,,WELL B,5120,PUMP/WELL HOUSE,480,1995,2026-10-06
HDSP,9982,HIGH DESERT STATE PRISON,39542,,WELL C,5120,PUMP/WELL HOUSE,480,1995,2026-10-06
HDSP,9982,HIGH DESERT STATE PRISON,55015,,WELL HOUSE FOR WELL #217,5120,PUMP/WELL HOUSE,288,2011,2026-10-06
HDSP,9982,HIGH DESERT STATE PRISON,55016,,WELL HOUSE FOR WELL #218,5120,PUMP/WELL HOUSE,288,2011,2026-10-06
HDSP,9982,HIGH DESERT STATE PRISON,38065,KITCHELL - 306 BLDG.,GUARD TOWER 6,5060,LOOKOUT (GUARD STATION),150,1995,2026-10-06
HDSP,9982,HIGH DESERT STATE PRISON,38062,KITCHELL -303 BLDG.,GUARD TOWER 3,5060,LOOKOUT (GUARD STATION),150,1995,2026-10-06
HDSP,9982,HIGH DESERT STATE PRISON,38263,KITCHELL- 212 BLDG.,WATER PUMP STATION,5120,PUMP/WELL HOUSE,2508,1995,2026-10-06
HDSP,9982,HIGH DESERT STATE PRISON,38264,"KITCHELL- 216, 217A&B BLD",WEAPONS TRAINING AND FIRING RANGES,5935,TRAINING FACILITY,3732,1995,2026-10-06
HDSP,9982,HIGH DESERT STATE PRISON,38069,KITCHELL- 310 BLDG.,GUARD TOWER 10,5060,LOOKOUT (GUARD STATION),150,1995,2026-10-06
HDSP,9982,HIGH DESERT STATE PRISON,38070,KITCHELL- 311 BLDG.,GUARD TOWER 11,5060,LOOKOUT (GUARD STATION),150,1995,2026-10-06
HDSP,9982,HIGH DESERT STATE PRISON,38071,KITCHELL- 312 BLDG.,GUARD TOWER 12,5060,LOOKOUT (GUARD STATION),150,1995,2026-10-06
HDSP,9982,HIGH DESERT STATE PRISON,38072,KITCHELL- 313 BLDG.,GUARD TOWER 13,5060,LOOKOUT (GUARD STATION),150,1995,2026-10-06
HDSP,9982,HIGH DESERT STATE PRISON,38074,KITCHELL- 322 BLDG.,"HOUSING UNIT LEVEL III, A YARD",5670,DORMITORY,25000,1995,2026-10-06
HDSP,9982,HIGH DESERT STATE PRISON,38076,KITCHELL- 324 BLDG.,"HOUSING UNIT LEVEL III, A YARD",5670,DORMITORY,25000,1995,2026-10-06
HDSP,9982,HIGH DESERT STATE PRISON,38077,KITCHELL- 325 BLDG.,"HOUSING UNIT LEVEL III, A YARD (AD SEG)",5670,DORMITORY,25000,1995,2026-10-06
HDSP,9982,HIGH DESERT STATE PRISON,38078,KITCHELL- 326 BLDG.,"HOUSING UNIT LEVEL III, B YARD",5670,DORMITORY,25000,1995,2026-10-06
HDSP,9982,HIGH DESERT STATE PRISON,38079,KITCHELL- 327 BLDG.,"HOUSING UNIT LEVEL III, B YARD (RECEPTI)",5670,DORMITORY,25000,1995,2026-10-06
HDSP,9982,HIGH DESERT STATE PRISON,38080,KITCHELL- 328 BLDG.,"HOUSING UNIT LEVEL III, B YARD",5670,DORMITORY,25000,1995,2026-10-06
HDSP,9982,HIGH DESERT STATE PRISON,38081,KITCHELL- 329 BLDG.,"HOUSING UNIT LEVEL III, B YARD",5670,DORMITORY,25000,1995,2026-10-06
HDSP,9982,HIGH DESERT STATE PRISON,38082,KITCHELL- 330 BLDG.,"HOUSING UNIT LEVEL III, B YARD",5670,DORMITORY,25000,1995,2026-10-06
HDSP,9982,HIGH DESERT STATE PRISON,38083,KITCHELL- 341 BLDG.,"HOUSING UNIT LEVEL IV, C YARD",5670,DORMITORY,42000,1995,2026-10-06
HDSP,9982,HIGH DESERT STATE PRISON,38084,KITCHELL- 342 BLDG.,"HOUSING UNIT LEVEL IV, C YARD",5670,DORMITORY,42000,1995,2026-10-06
HDSP,9982,HIGH DESERT STATE PRISON,38085,KITCHELL- 343 BLDG.,"HOUSING UNIT LEVEL IV, C YARD",5670,DORMITORY,42000,1995,2026-10-06
HDSP,9982,HIGH DESERT STATE PRISON,38086,KITCHELL- 344 BLDG.,"HOUSING UNIT LEVEL IV, C YARD",5670,DORMITORY,42000,1995,2026-10-06
HDSP,9982,HIGH DESERT STATE PRISON,38087,KITCHELL- 351 BLDG.,"HOUSING UNIT LEVEL IV, D YARD",5670,DORMITORY,42000,1995,2026-10-06
HDSP,9982,HIGH DESERT STATE PRISON,38088,KITCHELL- 352 BLDG.,"HOUSING UNIT LEVEL IV, D YARD",5670,DORMITORY,42000,1995,2026-10-06
HDSP,9982,HIGH DESERT STATE PRISON,38089,KITCHELL- 353 BLDG.,"HOUSING UNIT LEVEL IV, D YARD",5670,DORMITORY,42000,1995,2026-10-06
HDSP,9982,HIGH DESERT STATE PRISON,38090,KITCHELL- 354 BLDG.,"HOUSING UNIT LEVEL IV, D YARD",5670,DORMITORY,42000,1995,2026-10-06
HDSP,9982,HIGH DESERT STATE PRISON,38091,KITCHELL- 420 BLDG.,CENTRAL OPERATIONS,2310,OFFICE (INSTITUTIONAL),6145,1995,2026-10-06
HDSP,9982,HIGH DESERT STATE PRISON,38092,KITCHELL- 421 BLDG.,A FACILITIES PROGRAM/SUPPORT SERVICES,2310,OFFICE (INSTITUTIONAL),17664,1995,2026-10-06
HDSP,9982,HIGH DESERT STATE PRISON,38093,KITCHELL- 422 BLDG.,"GYMNASIUM, A YARD",5890,GYMNASIUM,7395,1995,2026-10-06
HDSP,9982,HIGH DESERT STATE PRISON,38094,KITCHELL- 423 BLDG.,"FOOD SERVICE, A YARD",5870,DINING/CAFETERIA,12496,1995,2026-10-06
HDSP,9982,HIGH DESERT STATE PRISON,38095,KITCHELL- 430 BLDG.,B.O.P.T./CENTRAL CONTROL/VISITING,2310,OFFICE (INSTITUTIONAL),19290,1995,2026-10-06
HDSP,9982,HIGH DESERT STATE PRISON,38096,KITCHELL- 431 BLDG.,B FACILITIES PROGRAM/SUPPORT SERVICES,2310,OFFICE (INSTITUTIONAL),17664,1995,2026-10-06
HDSP,9982,HIGH DESERT STATE PRISON,38097,KITCHELL- 432 BLDG.,"GYMNASIUM, B YARD",5890,GYMNASIUM,7395,1995,2026-10-06
HDSP,9982,HIGH DESERT STATE PRISON,38098,KITCHELL- 433 BLDG.,"FOOD SERVICE, B YARD",5870,DINING/CAFETERIA,12496,1995,2026-10-06
HDSP,9982,HIGH DESERT STATE PRISON,38099,KITCHELL- 440 BLDG.,BOPT/COMPLEX CONTROL/VISITING LEVEL IV,2310,OFFICE (INSTITUTIONAL),19290,1995,2026-10-06
HDSP,9982,HIGH DESERT STATE PRISON,38100,KITCHELL- 441 BLDG.,C FACILITIES PROGRAM/SUPPORT SERVICES,2310,OFFICE (INSTITUTIONAL),17664,1995,2026-10-06
HDSP,9982,HIGH DESERT STATE PRISON,38101,KITCHELL- 442 BLDG.,"GYMNASIUM, C YARD",5890,GYMNASIUM,7395,1995,2026-10-06
HDSP,9982,HIGH DESERT STATE PRISON,38102,KITCHELL- 443 BLDG.,"GUN POST, C YARD",5060,LOOKOUT (GUARD STATION),396,1995,2026-10-06
HDSP,9982,HIGH DESERT STATE PRISON,38103,KITCHELL- 444 BLDG.,"GUN POST, C YARD",5060,LOOKOUT (GUARD STATION),396,1995,2026-10-06
HDSP,9982,HIGH DESERT STATE PRISON,38104,KITCHELL- 451 BLDG.,D FACILITIES PROGRAM/SUPPORT SERVICES,2310,OFFICE (INSTITUTIONAL),17664,1995,2026-10-06
HDSP,9982,HIGH DESERT STATE PRISON,38105,KITCHELL- 452 BLDG.,"GYMNASIUM, D FAC.",5890,GYMNASIUM,7395,1995,2026-10-06
HDSP,9982,HIGH DESERT STATE PRISON,38106,KITCHELL- 453 BLDG.,"GUN POST, D YARD",5060,LOOKOUT (GUARD STATION),396,1995,2026-10-06
HDSP,9982,HIGH DESERT STATE PRISON,38107,KITCHELL- 454 BLDG.,"GUN POST, D YARD",5060,LOOKOUT (GUARD STATION),396,1995,2026-10-06
HDSP,9982,HIGH DESERT STATE PRISON,38108,KITCHELL- 460 BLDG.,RECEIVING AND RELEASE,2310,OFFICE (INSTITUTIONAL),5585,1995,2026-10-06
HDSP,9982,HIGH DESERT STATE PRISON,38109,KITCHELL- 461 BLDG.,CENTRAL HEALTH SERVICES,5710,HOSPITAL/CLINIC/TREATMENT CENTER,34000,1995,2026-10-06
HDSP,9982,HIGH DESERT STATE PRISON,38110,KITCHELL- 462 BLDG.,CENTRAL KITCHEN,5830,KITCHEN,20740,1995,2026-10-06
HDSP,9982,HIGH DESERT STATE PRISON,38111,KITCHELL- 481 BLDG.,RETHERM KITCHEN,5830,KITCHEN,7878,1995,2026-10-06
HDSP,9982,HIGH DESERT STATE PRISON,38112,KITCHELL- 483 BLDG.,MENTAL HEALTH,5710,HOSPITAL/CLINIC/TREATMENT CENTER,4332,1997,2026-10-06
HDSP,9982,HIGH DESERT STATE PRISON,38113,KITCHELL- 486 BLDG.,LAUNDRY,5860,LAUNDRY,15352,1995,2026-10-06
HDSP,9982,HIGH DESERT STATE PRISON,38114,KITCHELL- 521 BLDG.,"VOCATIONAL EDUCATION, B FAC.",5620,CLASSROOM,13650,1995,2026-10-06
HDSP,9982,HIGH DESERT STATE PRISON,38115,KITCHELL- 522 BLDG.,"VOCATIONAL EDUCATION, B FAC.",5620,CLASSROOM,15120,1995,2026-10-06
HDSP,9982,HIGH DESERT STATE PRISON,38116,KITCHELL- 523 BLDG.,"VOCATIONAL EDUCATION, C YARD",5620,CLASSROOM,20160,1995,2026-10-06
HDSP,9982,HIGH DESERT STATE PRISON,38117,KITCHELL- 524 BLDG.,"VOCATIONAL EDUCATION, C YARD",5620,CLASSROOM,18830,1995,2026-10-06
HDSP,9982,HIGH DESERT STATE PRISON,38118,KITCHELL- 525 BLDG.,"VOCATIONAL EDUCATION, D YARD",5620,CLASSROOM,19180,1995,2026-10-06
HDSP,9982,HIGH DESERT STATE PRISON,38119,KITCHELL- 526 BLDG.,"VOCATIONAL EDUCATION, D YARD",5620,CLASSROOM,12390,1995,2026-10-06
HDSP,9982,HIGH DESERT STATE PRISON,38121,KITCHELL- 528 BLDG.,GREENHOUSE,5700,NURSERY/GREENHOUSE,336,1995,2026-10-06
HDSP,9982,HIGH DESERT STATE PRISON,38122,KITCHELL- 531 BLDG.,"FOOD SATELLITE, A FAC",5870,DINING/CAFETERIA,3969,1995,2026-10-06
HDSP,9982,HIGH DESERT STATE PRISON,38123,KITCHELL- 532 BLDG.,"FOOD SATELLITE, B FAC",5870,DINING/CAFETERIA,3969,1995,2026-10-06
HDSP,9982,HIGH DESERT STATE PRISON,38124,KITCHELL- 533 BLDG.,"FOOD SATELLITE, C FAC.",5870,DINING/CAFETERIA,3969,1995,2026-10-06
HDSP,9982,HIGH DESERT STATE PRISON,38125,KITCHELL- 534 BLDG.,"FOOD SATELLITE, D FAC",5870,DINING/CAFETERIA,3969,1995,2026-10-06
HDSP,9982,HIGH DESERT STATE PRISON,38126,KITCHELL- 541 BLDG.,LIBRARY,5680,LIBRARY,5040,1995,2026-10-06
HDSP,9982,HIGH DESERT STATE PRISON,38127,KITCHELL- 551 BLDG.,"MAINTENANCE SATELLITE, A YARD",5810,SHOP,2550,1995,2026-10-06
HDSP,9982,HIGH DESERT STATE PRISON,38128,KITCHELL- 552 BLDG.,"MAINTENANCE SATELLITE, B YARD",5810,SHOP,2550,1995,2026-10-06
HDSP,9982,HIGH DESERT STATE PRISON,38129,KITCHELL- 553 BLDG.,CENTRAL MAINTANANCE,5810,SHOP,8100,1995,2026-10-06
HDSP,9982,HIGH DESERT STATE PRISON,38130,KITCHELL- 554 BLDG.,"MAINTANANCE SATELLITE, D YARD",5810,SHOP,2550,1995,2026-10-06
HDSP,9982,HIGH DESERT STATE PRISON,38131,KITCHELL- 561 BLDG.,"WORK CHANGE, A YARD",5060,LOOKOUT (GUARD STATION),625,1995,2026-10-06
HDSP,9982,HIGH DESERT STATE PRISON,38132,KITCHELL- 562 BLDG.,"WORK CHANGE, B YARD",5060,LOOKOUT (GUARD STATION),625,1995,2026-10-06
HDSP,9982,HIGH DESERT STATE PRISON,38133,KITCHELL- 563 BLDG.,"WORK CHANGE, C YARD",5060,LOOKOUT (GUARD STATION),625,1995,2026-10-06
HDSP,9982,HIGH DESERT STATE PRISON,38134,KITCHELL- 564 BLDG.,"WORK CHANGE, D YARD",5060,LOOKOUT (GUARD STATION),625,1995,2026-10-06
HDSP,9982,HIGH DESERT STATE PRISON,38135,KITCHELL- 571 BLDG.,"VOLATILE STORAGE, A FAC.",2400,STORAGE,100,1995,2026-10-06
HDSP,9982,HIGH DESERT STATE PRISON,38136,KITCHELL- 572 BLDG.,"VOLATILE STORAGE, B FAC.",2400,STORAGE,100,1995,2026-10-06
HDSP,9982,HIGH DESERT STATE PRISON,38137,KITCHELL- 573 BLDG.,"VOLATILE STORAGE, C FAC.",2400,STORAGE,100,,2026-10-06
HDSP,9982,HIGH DESERT STATE PRISON,38138,KITCHELL- 574 BLDG.,"VOLATILE STORAGE, D FAC.",2400,STORAGE,100,,2026-10-06
HDSP,9982,HIGH DESERT STATE PRISON,38139,KITCHELL- 601 BLDG.,GENERATOR BLDG.,5820,UTILITY,2445,1995,2026-10-06
HDSP,9982,HIGH DESERT STATE PRISON,38140,KITCHELL- 603 BLDG.,CENTRAL HEATING PLANT,5810,SHOP,7200,1995,2026-10-06
HDSP,9982,HIGH DESERT STATE PRISON,38141,KITCHELL- 701 BLDG.,WAREHOUSE CENTRAL,2440,WAREHOUSE,59560,1995,2026-10-06
HDSP,9982,HIGH DESERT STATE PRISON,38142,KITCHELL- 702 BLDG.,VOLATILE STORAGE BLDG.,2400,STORAGE,880,1995,2026-10-06
HDSP,9982,HIGH DESERT STATE PRISON,38143,KITCHELL- 703 BLDG.,VEHICLE AND MAINENANCE BLDG.,5900,SERVICE STATION,5148,1995,2026-10-06
HDSP,9982,HIGH DESERT STATE PRISON,38144,KITCHELL- 707 BLDG.,LAUNDRY/CHEMICAL STORAGE BLDG.,2400,STORAGE,880,1995,2026-10-06
HDSP,9982,HIGH DESERT STATE PRISON,38145,KITCHELL- 708 BLDG.,HAZARDOUS WASTE STORAGE BLDG.,2400,STORAGE,893,1995,2026-10-06
HDSP,9982,HIGH DESERT STATE PRISON,38146,KITCHELL- 800 BLDG.,CENTRAL ADMINISTRATION,2310,OFFICE (INSTITUTIONAL),30528,1995,2026-10-06
HDSP,9982,HIGH DESERT STATE PRISON,38147,KITCHELL- 801 BLDG.,FAMILY VISITING LEVEL III,5960,VISITATION FACILITY,4056,1995,2026-10-06
HDSP,9982,HIGH DESERT STATE PRISON,38148,KITCHELL- 802 BLDG.,FAMILY VISITING LEVEL IV,5960,VISITATION FACILITY,4004,1995,2026-10-06
HDSP,9982,HIGH DESERT STATE PRISON,38149,KITCHELL- 803 BLDG.,VISITOR/STAFF PROCESSING,5960,VISITATION FACILITY,3580,1995,2026-10-06
HDSP,9982,HIGH DESERT STATE PRISON,38150,KITCHELL- 804 BLDG.,VEHICLE/SALLYPORT OFFICER BLDG.,5060,LOOKOUT (GUARD STATION),120,1995,2026-10-06
HDSP,9982,HIGH DESERT STATE PRISON,38151,KITCHELL- 805 BLDG.,ARMORY/LOCKSMITH,5600,ARMORY,1715,1995,2026-10-06
HDSP,9982,HIGH DESERT STATE PRISON,38153,KITCHELL- 807 BLDG.,GATEHOUSE,5060,LOOKOUT (GUARD STATION),120,1995,2026-10-06
HDSP,9982,HIGH DESERT STATE PRISON,38155,KITCHELL- 901 BLD,HOUSING UNIT-LEVEL I,5670,DORMITORY,13244,1995,2026-10-06
HDSP,9982,HIGH DESERT STATE PRISON,38156,KITCHELL- 902 BLDG.,HOUSING UNIT-LEVEL I,5670,DORMITORY,13244,1995,2026-10-06
HDSP,9982,HIGH DESERT STATE PRISON,38157,KITCHELL- 903 BLDG.,PROGRAM AND SUPPORT SERVICES LEVEL IV,2310,OFFICE (INSTITUTIONAL),12900,1995,2026-10-06
HDSP,9982,HIGH DESERT STATE PRISON,38158,KITCHELL- 904 BLDG.,SUPPORT SERVICES LEVEL I,2310,OFFICE (INSTITUTIONAL),6075,1995,2026-10-06
HDSP,9982,HIGH DESERT STATE PRISON,38159,KITCHELL- 905 BLDG.,FAMILY VISITING-LEVEL I,5960,VISITATION FACILITY,832,1995,2026-10-06
HDSP,9982,HIGH DESERT STATE PRISON,38060,KITCHELL-301 BLDG.,GUARD TOWER 1,5060,LOOKOUT (GUARD STATION),150,1995,2026-10-06
HDSP,9982,HIGH DESERT STATE PRISON,38061,KITCHELL-302 BLDG.,GUARD TOWER 2,5060,LOOKOUT (GUARD STATION),150,1995,2026-10-06
HDSP,9982,HIGH DESERT STATE PRISON,38063,KITCHELL-304 BLDG.,GUARD TOWER 4,5060,LOOKOUT (GUARD STATION),150,1995,2026-10-06
HDSP,9982,HIGH DESERT STATE PRISON,38064,KITCHELL-305 BLDG.,GUARD TOWER 5,5060,LOOKOUT (GUARD STATION),150,1995,2026-10-06
HDSP,9982,HIGH DESERT STATE PRISON,38066,KITCHELL-307 BLDG.,GUARD TOWER 7,5060,LOOKOUT (GUARD STATION),150,1995,2026-10-06
HDSP,9982,HIGH DESERT STATE PRISON,38067,KITCHELL-308 BLDG.,GUARD TOWER 8,5060,LOOKOUT (GUARD STATION),150,1995,2026-10-06
HDSP,9982,HIGH DESERT STATE PRISON,38068,KITCHELL-309 BLDG.,GUARD TOWER 9,5060,LOOKOUT (GUARD STATION),150,1995,2026-10-06
HDSP,9982,HIGH DESERT STATE PRISON,38073,KITCHELL-321 BLDG.,"HOUSING UNIT LEVEL III, A YARD",5670,DORMITORY,25000,1995,2026-10-06
HDSP,9982,HIGH DESERT STATE PRISON,38075,KITCHELL-323 BLDG.,"HOUSING UNIT LEVEL III, A YARD",5670,DORMITORY,25000,1995,2026-10-06
HDSP,9982,HIGH DESERT STATE PRISON,38154,KITCHELL-808 BLDG.,MULTI-PURPOSE BLDG.,2310,OFFICE (INSTITUTIONAL),2400,1995,2026-10-06
HDSP,9982,HIGH DESERT STATE PRISON,38120,KITHCHELL- 527 BLDG.,"VOCATIONAL EDUCATION, A YARD",5620,CLASSROOM,17080,1995,2026-10-06
ISP,10102,IRONWOOD STATE PRISON,51566,,20 SMALL MANAGEMENT EXERCISE YARDS,5930,SMALL MANAGEMENT EXERCISE YARDS,3000,2009,2026-10-06
ISP,10102,IRONWOOD STATE PRISON,57617,,EV CHARGING STATIONS (10-LEVEL 2 PORTS),4595,ELECTRIC VEHICLE CHARGING STATION,0,2020,2026-10-06
ISP,10102,IRONWOOD STATE PRISON,39399,301,TOWER 1,5060,LOOKOUT (GUARD STATION),104,1992,2026-10-06
ISP,10102,IRONWOOD STATE PRISON,39400,302,TOWER 2,5060,LOOKOUT (GUARD STATION),104,1992,2026-10-06
ISP,10102,IRONWOOD STATE PRISON,39401,303,TOWER 3,5060,LOOKOUT (GUARD STATION),104,1992,2026-10-06
ISP,10102,IRONWOOD STATE PRISON,39402,304,TOWER 4,5060,LOOKOUT (GUARD STATION),104,1992,2026-10-06
ISP,10102,IRONWOOD STATE PRISON,39403,305,TOWER 5,5060,LOOKOUT (GUARD STATION),104,1992,2026-10-06
ISP,10102,IRONWOOD STATE PRISON,39404,306,TOWER 6,5060,LOOKOUT (GUARD STATION),104,1992,2026-10-06
ISP,10102,IRONWOOD STATE PRISON,39405,307,TOWER 7,5060,LOOKOUT (GUARD STATION),104,1992,2026-10-06
ISP,10102,IRONWOOD STATE PRISON,39406,308,TOWER 8,5060,LOOKOUT (GUARD STATION),104,1992,2026-10-06
ISP,10102,IRONWOOD STATE PRISON,39407,309,TOWER 9,5060,LOOKOUT (GUARD STATION),104,1992,2026-10-06
ISP,10102,IRONWOOD STATE PRISON,39408,310,TOWER 10,5060,LOOKOUT (GUARD STATION),104,1992,2026-10-06
ISP,10102,IRONWOOD STATE PRISON,39409,311,TOWER 11,5060,LOOKOUT (GUARD STATION),104,1992,2026-10-06
ISP,10102,IRONWOOD STATE PRISON,39410,312,TOWER 12,5060,LOOKOUT (GUARD STATION),104,1992,2026-10-06
ISP,10102,IRONWOOD STATE PRISON,39411,321,HOUSING UNIT A-1,5670,DORMITORY,24110,1992,2026-10-06
ISP,10102,IRONWOOD STATE PRISON,39412,322,HOUSING UNIT A-2,5670,DORMITORY,24110,1992,2026-10-06
ISP,10102,IRONWOOD STATE PRISON,39413,323,HOUSING UNIT A-3,5670,DORMITORY,24110,1992,2026-10-06
ISP,10102,IRONWOOD STATE PRISON,39414,324,HOUSING UNIT A-4,5670,DORMITORY,24110,1992,2026-10-06
ISP,10102,IRONWOOD STATE PRISON,39415,325,HOUSING UNIT A-5,5670,DORMITORY,24760,1992,2026-10-06
ISP,10102,IRONWOOD STATE PRISON,39416,331,HOUSING UNIT B-1,5670,DORMITORY,24110,1992,2026-10-06
ISP,10102,IRONWOOD STATE PRISON,39417,332,HOUSING UNIT B-2,5670,DORMITORY,24110,1992,2026-10-06
ISP,10102,IRONWOOD STATE PRISON,39418,333,HOUSING UNIT B-3,5670,DORMITORY,24110,1992,2026-10-06
ISP,10102,IRONWOOD STATE PRISON,39419,334,HOUSING UNIT B-4,5670,DORMITORY,24110,1992,2026-10-06
ISP,10102,IRONWOOD STATE PRISON,39420,335,HOUSING UNIT B-5,5670,DORMITORY,24110,1992,2026-10-06
ISP,10102,IRONWOOD STATE PRISON,39421,341,HOUSING UNIT C-1,5670,DORMITORY,24110,1992,2026-10-06
ISP,10102,IRONWOOD STATE PRISON,39422,342,HOUSING UNIT C-2,5670,DORMITORY,24110,1992,2026-10-06
ISP,10102,IRONWOOD STATE PRISON,39423,343,HOUSING UNIT C-3,5670,DORMITORY,24110,1992,2026-10-06
ISP,10102,IRONWOOD STATE PRISON,39424,344,HOUSING UNIT C-4,5670,DORMITORY,24110,1992,2026-10-06
ISP,10102,IRONWOOD STATE PRISON,39425,345,HOUSING UNIT C-5,5670,DORMITORY,24110,1992,2026-10-06
ISP,10102,IRONWOOD STATE PRISON,39426,351,HOUSING UNIT D-1,5670,DORMITORY,24110,1992,2026-10-06
ISP,10102,IRONWOOD STATE PRISON,39427,352,HOUSING UNIT D-2,5670,DORMITORY,24110,1992,2026-10-06
ISP,10102,IRONWOOD STATE PRISON,39428,353,HOUSING UNIT D-3,5670,DORMITORY,24110,1992,2026-10-06
ISP,10102,IRONWOOD STATE PRISON,39429,354,HOUSING UNIT D-4,5670,DORMITORY,24110,1992,2026-10-06
ISP,10102,IRONWOOD STATE PRISON,39430,355,HOUSING UNIT D-5,5670,DORMITORY,24110,1992,2026-10-06
ISP,10102,IRONWOOD STATE PRISON,39431,420,CENTRAL OPERATIONS,2310,OFFICE (INSTITUTIONAL),6165,1992,2026-10-06
ISP,10102,IRONWOOD STATE PRISON,39432,421,A FACILITY PROGRAM SUPPORT,2310,OFFICE (INSTITUTIONAL),24495,1992,2026-10-06
ISP,10102,IRONWOOD STATE PRISON,39442,422,A FOOD SERVICE SATELLITE,5870,DINING/CAFETERIA,12692,1992,2026-10-06
ISP,10102,IRONWOOD STATE PRISON,39436,430,A&B VISITING/BOARD OF PRISON TERMS/CTRL,5960,VISITATION FACILITY,20032,1992,2026-10-06
ISP,10102,IRONWOOD STATE PRISON,39433,431,B FACILITY PROGRAM SUPPORT,2310,OFFICE (INSTITUTIONAL),24495,1992,2026-10-06
ISP,10102,IRONWOOD STATE PRISON,39443,432,B FOOD SERVICE SATELLITE,5870,DINING/CAFETERIA,12692,1992,2026-10-06
ISP,10102,IRONWOOD STATE PRISON,39437,440,C&D VISITING/BOARD OF PRISON TERMS/CTRL,5960,VISITATION FACILITY,20032,1992,2026-10-06
ISP,10102,IRONWOOD STATE PRISON,39434,441,C FACILITY PROGRAM SUPPORT,2310,OFFICE (INSTITUTIONAL),24495,1992,2026-10-06
ISP,10102,IRONWOOD STATE PRISON,39444,442,C FOOD SERVICE SATELLITE,5870,DINING/CAFETERIA,12692,1992,2026-10-06
ISP,10102,IRONWOOD STATE PRISON,39435,451,D FACILITY PROGRAM SUPPORT,2310,OFFICE (INSTITUTIONAL),24495,1992,2026-10-06
ISP,10102,IRONWOOD STATE PRISON,39445,452,D FOOD SATELLITE SERVICES,5870,DINING/CAFETERIA,12692,1992,2026-10-06
ISP,10102,IRONWOOD STATE PRISON,39438,460,RECEIVING AND RELEASE,2310,OFFICE (INSTITUTIONAL),4966,1992,2026-10-06
ISP,10102,IRONWOOD STATE PRISON,39439,461,CENTRAL HEALTH,5710,HOSPITAL/CLINIC/TREATMENT CENTER,18672,1992,2026-10-06
ISP,10102,IRONWOOD STATE PRISON,39440,462,CENTRAL KITCHEN,5830,KITCHEN,20740,1992,2026-10-06
ISP,10102,IRONWOOD STATE PRISON,39441,464,STEAM GENERATOR BUILDING,5820,UTILITY,1000,1992,2026-10-06
ISP,10102,IRONWOOD STATE PRISON,39446,521,A VOCATIONAL EDUCATION,5620,CLASSROOM,15260,1992,2026-10-06
ISP,10102,IRONWOOD STATE PRISON,39447,522,A VOCATIONAL EDUCATION,5620,CLASSROOM,16800,1992,2026-10-06
ISP,10102,IRONWOOD STATE PRISON,39454,523,GREENHOUSE,5700,NURSERY/GREENHOUSE,666,1992,2026-10-06
ISP,10102,IRONWOOD STATE PRISON,39448,524,B VOCATIONAL EDUCATION,5620,CLASSROOM,17780,1992,2026-10-06
ISP,10102,IRONWOOD STATE PRISON,39449,525,B VOCATIONAL EDUCATION,5620,CLASSROOM,20160,1992,2026-10-06
ISP,10102,IRONWOOD STATE PRISON,39450,526,C VOCATIONAL EDUCATION,5620,CLASSROOM,15260,1992,2026-10-06
ISP,10102,IRONWOOD STATE PRISON,39451,527,C VOCATIONAL EDUCATION,5620,CLASSROOM,19180,1992,2026-10-06
ISP,10102,IRONWOOD STATE PRISON,39452,528,D VOCATIONAL EDUCATION,5620,CLASSROOM,21140,1992,2026-10-06
ISP,10102,IRONWOOD STATE PRISON,39453,529,D VOCATIONAL EDUCATION,5620,CLASSROOM,24640,1992,2026-10-06
ISP,10102,IRONWOOD STATE PRISON,5121,530,MODULAR BUILDING,2330,RELOCATABLE OFFICE,4970,2002,2026-10-06
ISP,10102,IRONWOOD STATE PRISON,39455,531,WORK ZONE FOOD SVC SATELLITE A FACILITY,5870,DINING/CAFETERIA,3969,1992,2026-10-06
ISP,10102,IRONWOOD STATE PRISON,39456,532,WORK ZONE FOOD SVC SATELLITE B FACILITY,5870,DINING/CAFETERIA,3969,1992,2026-10-06
ISP,10102,IRONWOOD STATE PRISON,39457,533,WORK ZONE FOOD SVC SATELLITE C FACILITY,5870,DINING/CAFETERIA,3969,1992,2026-10-06
ISP,10102,IRONWOOD STATE PRISON,39458,534,WORK ZONE FOOD SVC SATELLITE D FACILITY,5870,DINING/CAFETERIA,3969,1992,2026-10-06
ISP,10102,IRONWOOD STATE PRISON,39459,541,CENTRAL LIBRARY/MEDIA CNTR/ARTS IN CORR,5680,LIBRARY,5040,1992,2026-10-06
ISP,10102,IRONWOOD STATE PRISON,39461,551,BLDG MAINTENANCE SATELLITE A FACILITY,5810,SHOP,2550,1992,2026-10-06
ISP,10102,IRONWOOD STATE PRISON,39460,552,CENTRAL BUILDING MAINTENANCE,5810,SHOP,8100,1992,2026-10-06
ISP,10102,IRONWOOD STATE PRISON,39462,553,BLDG MAINTENANCE SATELLITE C FACILITY,5810,SHOP,2550,1992,2026-10-06
ISP,10102,IRONWOOD STATE PRISON,39463,554,BLDG MAINTENANCE SATELLITE D FACILITY,5810,SHOP,2550,1992,2026-10-06
ISP,10102,IRONWOOD STATE PRISON,39464,561,WORK CHANGE BUILDING A FACILITY,2485,WORK CHANGE,625,1992,2026-10-06
ISP,10102,IRONWOOD STATE PRISON,39465,562,WORK CHANGE BUILDING B FACILITY,2485,WORK CHANGE,625,1992,2026-10-06
ISP,10102,IRONWOOD STATE PRISON,39466,563,WORK CHANGE BUILDING C FACILITY,2485,WORK CHANGE,625,1992,2026-10-06
ISP,10102,IRONWOOD STATE PRISON,39467,564,WORK CHANGE BUILDING D FACILITY,2485,WORK CHANGE,625,1992,2026-10-06
ISP,10102,IRONWOOD STATE PRISON,39468,571,VOLATILE STORAGE A FACILITY,2420,SHED,100,1992,2026-10-06
ISP,10102,IRONWOOD STATE PRISON,39469,572,VOLATILE STORAGE B FACILITY,2420,SHED,100,1992,2026-10-06
ISP,10102,IRONWOOD STATE PRISON,39470,573,VOLATILE STORAGE C FACILITY,2420,SHED,100,1992,2026-10-06
ISP,10102,IRONWOOD STATE PRISON,39471,574,VOLATILE STORAGE D FACILITY,2420,SHED,100,1992,2026-10-06
ISP,10102,IRONWOOD STATE PRISON,39472,576,BUILDING / GROUNDS MAINTENANCE,2480,EQUIPMENT/MAINTENANCE BUILDING,1898,1992,2026-10-06
ISP,10102,IRONWOOD STATE PRISON,39473,601,SWITCHGEAR / GENERATOR BUILDING,5820,UTILITY,1750,1992,2026-10-06
ISP,10102,IRONWOOD STATE PRISON,39474,700,WAREHOUSE,2440,WAREHOUSE,52679,1992,2026-10-06
ISP,10102,IRONWOOD STATE PRISON,39475,701,VOLATILE STORAGE (WAREHOUSE AREA),2440,WAREHOUSE,880,1992,2026-10-06
ISP,10102,IRONWOOD STATE PRISON,39476,800,CENTRAL ADMINISTRATION BUILDING,2310,OFFICE (INSTITUTIONAL),31147,1992,2026-10-06
ISP,10102,IRONWOOD STATE PRISON,39477,801,FAMILY VISITING,5960,VISITATION FACILITY,2456,1992,2026-10-06
ISP,10102,IRONWOOD STATE PRISON,39478,802,FAMILY VISITING,5960,VISITATION FACILITY,2456,1992,2026-10-06
ISP,10102,IRONWOOD STATE PRISON,39479,803,VISITOR PROCESSING/PEDESTRIAN SALLYPORT,5960,VISITATION FACILITY,3483,1992,2026-10-06
ISP,10102,IRONWOOD STATE PRISON,39480,804,VEHICLE SALLYPORT / OFFICER STATION,5060,LOOKOUT (GUARD STATION),120,1992,2026-10-06
ISP,10102,IRONWOOD STATE PRISON,39481,805,ARMORY / LOCKSMITH,5600,ARMORY,1721,1992,2026-10-06
ISP,10102,IRONWOOD STATE PRISON,44473,808,INSERVICE TRAINING CLASSROOM,5620,CLASSROOM,1536,1997,2026-10-06
ISP,10102,IRONWOOD STATE PRISON,44474,809,PROCUREMENT BUILDING,2310,OFFICE (INSTITUTIONAL),1536,1997,2026-10-06
ISP,10102,IRONWOOD STATE PRISON,39483,901,LEVEL 1 DORM - 100 BEDS,5670,DORMITORY,13244,1992,2026-10-06
ISP,10102,IRONWOOD STATE PRISON,39484,902,LEVEL 1 DORM - 100 BEDS,5670,DORMITORY,13244,1992,2026-10-06
ISP,10102,IRONWOOD STATE PRISON,39485,903,LEVEL 1 PROGRAM AND SUPPORT SERVICES,2310,OFFICE (INSTITUTIONAL),11556,1992,2026-10-06
ISP,10102,IRONWOOD STATE PRISON,39486,904,LEVEL 1 FAMILY VISITING,5960,VISITATION FACILITY,810,1992,2026-10-06
ISP,10102,IRONWOOD STATE PRISON,39487,905,LEVEL 1 SUPPORT SERVICES,5960,VISITATION FACILITY,5400,1992,2026-10-06
ISP,10102,IRONWOOD STATE PRISON,39488,911,LEVEL 1 DORM - 100 BEDS F FACILITY,5670,DORMITORY,13244,1992,2026-10-06
ISP,10102,IRONWOOD STATE PRISON,39489,912,LEVEL 1 DORM - 100 BEDS F FACILITY,5670,DORMITORY,13244,1992,2026-10-06
ISP,10102,IRONWOOD STATE PRISON,39490,913,FACILITY F LEVEL 1 PROGRAM SERVICES,2310,OFFICE (INSTITUTIONAL),11556,1992,2026-10-06
ISP,10102,IRONWOOD STATE PRISON,39491,914,LEVEL 1 FAMILY VISITING,5960,VISITATION FACILITY,810,1992,2026-10-06
ISP,10102,IRONWOOD STATE PRISON,39494,915,LEVEL 1 SUPPORT SERVICES,2310,OFFICE (INSTITUTIONAL),5400,1992,2026-10-06
KVSP,10424,KERN VALLEY STATE PRISON,51542,,13 SMALL MANAGEMENT EXERCISE YARDS,5930,SMALL MANAGEMENT EXERCISE YARDS,1950,2009,2026-10-06
KVSP,10424,KERN VALLEY STATE PRISON,55802,,20 SMALL MANAGEMENT YARDS FOR AD SEG (1),5930,SMALL MANAGEMENT EXERCISE YARDS,3000,2004,2026-10-06
KVSP,10424,KERN VALLEY STATE PRISON,55803,,20 SMALL MANAGEMENT YARDS FOR AD SEG (2),5930,SMALL MANAGEMENT EXERCISE YARDS,3000,2004,2026-10-06
KVSP,10424,KERN VALLEY STATE PRISON,57619,,EV CHARGING STATIONS (10-LEVEL 2 PORTS),4595,ELECTRIC VEHICLE CHARGING STATION,0,2020,2026-10-06
KVSP,10424,KERN VALLEY STATE PRISON,50278,1101,CENTRAL HEALTH,5710,HOSPITAL/CLINIC/TREATMENT CENTER,33373,2004,2026-10-06
KVSP,10424,KERN VALLEY STATE PRISON,50276,1201,CENTRAL KITCHEN,5830,KITCHEN,20545,2004,2026-10-06
KVSP,10424,KERN VALLEY STATE PRISON,50277,1202,STEAM GEN BLDG,5820,UTILITY,2185,2004,2026-10-06
KVSP,10424,KERN VALLEY STATE PRISON,51171,200,WASTEWATER TREATMENT PLANT,5820,UTILITY,1600,2004,2026-10-06
KVSP,10424,KERN VALLEY STATE PRISON,50275,201,WASTEWATER TREATMENT PLANT,5820,UTILITY,0,2004,2026-10-06
KVSP,10424,KERN VALLEY STATE PRISON,50312,301,SALLYPORT TOWER (1),5060,LOOKOUT (GUARD STATION),169,2004,2026-10-06
KVSP,10424,KERN VALLEY STATE PRISON,51172,302,PMTR TOWER (12),5060,LOOKOUT (GUARD STATION),169,2004,2026-10-06
KVSP,10424,KERN VALLEY STATE PRISON,50314,303,PMTR TOWER (1),5060,LOOKOUT (GUARD STATION),169,2004,2026-10-06
KVSP,10424,KERN VALLEY STATE PRISON,50315,304,PMTR TOWER (2),5060,LOOKOUT (GUARD STATION),169,2004,2026-10-06
KVSP,10424,KERN VALLEY STATE PRISON,50316,305,PMTR TOWER (3),5060,LOOKOUT (GUARD STATION),169,2004,2026-10-06
KVSP,10424,KERN VALLEY STATE PRISON,50317,306,PMTR TOWER (4),5060,LOOKOUT (GUARD STATION),169,2004,2026-10-06
KVSP,10424,KERN VALLEY STATE PRISON,50318,307,PMTR TOWER (5),5060,LOOKOUT (GUARD STATION),169,2004,2026-10-06
KVSP,10424,KERN VALLEY STATE PRISON,50313,308,SALLYPORT TOWER (2),5060,LOOKOUT (GUARD STATION),169,2004,2026-10-06
KVSP,10424,KERN VALLEY STATE PRISON,50319,309,PMTR TOWER (6),5060,LOOKOUT (GUARD STATION),169,2004,2026-10-06
KVSP,10424,KERN VALLEY STATE PRISON,50320,310,PMTR TOWER (7),5060,LOOKOUT (GUARD STATION),169,2004,2026-10-06
KVSP,10424,KERN VALLEY STATE PRISON,50321,311,PMTR TOWER (8),5060,LOOKOUT (GUARD STATION),169,2004,2026-10-06
KVSP,10424,KERN VALLEY STATE PRISON,50322,312,PMTR TOWER (9),5060,LOOKOUT (GUARD STATION),169,2004,2026-10-06
KVSP,10424,KERN VALLEY STATE PRISON,50323,313,PMTR TOWER (10),5060,LOOKOUT (GUARD STATION),169,2004,2026-10-06
KVSP,10424,KERN VALLEY STATE PRISON,50324,314,PMTR TOWER (11),5060,LOOKOUT (GUARD STATION),169,2004,2026-10-06
KVSP,10424,KERN VALLEY STATE PRISON,50293,321,180 HOUSING- LEVEL IV (1),5670,DORMITORY,50203,2004,2026-10-06
KVSP,10424,KERN VALLEY STATE PRISON,50294,322,180 HOUSING- LEVEL IV (2),5670,DORMITORY,50203,2004,2026-10-06
KVSP,10424,KERN VALLEY STATE PRISON,50295,323,180 HOUSING- LEVEL IV (3),5670,DORMITORY,50203,2004,2026-10-06
KVSP,10424,KERN VALLEY STATE PRISON,50296,324,180 HOUSING- LEVEL IV (4),5670,DORMITORY,50203,2004,2026-10-06
KVSP,10424,KERN VALLEY STATE PRISON,50297,331,180 HOUSING- LEVEL IV (5),5670,DORMITORY,50203,2004,2026-10-06
KVSP,10424,KERN VALLEY STATE PRISON,50298,332,180 HOUSING- LEVEL IV (6),5670,DORMITORY,50203,2004,2026-10-06
KVSP,10424,KERN VALLEY STATE PRISON,50299,333,180 HOUSING- LEVEL IV (7),5670,DORMITORY,50203,2004,2026-10-06
KVSP,10424,KERN VALLEY STATE PRISON,50300,334,180 HOUSING- LEVEL IV (8),5670,DORMITORY,50203,2004,2026-10-06
KVSP,10424,KERN VALLEY STATE PRISON,50301,341,180 HOUSING- LEVEL IV (9),5670,DORMITORY,50203,2004,2026-10-06
KVSP,10424,KERN VALLEY STATE PRISON,50302,342,180 HOUSING- LEVEL IV (10),5670,DORMITORY,50203,2004,2026-10-06
KVSP,10424,KERN VALLEY STATE PRISON,50303,343,180 HOUSING- LEVEL IV (11),5670,DORMITORY,50203,2004,2026-10-06
KVSP,10424,KERN VALLEY STATE PRISON,50304,344,180 HOUSING- LEVEL IV (12),5670,DORMITORY,50203,2004,2026-10-06
KVSP,10424,KERN VALLEY STATE PRISON,50305,351,180 HOUSING- LEVEL IV (13),5670,DORMITORY,50203,2004,2026-10-06
KVSP,10424,KERN VALLEY STATE PRISON,50306,352,180 HOUSING- LEVEL IV (14),5670,DORMITORY,50203,2004,2026-10-06
KVSP,10424,KERN VALLEY STATE PRISON,50307,353,180 HOUSING- LEVEL IV (15),5670,DORMITORY,50203,2004,2026-10-06
KVSP,10424,KERN VALLEY STATE PRISON,50308,354,180 HOUSING- LEVEL IV (16),5670,DORMITORY,50706,2004,2026-10-06
KVSP,10424,KERN VALLEY STATE PRISON,50310,360,AD SEG - NEW DESIGN (1),5670,DORMITORY,27547,2004,2026-10-06
KVSP,10424,KERN VALLEY STATE PRISON,50311,361,AD SEG - NEW DESIGN (2),5670,DORMITORY,27547,2004,2026-10-06
KVSP,10424,KERN VALLEY STATE PRISON,50332,401,CENTRAL SRVCS BLDG,2310,OFFICE (INSTITUTIONAL),22425,2004,2026-10-06
KVSP,10424,KERN VALLEY STATE PRISON,50333,402,COMPLEX SRVCS BLDG,2310,OFFICE (INSTITUTIONAL),19310,2004,2026-10-06
KVSP,10424,KERN VALLEY STATE PRISON,50326,403,RECEIVING AND RELEASE,2310,OFFICE (INSTITUTIONAL),4966,2004,2026-10-06
KVSP,10424,KERN VALLEY STATE PRISON,50360,421,FPSS WITHOUT GYM (1),2310,OFFICE (INSTITUTIONAL),16246,2004,2026-10-06
KVSP,10424,KERN VALLEY STATE PRISON,50328,422,GYM (1),5890,GYMNASIUM,7397,2004,2026-10-06
KVSP,10424,KERN VALLEY STATE PRISON,51173,423,YARD GUN POST - FACILITY A1,5060,LOOKOUT (GUARD STATION),169,2004,2026-10-06
KVSP,10424,KERN VALLEY STATE PRISON,50309,424,"YARD GUN POST, A-2",5060,LOOKOUT (GUARD STATION),169,2004,2026-10-06
KVSP,10424,KERN VALLEY STATE PRISON,50361,431,FPSS WITHOUT GYM (2),2310,OFFICE (INSTITUTIONAL),16246,2004,2026-10-06
KVSP,10424,KERN VALLEY STATE PRISON,50329,432,GYM (2),5890,GYMNASIUM,7397,2004,2026-10-06
KVSP,10424,KERN VALLEY STATE PRISON,51174,433,YARD GUN POST - FACILITY B1,5060,LOOKOUT (GUARD STATION),169,2004,2026-10-06
KVSP,10424,KERN VALLEY STATE PRISON,51175,434,YARD GUN POST - FACILITY B2,5060,LOOKOUT (GUARD STATION),169,2004,2026-10-06
KVSP,10424,KERN VALLEY STATE PRISON,50362,441,FPSS WITHOUT GYM (3),2310,OFFICE (INSTITUTIONAL),16246,2004,2026-10-06
KVSP,10424,KERN VALLEY STATE PRISON,50330,442,GYM (3),5890,GYMNASIUM,7397,2004,2026-10-06
KVSP,10424,KERN VALLEY STATE PRISON,51176,443,YARD GUN POST - FACILITY C1,5060,LOOKOUT (GUARD STATION),169,2004,2026-10-06
KVSP,10424,KERN VALLEY STATE PRISON,51177,444,YARD GUN POST - FACILITY C2,5060,LOOKOUT (GUARD STATION),169,2004,2026-10-06
KVSP,10424,KERN VALLEY STATE PRISON,50327,445,RES MENTAL HEALTH,2310,OFFICE (INSTITUTIONAL),7753,2004,2026-10-06
KVSP,10424,KERN VALLEY STATE PRISON,50363,451,FPSS WITHOUT GYM (4),2310,OFFICE (INSTITUTIONAL),16246,2004,2026-10-06
KVSP,10424,KERN VALLEY STATE PRISON,50331,452,GYM (4),5890,GYMNASIUM,7397,2004,2026-10-06
KVSP,10424,KERN VALLEY STATE PRISON,51178,453,YARD GUN POST - FACILITY D1,5060,LOOKOUT (GUARD STATION),169,2004,2026-10-06
KVSP,10424,KERN VALLEY STATE PRISON,51179,454,YARD GUN POST - FACILITY D2,5060,LOOKOUT (GUARD STATION),169,2004,2026-10-06
KVSP,10424,KERN VALLEY STATE PRISON,50351,521,WORK CHANGE (1),2485,WORK CHANGE,629,2004,2026-10-06
KVSP,10424,KERN VALLEY STATE PRISON,50347,522,CENTRAL BLDG. MAINT,2480,EQUIPMENT/MAINTENANCE BUILDING,8676,2004,2026-10-06
KVSP,10424,KERN VALLEY STATE PRISON,50343,523,VOLATILE STORAGE SAT (1),2430,STORAGE BUILDING,100,2004,2026-10-06
KVSP,10424,KERN VALLEY STATE PRISON,50356,524,WORK ZONE FOOD SERV SAT (1),5870,DINING/CAFETERIA,2800,2004,2026-10-06
KVSP,10424,KERN VALLEY STATE PRISON,50369,525,VOCATIONAL EDUCATION - A YARD,5620,CLASSROOM,10080,2004,2026-10-06
KVSP,10424,KERN VALLEY STATE PRISON,50370,526,VOCATIONAL EDUCATION - A YARD,5620,CLASSROOM,12586,2004,2026-10-06
KVSP,10424,KERN VALLEY STATE PRISON,50371,527,VOCATIONAL EDUCATION - A YARD,5620,CLASSROOM,14140,2004,2026-10-06
KVSP,10424,KERN VALLEY STATE PRISON,50352,531,WORK CHANGE (2),2485,WORK CHANGE,629,2004,2026-10-06
KVSP,10424,KERN VALLEY STATE PRISON,50348,532,BLDG. MAINTENANCE SAT. (1),2480,EQUIPMENT/MAINTENANCE BUILDING,2550,2004,2026-10-06
KVSP,10424,KERN VALLEY STATE PRISON,50344,533,VOLATILE STORAGE SAT (2),2430,STORAGE BUILDING,100,2004,2026-10-06
KVSP,10424,KERN VALLEY STATE PRISON,50357,534,WORK ZONE FOOD SERV SAT (2),5870,DINING/CAFETERIA,2800,2004,2026-10-06
KVSP,10424,KERN VALLEY STATE PRISON,50372,535,VOCATIONAL EDUCATION - B YARD,5620,CLASSROOM,12693,2004,2026-10-06
KVSP,10424,KERN VALLEY STATE PRISON,50373,536,VOCATIONAL EDUCATION - B YARD,5620,CLASSROOM,17696,2004,2026-10-06
KVSP,10424,KERN VALLEY STATE PRISON,50353,541,WORK CHANGE (3),2485,WORK CHANGE,629,2004,2026-10-06
KVSP,10424,KERN VALLEY STATE PRISON,50349,542,BLDG. MAINTENANCE SAT. (2),2480,EQUIPMENT/MAINTENANCE BUILDING,2550,2004,2026-10-06
KVSP,10424,KERN VALLEY STATE PRISON,50345,543,VOLATILE STORAGE SAT (3),2430,STORAGE BUILDING,100,2004,2026-10-06
KVSP,10424,KERN VALLEY STATE PRISON,50358,544,WORK ZONE FOOD SERV SAT (3),5870,DINING/CAFETERIA,2800,2004,2026-10-06
KVSP,10424,KERN VALLEY STATE PRISON,50374,545,VOCATIONAL EDUCATION - C YARD,5620,CLASSROOM,9590,2004,2026-10-06
KVSP,10424,KERN VALLEY STATE PRISON,50375,546,VOCATIONAL EDUCATION - C YARD,5620,CLASSROOM,13160,2004,2026-10-06
KVSP,10424,KERN VALLEY STATE PRISON,50376,547,VOCATIONAL EDUCATION - C YARD,5620,CLASSROOM,15190,2004,2026-10-06
KVSP,10424,KERN VALLEY STATE PRISON,50354,551,WORK CHANGE (4),2485,WORK CHANGE,629,2004,2026-10-06
KVSP,10424,KERN VALLEY STATE PRISON,50350,552,BLDG. MAINTENANCE SAT. (3),2480,EQUIPMENT/MAINTENANCE BUILDING,2550,2004,2026-10-06
KVSP,10424,KERN VALLEY STATE PRISON,50346,553,VOLATILE STORAGE SAT (4),2430,STORAGE BUILDING,100,2004,2026-10-06
KVSP,10424,KERN VALLEY STATE PRISON,50341,554,WORK ZONE FOOD SERV SAT (4),5870,DINING/CAFETERIA,2800,2004,2026-10-06
KVSP,10424,KERN VALLEY STATE PRISON,50377,555,VOCATIONAL EDUCATION - D YARD,5620,CLASSROOM,13580,2004,2026-10-06
KVSP,10424,KERN VALLEY STATE PRISON,50378,556,VOCATIONAL EDUCATION - D YARD,5620,CLASSROOM,10150,2004,2026-10-06
KVSP,10424,KERN VALLEY STATE PRISON,50359,557,LIBRARY/MEDIA/AIC,5680,LIBRARY,5111,2004,2026-10-06
KVSP,10424,KERN VALLEY STATE PRISON,50355,558,WORK CHANGE (5),2485,WORK CHANGE,629,2004,2026-10-06
KVSP,10424,KERN VALLEY STATE PRISON,50379,559,ACADEMIC EDUCATION - D YARD,5620,CLASSROOM,11760,2004,2026-10-06
KVSP,10424,KERN VALLEY STATE PRISON,50342,563,VOLATILE STORAGE WAREHOUSE,2430,STORAGE BUILDING,880,2004,2026-10-06
KVSP,10424,KERN VALLEY STATE PRISON,51180,605,WATER BOOSTER PUMP STATION,5120,PUMP/WELL HOUSE,700,2004,2026-10-06
KVSP,10424,KERN VALLEY STATE PRISON,55451,612,ARSENIC REMOVAL WATER TREATMENT SYSTEM,5820,UTILITY,2200,2013,2026-10-06
KVSP,10424,KERN VALLEY STATE PRISON,50337,701,WHSE & LDRY STAGING,2440,WAREHOUSE,52664,2004,2026-10-06
KVSP,10424,KERN VALLEY STATE PRISON,50336,704,VEHICLE BUILDING MAINTENANCE,2480,EQUIPMENT/MAINTENANCE BUILDING,6120,2004,2026-10-06
KVSP,10424,KERN VALLEY STATE PRISON,50339,705,HAZ. MATERIAL STORAGE,2430,STORAGE BUILDING,880,2004,2026-10-06
KVSP,10424,KERN VALLEY STATE PRISON,50340,706,HAZ. WASTE STORAGE,2430,STORAGE BUILDING,688,2004,2026-10-06
KVSP,10424,KERN VALLEY STATE PRISON,50338,707,RASP,2480,EQUIPMENT/MAINTENANCE BUILDING,2639,2004,2026-10-06
KVSP,10424,KERN VALLEY STATE PRISON,50283,801,CENTRAL ADMIN,2310,OFFICE (INSTITUTIONAL),34535,2004,2026-10-06
KVSP,10424,KERN VALLEY STATE PRISON,50284,802,VISITOR/STAFF PROCESSING,5960,VISITATION FACILITY,3685,2004,2026-10-06
KVSP,10424,KERN VALLEY STATE PRISON,50290,803,VEH SALLY OFFICER STATION,5060,LOOKOUT (GUARD STATION),120,2004,2026-10-06
KVSP,10424,KERN VALLEY STATE PRISON,50288,804,ARMORY/LOCKSMITH,5600,ARMORY,2209,2004,2026-10-06
KVSP,10424,KERN VALLEY STATE PRISON,50334,805,FAMILY VISITING / 5 UNIT,5960,VISITATION FACILITY,4433,2004,2026-10-06
KVSP,10424,KERN VALLEY STATE PRISON,50335,806,FAMILY VISITING / 1 UNIT,5960,VISITATION FACILITY,858,2004,2026-10-06
KVSP,10424,KERN VALLEY STATE PRISON,50291,808,ENTRANCE GATEHOUSE,5060,LOOKOUT (GUARD STATION),120,2004,2026-10-06
KVSP,10424,KERN VALLEY STATE PRISON,50285,809,WEAPONS TRAINING CLASSROOM,5620,CLASSROOM,912,2004,2026-10-06
KVSP,10424,KERN VALLEY STATE PRISON,50287,810P,FIRING PLATFORM: PISTOLS,5935,TRAINING FACILITY,1232,2004,2026-10-06
KVSP,10424,KERN VALLEY STATE PRISON,50286,810R,FIRING PLATFORM: RIFLES,5935,TRAINING FACILITY,3435,2004,2026-10-06
KVSP,10424,KERN VALLEY STATE PRISON,50292,811,RPE BUILDING,2310,OFFICE (INSTITUTIONAL),285,2004,2026-10-06
KVSP,10424,KERN VALLEY STATE PRISON,50279,901,LEVEL 1 DORM (1),5670,DORMITORY,13244,2004,2026-10-06
KVSP,10424,KERN VALLEY STATE PRISON,50280,902,LEVEL 1 DORM (2),5670,DORMITORY,13244,2004,2026-10-06
KVSP,10424,KERN VALLEY STATE PRISON,50282,903,LEVEL 1 FAC SURPT,2310,OFFICE (INSTITUTIONAL),5378,2004,2026-10-06
KVSP,10424,KERN VALLEY STATE PRISON,50281,904,LEVEL 1 FPSS,2310,OFFICE (INSTITUTIONAL),12420,2004,2026-10-06
LAC,9474,"CSP, LOS ANGELES",57092,,20 SMALL MANAGEMENT YARDS,5930,SMALL MANAGEMENT EXERCISE YARDS,0,2014,2026-10-06
LAC,9474,"CSP, LOS ANGELES",51543,,34 SMALL MANAGEMENT EXERCISE YARDS,5930,SMALL MANAGEMENT EXERCISE YARDS,5100,2009,2026-10-06
LAC,9474,"CSP, LOS ANGELES",50273,,ADMINISTRATIVE SEGREGATION HOUSING UNIT,5670,DORMITORY,25204,2002,2026-10-06
LAC,9474,"CSP, LOS ANGELES",57615,,EV CHARGING STATIONS (10-LEVEL 2 PORTS),4595,ELECTRIC VEHICLE CHARGING STATION,0,2020,2026-10-06
LAC,9474,"CSP, LOS ANGELES",43641,201,SEWAGE PRE-TREATMENT,5820,UTILITY,594,1992,2026-10-06
LAC,9474,"CSP, LOS ANGELES",43642,202,WATER STORAGE TANK #1,5120,PUMP/WELL HOUSE,1790,1992,2026-10-06
LAC,9474,"CSP, LOS ANGELES",43643,203,WATER STORAGE TANK #2,5120,PUMP/WELL HOUSE,1790,1992,2026-10-06
LAC,9474,"CSP, LOS ANGELES",43563,301,PERIMETER OBSERVATION TOWER,5060,LOOKOUT (GUARD STATION),120,1992,2026-10-06
LAC,9474,"CSP, LOS ANGELES",43564,302,PERIMETER OBSERVATION TOWER,5060,LOOKOUT (GUARD STATION),120,1992,2026-10-06
LAC,9474,"CSP, LOS ANGELES",43565,303,PERIMETER OBSERVATION TOWER,5060,LOOKOUT (GUARD STATION),120,1992,2026-10-06
LAC,9474,"CSP, LOS ANGELES",43566,304,PERIMETER OBSERVATION TOWER,5060,LOOKOUT (GUARD STATION),120,1992,2026-10-06
LAC,9474,"CSP, LOS ANGELES",43567,305,PERIMETER OBSERVATION TOWER,5060,LOOKOUT (GUARD STATION),120,1992,2026-10-06
LAC,9474,"CSP, LOS ANGELES",43568,306,PERIMETER OBSERVATION TOWER,5060,LOOKOUT (GUARD STATION),120,1992,2026-10-06
LAC,9474,"CSP, LOS ANGELES",43569,307,PERIMETER OBSERVATION TOWER,5060,LOOKOUT (GUARD STATION),120,1992,2026-10-06
LAC,9474,"CSP, LOS ANGELES",43570,308,PERIMETER OBSERVATION TOWER,5060,LOOKOUT (GUARD STATION),120,1992,2026-10-06
LAC,9474,"CSP, LOS ANGELES",43571,309,PERIMETER OBSERVATION TOWER,5060,LOOKOUT (GUARD STATION),120,1992,2026-10-06
LAC,9474,"CSP, LOS ANGELES",43572,310,PERIMETER OBSERVATION TOWER,5060,LOOKOUT (GUARD STATION),120,1992,2026-10-06
LAC,9474,"CSP, LOS ANGELES",43573,311,PERIMETER OBSERVATION TOWER,5060,LOOKOUT (GUARD STATION),120,1992,2026-10-06
LAC,9474,"CSP, LOS ANGELES",43574,312,PERIMETER OBSERVATION TOWER,5060,LOOKOUT (GUARD STATION),120,1992,2026-10-06
LAC,9474,"CSP, LOS ANGELES",43575,331,HOUSING UNIT A-1,5670,DORMITORY,24177,1992,2026-10-06
LAC,9474,"CSP, LOS ANGELES",43584,3310,HOUSING UNIT B-5,5670,DORMITORY,24177,1992,2026-10-06
LAC,9474,"CSP, LOS ANGELES",43576,332,HOUSING UNIT A-2,5670,DORMITORY,24177,1992,2026-10-06
LAC,9474,"CSP, LOS ANGELES",43577,333,HOUSING UNIT A-3,5670,DORMITORY,24177,1992,2026-10-06
LAC,9474,"CSP, LOS ANGELES",43578,334,HOUSING UNIT A-4,5670,DORMITORY,24728,1992,2026-10-06
LAC,9474,"CSP, LOS ANGELES",43579,335,HOUSING UNIT A-5,5670,DORMITORY,24177,1992,2026-10-06
LAC,9474,"CSP, LOS ANGELES",43580,336,HOUSING UNIT B-1,5670,DORMITORY,24177,1992,2026-10-06
LAC,9474,"CSP, LOS ANGELES",43581,337,HOUSING UNIT B-2,5670,DORMITORY,24177,1992,2026-10-06
LAC,9474,"CSP, LOS ANGELES",43582,338,HOUSING UNIT B-3,5670,DORMITORY,24177,1992,2026-10-06
LAC,9474,"CSP, LOS ANGELES",43583,339,HOUSING UNIT B-4,5670,DORMITORY,24177,1992,2026-10-06
LAC,9474,"CSP, LOS ANGELES",43585,341,HOUSING UNIT C-1,5670,DORMITORY,24177,1992,2026-10-06
LAC,9474,"CSP, LOS ANGELES",43594,3410,HOUSING UNIT D-5,5670,DORMITORY,24177,1992,2026-10-06
LAC,9474,"CSP, LOS ANGELES",43586,342,HOUSING UNIT C-2,5670,DORMITORY,24177,1992,2026-10-06
LAC,9474,"CSP, LOS ANGELES",43587,343,HOUSING UNIT C-3,5670,DORMITORY,24177,1992,2026-10-06
LAC,9474,"CSP, LOS ANGELES",43588,344,HOUSING UNIT C-4,5670,DORMITORY,24177,1992,2026-10-06
LAC,9474,"CSP, LOS ANGELES",43589,345,HOUSING UNIT C-5,5670,DORMITORY,24177,1992,2026-10-06
LAC,9474,"CSP, LOS ANGELES",43590,346,HOUSING UNIT D-1,5670,DORMITORY,24177,1992,2026-10-06
LAC,9474,"CSP, LOS ANGELES",43591,347,HOUSING UNIT D-2,5670,DORMITORY,24177,1992,2026-10-06
LAC,9474,"CSP, LOS ANGELES",43592,348,HOUSING UNIT D-3,5670,DORMITORY,24177,1992,2026-10-06
LAC,9474,"CSP, LOS ANGELES",43593,349,HOUSING UNIT D-4,5670,DORMITORY,24177,1992,2026-10-06
LAC,9474,"CSP, LOS ANGELES",43595,421,CENTRAL KITCHEN,5830,KITCHEN,20160,1992,2026-10-06
LAC,9474,"CSP, LOS ANGELES",43596,431,A SATILITE KITCHEN,5830,KITCHEN,12885,1992,2026-10-06
LAC,9474,"CSP, LOS ANGELES",43597,432,A PROGRAM & SERVICES,2310,OFFICE (INSTITUTIONAL),24640,1992,2026-10-06
LAC,9474,"CSP, LOS ANGELES",43598,433,CENTRAL OPERATIONS,2310,OFFICE (INSTITUTIONAL),6163,1992,2026-10-06
LAC,9474,"CSP, LOS ANGELES",43599,434,A & B VISITION / CENTRAL OPERATIONS,5960,VISITATION FACILITY,19904,1992,2026-10-06
LAC,9474,"CSP, LOS ANGELES",43600,435,B YARD GYM,5890,GYMNASIUM,7397,1992,2026-10-06
LAC,9474,"CSP, LOS ANGELES",43601,436,B PROGRAM & SERVICES,2310,OFFICE (INSTITUTIONAL),24640,1992,2026-10-06
LAC,9474,"CSP, LOS ANGELES",43602,437,B SATILITE KITCHEN,5830,KITCHEN,12885,1992,2026-10-06
LAC,9474,"CSP, LOS ANGELES",43603,441,C SATILITE KITCHEN,5830,KITCHEN,12885,1992,2026-10-06
LAC,9474,"CSP, LOS ANGELES",43604,442,C PROGRAM & SERVICES,2310,OFFICE (INSTITUTIONAL),17453,1992,2026-10-06
LAC,9474,"CSP, LOS ANGELES",43605,443,C YARD GYM,5890,GYMNASIUM,7397,1992,2026-10-06
LAC,9474,"CSP, LOS ANGELES",43606,444,C & D VISITING / BD OF PRISON TERMS,2310,OFFICE (INSTITUTIONAL),17584,1992,2026-10-06
LAC,9474,"CSP, LOS ANGELES",55775,444A,MENTAL HEALTH BUILDING,5710,HOSPITAL/CLINIC/TREATMENT CENTER,6760,2002,2026-10-06
LAC,9474,"CSP, LOS ANGELES",43607,445,D YARD GYM,5890,GYMNASIUM,7397,1992,2026-10-06
LAC,9474,"CSP, LOS ANGELES",43608,446,D PROGRAM & SERVICES,2310,OFFICE (INSTITUTIONAL),17453,1992,2026-10-06
LAC,9474,"CSP, LOS ANGELES",43609,447,D SATILITE KITCHEN,5830,KITCHEN,12885,1992,2026-10-06
LAC,9474,"CSP, LOS ANGELES",43610,450,RECEIVING & RELEASE,2310,OFFICE (INSTITUTIONAL),4965,1992,2026-10-06
LAC,9474,"CSP, LOS ANGELES",39991,451,CORRECTIONAL TREATMENT CENTER,5710,HOSPITAL/CLINIC/TREATMENT CENTER,20070,1990,2026-10-06
LAC,9474,"CSP, LOS ANGELES",43661,451 A,CORR. TREATMENT CENTER (MEDICAL),5710,HOSPITAL/CLINIC/TREATMENT CENTER,2160,1992,2026-10-06
LAC,9474,"CSP, LOS ANGELES",44416,451-B,CORRECTIONAL TREATMENT CENTER WAREHOUSE,2430,STORAGE BUILDING,2000,1999,2026-10-06
LAC,9474,"CSP, LOS ANGELES",43612,495,ARMORY & LOCKSMITH,5600,ARMORY,1720,1992,2026-10-06
LAC,9474,"CSP, LOS ANGELES",43613,501,A-YARD P.I.A. LAUNDRY,5860,LAUNDRY,20150,1992,2026-10-06
LAC,9474,"CSP, LOS ANGELES",43614,502,B YARD VOC. / EDUCATION,5620,CLASSROOM,33460,1992,2026-10-06
LAC,9474,"CSP, LOS ANGELES",43615,503,C YARD P.I.A. ASMIN.,2310,OFFICE (INSTITUTIONAL),20000,1992,2026-10-06
LAC,9474,"CSP, LOS ANGELES",43616,504,C YARD P.I.A. DETERGENT,2310,OFFICE (INSTITUTIONAL),20000,1992,2026-10-06
LAC,9474,"CSP, LOS ANGELES",43617,505,D YARD P.I.A. PRINTING,2310,OFFICE (INSTITUTIONAL),20400,1992,2026-10-06
LAC,9474,"CSP, LOS ANGELES",43618,521,A YARD VOC. / EDUCATION,5620,CLASSROOM,28420,1992,2026-10-06
LAC,9474,"CSP, LOS ANGELES",43619,522,B YARD VOC. / EDUCATION,5620,CLASSROOM,22680,1992,2026-10-06
LAC,9474,"CSP, LOS ANGELES",43620,523,C YARD VOC. / EDUCATION,5620,CLASSROOM,26460,1992,2026-10-06
LAC,9474,"CSP, LOS ANGELES",1054,523A,ADA/FIRE PERSONNEL,2355,RELOCATABLE MEDICAL FACILITY,1440,,2026-10-06
LAC,9474,"CSP, LOS ANGELES",43621,524,D YARD VOC. / EDUCATION,5620,CLASSROOM,27335,1992,2026-10-06
LAC,9474,"CSP, LOS ANGELES",43622,531,A - YARD VOC. DINING HALL,5870,DINING/CAFETERIA,3969,1992,2026-10-06
LAC,9474,"CSP, LOS ANGELES",43623,532,B - YARD VOC. DINING HALL,5870,DINING/CAFETERIA,3969,1992,2026-10-06
LAC,9474,"CSP, LOS ANGELES",43624,533,C - YARD VOC. DINING HALL,5870,DINING/CAFETERIA,3969,1992,2026-10-06
LAC,9474,"CSP, LOS ANGELES",57091,534,EOP TREATMENT FACILITY,5710,HOSPITAL/CLINIC/TREATMENT CENTER,14257,2014,2026-10-06
LAC,9474,"CSP, LOS ANGELES",43626,551,CENTRAL PLANT OPERATIONS,2310,OFFICE (INSTITUTIONAL),8100,1992,2026-10-06
LAC,9474,"CSP, LOS ANGELES",43627,552,B YARD SATILITE MAINTENANCE,2430,STORAGE BUILDING,2550,1992,2026-10-06
LAC,9474,"CSP, LOS ANGELES",43628,553,WEILDING & CEHICLE MAINTENANCE,5900,SERVICE STATION,5772,1992,2026-10-06
LAC,9474,"CSP, LOS ANGELES",43629,554,C YARD SATILITE MAINTENANCE,2430,STORAGE BUILDING,2550,1992,2026-10-06
LAC,9474,"CSP, LOS ANGELES",43630,555,D YARD SATILITE MAINTENANCE,2430,STORAGE BUILDING,2550,1992,2026-10-06
LAC,9474,"CSP, LOS ANGELES",4662,555 A,SUBSTANCE ABUSE PROGRAM (MEDICAL),2355,RELOCATABLE MEDICAL FACILITY,4320,1999,2026-10-06
LAC,9474,"CSP, LOS ANGELES",43631,561,A YARD WORK CHANGE,2485,WORK CHANGE,625,1992,2026-10-06
LAC,9474,"CSP, LOS ANGELES",43632,562,B YARD WORK CHANGE,2485,WORK CHANGE,625,1992,2026-10-06
LAC,9474,"CSP, LOS ANGELES",43633,563,C YARD WORK CHANGE,2485,WORK CHANGE,625,1992,2026-10-06
LAC,9474,"CSP, LOS ANGELES",43634,564,D YARD WORK CHANGE,2485,WORK CHANGE,625,1992,2026-10-06
LAC,9474,"CSP, LOS ANGELES",43635,565,A - VOLATILE STORAGE,2400,STORAGE,100,1992,2026-10-06
LAC,9474,"CSP, LOS ANGELES",43636,567,B - VOLATILE STORAGE,2400,STORAGE,100,1992,2026-10-06
LAC,9474,"CSP, LOS ANGELES",43637,568,C - VOLATILE STORAGE - P.I.A.,2400,STORAGE,100,1992,2026-10-06
LAC,9474,"CSP, LOS ANGELES",43638,569,C - VOLATILE STORAGE,2400,STORAGE,100,1992,2026-10-06
LAC,9474,"CSP, LOS ANGELES",43639,570,D - VOLATILE STORAGE,2400,STORAGE,100,1992,2026-10-06
LAC,9474,"CSP, LOS ANGELES",43640,571,WAREHOUSE STORAGE,2440,WAREHOUSE,880,1992,2026-10-06
LAC,9474,"CSP, LOS ANGELES",43644,602,GENERATOR BUILDING,5820,UTILITY,3080,1992,2026-10-06
LAC,9474,"CSP, LOS ANGELES",43645,700,GENERAL & P.I.A. WAREHOUSE,2440,WAREHOUSE,66960,1992,2026-10-06
LAC,9474,"CSP, LOS ANGELES",43647,800,CENTRAL ADMIN. & STAFF SERVICES,2310,OFFICE (INSTITUTIONAL),30941,1992,2026-10-06
LAC,9474,"CSP, LOS ANGELES",43648,801,FAMILY VISITING (A & B YARDS),5960,VISITATION FACILITY,3957,1992,2026-10-06
LAC,9474,"CSP, LOS ANGELES",43649,802,FAMILY VISITING (C & D YARDS),5960,VISITATION FACILITY,3957,1992,2026-10-06
LAC,9474,"CSP, LOS ANGELES",43650,803,FIRING RANGE CLASSROOM,5935,TRAINING FACILITY,1046,1992,2026-10-06
LAC,9474,"CSP, LOS ANGELES",43651,804,FIRING RANGE,5935,TRAINING FACILITY,4324,1992,2026-10-06
LAC,9474,"CSP, LOS ANGELES",43652,805,VISITING PROCESSING,2310,OFFICE (INSTITUTIONAL),2882,1992,2026-10-06
LAC,9474,"CSP, LOS ANGELES",43653,806,SALLYPORT OFFICERS STATION,5060,LOOKOUT (GUARD STATION),120,1992,2026-10-06
LAC,9474,"CSP, LOS ANGELES",43654,807,ENTERANCE GATEHOUSE,5060,LOOKOUT (GUARD STATION),120,1992,2026-10-06
LAC,9474,"CSP, LOS ANGELES",43663,808,VISITORS CENTER / FRIENDS OUTSIDE,5960,VISITATION FACILITY,1440,1992,2026-10-06
LAC,9474,"CSP, LOS ANGELES",43655,901,LEVEL ONE HOUSING,5670,DORMITORY,13244,1992,2026-10-06
LAC,9474,"CSP, LOS ANGELES",43656,902,LEVEL ONE HOUSING,5670,DORMITORY,13244,1992,2026-10-06
LAC,9474,"CSP, LOS ANGELES",43657,903,LEVEL ONE PROGRAM & SERVICES,2310,OFFICE (INSTITUTIONAL),11610,1992,2026-10-06
LAC,9474,"CSP, LOS ANGELES",43658,904,LEVEL 1 FAMILY VISITING,5960,VISITATION FACILITY,810,1992,2026-10-06
LAC,9474,"CSP, LOS ANGELES",43659,905,LEVEL 1 SUPPORT SERVICES,2310,OFFICE (INSTITUTIONAL),5400,1992,2026-10-06
MCSP,43,"MULE CREEK STATE PRISON, IONE",51567,,20 SMALL MANAGEMENT EXERCISE YARDS,5930,SMALL MANAGEMENT EXERCISE YARDS,3000,2009,2026-10-06
MCSP,43,"MULE CREEK STATE PRISON, IONE",57383,,GUNWALK/CATWALK,5060,LOOKOUT (GUARD STATION),950,2018,2026-10-06
MCSP,43,"MULE CREEK STATE PRISON, IONE",43438,,INMATE DAY LABOR MODULAR,2330,RELOCATABLE OFFICE,720,,2026-10-06
MCSP,43,"MULE CREEK STATE PRISON, IONE",961,A02 - MODULAR A,MODULAR / I.S.T. MODULAR A,2340,RELOCATABLE CLASSROOM,2160,1988,2026-10-06
MCSP,43,"MULE CREEK STATE PRISON, IONE",4617,A02 - MODULAR B,IN-SERVICE TRAINING MODULAR B,2340,RELOCATABLE CLASSROOM,2160,1996,2026-10-06
MCSP,43,"MULE CREEK STATE PRISON, IONE",36805,A1 & A2,"CENTRAL CORRIDOR, BLDG A1 & A2",2310,OFFICE (INSTITUTIONAL),134525,,2026-10-06
MCSP,43,"MULE CREEK STATE PRISON, IONE",57265,A3,FACILITY A CLOTHING EXCHANGE,2430,STORAGE BUILDING,3586,2018,2026-10-06
MCSP,43,"MULE CREEK STATE PRISON, IONE",36806,B1,"CENTRAL CORRIDOR, BLDG B1",2310,OFFICE (INSTITUTIONAL),51204,,2026-10-06
MCSP,43,"MULE CREEK STATE PRISON, IONE",36807,B2 & B3,"CENTRAL CORRIDOR, BLDG B2 & B3",2310,OFFICE (INSTITUTIONAL),94286,,2026-10-06
MCSP,43,"MULE CREEK STATE PRISON, IONE",44506,B3,"CORRECTIONAL TREATMENT CENTERS, PHASE II",5710,HOSPITAL/CLINIC/TREATMENT CENTER,0,2003,2026-10-06
MCSP,43,"MULE CREEK STATE PRISON, IONE",28921,B4,COGENERATION PLANT,5820,UTILITY,2083,,2026-10-06
MCSP,43,"MULE CREEK STATE PRISON, IONE",50587,B5,MENTAL HEALTH BLDG.,5710,HOSPITAL/CLINIC/TREATMENT CENTER,6617,2004,2026-10-06
MCSP,43,"MULE CREEK STATE PRISON, IONE",4618,B6,VOCATIONAL LANDSCAPING MODULAR,2340,RELOCATABLE CLASSROOM,2160,1996,2026-10-06
MCSP,43,"MULE CREEK STATE PRISON, IONE",51110,B7,B7 - MENTAL HEALTH,2355,RELOCATABLE MEDICAL FACILITY,4320,2009,2026-10-06
MCSP,43,"MULE CREEK STATE PRISON, IONE",57266,B8,FACILITY B CLOTHING EXCHANGE,2430,STORAGE BUILDING,3586,2018,2026-10-06
MCSP,43,"MULE CREEK STATE PRISON, IONE",57264,B9,PHARMACY AND LABORATORY,5710,HOSPITAL/CLINIC/TREATMENT CENTER,2471,2018,2026-10-06
MCSP,43,"MULE CREEK STATE PRISON, IONE",36808,C1 & C2,C1 & C2 / RECEIVING AND RELEASE,2310,OFFICE (INSTITUTIONAL),129048,1994,2026-10-06
MCSP,43,"MULE CREEK STATE PRISON, IONE",57263,C3,ASU PRIMARY CARE & ASU-EOP MENTAL HEALTH,5710,HOSPITAL/CLINIC/TREATMENT CENTER,6162,2018,2026-10-06
MCSP,43,"MULE CREEK STATE PRISON, IONE",57267,C4,FACILITY C CLOTHING EXCHANGE,2430,STORAGE BUILDING,3586,2018,2026-10-06
MCSP,43,"MULE CREEK STATE PRISON, IONE",50588,C5,HEALTH MODULAR,2355,RELOCATABLE MEDICAL FACILITY,4320,,2026-10-06
MCSP,43,"MULE CREEK STATE PRISON, IONE",57358,D,CENTRAL UTILITY PLANT,5820,UTILITY,1680,2018,2026-10-06
MCSP,43,"MULE CREEK STATE PRISON, IONE",57359,D01,FAMILY VISITING - D01,5960,VISITATION FACILITY,3019,2018,2026-10-06
MCSP,43,"MULE CREEK STATE PRISON, IONE",57360,D02,PROGRAM SUPPORT SERVICES - D02,2310,OFFICE (INSTITUTIONAL),45310,2018,2026-10-06
MCSP,43,"MULE CREEK STATE PRISON, IONE",57361,D03,FACILITY SUPPORT SERVICES - D03,2310,OFFICE (INSTITUTIONAL),23950,2018,2026-10-06
MCSP,43,"MULE CREEK STATE PRISON, IONE",57362,D04,WORK CHANGE - D04,2485,WORK CHANGE,1058,2018,2026-10-06
MCSP,43,"MULE CREEK STATE PRISON, IONE",57363,D05,WORK ZONE - D05,5870,DINING/CAFETERIA,22010,2018,2026-10-06
MCSP,43,"MULE CREEK STATE PRISON, IONE",28918,D1,GENERAL VISITING,5960,VISITATION FACILITY,29300,,2026-10-06
MCSP,43,"MULE CREEK STATE PRISON, IONE",57364,D16,LEVEL II DORMITORY - D16,5670,DORMITORY,47906,2018,2026-10-06
MCSP,43,"MULE CREEK STATE PRISON, IONE",57365,D17,LEVEL II DORMITORY - D17,5670,DORMITORY,47906,2018,2026-10-06
MCSP,43,"MULE CREEK STATE PRISON, IONE",57366,D18,LEVEL II EOP DORMITORY - D18,5670,DORMITORY,47906,2018,2026-10-06
MCSP,43,"MULE CREEK STATE PRISON, IONE",28902,D2 SEE BLOCK 24,HEALTHCARE ADMINISTRATION,2310,OFFICE (INSTITUTIONAL),1560,,2026-10-06
MCSP,43,"MULE CREEK STATE PRISON, IONE",28903,D4 SEE BLOCK 24,CONJUGAL VISITING,5090,RESIDENCE (MULTI-FAMILY),1560,,2026-10-06
MCSP,43,"MULE CREEK STATE PRISON, IONE",28904,D6 SEE BLOCK 24,CONJUGAL VISITING,5090,RESIDENCE (MULTI-FAMILY),1560,,2026-10-06
MCSP,43,"MULE CREEK STATE PRISON, IONE",57367,E01,FAMILY VISITING - E01,5960,VISITATION FACILITY,3019,2018,2026-10-06
MCSP,43,"MULE CREEK STATE PRISON, IONE",57368,E02,PROGRAM SUPPORT SERVICES - E02,2310,OFFICE (INSTITUTIONAL),45310,2018,2026-10-06
MCSP,43,"MULE CREEK STATE PRISON, IONE",57369,E03,FACILITY SUPPORT SERVICES - E03,2310,OFFICE (INSTITUTIONAL),23950,2018,2026-10-06
MCSP,43,"MULE CREEK STATE PRISON, IONE",57370,E04,WORK CHANGE - E04,2485,WORK CHANGE,1058,2018,2026-10-06
MCSP,43,"MULE CREEK STATE PRISON, IONE",57371,E05,WORK ZONE - E05,5870,DINING/CAFETERIA,42056,2018,2026-10-06
MCSP,43,"MULE CREEK STATE PRISON, IONE",28901,E1,VISITORS ENTRANCE,2310,OFFICE (INSTITUTIONAL),3335,,2026-10-06
MCSP,43,"MULE CREEK STATE PRISON, IONE",57372,E19,LEVEL II DORMITORY - E19,5670,DORMITORY,47906,2018,2026-10-06
MCSP,43,"MULE CREEK STATE PRISON, IONE",28900,E2,ADMINISTRATION,2310,OFFICE (INSTITUTIONAL),28000,,2026-10-06
MCSP,43,"MULE CREEK STATE PRISON, IONE",57373,E20,LEVEL II DORMITORY - E20,5670,DORMITORY,47906,2018,2026-10-06
MCSP,43,"MULE CREEK STATE PRISON, IONE",57374,E21,LEVEL II DORMITORY - E21,5670,DORMITORY,47906,2018,2026-10-06
MCSP,43,"MULE CREEK STATE PRISON, IONE",43436,E4,FRONT ENTRANCE GATE HOUSE,5060,LOOKOUT (GUARD STATION),48,,2026-10-06
MCSP,43,"MULE CREEK STATE PRISON, IONE",43437,E5,REAR GATE HOUSE,5060,LOOKOUT (GUARD STATION),116,,2026-10-06
MCSP,43,"MULE CREEK STATE PRISON, IONE",28911,G1,LEVEL 1 INMATE PROGRAMS SERVICES,2310,OFFICE (INSTITUTIONAL),11400,,2026-10-06
MCSP,43,"MULE CREEK STATE PRISON, IONE",28912,G2.1,LEVEL 1 DORMITORY,5670,DORMITORY,19640,,2026-10-06
MCSP,43,"MULE CREEK STATE PRISON, IONE",28913,G2.2,LEVEL 1 DORMITORY,5670,DORMITORY,19640,,2026-10-06
MCSP,43,"MULE CREEK STATE PRISON, IONE",28914,G3,LEVEL 1 INMATE VISITING,5960,VISITATION FACILITY,5433,,2026-10-06
MCSP,43,"MULE CREEK STATE PRISON, IONE",28905,G4-SEE BLOCK 24,OFFICE G4,2310,OFFICE (INSTITUTIONAL),748,,2026-10-06
MCSP,43,"MULE CREEK STATE PRISON, IONE",28919,GT.1,GUN TOWERS,5060,LOOKOUT (GUARD STATION),890,,2026-10-06
MCSP,43,"MULE CREEK STATE PRISON, IONE",28908,H1,FIRE HOUSE,5690,FIREHOUSE/FOREST FIRE STATION,2176,,2026-10-06
MCSP,43,"MULE CREEK STATE PRISON, IONE",28909,H2,FIRE TRUCK STORAGE,2480,EQUIPMENT/MAINTENANCE BUILDING,2226,,2026-10-06
MCSP,43,"MULE CREEK STATE PRISON, IONE",28906,J1,VEHICLE MAINTENANCE,3510,GARAGE/PARKING STRUCTURE,3659,,2026-10-06
MCSP,43,"MULE CREEK STATE PRISON, IONE",28907,J2,MAINTENANCE SATELLITE,2480,EQUIPMENT/MAINTENANCE BUILDING,2731,,2026-10-06
MCSP,43,"MULE CREEK STATE PRISON, IONE",28910,K1,ARMORY LOCKSHOP,5600,ARMORY,1600,,2026-10-06
MCSP,43,"MULE CREEK STATE PRISON, IONE",28916,L1,WAREHOUSE,2440,WAREHOUSE,85942,,2026-10-06
MCSP,43,"MULE CREEK STATE PRISON, IONE",37935,M08,NEW BEGINNINGS MODULAR,2330,RELOCATABLE OFFICE,720,1988,2026-10-06
MCSP,43,"MULE CREEK STATE PRISON, IONE",38734,M10,RASP BUILDING,2480,EQUIPMENT/MAINTENANCE BUILDING,2000,1997,2026-10-06
MCSP,43,"MULE CREEK STATE PRISON, IONE",28915,N1,GUNNERY RANGE,5600,ARMORY,1680,,2026-10-06
MCSP,43,"MULE CREEK STATE PRISON, IONE",28917,N2,WASTE WATER TREATMENT PLANT,5820,UTILITY,999,,2026-10-06
MCSP,43,"MULE CREEK STATE PRISON, IONE",57375,S01,VISITOR AND STAFF ENTERANCE,2310,OFFICE (INSTITUTIONAL),2940,2018,2026-10-06
MCSP,43,"MULE CREEK STATE PRISON, IONE",57376,S02,PEDESTRIAN SALLYPORT TOWER,5060,LOOKOUT (GUARD STATION),170,2018,2026-10-06
MCSP,43,"MULE CREEK STATE PRISON, IONE",57378,S04,HEALTH SERVICES,5710,HOSPITAL/CLINIC/TREATMENT CENTER,22405,2018,2026-10-06
MCSP,43,"MULE CREEK STATE PRISON, IONE",57379,S05,RECEIVING AND RELEASE,2310,OFFICE (INSTITUTIONAL),8723,2018,2026-10-06
MCSP,43,"MULE CREEK STATE PRISON, IONE",57380,S06,VEHICLE SALLYPORT TOWER,5060,LOOKOUT (GUARD STATION),170,2018,2026-10-06
MCSP,43,"MULE CREEK STATE PRISON, IONE",57381,S07,VEHICLE SALLYPORT GATEHOUSE,5060,LOOKOUT (GUARD STATION),180,2018,2026-10-06
MCSP,43,"MULE CREEK STATE PRISON, IONE",37938,U05,FILTER BELT PRESS,5820,UTILITY,1530,1995,2026-10-06
MCSP,43,"MULE CREEK STATE PRISON, IONE",56667,W-1,WASTEWATER TREATMENT OFFICE/LAB,2310,OFFICE (INSTITUTIONAL),1200,2016,2026-10-06
MCSP,43,"MULE CREEK STATE PRISON, IONE",37937,W02,VOLATILE STORAGE,2420,SHED,323,1987,2026-10-06
MCSP,43,"MULE CREEK STATE PRISON, IONE",37939,W08,HAZARDOUS STORAGE - 90 DAYS,2420,SHED,1652,1995,2026-10-06
MCSP,43,"MULE CREEK STATE PRISON, IONE",37936,W09,NURSERY,5700,NURSERY/GREENHOUSE,754,1988,2026-10-06
MCSP,43,"MULE CREEK STATE PRISON, IONE",28922,Y1 SEE BLOCK 24,LEVEL 4 INMATE HOUSING UNIT,5670,DORMITORY,24808,,2026-10-06
MCSP,43,"MULE CREEK STATE PRISON, IONE",29113,Y10 SEE BLOCK 24,LEVEL 3 INMATE HOUSING UNIT,5670,DORMITORY,24986,,2026-10-06
MCSP,43,"MULE CREEK STATE PRISON, IONE",29114,Y11 SEE BLOCK 24,LEVEL 3 INMATE HOUSING UNIT,5670,DORMITORY,24986,,2026-10-06
MCSP,43,"MULE CREEK STATE PRISON, IONE",29115,Y12 SEE BLOCK 24,ADMINISTRATIVE SEGREGATION HOUSING UNIT,5670,DORMITORY,25789,,2026-10-06
MCSP,43,"MULE CREEK STATE PRISON, IONE",29116,Y13 SEE BLOCK 24,LEVEL 3 INMATE HOUSING UNIT,5670,DORMITORY,24986,,2026-10-06
MCSP,43,"MULE CREEK STATE PRISON, IONE",29117,Y14 SEE BLOCK 24,LEVEL 3 INMATE HOUSING UNIT,5670,DORMITORY,24986,,2026-10-06
MCSP,43,"MULE CREEK STATE PRISON, IONE",29118,Y15 SEE BLOCK 24,LEVEL 3 INMATE HOUSING UNIT,5670,DORMITORY,24986,,2026-10-06
MCSP,43,"MULE CREEK STATE PRISON, IONE",28923,Y2 SEE BLOCK 24,LEVEL 4 INMATE HOUSING UNIT,5670,DORMITORY,24808,,2026-10-06
MCSP,43,"MULE CREEK STATE PRISON, IONE",28924,Y3 SEE BLOCK 24,LEVEL 4 INMATE HOUSING UNIT,5670,DORMITORY,24808,,2026-10-06
MCSP,43,"MULE CREEK STATE PRISON, IONE",28925,Y4 SEE BLOCK 24,LEVEL 4 INMATE HOUSING UNIT,5670,DORMITORY,24808,,2026-10-06
MCSP,43,"MULE CREEK STATE PRISON, IONE",28926,Y5 SEE BLOCK 24,LEVEL 4 INMATE HOUSING UNIT,5670,DORMITORY,24808,,2026-10-06
MCSP,43,"MULE CREEK STATE PRISON, IONE",28927,Y6 SEE BLOCK 24,LEVEL 3 INMATE HOUSING UNIT,5670,DORMITORY,24986,,2026-10-06
MCSP,43,"MULE CREEK STATE PRISON, IONE",28928,Y7 SEE BLOCK 24,LEVEL 3 INMATE HOUSING UNIT,5670,DORMITORY,24986,,2026-10-06
MCSP,43,"MULE CREEK STATE PRISON, IONE",28929,Y8 SEE BLOCK 24,LEVEL 3 INMATE HOUSING UNIT,5670,DORMITORY,24986,,2026-10-06
MCSP,43,"MULE CREEK STATE PRISON, IONE",28930,Y9 SEE BLOCK 24,LEVEL 3 INMATE HOUSING UNIT,5670,DORMITORY,24986,,2026-10-06
NKSP,9648,NORTH KERN STATE PRISON,57616,,EV CHARGING STATIONS (10-LEVEL 2 PORTS),4595,ELECTRIC VEHICLE CHARGING STATION,0,2020,2026-10-06
NKSP,9648,NORTH KERN STATE PRISON,50415,,IN-SERVICE TRAINING,2340,RELOCATABLE CLASSROOM,2017,2003,2026-10-06
NKSP,9648,NORTH KERN STATE PRISON,43441,100,FRIENDS OUTSIDE VISITOR CENTER,5960,VISITATION FACILITY,1440,1991,2026-10-06
NKSP,9648,NORTH KERN STATE PRISON,5669,200,CENTRAL TRANSPORTATION MODULAR,2330,RELOCATABLE OFFICE,1776,2006,2026-10-06
NKSP,9648,NORTH KERN STATE PRISON,43442,201,WASTEWATER PUMP STATION,5120,PUMP/WELL HOUSE,965,1991,2026-10-06
NKSP,9648,NORTH KERN STATE PRISON,43443,202,FIRE PUMP STATION,5120,PUMP/WELL HOUSE,750,1991,2026-10-06
NKSP,9648,NORTH KERN STATE PRISON,43444,301,"LEVEL III HOUSING, A-1 (CELLED)",5670,DORMITORY,24782,1991,2026-10-06
NKSP,9648,NORTH KERN STATE PRISON,43445,302,"LEVEL III HOUSING, A-2 (CELLED)",5670,DORMITORY,24782,1991,2026-10-06
NKSP,9648,NORTH KERN STATE PRISON,43446,303,"LEVEL III HOUSING, A-3 (CELLED)",5670,DORMITORY,24782,1991,2026-10-06
NKSP,9648,NORTH KERN STATE PRISON,43447,304,"LEVEL III HOUSING, A-4 (AD-SEG CELLED)",5670,DORMITORY,25387,1991,2026-10-06
NKSP,9648,NORTH KERN STATE PRISON,43448,305,"LEVEL III HOUSING, A-5 (CELLED)",5670,DORMITORY,24782,1991,2026-10-06
NKSP,9648,NORTH KERN STATE PRISON,43449,306,CENTRAL KITCHEN,5830,KITCHEN,21050,1991,2026-10-06
NKSP,9648,NORTH KERN STATE PRISON,43450,307,FOOD SERVICE SATELLITE,5830,KITCHEN,12681,1991,2026-10-06
NKSP,9648,NORTH KERN STATE PRISON,43512,308,LEVEL III PROGRAM SUPPORT,2310,OFFICE (INSTITUTIONAL),24640,1991,2026-10-06
NKSP,9648,NORTH KERN STATE PRISON,43513,309,CENTRAL CONTROL & OPERATIONS,2310,OFFICE (INSTITUTIONAL),33132,1991,2026-10-06
NKSP,9648,NORTH KERN STATE PRISON,43451,310,WORK CHANGE LEVEL III,2485,WORK CHANGE,625,1991,2026-10-06
NKSP,9648,NORTH KERN STATE PRISON,43452,311,ARMORY / LOCKSHOP,5600,ARMORY,1616,1991,2026-10-06
NKSP,9648,NORTH KERN STATE PRISON,43453,401,"RC HOUSING, D-1 (CELLED)",5670,DORMITORY,20639,1991,2026-10-06
NKSP,9648,NORTH KERN STATE PRISON,43454,402,"RC HOUSING, D-2 (CELLED)",5670,DORMITORY,20639,1991,2026-10-06
NKSP,9648,NORTH KERN STATE PRISON,43455,403,"RC HOUSING, D-3 (CELLED)",5670,DORMITORY,20639,1991,2026-10-06
NKSP,9648,NORTH KERN STATE PRISON,43456,404,"RC HOUSING, D-4 (CELLED)",5670,DORMITORY,20639,1991,2026-10-06
NKSP,9648,NORTH KERN STATE PRISON,43457,405,"RC HOUSING, D-5 (CELLED)",5670,DORMITORY,20639,1991,2026-10-06
NKSP,9648,NORTH KERN STATE PRISON,43458,406,"RC HOUSING, D-6 (CELLED)",5670,DORMITORY,20639,1991,2026-10-06
NKSP,9648,NORTH KERN STATE PRISON,43459,407,"RC HOUSING, B-6 (CELLED)",5670,DORMITORY,20639,1991,2026-10-06
NKSP,9648,NORTH KERN STATE PRISON,43460,408,"RC HOUSING, B-5 (CELLED)",5670,DORMITORY,20639,1991,2026-10-06
NKSP,9648,NORTH KERN STATE PRISON,43461,409,"RC HOUSING, B-4 (CELLED)",5670,DORMITORY,20639,1991,2026-10-06
NKSP,9648,NORTH KERN STATE PRISON,43462,410,"RC HOUSING, B-3 (CELLED)",5670,DORMITORY,20639,1991,2026-10-06
NKSP,9648,NORTH KERN STATE PRISON,43463,411,"RC HOUSING, B-2 (CELLED)",5670,DORMITORY,20639,1991,2026-10-06
NKSP,9648,NORTH KERN STATE PRISON,43464,412,"RC HOUSING, B-1 (CELLED)",5670,DORMITORY,20639,1991,2026-10-06
NKSP,9648,NORTH KERN STATE PRISON,43465,413,"RC HOUSING, C-1",5670,DORMITORY,20623,1991,2026-10-06
NKSP,9648,NORTH KERN STATE PRISON,43466,414,"RC HOUSING, C-2",5670,DORMITORY,20623,1991,2026-10-06
NKSP,9648,NORTH KERN STATE PRISON,43467,415,"RC HOUSING, C-3",5670,DORMITORY,20623,1991,2026-10-06
NKSP,9648,NORTH KERN STATE PRISON,43468,416,"RC HOUSING, C-4",5670,DORMITORY,20623,1991,2026-10-06
NKSP,9648,NORTH KERN STATE PRISON,43501,417,"RC HOUSING, C-EAST",5670,DORMITORY,3345,1991,2026-10-06
NKSP,9648,NORTH KERN STATE PRISON,43469,417B,FACILITY B YARD GUARD POST,5060,LOOKOUT (GUARD STATION),130,1991,2026-10-06
NKSP,9648,NORTH KERN STATE PRISON,43470,417C,FACILITY C YARD GUARD POST,5060,LOOKOUT (GUARD STATION),130,1991,2026-10-06
NKSP,9648,NORTH KERN STATE PRISON,43471,417D,FACILITY D YARD GUARD POST,5060,LOOKOUT (GUARD STATION),130,1991,2026-10-06
NKSP,9648,NORTH KERN STATE PRISON,43472,417E,FACILITY D AD-SEG GUARD POST,5060,LOOKOUT (GUARD STATION),130,1991,2026-10-06
NKSP,9648,NORTH KERN STATE PRISON,43502,418,"RC HOUSING, C-WEST",5670,DORMITORY,3345,1991,2026-10-06
NKSP,9648,NORTH KERN STATE PRISON,5763,419,DRUG REHABILITATION PROGRAM,2330,RELOCATABLE OFFICE,4899,2009,2026-10-06
NKSP,9648,NORTH KERN STATE PRISON,50414,490,MEDICAL STORAGE BUILDING,2430,STORAGE BUILDING,2000,2003,2026-10-06
NKSP,9648,NORTH KERN STATE PRISON,50412,500,MENTAL HEALTH ADMINISTRATION,2310,OFFICE (INSTITUTIONAL),2017,2003,2026-10-06
NKSP,9648,NORTH KERN STATE PRISON,44507,501,RECEPTION CTR SCREENING & EVALUATION PRG,5710,HOSPITAL/CLINIC/TREATMENT CENTER,2685,2003,2026-10-06
NKSP,9648,NORTH KERN STATE PRISON,43518,502,PLANT OPERATIONS,2310,OFFICE (INSTITUTIONAL),8220,1991,2026-10-06
NKSP,9648,NORTH KERN STATE PRISON,43473,503,VOCATIONAL EDUCATION,5620,CLASSROOM,32448,1991,2026-10-06
NKSP,9648,NORTH KERN STATE PRISON,43517,504,"VOLATILE STORAGE, PLANT OPERATIONS",2310,OFFICE (INSTITUTIONAL),100,1991,2026-10-06
NKSP,9648,NORTH KERN STATE PRISON,43474,505,WAREHOUSE,2440,WAREHOUSE,67890,1991,2026-10-06
NKSP,9648,NORTH KERN STATE PRISON,43475,506,"VOLATILE STORE, WAREHOUSE",2440,WAREHOUSE,860,1991,2026-10-06
NKSP,9648,NORTH KERN STATE PRISON,43476,507,GARAGE,3510,GARAGE/PARKING STRUCTURE,6744,1991,2026-10-06
NKSP,9648,NORTH KERN STATE PRISON,43477,508,FIRE HOUSE,5690,FIREHOUSE/FOREST FIRE STATION,3804,1991,2026-10-06
NKSP,9648,NORTH KERN STATE PRISON,43478,509,RECYCLING,2480,EQUIPMENT/MAINTENANCE BUILDING,1936,1991,2026-10-06
NKSP,9648,NORTH KERN STATE PRISON,43516,510,THERMAL FLUID BUILDING,2310,OFFICE (INSTITUTIONAL),807,1991,2026-10-06
NKSP,9648,NORTH KERN STATE PRISON,43479,601,PERIMETER TOWER 1 / PEDESTRIAN SALLYPORT,5060,LOOKOUT (GUARD STATION),80,1991,2026-10-06
NKSP,9648,NORTH KERN STATE PRISON,43480,602,PERIMETER TOWER 2,5060,LOOKOUT (GUARD STATION),80,1991,2026-10-06
NKSP,9648,NORTH KERN STATE PRISON,43481,603,PERIMETER TOWER 3,5060,LOOKOUT (GUARD STATION),80,1991,2026-10-06
NKSP,9648,NORTH KERN STATE PRISON,43482,604,PERIMETER TOWER 4,5060,LOOKOUT (GUARD STATION),80,1991,2026-10-06
NKSP,9648,NORTH KERN STATE PRISON,43483,605,PERIMETER TOWER 5 / VEHICLE SALLYPORT,5060,LOOKOUT (GUARD STATION),80,1991,2026-10-06
NKSP,9648,NORTH KERN STATE PRISON,43484,606,PERIMETER TOWER 6,5060,LOOKOUT (GUARD STATION),80,1991,2026-10-06
NKSP,9648,NORTH KERN STATE PRISON,43485,607,PERIMETER TOWER 7,5060,LOOKOUT (GUARD STATION),80,1991,2026-10-06
NKSP,9648,NORTH KERN STATE PRISON,43486,608,PERIMETER TOWER 8,5060,LOOKOUT (GUARD STATION),80,1991,2026-10-06
NKSP,9648,NORTH KERN STATE PRISON,43487,609,PERIMETER TOWER 9,5060,LOOKOUT (GUARD STATION),80,1991,2026-10-06
NKSP,9648,NORTH KERN STATE PRISON,43488,610,VEHICLE SALLYPORT OFFICERS STATION,5060,LOOKOUT (GUARD STATION),128,1991,2026-10-06
NKSP,9648,NORTH KERN STATE PRISON,43489,611,ENTRY GATE,5060,LOOKOUT (GUARD STATION),128,1991,2026-10-06
NKSP,9648,NORTH KERN STATE PRISON,43514,612,SWITCHGEAR / EMERGENCY GENERATOR,5820,UTILITY,2340,1991,2026-10-06
NKSP,9648,NORTH KERN STATE PRISON,43515,613,SERVICE YARD GATE,5060,LOOKOUT (GUARD STATION),128,1991,2026-10-06
NKSP,9648,NORTH KERN STATE PRISON,43497,614,HUB TRANSPORTATION ARMORY,5600,ARMORY,110,1991,2026-10-06
NKSP,9648,NORTH KERN STATE PRISON,43490,651,FACITLTY B YARD TOILET,5880,COMFORT STATION/RESTROOMS/LAVATORIES,130,1991,2026-10-06
NKSP,9648,NORTH KERN STATE PRISON,43491,652,FACITLTY C YARD TOILET,5880,COMFORT STATION/RESTROOMS/LAVATORIES,130,1991,2026-10-06
NKSP,9648,NORTH KERN STATE PRISON,43492,653,FACITLTY D YARD TOILET,5880,COMFORT STATION/RESTROOMS/LAVATORIES,130,1991,2026-10-06
NKSP,9648,NORTH KERN STATE PRISON,43493,654,FACITLTY A YARD TOILET,5880,COMFORT STATION/RESTROOMS/LAVATORIES,130,1991,2026-10-06
NKSP,9648,NORTH KERN STATE PRISON,51568,655,20 SMALL MANAGEMENT EXERCISE YARDS,5930,SMALL MANAGEMENT EXERCISE YARDS,3000,2009,2026-10-06
NKSP,9648,NORTH KERN STATE PRISON,498,700,MENTAL HEALTH MODULAR,2330,RELOCATABLE OFFICE,2160,1997,2026-10-06
NKSP,9648,NORTH KERN STATE PRISON,43510,701,RECEPTION CENTER SERVICES,2310,OFFICE (INSTITUTIONAL),34619,1991,2026-10-06
NKSP,9648,NORTH KERN STATE PRISON,43503,701 CTC,CORRECTIONAL TREATMENT CENTER,5710,HOSPITAL/CLINIC/TREATMENT CENTER,6968,1991,2026-10-06
NKSP,9648,NORTH KERN STATE PRISON,50413,701AA,MEDICAL RECORDS,2310,OFFICE (INSTITUTIONAL),2825,2003,2026-10-06
NKSP,9648,NORTH KERN STATE PRISON,43506,702,RC SUPPORT & COMPLEX CONTROL,2310,OFFICE (INSTITUTIONAL),22744,1991,2026-10-06
NKSP,9648,NORTH KERN STATE PRISON,43505,801,CENTRAL ADMINISTRATION,2310,OFFICE (INSTITUTIONAL),28488,1991,2026-10-06
NKSP,9648,NORTH KERN STATE PRISON,43511,802,VISITOR PROCESS,2310,OFFICE (INSTITUTIONAL),3580,1991,2026-10-06
NKSP,9648,NORTH KERN STATE PRISON,43507,803,FAMILY VISITING LEVEL III,5960,VISITATION FACILITY,2456,1991,2026-10-06
NKSP,9648,NORTH KERN STATE PRISON,43494,804,RANGE CLASSROOM,5620,CLASSROOM,912,1991,2026-10-06
NKSP,9648,NORTH KERN STATE PRISON,43500,805,ACCOUNTING,2310,OFFICE (INSTITUTIONAL),1568,1991,2026-10-06
NKSP,9648,NORTH KERN STATE PRISON,43495,805A,PLATFORM RIFLE RANGE,5060,LOOKOUT (GUARD STATION),1602,1991,2026-10-06
NKSP,9648,NORTH KERN STATE PRISON,43496,805B,PLATFORM RIFLE RANGE,5060,LOOKOUT (GUARD STATION),720,1991,2026-10-06
NKSP,9648,NORTH KERN STATE PRISON,43508,901,"LEVEL I HOUSING, E-1",5670,DORMITORY,13244,1991,2026-10-06
NKSP,9648,NORTH KERN STATE PRISON,43509,902,"LEVEL I HOUSING, E-2",5670,DORMITORY,13244,1991,2026-10-06
NKSP,9648,NORTH KERN STATE PRISON,43498,903,LEVEL I PROGRAM SERVICES,2310,OFFICE (INSTITUTIONAL),11556,1991,2026-10-06
NKSP,9648,NORTH KERN STATE PRISON,43499,904,LEVEL I SUPPORT SERVICES,2310,OFFICE (INSTITUTIONAL),5400,1991,2026-10-06
NKSP,9648,NORTH KERN STATE PRISON,43504,905,LEVEL I FAMILY VISITING,5960,VISITATION FACILITY,800,1991,2026-10-06
PBSP,37,PELICAN BAY STATE PRISON,51569,,5 SMALL MANAGEMENT EXERCISE YARDS,5930,SMALL MANAGEMENT EXERCISE YARDS,750,2009,2026-10-06
PBSP,37,PELICAN BAY STATE PRISON,38404,,A1 AND A2 HOUSING UNITS,5670,DORMITORY,45312,1989,2026-10-06
PBSP,37,PELICAN BAY STATE PRISON,38405,,A3 AND A4 HOUSING UNITS,5670,DORMITORY,45312,1989,2026-10-06
PBSP,37,PELICAN BAY STATE PRISON,38406,,A5 AND A6 HOUSING UNITS,5670,DORMITORY,45312,1989,2026-10-06
PBSP,37,PELICAN BAY STATE PRISON,38407,,A7 AND A8 HOUSING UNITS,5670,DORMITORY,45312,1989,2026-10-06
PBSP,37,PELICAN BAY STATE PRISON,50408,,ADMINISTRATIVE SEGREGATION HOUSING UNIT,5670,DORMITORY,25204,2004,2026-10-06
PBSP,37,PELICAN BAY STATE PRISON,38435,,ARMORY / LOCKSMITH,5600,ARMORY,1721,1989,2026-10-06
PBSP,37,PELICAN BAY STATE PRISON,38410,,B1 AND B2 HOUSING UNITS (DORMITORY),5670,DORMITORY,45312,1989,2026-10-06
PBSP,37,PELICAN BAY STATE PRISON,38409,,B3 AND B4 HOUSING UNITS,5670,DORMITORY,45312,1989,2026-10-06
PBSP,37,PELICAN BAY STATE PRISON,38460,,B5 AND B6 HOUSING UNITS,5670,DORMITORY,45312,1989,2026-10-06
PBSP,37,PELICAN BAY STATE PRISON,38408,,B7 AND B8 HOUSING UNITS,5670,DORMITORY,45312,1989,2026-10-06
PBSP,37,PELICAN BAY STATE PRISON,38441,,BOILER HOUSE,5820,UTILITY,6750,1989,2026-10-06
PBSP,37,PELICAN BAY STATE PRISON,38395,,CENTRAL ADMINISTRATION,2310,OFFICE (INSTITUTIONAL),27530,1989,2026-10-06
PBSP,37,PELICAN BAY STATE PRISON,38423,,CENTRAL CTRL/CENTRAL SVS/BPT/GP VISITING,2310,OFFICE (INSTITUTIONAL),26519,1989,2026-10-06
PBSP,37,PELICAN BAY STATE PRISON,38447,,EMERGENCY GENERATOR / SWITCHGEAR BLDG,2480,EQUIPMENT/MAINTENANCE BUILDING,3308,1989,2026-10-06
PBSP,37,PELICAN BAY STATE PRISON,38414,,"FAC. B HEALTH CARE SUPPORT/PIA SHOE,BOOT",2310,OFFICE (INSTITUTIONAL),21752,1989,2026-10-06
PBSP,37,PELICAN BAY STATE PRISON,38413,,FACILITY A  PIA LAUNDRY / R&R,5860,LAUNDRY,26500,1989,2026-10-06
PBSP,37,PELICAN BAY STATE PRISON,38419,,FACILITY A  VOCATIONAL EDUCATION,5620,CLASSROOM,13320,1989,2026-10-06
PBSP,37,PELICAN BAY STATE PRISON,38402,,FACILITY A CENTRAL KITCHEN / PIA KITCHEN,5830,KITCHEN,27050,1989,2026-10-06
PBSP,37,PELICAN BAY STATE PRISON,38451,,FACILITY A MAINTENANCE BUILDING,5810,SHOP,3172,1989,2026-10-06
PBSP,37,PELICAN BAY STATE PRISON,38398,,FACILITY A PROGRAM SERVICES / WORKCHANGE,2310,OFFICE (INSTITUTIONAL),26909,1989,2026-10-06
PBSP,37,PELICAN BAY STATE PRISON,38454,,FACILITY A VOLATILE STORAGE,2400,STORAGE,100,1989,2026-10-06
PBSP,37,PELICAN BAY STATE PRISON,38420,,FACILITY B EDUCATION / GP ADMIN. OFFICES,2310,OFFICE (INSTITUTIONAL),5280,1989,2026-10-06
PBSP,37,PELICAN BAY STATE PRISON,38450,,FACILITY B MAINTENANCE BUILDING,5810,SHOP,6720,1989,2026-10-06
PBSP,37,PELICAN BAY STATE PRISON,38399,,FACILITY B PROGRAM SERVICES / WORKCHANGE,2310,OFFICE (INSTITUTIONAL),26909,1989,2026-10-06
PBSP,37,PELICAN BAY STATE PRISON,38403,,FACILITY B VOC.ED. / OFFICE SPACE,2310,OFFICE (INSTITUTIONAL),31000,1989,2026-10-06
PBSP,37,PELICAN BAY STATE PRISON,38455,,FACILITY B VOLATILE STORAGE,2400,STORAGE,100,1989,2026-10-06
PBSP,37,PELICAN BAY STATE PRISON,38418,,FIREHOUSE,5690,FIREHOUSE/FOREST FIRE STATION,3536,1989,2026-10-06
PBSP,37,PELICAN BAY STATE PRISON,38427,,FIRING RANGE CLASSROOM,5935,TRAINING FACILITY,1152,1989,2026-10-06
PBSP,37,PELICAN BAY STATE PRISON,38424,,FUTURE VISITOR CENTER/HOSPITALITY HOUSE,5960,VISITATION FACILITY,1225,1989,2026-10-06
PBSP,37,PELICAN BAY STATE PRISON,38426,,GATEHOUSE,5060,LOOKOUT (GUARD STATION),96,1989,2026-10-06
PBSP,37,PELICAN BAY STATE PRISON,38425,,GP ENTRANCE / GP VISITOR PROCESSING,2310,OFFICE (INSTITUTIONAL),2910,1989,2026-10-06
PBSP,37,PELICAN BAY STATE PRISON,38422,,GP FAMILY VISITING,5960,VISITATION FACILITY,3252,1989,2026-10-06
PBSP,37,PELICAN BAY STATE PRISON,38429,,GUARD TOWER 01,5060,LOOKOUT (GUARD STATION),105,1989,2026-10-06
PBSP,37,PELICAN BAY STATE PRISON,38430,,GUARD TOWER 02,5060,LOOKOUT (GUARD STATION),105,1989,2026-10-06
PBSP,37,PELICAN BAY STATE PRISON,38431,,GUARD TOWER 03,5060,LOOKOUT (GUARD STATION),105,1989,2026-10-06
PBSP,37,PELICAN BAY STATE PRISON,38432,,GUARD TOWER 04,5060,LOOKOUT (GUARD STATION),105,1989,2026-10-06
PBSP,37,PELICAN BAY STATE PRISON,38442,,GUARD TOWER 05,5060,LOOKOUT (GUARD STATION),105,1989,2026-10-06
PBSP,37,PELICAN BAY STATE PRISON,38443,,GUARD TOWER 06,5060,LOOKOUT (GUARD STATION),105,1989,2026-10-06
PBSP,37,PELICAN BAY STATE PRISON,38444,,GUARD TOWER 07,5060,LOOKOUT (GUARD STATION),105,1989,2026-10-06
PBSP,37,PELICAN BAY STATE PRISON,38445,,GUARD TOWER 08,5060,LOOKOUT (GUARD STATION),105,1989,2026-10-06
PBSP,37,PELICAN BAY STATE PRISON,38446,,GUARD TOWER 09,5060,LOOKOUT (GUARD STATION),105,1989,2026-10-06
PBSP,37,PELICAN BAY STATE PRISON,38433,,GUARD TOWER 10,5060,LOOKOUT (GUARD STATION),105,1989,2026-10-06
PBSP,37,PELICAN BAY STATE PRISON,38434,,GUARD TOWER 11,5060,LOOKOUT (GUARD STATION),105,1989,2026-10-06
PBSP,37,PELICAN BAY STATE PRISON,38437,,IN-SERVICE TRAINING MODULARS,2310,OFFICE (INSTITUTIONAL),3400,1987,2026-10-06
PBSP,37,PELICAN BAY STATE PRISON,38417,,INFIRMARY / SPECIALTY CLINIC,5710,HOSPITAL/CLINIC/TREATMENT CENTER,17240,1989,2026-10-06
PBSP,37,PELICAN BAY STATE PRISON,38397,,LEVEL 1 SUPPORT BLDG / FOOD SERVICE,5870,DINING/CAFETERIA,23112,1989,2026-10-06
PBSP,37,PELICAN BAY STATE PRISON,38421,,LEVEL I FAMILY VISITING,5960,VISITATION FACILITY,806,1989,2026-10-06
PBSP,37,PELICAN BAY STATE PRISON,38412,,"LEVEL I HOUSING, A DORM",5670,DORMITORY,15100,1989,2026-10-06
PBSP,37,PELICAN BAY STATE PRISON,38411,,"LEVEL I HOUSING, B DORM",5670,DORMITORY,15100,1989,2026-10-06
PBSP,37,PELICAN BAY STATE PRISON,38396,,LEVEL I PROGRAM SERVICES,2310,OFFICE (INSTITUTIONAL),5400,1989,2026-10-06
PBSP,37,PELICAN BAY STATE PRISON,38452,,MOTOR POOL,3510,GARAGE/PARKING STRUCTURE,5148,1989,2026-10-06
PBSP,37,PELICAN BAY STATE PRISON,38456,,MOTOR POOL VOLATILE STORAGE,2400,STORAGE,1008,1989,2026-10-06
PBSP,37,PELICAN BAY STATE PRISON,453,,"OFFICE SPACE, MODULAR",2330,RELOCATABLE OFFICE,2160,1997,2026-10-06
PBSP,37,PELICAN BAY STATE PRISON,38416,,PIA / MAINTENANCE WAREHOUSEE,2440,WAREHOUSE,18180,1989,2026-10-06
PBSP,37,PELICAN BAY STATE PRISON,38415,,PIA GENERAL VOLATILE STORAGE,2400,STORAGE,944,1989,2026-10-06
PBSP,37,PELICAN BAY STATE PRISON,38459,,POLE BARN,2430,STORAGE BUILDING,11250,1989,2026-10-06
PBSP,37,PELICAN BAY STATE PRISON,38440,,PP AND L SUBSTATION,2480,EQUIPMENT/MAINTENANCE BUILDING,300,1989,2026-10-06
PBSP,37,PELICAN BAY STATE PRISON,5189,,QUALITY MANAGEMENT SUPPORT UNIT MODULAR,2330,RELOCATABLE OFFICE,1420,2003,2026-10-06
PBSP,37,PELICAN BAY STATE PRISON,38436,,RECEIVING AND RELEASE,2310,OFFICE (INSTITUTIONAL),3782,1989,2026-10-06
PBSP,37,PELICAN BAY STATE PRISON,38457,,RECYCLING AND SALVAGING,2480,EQUIPMENT/MAINTENANCE BUILDING,1936,1989,2026-10-06
PBSP,37,PELICAN BAY STATE PRISON,38400,,SECURITY HOUSING UNIT,5670,DORMITORY,338744,1989,2026-10-06
PBSP,37,PELICAN BAY STATE PRISON,38401,,SECURITY HOUSING UNIT VOLATILE STORAGE,2400,STORAGE,100,1989,2026-10-06
PBSP,37,PELICAN BAY STATE PRISON,38449,,SLUDGE STORAGE BASIN,2400,STORAGE,180,1989,2026-10-06
PBSP,37,PELICAN BAY STATE PRISON,38453,,SUPPORT WAREHOUSE / MAILROOM,2440,WAREHOUSE,52020,1989,2026-10-06
PBSP,37,PELICAN BAY STATE PRISON,55163,,TELEMEDICINE MODULAR,2330,RELOCATABLE OFFICE,484,2012,2026-10-06
PBSP,37,PELICAN BAY STATE PRISON,38438,,WASTE WATER TREATMENT PLANT,5820,UTILITY,3541,1989,2026-10-06
PBSP,37,PELICAN BAY STATE PRISON,6023,,WOMEN'S LOCKER ROOM,2330,RELOCATABLE OFFICE,720,2009,2026-10-06
PVSP,9733,PLEASANT VALLEY STATE PRISON,51570,,20 SMALL MANAGEMENT EXERCISE YARDS,5930,SMALL MANAGEMENT EXERCISE YARDS,3000,2009,2026-10-06
PVSP,9733,PLEASANT VALLEY STATE PRISON,50364,,ADMINISTRATIVE SEGREGATION HOUSING UNIT,5670,DORMITORY,25204,2003,2026-10-06
PVSP,9733,PLEASANT VALLEY STATE PRISON,55020,,"BAR SCREEN, PRE-LIFT STATION",5820,UTILITY,0,2011,2026-10-06
PVSP,9733,PLEASANT VALLEY STATE PRISON,5635,,MEDICAL RECORDS MODULAR,2330,RELOCATABLE OFFICE,2130,2006,2026-10-06
PVSP,9733,PLEASANT VALLEY STATE PRISON,40331,301,GUARD TOWER NO. 1,5060,LOOKOUT (GUARD STATION),190,1994,2026-10-06
PVSP,9733,PLEASANT VALLEY STATE PRISON,40332,302,GUARD TOWER NO. 2,5060,LOOKOUT (GUARD STATION),190,1994,2026-10-06
PVSP,9733,PLEASANT VALLEY STATE PRISON,40333,303,GUARD TOWER NO. 3,5060,LOOKOUT (GUARD STATION),190,1994,2026-10-06
PVSP,9733,PLEASANT VALLEY STATE PRISON,40334,304,GUARD TOWER NO. 4,5060,LOOKOUT (GUARD STATION),190,1994,2026-10-06
PVSP,9733,PLEASANT VALLEY STATE PRISON,40335,305,GUARD TOWER NO. 5,5060,LOOKOUT (GUARD STATION),190,1994,2026-10-06
PVSP,9733,PLEASANT VALLEY STATE PRISON,40336,306,GUARD TOWER NO. 6,5060,LOOKOUT (GUARD STATION),190,1994,2026-10-06
PVSP,9733,PLEASANT VALLEY STATE PRISON,40337,307,GUARD TOWER NO. 7,5060,LOOKOUT (GUARD STATION),190,1994,2026-10-06
PVSP,9733,PLEASANT VALLEY STATE PRISON,40338,308,GUARD TOWER NO. 8,5060,LOOKOUT (GUARD STATION),190,1994,2026-10-06
PVSP,9733,PLEASANT VALLEY STATE PRISON,40339,309,GUARD TOWER NO. 9,5060,LOOKOUT (GUARD STATION),190,1994,2026-10-06
PVSP,9733,PLEASANT VALLEY STATE PRISON,40340,310,GUARD TOWER NO. 10,5060,LOOKOUT (GUARD STATION),190,1994,2026-10-06
PVSP,9733,PLEASANT VALLEY STATE PRISON,40341,311,GUARD TOWER NO. 11,5060,LOOKOUT (GUARD STATION),190,1994,2026-10-06
PVSP,9733,PLEASANT VALLEY STATE PRISON,40342,312,GUARD TOWER NO. 12,5060,LOOKOUT (GUARD STATION),190,1994,2026-10-06
PVSP,9733,PLEASANT VALLEY STATE PRISON,40343,331,270 HOUSING UNIT D-1,5670,DORMITORY,24110,1994,2026-10-06
PVSP,9733,PLEASANT VALLEY STATE PRISON,40344,332,270 HOUSING UNIT D-2,5670,DORMITORY,24110,1994,2026-10-06
PVSP,9733,PLEASANT VALLEY STATE PRISON,40345,333,270 HOUSING UNIT D-3,5670,DORMITORY,24110,1994,2026-10-06
PVSP,9733,PLEASANT VALLEY STATE PRISON,40346,334,270 HOUSING UNIT D-4 AD-SEG,5670,DORMITORY,24760,1994,2026-10-06
PVSP,9733,PLEASANT VALLEY STATE PRISON,40347,335,270 HOUSING UNIT D-5,5670,DORMITORY,24110,1994,2026-10-06
PVSP,9733,PLEASANT VALLEY STATE PRISON,40348,336,270 HOUSING UNIT C-1,5670,DORMITORY,24110,1994,2026-10-06
PVSP,9733,PLEASANT VALLEY STATE PRISON,40349,337,270 HOUSING UNIT C-2,5670,DORMITORY,24110,1994,2026-10-06
PVSP,9733,PLEASANT VALLEY STATE PRISON,40350,338,270 HOUSING UNIT C-3,5670,DORMITORY,24110,1994,2026-10-06
PVSP,9733,PLEASANT VALLEY STATE PRISON,40351,339,270 HOUSING UNIT C-4,5670,DORMITORY,24110,1994,2026-10-06
PVSP,9733,PLEASANT VALLEY STATE PRISON,40352,340,270 HOUSING UNIT C-5,5670,DORMITORY,24110,1994,2026-10-06
PVSP,9733,PLEASANT VALLEY STATE PRISON,40353,341,270 HOUSING UNIT B-1,5670,DORMITORY,24110,1994,2026-10-06
PVSP,9733,PLEASANT VALLEY STATE PRISON,40354,342,270 HOUSING UNIT B-2,5670,DORMITORY,24110,1994,2026-10-06
PVSP,9733,PLEASANT VALLEY STATE PRISON,40355,343,270 HOUSING UNIT B-3,5670,DORMITORY,24110,1994,2026-10-06
PVSP,9733,PLEASANT VALLEY STATE PRISON,40356,344,270 HOUSING UNIT B-4,5670,DORMITORY,24110,1994,2026-10-06
PVSP,9733,PLEASANT VALLEY STATE PRISON,40357,345,270 HOUSING UNIT B-5,5670,DORMITORY,24110,1994,2026-10-06
PVSP,9733,PLEASANT VALLEY STATE PRISON,40358,346,270 HOUSING UNIT A-1,5670,DORMITORY,24110,1994,2026-10-06
PVSP,9733,PLEASANT VALLEY STATE PRISON,40359,347,270 HOUSING UNIT A-2,5670,DORMITORY,24110,1994,2026-10-06
PVSP,9733,PLEASANT VALLEY STATE PRISON,40360,348,270 HOUSING UNIT A-3,5670,DORMITORY,24110,1994,2026-10-06
PVSP,9733,PLEASANT VALLEY STATE PRISON,40361,349,270 HOUSING UNIT A-4,5670,DORMITORY,24110,1994,2026-10-06
PVSP,9733,PLEASANT VALLEY STATE PRISON,40362,350,270 HOUSING UNIT A-5,5670,DORMITORY,24110,1994,2026-10-06
PVSP,9733,PLEASANT VALLEY STATE PRISON,40363,421,CENTRAL KITCHEN,5830,KITCHEN,20740,1994,2026-10-06
PVSP,9733,PLEASANT VALLEY STATE PRISON,40364,431,A-FACILITY FOOD SERVICE SATELLITE,5870,DINING/CAFETERIA,12692,1994,2026-10-06
PVSP,9733,PLEASANT VALLEY STATE PRISON,40365,432,A-FACILITY PROGRAM,2310,OFFICE (INSTITUTIONAL),24495,1994,2026-10-06
PVSP,9733,PLEASANT VALLEY STATE PRISON,40366,433,CENTRAL OPERATIONS,2310,OFFICE (INSTITUTIONAL),6165,1994,2026-10-06
PVSP,9733,PLEASANT VALLEY STATE PRISON,40367,434,CENTRAL CONTROL / A-B VISITING,5960,VISITATION FACILITY,20032,1994,2026-10-06
PVSP,9733,PLEASANT VALLEY STATE PRISON,40368,436,B-FACILITY PROGRAM SERVICES,2310,OFFICE (INSTITUTIONAL),24495,1994,2026-10-06
PVSP,9733,PLEASANT VALLEY STATE PRISON,40369,437,B-FACILITY FOOD SERVICE SATELLITE,5870,DINING/CAFETERIA,12692,1994,2026-10-06
PVSP,9733,PLEASANT VALLEY STATE PRISON,40370,441,C-FACILITY FOOD SERVICE SATELLITE,5870,DINING/CAFETERIA,12692,1994,2026-10-06
PVSP,9733,PLEASANT VALLEY STATE PRISON,40371,442,C-FACILITY PROGRAM SERVICES,2310,OFFICE (INSTITUTIONAL),24495,1994,2026-10-06
PVSP,9733,PLEASANT VALLEY STATE PRISON,40372,444,COMPLEX CONTROL / C-D VISITING,5960,VISITATION FACILITY,20032,1994,2026-10-06
PVSP,9733,PLEASANT VALLEY STATE PRISON,40373,446,D-FACILITY PROGRAM SERVICES,2310,OFFICE (INSTITUTIONAL),24495,1994,2026-10-06
PVSP,9733,PLEASANT VALLEY STATE PRISON,40374,447,D-FACILITY FOOD SERVICE SATELLITE,5870,DINING/CAFETERIA,12692,1994,2026-10-06
PVSP,9733,PLEASANT VALLEY STATE PRISON,40375,450,RECEIVING AND RELEASE,2310,OFFICE (INSTITUTIONAL),4966,1994,2026-10-06
PVSP,9733,PLEASANT VALLEY STATE PRISON,40376,451,CENTRAL HEALTH SERVICE,5710,HOSPITAL/CLINIC/TREATMENT CENTER,19700,1994,2026-10-06
PVSP,9733,PLEASANT VALLEY STATE PRISON,44412,452,MEDICAL STORAGE BUILDING,2310,OFFICE (INSTITUTIONAL),3000,2003,2026-10-06
PVSP,9733,PLEASANT VALLEY STATE PRISON,40377,460,HAZARDOUS MATERIALS FACILITY,2420,SHED,688,1994,2026-10-06
PVSP,9733,PLEASANT VALLEY STATE PRISON,40378,495,ARMORY/LOCKSHOP,5600,ARMORY,1721,1994,2026-10-06
PVSP,9733,PLEASANT VALLEY STATE PRISON,40379,521,VOCATIONAL EDUCATION  A-FACILITY  (521),5620,CLASSROOM,15260,1994,2026-10-06
PVSP,9733,PLEASANT VALLEY STATE PRISON,40380,522,VOCATIONAL EDUCATION  A-FACILITY  (522),5620,CLASSROOM,17700,1994,2026-10-06
PVSP,9733,PLEASANT VALLEY STATE PRISON,40381,523,VOCATIONAL EDUCATION  B-FACILITY  (523),5620,CLASSROOM,20160,1994,2026-10-06
PVSP,9733,PLEASANT VALLEY STATE PRISON,40382,524,VOCATIONAL EDUCATION  B-FACILITY  (524),5620,CLASSROOM,17780,1994,2026-10-06
PVSP,9733,PLEASANT VALLEY STATE PRISON,40383,525,VOCATIONAL EDUCATION  C-FACILITY  (525),5620,CLASSROOM,19180,1994,2026-10-06
PVSP,9733,PLEASANT VALLEY STATE PRISON,40384,526,VOCATIONAL EDUCATION  C-FACILITY  (526),5620,CLASSROOM,15330,1994,2026-10-06
PVSP,9733,PLEASANT VALLEY STATE PRISON,40385,527,VOCATIONAL EDUCATION  D-FACILITY  (527),5620,CLASSROOM,24710,1994,2026-10-06
PVSP,9733,PLEASANT VALLEY STATE PRISON,40386,528,VOCATIONAL EDUCATION  D-FACILITY  (528),5620,CLASSROOM,21140,1994,2026-10-06
PVSP,9733,PLEASANT VALLEY STATE PRISON,40387,529,CORR. TREATMENT CTR. ANNEX/MEDIA CTR.,2310,OFFICE (INSTITUTIONAL),5040,1994,2026-10-06
PVSP,9733,PLEASANT VALLEY STATE PRISON,40388,530,GREENHOUSE VOC. EDUCATION FACILITY,5620,CLASSROOM,666,1994,2026-10-06
PVSP,9733,PLEASANT VALLEY STATE PRISON,40389,531,A-VOCATIONS FOOD SERVICE CENTER,5870,DINING/CAFETERIA,3969,1994,2026-10-06
PVSP,9733,PLEASANT VALLEY STATE PRISON,40390,532,B-VOCATIONS FOOD SERVICE SATELLITE,5870,DINING/CAFETERIA,3969,1994,2026-10-06
PVSP,9733,PLEASANT VALLEY STATE PRISON,40391,533,C-VOCATIONS FOOD SERVICE SATELLITE,5870,DINING/CAFETERIA,3969,1994,2026-10-06
PVSP,9733,PLEASANT VALLEY STATE PRISON,40392,534,D-VOCATIONS FOOD SERVICE SATELLITE,5870,DINING/CAFETERIA,3969,1994,2026-10-06
PVSP,9733,PLEASANT VALLEY STATE PRISON,40393,541,STEAM GENERATION BUILDING,5820,UTILITY,2154,1994,2026-10-06
PVSP,9733,PLEASANT VALLEY STATE PRISON,40394,551,B-FACILITY CENTRAL BLDG. MAINTENANCE,5810,SHOP,8100,1994,2026-10-06
PVSP,9733,PLEASANT VALLEY STATE PRISON,40395,552,A-FACILITY BLDG. MAINTENANCE SAT.,5810,SHOP,2250,1994,2026-10-06
PVSP,9733,PLEASANT VALLEY STATE PRISON,40396,554,C-FACILITY BLDG. MAINTENANCE SAT.,5810,SHOP,2250,1994,2026-10-06
PVSP,9733,PLEASANT VALLEY STATE PRISON,40397,555,D-FACILITY BLDG. MAINTENANCE SAT.,5810,SHOP,2250,1994,2026-10-06
PVSP,9733,PLEASANT VALLEY STATE PRISON,40398,561,A-FACILITY WORK CHANGE,2485,WORK CHANGE,625,1994,2026-10-06
PVSP,9733,PLEASANT VALLEY STATE PRISON,40399,562,B-FACILITY WORK CHANGE,2485,WORK CHANGE,625,1994,2026-10-06
PVSP,9733,PLEASANT VALLEY STATE PRISON,40400,563,C-FACILITY WORK CHANGE,2485,WORK CHANGE,625,1994,2026-10-06
PVSP,9733,PLEASANT VALLEY STATE PRISON,40401,564,D-FACILITY WORK CHANGE,2485,WORK CHANGE,625,1994,2026-10-06
PVSP,9733,PLEASANT VALLEY STATE PRISON,40402,565,B-FACILITY MAINTENANCE VOLATILE STORAGE,2430,STORAGE BUILDING,100,1994,2026-10-06
PVSP,9733,PLEASANT VALLEY STATE PRISON,40403,567,A-FACILITY MAINTENANCE VOLATILE STORAGE,2430,STORAGE BUILDING,100,1994,2026-10-06
PVSP,9733,PLEASANT VALLEY STATE PRISON,40404,569,C-FACILITY MAINTENANCE VOLATILE STORAGE,2430,STORAGE BUILDING,100,1994,2026-10-06
PVSP,9733,PLEASANT VALLEY STATE PRISON,40405,570,D-FACILITY MAINTENANCE VOLATILE STORAGE,2430,STORAGE BUILDING,100,1994,2026-10-06
PVSP,9733,PLEASANT VALLEY STATE PRISON,40406,571,MAINTENANCE WRHSE. VOLATILE STORAGE BLDG,2430,STORAGE BUILDING,880,1994,2026-10-06
PVSP,9733,PLEASANT VALLEY STATE PRISON,4981,580,MODULAR BUILDING (YARD B),2330,RELOCATABLE OFFICE,4970,2001,2026-10-06
PVSP,9733,PLEASANT VALLEY STATE PRISON,4982,581,MODULAR BUILDING (YARD C),2330,RELOCATABLE OFFICE,4970,2001,2026-10-06
PVSP,9733,PLEASANT VALLEY STATE PRISON,40407,600,GENERATORS / SWITCHGEAR,5820,UTILITY,1650,1994,2026-10-06
PVSP,9733,PLEASANT VALLEY STATE PRISON,40408,620,HEAD WORKS (WWTP),5820,UTILITY,816,1994,2026-10-06
PVSP,9733,PLEASANT VALLEY STATE PRISON,40409,621,CLORINATION FACILITY,5820,UTILITY,144,1994,2026-10-06
PVSP,9733,PLEASANT VALLEY STATE PRISON,40410,622,WASTE WATER TREATMENT OPERATIONS BLDG.,5820,UTILITY,1000,1994,2026-10-06
PVSP,9733,PLEASANT VALLEY STATE PRISON,40411,623,WATER BOOSTER STATION,5820,UTILITY,240,1994,2026-10-06
PVSP,9733,PLEASANT VALLEY STATE PRISON,40412,624,INFLUENT PUMP STATION,5820,UTILITY,1176,1994,2026-10-06
PVSP,9733,PLEASANT VALLEY STATE PRISON,40413,625,STORM DRAINAGE PUMP STATION,5120,PUMP/WELL HOUSE,240,1994,2026-10-06
PVSP,9733,PLEASANT VALLEY STATE PRISON,40414,626,RECYCLE AND SALVAGE PROGRAM,2480,EQUIPMENT/MAINTENANCE BUILDING,2640,1994,2026-10-06
PVSP,9733,PLEASANT VALLEY STATE PRISON,40415,627,EFFLUENT PUMP STATION,5120,PUMP/WELL HOUSE,901,1994,2026-10-06
PVSP,9733,PLEASANT VALLEY STATE PRISON,40416,700,GENERAL WAREHOUSE,2440,WAREHOUSE,52679,1994,2026-10-06
PVSP,9733,PLEASANT VALLEY STATE PRISON,40417,701,FIREHOUSE,5690,FIREHOUSE/FOREST FIRE STATION,3870,1994,2026-10-06
PVSP,9733,PLEASANT VALLEY STATE PRISON,40418,703,FIRE EXTINGUISHER BUILDING,5690,FIREHOUSE/FOREST FIRE STATION,320,1994,2026-10-06
PVSP,9733,PLEASANT VALLEY STATE PRISON,40419,704,VEHICLE / BUILDING MAINTENANCE,3510,GARAGE/PARKING STRUCTURE,5827,1994,2026-10-06
PVSP,9733,PLEASANT VALLEY STATE PRISON,40420,800,CENTRAL ADMINISTRATION,2310,OFFICE (INSTITUTIONAL),31391,1994,2026-10-06
PVSP,9733,PLEASANT VALLEY STATE PRISON,40421,801,FAMILY VISITING A & B FACILITIES,5960,VISITATION FACILITY,2456,1994,2026-10-06
PVSP,9733,PLEASANT VALLEY STATE PRISON,40422,802,FAMILY VISITING C & D FACILITIES,5960,VISITATION FACILITY,2456,1994,2026-10-06
PVSP,9733,PLEASANT VALLEY STATE PRISON,40423,803,WEAPONS TRAINING CLASSROOM,5620,CLASSROOM,912,1994,2026-10-06
PVSP,9733,PLEASANT VALLEY STATE PRISON,40426,805,VISITOR PROCESSING,2310,OFFICE (INSTITUTIONAL),3483,1994,2026-10-06
PVSP,9733,PLEASANT VALLEY STATE PRISON,40427,806,SALLYPORT OFFICER STATION,5060,LOOKOUT (GUARD STATION),120,1994,2026-10-06
PVSP,9733,PLEASANT VALLEY STATE PRISON,40428,807,ENTRANCE GATE HOUSE,5060,LOOKOUT (GUARD STATION),120,1994,2026-10-06
PVSP,9733,PLEASANT VALLEY STATE PRISON,39515,811,ADMINISTRATION (ACCOUNTING),2310,OFFICE (INSTITUTIONAL),1536,1997,2026-10-06
PVSP,9733,PLEASANT VALLEY STATE PRISON,39516,812,ADMINISTRATION (PROCUREMENT),2310,OFFICE (INSTITUTIONAL),1536,1997,2026-10-06
PVSP,9733,PLEASANT VALLEY STATE PRISON,40430,813,MAILBOX VESTIBULE,2310,OFFICE (INSTITUTIONAL),280,2000,2026-10-06
PVSP,9733,PLEASANT VALLEY STATE PRISON,40431,901,E-FACILITY HOUSING DORMITORY NO. 1,5670,DORMITORY,13244,1994,2026-10-06
PVSP,9733,PLEASANT VALLEY STATE PRISON,40432,902,E-FACILITY HOUSING DORMITORY NO. 2,5670,DORMITORY,13244,1994,2026-10-06
PVSP,9733,PLEASANT VALLEY STATE PRISON,40433,903,E-FACILITY PROGRAM AND SERVICES,2310,OFFICE (INSTITUTIONAL),11556,1994,2026-10-06
PVSP,9733,PLEASANT VALLEY STATE PRISON,40434,904,E-FACILITY FAMILY VISITING,5960,VISITATION FACILITY,810,1994,2026-10-06
PVSP,9733,PLEASANT VALLEY STATE PRISON,40435,905,E-FACILITY VISITING AND SUPPORT SERVICES,5960,VISITATION FACILITY,5400,1994,2026-10-06
PVSP,9733,PLEASANT VALLEY STATE PRISON,50558,906,FARM HOUSE,5740,RESIDENCE (SINGLE FAMILY),3887,,2026-10-06
RJD,49,R J DONOVAN CORR. FAC. AT ROCK MOUNTAIN,15124,1.1,HOUSING UNIT 1,5670,DORMITORY,18505,1989,2026-10-06
RJD,49,R J DONOVAN CORR. FAC. AT ROCK MOUNTAIN,15155,1.11A-H,FAC 1 VOC SHOPS,5620,CLASSROOM,58080,1989,2026-10-06
RJD,49,R J DONOVAN CORR. FAC. AT ROCK MOUNTAIN,15154,1.12A-G,FAC 1 INMATE SERVICE,2310,OFFICE (INSTITUTIONAL),33636,1989,2026-10-06
RJD,49,R J DONOVAN CORR. FAC. AT ROCK MOUNTAIN,15153,1.12H-I,FAC 1 WORKCHANGE,2310,OFFICE (INSTITUTIONAL),2880,1989,2026-10-06
RJD,49,R J DONOVAN CORR. FAC. AT ROCK MOUNTAIN,39549,1.13,FACILITY ONE CLASSROOM,5620,CLASSROOM,2592,,2026-10-06
RJD,49,R J DONOVAN CORR. FAC. AT ROCK MOUNTAIN,15125,1.2,HOUSING UNIT 2,5670,DORMITORY,18505,1989,2026-10-06
RJD,49,R J DONOVAN CORR. FAC. AT ROCK MOUNTAIN,15126,1.3,HOUSING UNIT 3,5670,DORMITORY,18505,1989,2026-10-06
RJD,49,R J DONOVAN CORR. FAC. AT ROCK MOUNTAIN,15127,1.4,HOUSING UNIT 4,5670,DORMITORY,18505,1989,2026-10-06
RJD,49,R J DONOVAN CORR. FAC. AT ROCK MOUNTAIN,15128,1.5,HOUSING UNIT 5,5670,DORMITORY,18505,1989,2026-10-06
RJD,49,R J DONOVAN CORR. FAC. AT ROCK MOUNTAIN,15168,1.6,FAC 1 VISITING APT,5960,VISITATION FACILITY,2064,1989,2026-10-06
RJD,49,R J DONOVAN CORR. FAC. AT ROCK MOUNTAIN,15144,1.7 A-F,FAC 1 ADMIN,2310,OFFICE (INSTITUTIONAL),19441,1989,2026-10-06
RJD,49,R J DONOVAN CORR. FAC. AT ROCK MOUNTAIN,15122,1.8,SOUTH VISITOR BLDG,5960,VISITATION FACILITY,11840,1989,2026-10-06
RJD,49,R J DONOVAN CORR. FAC. AT ROCK MOUNTAIN,15152,1.9,INMATE ASSIGNMENTS FAC 1,2310,OFFICE (INSTITUTIONAL),1708,1989,2026-10-06
RJD,49,R J DONOVAN CORR. FAC. AT ROCK MOUNTAIN,15133,2.1,HOUSING UNIT 10,5670,DORMITORY,18505,1989,2026-10-06
RJD,49,R J DONOVAN CORR. FAC. AT ROCK MOUNTAIN,15157,2.10A-B,FAC 2 WORKCHANGE,2310,OFFICE (INSTITUTIONAL),1680,1989,2026-10-06
RJD,49,R J DONOVAN CORR. FAC. AT ROCK MOUNTAIN,15149,2.11,CENTRAL KITCHEN,5830,KITCHEN,21120,1989,2026-10-06
RJD,49,R J DONOVAN CORR. FAC. AT ROCK MOUNTAIN,15160,2.12,FAC 2 PIA BAKERY,5810,SHOP,14400,1989,2026-10-06
RJD,49,R J DONOVAN CORR. FAC. AT ROCK MOUNTAIN,15159,2.13A-F,FAC 2 VOC SHOPS,5620,CLASSROOM,33120,,2026-10-06
RJD,49,R J DONOVAN CORR. FAC. AT ROCK MOUNTAIN,15158,2.14A-D,FAC 2 INMATE SERVICE,2310,OFFICE (INSTITUTIONAL),15702,1989,2026-10-06
RJD,49,R J DONOVAN CORR. FAC. AT ROCK MOUNTAIN,15132,2.2,HOUSING UNIT 9,5670,DORMITORY,18505,1989,2026-10-06
RJD,49,R J DONOVAN CORR. FAC. AT ROCK MOUNTAIN,15131,2.3,HOUSING UNIT 8,5670,DORMITORY,18505,1989,2026-10-06
RJD,49,R J DONOVAN CORR. FAC. AT ROCK MOUNTAIN,51572,2.3 OUTSIDE,20 SMALL MANAGEMENT EXERCISE YARDS,5930,SMALL MANAGEMENT EXERCISE YARDS,3000,2009,2026-10-06
RJD,49,R J DONOVAN CORR. FAC. AT ROCK MOUNTAIN,15130,2.4,HOUSING UNIT 7,5670,DORMITORY,18505,1989,2026-10-06
RJD,49,R J DONOVAN CORR. FAC. AT ROCK MOUNTAIN,51571,2.4 OUTSIDE,20 SMALL MANAGEMENT EXERCISE YARDS,5930,SMALL MANAGEMENT EXERCISE YARDS,3000,2008,2026-10-06
RJD,49,R J DONOVAN CORR. FAC. AT ROCK MOUNTAIN,15129,2.5,HOUSING UNIT 6 ADSEG,5670,DORMITORY,19158,1989,2026-10-06
RJD,49,R J DONOVAN CORR. FAC. AT ROCK MOUNTAIN,15169,2.6,FAC 2 VISITING APT,5960,VISITATION FACILITY,1768,1989,2026-10-06
RJD,49,R J DONOVAN CORR. FAC. AT ROCK MOUNTAIN,15145,2.7 A-F,FAC 2 ADMIN,2310,OFFICE (INSTITUTIONAL),20581,1989,2026-10-06
RJD,49,R J DONOVAN CORR. FAC. AT ROCK MOUNTAIN,15123,2.8,NORTH VISITOR BLDG,5960,VISITATION FACILITY,11840,1989,2026-10-06
RJD,49,R J DONOVAN CORR. FAC. AT ROCK MOUNTAIN,15156,2.9,FAC 2 EDUCATION BLDG,5620,CLASSROOM,1708,1989,2026-10-06
RJD,49,R J DONOVAN CORR. FAC. AT ROCK MOUNTAIN,15134,3.1,HOUSING UNIT 11,5670,DORMITORY,18505,1989,2026-10-06
RJD,49,R J DONOVAN CORR. FAC. AT ROCK MOUNTAIN,39550,3.10,FACILITY THREE CLASSROOM,5620,CLASSROOM,2592,,2026-10-06
RJD,49,R J DONOVAN CORR. FAC. AT ROCK MOUNTAIN,5688,3.12,CCCMS TREATMENT MODULAR,2330,RELOCATABLE OFFICE,5384,2006,2026-10-06
RJD,49,R J DONOVAN CORR. FAC. AT ROCK MOUNTAIN,15135,3.2,HOUSING UNIT 12,5670,DORMITORY,18505,1989,2026-10-06
RJD,49,R J DONOVAN CORR. FAC. AT ROCK MOUNTAIN,15136,3.3,HOUSING UNIT 13,5670,DORMITORY,18505,1989,2026-10-06
RJD,49,R J DONOVAN CORR. FAC. AT ROCK MOUNTAIN,15137,3.4,HOUSING UNIT 14,5670,DORMITORY,18505,1989,2026-10-06
RJD,49,R J DONOVAN CORR. FAC. AT ROCK MOUNTAIN,15138,3.5,HOUSING UNIT 15,5670,DORMITORY,18505,1989,2026-10-06
RJD,49,R J DONOVAN CORR. FAC. AT ROCK MOUNTAIN,15170,3.6,FAC 3 VISITING APT,5960,VISITATION FACILITY,1768,1898,2026-10-06
RJD,49,R J DONOVAN CORR. FAC. AT ROCK MOUNTAIN,15146,3.7 A-F,FAC 3 ADMIN,2310,OFFICE (INSTITUTIONAL),20581,1989,2026-10-06
RJD,49,R J DONOVAN CORR. FAC. AT ROCK MOUNTAIN,15150,3.8,PIA LAUNDRY,5860,LAUNDRY,23295,1989,2026-10-06
RJD,49,R J DONOVAN CORR. FAC. AT ROCK MOUNTAIN,15163,3.9 A-C,FAC 3 PIA VOC BLDG,5620,CLASSROOM,31200,1989,2026-10-06
RJD,49,R J DONOVAN CORR. FAC. AT ROCK MOUNTAIN,15164,3.9 CEP,FAC 3 ENERGY PLANT,5820,UTILITY,23241,1989,2026-10-06
RJD,49,R J DONOVAN CORR. FAC. AT ROCK MOUNTAIN,15161,3.9 D/E,FAC 3 WORKCHANGE,2310,OFFICE (INSTITUTIONAL),2880,1989,2026-10-06
RJD,49,R J DONOVAN CORR. FAC. AT ROCK MOUNTAIN,15162,3.9 F/J,FAC 3 INMATE SERVICE,2310,OFFICE (INSTITUTIONAL),17520,1989,2026-10-06
RJD,49,R J DONOVAN CORR. FAC. AT ROCK MOUNTAIN,15143,4.1,HOUSING UNIT 20,5670,DORMITORY,18505,1989,2026-10-06
RJD,49,R J DONOVAN CORR. FAC. AT ROCK MOUNTAIN,51153,4.12,MODULAR BUILDING,2340,RELOCATABLE CLASSROOM,950,2009,2026-10-06
RJD,49,R J DONOVAN CORR. FAC. AT ROCK MOUNTAIN,15142,4.2,HOUSING UNIT 19,5670,DORMITORY,18505,1989,2026-10-06
RJD,49,R J DONOVAN CORR. FAC. AT ROCK MOUNTAIN,15141,4.3,HOUSING UNIT 18,5670,DORMITORY,18505,1989,2026-10-06
RJD,49,R J DONOVAN CORR. FAC. AT ROCK MOUNTAIN,15140,4.4,HOUSING UNIT 17,5670,DORMITORY,18505,1989,2026-10-06
RJD,49,R J DONOVAN CORR. FAC. AT ROCK MOUNTAIN,15139,4.5,HOUSING UNIT 16,5670,DORMITORY,18505,1989,2026-10-06
RJD,49,R J DONOVAN CORR. FAC. AT ROCK MOUNTAIN,15171,4.6,FAC 4 VISITING APT,5960,VISITATION FACILITY,1768,1989,2026-10-06
RJD,49,R J DONOVAN CORR. FAC. AT ROCK MOUNTAIN,15147,4.7 A-F,FAC 4 ADMIN,2310,OFFICE (INSTITUTIONAL),19441,1989,2026-10-06
RJD,49,R J DONOVAN CORR. FAC. AT ROCK MOUNTAIN,15151,4.8,CENTRAL INFIRMARY,5710,HOSPITAL/CLINIC/TREATMENT CENTER,23102,1989,2026-10-06
RJD,49,R J DONOVAN CORR. FAC. AT ROCK MOUNTAIN,15167,4.9,FAC 4 PIA TEXTILE,5810,SHOP,72992,1989,2026-10-06
RJD,49,R J DONOVAN CORR. FAC. AT ROCK MOUNTAIN,15165,4.9 A-B,FAC 4 PIA WORKCHANGE,2310,OFFICE (INSTITUTIONAL),4937,1989,2026-10-06
RJD,49,R J DONOVAN CORR. FAC. AT ROCK MOUNTAIN,15166,4.9 C-F,FAC 4 INMATE SERVICE,2310,OFFICE (INSTITUTIONAL),15120,1989,2026-10-06
RJD,49,R J DONOVAN CORR. FAC. AT ROCK MOUNTAIN,15108,5.1,TOWER 1,5060,LOOKOUT (GUARD STATION),75,1989,2026-10-06
RJD,49,R J DONOVAN CORR. FAC. AT ROCK MOUNTAIN,15117,5.10,TOWER 10,5060,LOOKOUT (GUARD STATION),75,1989,2026-10-06
RJD,49,R J DONOVAN CORR. FAC. AT ROCK MOUNTAIN,15118,5.11,TOWER 11,5060,LOOKOUT (GUARD STATION),75,1989,2026-10-06
RJD,49,R J DONOVAN CORR. FAC. AT ROCK MOUNTAIN,15119,5.12,TOWER 12,5060,LOOKOUT (GUARD STATION),75,1989,2026-10-06
RJD,49,R J DONOVAN CORR. FAC. AT ROCK MOUNTAIN,15121,5.13,VISITOR'S PROCESSING CENTER,2310,OFFICE (INSTITUTIONAL),5655,1989,2026-10-06
RJD,49,R J DONOVAN CORR. FAC. AT ROCK MOUNTAIN,15094,5.14,CENTRAL ADMINISTRATION,2310,OFFICE (INSTITUTIONAL),27520,1989,2026-10-06
RJD,49,R J DONOVAN CORR. FAC. AT ROCK MOUNTAIN,15098,5.15,HOUSING UNIT NO 21,5670,DORMITORY,15422,1989,2026-10-06
RJD,49,R J DONOVAN CORR. FAC. AT ROCK MOUNTAIN,15099,5.16,HOUSING UNIT NO22,5670,DORMITORY,15422,1989,2026-10-06
RJD,49,R J DONOVAN CORR. FAC. AT ROCK MOUNTAIN,15096,5.17,MINIMUM VISITING ROOM,5960,VISITATION FACILITY,4080,1989,2026-10-06
RJD,49,R J DONOVAN CORR. FAC. AT ROCK MOUNTAIN,15095,5.18,MINIMUM ADMIN,2310,OFFICE (INSTITUTIONAL),17322,1989,2026-10-06
RJD,49,R J DONOVAN CORR. FAC. AT ROCK MOUNTAIN,15107,5.19,FIREHOUSE,5690,FIREHOUSE/FOREST FIRE STATION,5510,1989,2026-10-06
RJD,49,R J DONOVAN CORR. FAC. AT ROCK MOUNTAIN,15109,5.2,TOWER 2,5060,LOOKOUT (GUARD STATION),75,1989,2026-10-06
RJD,49,R J DONOVAN CORR. FAC. AT ROCK MOUNTAIN,15105,5.20,ARMORY BLDG.,5600,ARMORY,1407,1989,2026-10-06
RJD,49,R J DONOVAN CORR. FAC. AT ROCK MOUNTAIN,15103,5.21,MAINTENANCE BUILDING,2480,EQUIPMENT/MAINTENANCE BUILDING,14469,1989,2026-10-06
RJD,49,R J DONOVAN CORR. FAC. AT ROCK MOUNTAIN,15101,5.22,SUPPORT WAREHOUSE,2440,WAREHOUSE,51563,1989,2026-10-06
RJD,49,R J DONOVAN CORR. FAC. AT ROCK MOUNTAIN,15102,5.22A,PIA WAREHOUSE,2440,WAREHOUSE,35463,1989,2026-10-06
RJD,49,R J DONOVAN CORR. FAC. AT ROCK MOUNTAIN,15106,5.25,EAST SALLYPORT BLDG,5060,LOOKOUT (GUARD STATION),444,1989,2026-10-06
RJD,49,R J DONOVAN CORR. FAC. AT ROCK MOUNTAIN,15097,5.26,MINIMUM FAMILY VISIT APARTMENT,5960,VISITATION FACILITY,889,1989,2026-10-06
RJD,49,R J DONOVAN CORR. FAC. AT ROCK MOUNTAIN,15104,5.27A,FIRING RANGE BLDG,5935,TRAINING FACILITY,913,1989,2026-10-06
RJD,49,R J DONOVAN CORR. FAC. AT ROCK MOUNTAIN,5039,5.28,MODULAR BUILDING,2330,RELOCATABLE OFFICE,4970,2001,2026-10-06
RJD,49,R J DONOVAN CORR. FAC. AT ROCK MOUNTAIN,15110,5.3,TOWER 3,5060,LOOKOUT (GUARD STATION),75,1989,2026-10-06
RJD,49,R J DONOVAN CORR. FAC. AT ROCK MOUNTAIN,39551,5.30,IST CLASSROOM   NO. 1,5620,CLASSROOM,1536,,2026-10-06
RJD,49,R J DONOVAN CORR. FAC. AT ROCK MOUNTAIN,39552,5.31,IST CLASSROOM   NO. 2,5620,CLASSROOM,1536,,2026-10-06
RJD,49,R J DONOVAN CORR. FAC. AT ROCK MOUNTAIN,37906,5.32,MODULAR BUILDINGS,2330,RELOCATABLE OFFICE,2160,1996,2026-10-06
RJD,49,R J DONOVAN CORR. FAC. AT ROCK MOUNTAIN,51151,5.33,MODULAR BUILDING,2340,RELOCATABLE CLASSROOM,1410,2009,2026-10-06
RJD,49,R J DONOVAN CORR. FAC. AT ROCK MOUNTAIN,37905,5.34,MODULAR BUILDING,2330,RELOCATABLE OFFICE,1440,1996,2026-10-06
RJD,49,R J DONOVAN CORR. FAC. AT ROCK MOUNTAIN,15111,5.4,TOWER 4,5060,LOOKOUT (GUARD STATION),75,1989,2026-10-06
RJD,49,R J DONOVAN CORR. FAC. AT ROCK MOUNTAIN,15112,5.5,TOWER 5,5060,LOOKOUT (GUARD STATION),75,1989,2026-10-06
RJD,49,R J DONOVAN CORR. FAC. AT ROCK MOUNTAIN,15113,5.6,TOWER 6,5060,LOOKOUT (GUARD STATION),75,1989,2026-10-06
RJD,49,R J DONOVAN CORR. FAC. AT ROCK MOUNTAIN,15114,5.7,TOWER 7,5060,LOOKOUT (GUARD STATION),75,1989,2026-10-06
RJD,49,R J DONOVAN CORR. FAC. AT ROCK MOUNTAIN,15115,5.8,TOWER 8,5060,LOOKOUT (GUARD STATION),75,1989,2026-10-06
RJD,49,R J DONOVAN CORR. FAC. AT ROCK MOUNTAIN,15116,5.9,TOWER 9,5060,LOOKOUT (GUARD STATION),75,1989,2026-10-06
SAC,10486,"CSP, SACRAMENTO",51544,,18 SMALL MANAGEMENT EXERCISE YARDS,5930,SMALL MANAGEMENT EXERCISE YARDS,2700,2009,2026-10-06
SAC,10486,"CSP, SACRAMENTO",44501,,A FACILITY TREATMENT CENTER,5710,HOSPITAL/CLINIC/TREATMENT CENTER,7293,2002,2026-10-06
SAC,10486,"CSP, SACRAMENTO",50399,,ADMINISTRATIVE SEGREGATION HOUSING UNIT,5670,DORMITORY,25204,2004,2026-10-06
SAC,10486,"CSP, SACRAMENTO",43827,,FAMILY VISITING #1,5960,VISITATION FACILITY,1900,1985,2026-10-06
SAC,10486,"CSP, SACRAMENTO",43828,,FAMILY VISITING #2,5960,VISITATION FACILITY,1900,1985,2026-10-06
SAC,10486,"CSP, SACRAMENTO",43829,,FAMILY VISITING #3,5960,VISITATION FACILITY,1900,1985,2026-10-06
SAC,10486,"CSP, SACRAMENTO",43830,,FAMILY VISITING #4,5960,VISITATION FACILITY,1900,1985,2026-10-06
SAC,10486,"CSP, SACRAMENTO",55453,,PSYCHIATRIC SVC UNIT TREATMENT & OFFICE,5710,HOSPITAL/CLINIC/TREATMENT CENTER,22158,2013,2026-10-06
SAC,10486,"CSP, SACRAMENTO",50400,,SMALL MANAGEMENT EXERCISE YARDS,5930,SMALL MANAGEMENT EXERCISE YARDS,0,2004,2026-10-06
SAC,10486,"CSP, SACRAMENTO",14598,14598,FACILITY A HOUSING BUILDING #1 & 2,5670,DORMITORY,36301,1985,2026-10-06
SAC,10486,"CSP, SACRAMENTO",14599,14599,FACILITY A HOUSING BUILDING # 3 & 4,5670,DORMITORY,36301,1985,2026-10-06
SAC,10486,"CSP, SACRAMENTO",14600,14600,FACILITY A HOUSING BUILDING #5 & 6,5670,DORMITORY,36301,1985,2026-10-06
SAC,10486,"CSP, SACRAMENTO",14601,14601,FACILITY A HOUSING BUILDING #7 & 8,5670,DORMITORY,36301,1985,2026-10-06
SAC,10486,"CSP, SACRAMENTO",14602,14602,FACILITY B HOUSING BUILDING #1 & 2,5670,DORMITORY,36301,1985,2026-10-06
SAC,10486,"CSP, SACRAMENTO",14603,14603,FACILITY B HOUSING BUILDING #3 & 4,5670,DORMITORY,36301,1985,2026-10-06
SAC,10486,"CSP, SACRAMENTO",14604,14604,FACILITY B HOUSING BUILDING #5 & 6,5670,DORMITORY,36301,1985,2026-10-06
SAC,10486,"CSP, SACRAMENTO",14605,14605,FACILITY B HOUSING BUILDING #7 & 8,5670,DORMITORY,36301,1985,2026-10-06
SAC,10486,"CSP, SACRAMENTO",14606,14606,FACILITY C HOUSING BUILDING #1 & 2,5670,DORMITORY,36301,1985,2026-10-06
SAC,10486,"CSP, SACRAMENTO",14607,14607,FACILITY C HOUSING BUILDING #3 & 4,5670,DORMITORY,36301,1985,2026-10-06
SAC,10486,"CSP, SACRAMENTO",14608,14608,FACILITY C HOUSING BUILDING #5 & 6,5670,DORMITORY,36301,1985,2026-10-06
SAC,10486,"CSP, SACRAMENTO",14609,14609,FACILITY C HOUSING BUILDING #7 & 8,5670,DORMITORY,36301,1985,2026-10-06
SAC,10486,"CSP, SACRAMENTO",14610,14610,FACILITY A ADMINISTRATIONS,2310,OFFICE (INSTITUTIONAL),36264,1985,2026-10-06
SAC,10486,"CSP, SACRAMENTO",14611,14611,FACILITY B ADMINISTRATION,2310,OFFICE (INSTITUTIONAL),28680,1985,2026-10-06
SAC,10486,"CSP, SACRAMENTO",14612,14612,FACILITY C ADMINISTRATION,2310,OFFICE (INSTITUTIONAL),28680,1985,2026-10-06
SAC,10486,"CSP, SACRAMENTO",14613,14613,FACILITY A SUPPORT SERVICES,2310,OFFICE (INSTITUTIONAL),28806,1985,2026-10-06
SAC,10486,"CSP, SACRAMENTO",14614,14614,FACILITY B SUPPORT SERVICES,2310,OFFICE (INSTITUTIONAL),28806,1985,2026-10-06
SAC,10486,"CSP, SACRAMENTO",14615,14615,FACILITY C SUPPORT SERVICES,2310,OFFICE (INSTITUTIONAL),28806,1985,2026-10-06
SAC,10486,"CSP, SACRAMENTO",14616,14616,NEW FOLSOM GUARD TOWER,5060,LOOKOUT (GUARD STATION),2256,1985,2026-10-06
SAC,10486,"CSP, SACRAMENTO",14617,14617,CENTRAL KITCHEN BLDG FAC C INDUSTRIES,5830,KITCHEN,99396,1985,2026-10-06
SAC,10486,"CSP, SACRAMENTO",14618,14618,A FACILITY TREATEMENT CENTER E.O.P.,5710,HOSPITAL/CLINIC/TREATMENT CENTER,169065,1985,2026-10-06
SAC,10486,"CSP, SACRAMENTO",14619,14619,DORMITORY BUILDING A NEW FOLSOM,5670,DORMITORY,15912,1985,2026-10-06
SAC,10486,"CSP, SACRAMENTO",14620,14620,DORMITORY BUILDING B NEW FOLSOM,5670,DORMITORY,15912,1985,2026-10-06
SAC,10486,"CSP, SACRAMENTO",14621,14621,DORMITORY BUILDINGS SUPPORT SERVICES BLG,5670,DORMITORY,22824,1985,2026-10-06
SAC,10486,"CSP, SACRAMENTO",14622,14622,MAIN ADMINISTRATION,2310,OFFICE (INSTITUTIONAL),46376,1985,2026-10-06
SAC,10486,"CSP, SACRAMENTO",14623,14623,ARMORY LOCKSMITH NEW FOLSOM,5600,ARMORY,672,1985,2026-10-06
SAC,10486,"CSP, SACRAMENTO",14624,14624,RECEIVING WAREHOUSE NEW FOLSOM,2440,WAREHOUSE,92160,1985,2026-10-06
SAC,10486,"CSP, SACRAMENTO",14625,14625,PRISON INDUSTRIES RECEIVING WAREHOUSE,2440,WAREHOUSE,92160,1985,2026-10-06
SAC,10486,"CSP, SACRAMENTO",14626,14626,CENTRAL PLANT MAINTENANCE BUILDING,5820,UTILITY,18432,1985,2026-10-06
SAC,10486,"CSP, SACRAMENTO",14627,14627,VEHICLE MAINTENANCE GARAGE NEW FOLSOM,5900,SERVICE STATION,5500,1985,2026-10-06
SAC,10486,"CSP, SACRAMENTO",14629,14629,VOCATIONAL EDUCATION LANDSCAPING BLDG#1,5620,CLASSROOM,500,1985,2026-10-06
SAC,10486,"CSP, SACRAMENTO",14630,14630,VOCATIONAL EDUCATION LANDSCAPING BLDG#2,5620,CLASSROOM,500,1985,2026-10-06
SAC,10486,"CSP, SACRAMENTO",44500,RANGE CLASSROOMS,FIRING RANGE,5935,TRAINING FACILITY,1500,1985,2026-10-06
SATF,10105,CALIF. SUBSTANCE ABUSE TREATMENT FAC. AND STATE PRISON,51554,,10 SMALL MANAGEMENT EXERCISE YARDS,5930,SMALL MANAGEMENT EXERCISE YARDS,1500,2009,2026-10-06
SATF,10105,CALIF. SUBSTANCE ABUSE TREATMENT FAC. AND STATE PRISON,50368,,ADMINISTRATIVE SEGREGATION HOUSING UNIT,5670,DORMITORY,25204,2002,2026-10-06
SATF,10105,CALIF. SUBSTANCE ABUSE TREATMENT FAC. AND STATE PRISON,40171,301,TOWER 1,5060,LOOKOUT (GUARD STATION),169,1997,2026-10-06
SATF,10105,CALIF. SUBSTANCE ABUSE TREATMENT FAC. AND STATE PRISON,40172,302,TOWER 2,5060,LOOKOUT (GUARD STATION),169,1997,2026-10-06
SATF,10105,CALIF. SUBSTANCE ABUSE TREATMENT FAC. AND STATE PRISON,40173,303,TOWER 3,5060,LOOKOUT (GUARD STATION),169,1997,2026-10-06
SATF,10105,CALIF. SUBSTANCE ABUSE TREATMENT FAC. AND STATE PRISON,40174,304,TOWER 4,5060,LOOKOUT (GUARD STATION),169,1997,2026-10-06
SATF,10105,CALIF. SUBSTANCE ABUSE TREATMENT FAC. AND STATE PRISON,40175,305,TOWER 5,5060,LOOKOUT (GUARD STATION),169,1997,2026-10-06
SATF,10105,CALIF. SUBSTANCE ABUSE TREATMENT FAC. AND STATE PRISON,40176,306,TOWER 6,5060,LOOKOUT (GUARD STATION),169,1997,2026-10-06
SATF,10105,CALIF. SUBSTANCE ABUSE TREATMENT FAC. AND STATE PRISON,40177,307,TOWER 7,5060,LOOKOUT (GUARD STATION),169,1997,2026-10-06
SATF,10105,CALIF. SUBSTANCE ABUSE TREATMENT FAC. AND STATE PRISON,40178,308,TOWER 8,5060,LOOKOUT (GUARD STATION),169,1997,2026-10-06
SATF,10105,CALIF. SUBSTANCE ABUSE TREATMENT FAC. AND STATE PRISON,40179,309,TOWER 9,5060,LOOKOUT (GUARD STATION),169,1997,2026-10-06
SATF,10105,CALIF. SUBSTANCE ABUSE TREATMENT FAC. AND STATE PRISON,40180,310,TOWER 10,5060,LOOKOUT (GUARD STATION),169,1997,2026-10-06
SATF,10105,CALIF. SUBSTANCE ABUSE TREATMENT FAC. AND STATE PRISON,40181,311,TOWER 11,5060,LOOKOUT (GUARD STATION),169,1997,2026-10-06
SATF,10105,CALIF. SUBSTANCE ABUSE TREATMENT FAC. AND STATE PRISON,40182,312,TOWER 12,5060,LOOKOUT (GUARD STATION),169,1997,2026-10-06
SATF,10105,CALIF. SUBSTANCE ABUSE TREATMENT FAC. AND STATE PRISON,40183,313,TOWER 13,5060,LOOKOUT (GUARD STATION),169,1997,2026-10-06
SATF,10105,CALIF. SUBSTANCE ABUSE TREATMENT FAC. AND STATE PRISON,40184,314,TOWER 14,5060,LOOKOUT (GUARD STATION),169,1997,2026-10-06
SATF,10105,CALIF. SUBSTANCE ABUSE TREATMENT FAC. AND STATE PRISON,40185,315,TOWER 15,5060,LOOKOUT (GUARD STATION),169,1997,2026-10-06
SATF,10105,CALIF. SUBSTANCE ABUSE TREATMENT FAC. AND STATE PRISON,40186,316,TOWER 16,5060,LOOKOUT (GUARD STATION),169,1997,2026-10-06
SATF,10105,CALIF. SUBSTANCE ABUSE TREATMENT FAC. AND STATE PRISON,40187,317,TOWER 17,5060,LOOKOUT (GUARD STATION),169,1997,2026-10-06
SATF,10105,CALIF. SUBSTANCE ABUSE TREATMENT FAC. AND STATE PRISON,40188,318,TOWER 18,5060,LOOKOUT (GUARD STATION),169,1997,2026-10-06
SATF,10105,CALIF. SUBSTANCE ABUSE TREATMENT FAC. AND STATE PRISON,40189,319,TOWER 19,5060,LOOKOUT (GUARD STATION),169,1997,2026-10-06
SATF,10105,CALIF. SUBSTANCE ABUSE TREATMENT FAC. AND STATE PRISON,40190,320,TOWER 20,5060,LOOKOUT (GUARD STATION),169,1997,2026-10-06
SATF,10105,CALIF. SUBSTANCE ABUSE TREATMENT FAC. AND STATE PRISON,40191,321,HOUSING UNIT A-1,5670,DORMITORY,23064,1997,2026-10-06
SATF,10105,CALIF. SUBSTANCE ABUSE TREATMENT FAC. AND STATE PRISON,40192,322,HOUSING UNIT A-2,5670,DORMITORY,23064,1997,2026-10-06
SATF,10105,CALIF. SUBSTANCE ABUSE TREATMENT FAC. AND STATE PRISON,40193,323,HOUSING UNIT A-3,5670,DORMITORY,23064,1997,2026-10-06
SATF,10105,CALIF. SUBSTANCE ABUSE TREATMENT FAC. AND STATE PRISON,40194,331,HOUSING UNIT B-1,5670,DORMITORY,23064,1997,2026-10-06
SATF,10105,CALIF. SUBSTANCE ABUSE TREATMENT FAC. AND STATE PRISON,40195,332,HOUSING UNIT B-2,5670,DORMITORY,23064,1997,2026-10-06
SATF,10105,CALIF. SUBSTANCE ABUSE TREATMENT FAC. AND STATE PRISON,40196,333,HOUSING UNIT B-3,5670,DORMITORY,23064,1997,2026-10-06
SATF,10105,CALIF. SUBSTANCE ABUSE TREATMENT FAC. AND STATE PRISON,40197,341,"HOUSING UNIT C-1, C-2",5670,DORMITORY,50203,1997,2026-10-06
SATF,10105,CALIF. SUBSTANCE ABUSE TREATMENT FAC. AND STATE PRISON,40198,342,"HOUSING UNIT C-3, C-4",5670,DORMITORY,50203,1997,2026-10-06
SATF,10105,CALIF. SUBSTANCE ABUSE TREATMENT FAC. AND STATE PRISON,40199,343,"HOUSING UNIT C-5, C-6",5670,DORMITORY,50203,1997,2026-10-06
SATF,10105,CALIF. SUBSTANCE ABUSE TREATMENT FAC. AND STATE PRISON,40200,344,"HOUSING UNIT C-7, C-8",5670,DORMITORY,50203,1997,2026-10-06
SATF,10105,CALIF. SUBSTANCE ABUSE TREATMENT FAC. AND STATE PRISON,40201,351,HOUSING UNIT D-1,5670,DORMITORY,24555,1997,2026-10-06
SATF,10105,CALIF. SUBSTANCE ABUSE TREATMENT FAC. AND STATE PRISON,40202,352,HOUSING UNIT D-2,5670,DORMITORY,24555,1997,2026-10-06
SATF,10105,CALIF. SUBSTANCE ABUSE TREATMENT FAC. AND STATE PRISON,40203,353,HOUSING UNIT D-3,5670,DORMITORY,24555,1997,2026-10-06
SATF,10105,CALIF. SUBSTANCE ABUSE TREATMENT FAC. AND STATE PRISON,40204,354,HOUSING UNIT D-4,5670,DORMITORY,24555,1997,2026-10-06
SATF,10105,CALIF. SUBSTANCE ABUSE TREATMENT FAC. AND STATE PRISON,40205,355,HOUSING UNIT D-5,5670,DORMITORY,24555,1997,2026-10-06
SATF,10105,CALIF. SUBSTANCE ABUSE TREATMENT FAC. AND STATE PRISON,40206,361,HOUSING UNIT E-1,5670,DORMITORY,25845,1997,2026-10-06
SATF,10105,CALIF. SUBSTANCE ABUSE TREATMENT FAC. AND STATE PRISON,40207,362,HOUSING UNIT E-2,5670,DORMITORY,24555,1997,2026-10-06
SATF,10105,CALIF. SUBSTANCE ABUSE TREATMENT FAC. AND STATE PRISON,40208,363,HOUSING UNIT E-3,5670,DORMITORY,24555,1997,2026-10-06
SATF,10105,CALIF. SUBSTANCE ABUSE TREATMENT FAC. AND STATE PRISON,40209,364,HOUSING UNIT E-4,5670,DORMITORY,24555,1997,2026-10-06
SATF,10105,CALIF. SUBSTANCE ABUSE TREATMENT FAC. AND STATE PRISON,40210,365,HOUSING UNIT E-5,5670,DORMITORY,24555,1997,2026-10-06
SATF,10105,CALIF. SUBSTANCE ABUSE TREATMENT FAC. AND STATE PRISON,40211,371,HOUSING UNIT F-1,5670,DORMITORY,41915,1997,2026-10-06
SATF,10105,CALIF. SUBSTANCE ABUSE TREATMENT FAC. AND STATE PRISON,40212,372,HOUSING UNIT F-2,5670,DORMITORY,41915,1997,2026-10-06
SATF,10105,CALIF. SUBSTANCE ABUSE TREATMENT FAC. AND STATE PRISON,40213,373,HOUSING UNIT F-3,5670,DORMITORY,41915,1997,2026-10-06
SATF,10105,CALIF. SUBSTANCE ABUSE TREATMENT FAC. AND STATE PRISON,40214,381,HOUSING UNIT G-1,5670,DORMITORY,41915,1997,2026-10-06
SATF,10105,CALIF. SUBSTANCE ABUSE TREATMENT FAC. AND STATE PRISON,40215,382,HOUSING UNIT G-2,5670,DORMITORY,41915,1997,2026-10-06
SATF,10105,CALIF. SUBSTANCE ABUSE TREATMENT FAC. AND STATE PRISON,40216,383,HOUSING UNIT G-3,5670,DORMITORY,41915,1997,2026-10-06
SATF,10105,CALIF. SUBSTANCE ABUSE TREATMENT FAC. AND STATE PRISON,40217,421/422,FACILITY A PROGRAM AND GYM,2310,OFFICE (INSTITUTIONAL),25189,1997,2026-10-06
SATF,10105,CALIF. SUBSTANCE ABUSE TREATMENT FAC. AND STATE PRISON,40218,423,FACILITY A DINING,5870,DINING/CAFETERIA,12692,1997,2026-10-06
SATF,10105,CALIF. SUBSTANCE ABUSE TREATMENT FAC. AND STATE PRISON,40219,430,COMPLEX I,2310,OFFICE (INSTITUTIONAL),19295,1997,2026-10-06
SATF,10105,CALIF. SUBSTANCE ABUSE TREATMENT FAC. AND STATE PRISON,40220,431/432,FACILITY B PROGRAM AND GYM,2310,OFFICE (INSTITUTIONAL),25189,1997,2026-10-06
SATF,10105,CALIF. SUBSTANCE ABUSE TREATMENT FAC. AND STATE PRISON,40221,433,FACILITY B DINING,5870,DINING/CAFETERIA,12692,1997,2026-10-06
SATF,10105,CALIF. SUBSTANCE ABUSE TREATMENT FAC. AND STATE PRISON,40222,440,COMPLEX II,2310,OFFICE (INSTITUTIONAL),10966,1997,2026-10-06
SATF,10105,CALIF. SUBSTANCE ABUSE TREATMENT FAC. AND STATE PRISON,40223,441,FACILITY C PROGRAM,2310,OFFICE (INSTITUTIONAL),17780,1997,2026-10-06
SATF,10105,CALIF. SUBSTANCE ABUSE TREATMENT FAC. AND STATE PRISON,40224,442,FACILITY C GYM,5890,GYMNASIUM,7397,1997,2026-10-06
SATF,10105,CALIF. SUBSTANCE ABUSE TREATMENT FAC. AND STATE PRISON,40225,445,MENTAL HEALTH SERVICES,5710,HOSPITAL/CLINIC/TREATMENT CENTER,4309,1997,2026-10-06
SATF,10105,CALIF. SUBSTANCE ABUSE TREATMENT FAC. AND STATE PRISON,40571,446,GUNPOST - C1,5060,LOOKOUT (GUARD STATION),113,1997,2026-10-06
SATF,10105,CALIF. SUBSTANCE ABUSE TREATMENT FAC. AND STATE PRISON,40572,447,GUNPOST - C2,5060,LOOKOUT (GUARD STATION),113,1997,2026-10-06
SATF,10105,CALIF. SUBSTANCE ABUSE TREATMENT FAC. AND STATE PRISON,40226,448,CORRECTIONAL TREATMENT CENTER,5710,HOSPITAL/CLINIC/TREATMENT CENTER,36190,1997,2026-10-06
SATF,10105,CALIF. SUBSTANCE ABUSE TREATMENT FAC. AND STATE PRISON,40227,450,CENTRAL OPERATIONS,2310,OFFICE (INSTITUTIONAL),8018,1997,2026-10-06
SATF,10105,CALIF. SUBSTANCE ABUSE TREATMENT FAC. AND STATE PRISON,40228,451/452,FACILITY D PROGRAM AND GYM,2310,OFFICE (INSTITUTIONAL),25189,1997,2026-10-06
SATF,10105,CALIF. SUBSTANCE ABUSE TREATMENT FAC. AND STATE PRISON,40229,453,FACILITY D DINING,5870,DINING/CAFETERIA,12692,1997,2026-10-06
SATF,10105,CALIF. SUBSTANCE ABUSE TREATMENT FAC. AND STATE PRISON,40230,460,COMPLEX III / CENTRAL CONTROL,2310,OFFICE (INSTITUTIONAL),19295,1997,2026-10-06
SATF,10105,CALIF. SUBSTANCE ABUSE TREATMENT FAC. AND STATE PRISON,40231,461/462,FACILITY E PROGRAM AND GYM,2310,OFFICE (INSTITUTIONAL),25189,1997,2026-10-06
SATF,10105,CALIF. SUBSTANCE ABUSE TREATMENT FAC. AND STATE PRISON,40232,463,FACILITY E DINING,5870,DINING/CAFETERIA,12692,1997,2026-10-06
SATF,10105,CALIF. SUBSTANCE ABUSE TREATMENT FAC. AND STATE PRISON,40233,470,RECEIVING AND RELEASE,2310,OFFICE (INSTITUTIONAL),5734,1997,2026-10-06
SATF,10105,CALIF. SUBSTANCE ABUSE TREATMENT FAC. AND STATE PRISON,40234,471/472,FACILITY F PROGRAM AND LIFE SKILLS,2310,OFFICE (INSTITUTIONAL),10860,1997,2026-10-06
SATF,10105,CALIF. SUBSTANCE ABUSE TREATMENT FAC. AND STATE PRISON,40235,473,FACILITY F DINING,5870,DINING/CAFETERIA,12692,1997,2026-10-06
SATF,10105,CALIF. SUBSTANCE ABUSE TREATMENT FAC. AND STATE PRISON,40236,474,ZONE CONTROL,5060,LOOKOUT (GUARD STATION),120,1997,2026-10-06
SATF,10105,CALIF. SUBSTANCE ABUSE TREATMENT FAC. AND STATE PRISON,40237,475,FACILITY F VISITING / VOC ED,5960,VISITATION FACILITY,18962,1997,2026-10-06
SATF,10105,CALIF. SUBSTANCE ABUSE TREATMENT FAC. AND STATE PRISON,40238,480,COMPLEX IV,2310,OFFICE (INSTITUTIONAL),7759,1997,2026-10-06
SATF,10105,CALIF. SUBSTANCE ABUSE TREATMENT FAC. AND STATE PRISON,40239,481/482,FACILITY G PROGRAM AND GYM,2310,OFFICE (INSTITUTIONAL),15047,1997,2026-10-06
SATF,10105,CALIF. SUBSTANCE ABUSE TREATMENT FAC. AND STATE PRISON,40240,483,FACILITY G DINING,5870,DINING/CAFETERIA,12692,1997,2026-10-06
SATF,10105,CALIF. SUBSTANCE ABUSE TREATMENT FAC. AND STATE PRISON,40241,484,ZONE CONTROL,5060,LOOKOUT (GUARD STATION),120,1997,2026-10-06
SATF,10105,CALIF. SUBSTANCE ABUSE TREATMENT FAC. AND STATE PRISON,40242,485,FACILITY G VISITING / VOC ED,5960,VISITATION FACILITY,18962,1997,2026-10-06
SATF,10105,CALIF. SUBSTANCE ABUSE TREATMENT FAC. AND STATE PRISON,40243,491,CENTRAL KITCHEN,5830,KITCHEN,22366,1997,2026-10-06
SATF,10105,CALIF. SUBSTANCE ABUSE TREATMENT FAC. AND STATE PRISON,40244,492,RETHERM,5830,KITCHEN,5900,1997,2026-10-06
SATF,10105,CALIF. SUBSTANCE ABUSE TREATMENT FAC. AND STATE PRISON,40245,493,BOILER HOUSE,5820,UTILITY,2248,1997,2026-10-06
SATF,10105,CALIF. SUBSTANCE ABUSE TREATMENT FAC. AND STATE PRISON,40246,521,FACILITY A WORK CHANGE,2485,WORK CHANGE,629,1997,2026-10-06
SATF,10105,CALIF. SUBSTANCE ABUSE TREATMENT FAC. AND STATE PRISON,40247,522,FACILITY A VOC DINING,5870,DINING/CAFETERIA,3969,1997,2026-10-06
SATF,10105,CALIF. SUBSTANCE ABUSE TREATMENT FAC. AND STATE PRISON,40248,523,FACILITY A SATELLITE MAINTENANCE,5620,CLASSROOM,2550,1997,2026-10-06
SATF,10105,CALIF. SUBSTANCE ABUSE TREATMENT FAC. AND STATE PRISON,40249,524,FACILITY A VOLATILE STORAGE,2420,SHED,100,1997,2026-10-06
SATF,10105,CALIF. SUBSTANCE ABUSE TREATMENT FAC. AND STATE PRISON,40250,525,FACILITY A  VOC ED,5620,CLASSROOM,13300,1997,2026-10-06
SATF,10105,CALIF. SUBSTANCE ABUSE TREATMENT FAC. AND STATE PRISON,40251,526,FACILITY A  VOC ED,5620,CLASSROOM,24920,1997,2026-10-06
SATF,10105,CALIF. SUBSTANCE ABUSE TREATMENT FAC. AND STATE PRISON,40252,531,FACILITY B WORK CHANGE,2485,WORK CHANGE,629,1997,2026-10-06
SATF,10105,CALIF. SUBSTANCE ABUSE TREATMENT FAC. AND STATE PRISON,40253,532,FACILITY B VOC DINING,5870,DINING/CAFETERIA,3969,1997,2026-10-06
SATF,10105,CALIF. SUBSTANCE ABUSE TREATMENT FAC. AND STATE PRISON,40254,533,FACILITY B SATELLITE MAINTENANCE,2480,EQUIPMENT/MAINTENANCE BUILDING,2550,1997,2026-10-06
SATF,10105,CALIF. SUBSTANCE ABUSE TREATMENT FAC. AND STATE PRISON,40255,534,FACILITY B VOLATILE STORAGE,2420,SHED,100,1997,2026-10-06
SATF,10105,CALIF. SUBSTANCE ABUSE TREATMENT FAC. AND STATE PRISON,40256,535,FACILITY B  VOC ED,5620,CLASSROOM,18200,1997,2026-10-06
SATF,10105,CALIF. SUBSTANCE ABUSE TREATMENT FAC. AND STATE PRISON,40257,536,FACILITY B  VOC ED,5620,CLASSROOM,12950,1997,2026-10-06
SATF,10105,CALIF. SUBSTANCE ABUSE TREATMENT FAC. AND STATE PRISON,40258,537,CENTRAL LIBRARY / MEDIA CENTER,5680,LIBRARY,5111,1997,2026-10-06
SATF,10105,CALIF. SUBSTANCE ABUSE TREATMENT FAC. AND STATE PRISON,40259,541,FACILITY C WORK CHANGE,2485,WORK CHANGE,629,1997,2026-10-06
SATF,10105,CALIF. SUBSTANCE ABUSE TREATMENT FAC. AND STATE PRISON,40260,542,19 - STATION HEMODIALYSIS CLINIC,5710,HOSPITAL/CLINIC/TREATMENT CENTER,4752,1997,2026-10-06
SATF,10105,CALIF. SUBSTANCE ABUSE TREATMENT FAC. AND STATE PRISON,40261,543,CENTRAL BUILDING MAINTENANCE,2480,EQUIPMENT/MAINTENANCE BUILDING,2550,1997,2026-10-06
SATF,10105,CALIF. SUBSTANCE ABUSE TREATMENT FAC. AND STATE PRISON,40262,544,FACILITY C VOLATILE STORAGE,2420,SHED,100,1997,2026-10-06
SATF,10105,CALIF. SUBSTANCE ABUSE TREATMENT FAC. AND STATE PRISON,40263,545,CENTRAL BUILDING MAINTENANCE,2480,EQUIPMENT/MAINTENANCE BUILDING,9520,1997,2026-10-06
SATF,10105,CALIF. SUBSTANCE ABUSE TREATMENT FAC. AND STATE PRISON,40264,546,CENTRAL BUILDING MAINTENANCE,2480,EQUIPMENT/MAINTENANCE BUILDING,20160,1997,2026-10-06
SATF,10105,CALIF. SUBSTANCE ABUSE TREATMENT FAC. AND STATE PRISON,40265,551,FACILITY D WORK CHANGE,2485,WORK CHANGE,629,1997,2026-10-06
SATF,10105,CALIF. SUBSTANCE ABUSE TREATMENT FAC. AND STATE PRISON,40266,552,FACILITY D VOC DINING,5870,DINING/CAFETERIA,3969,1997,2026-10-06
SATF,10105,CALIF. SUBSTANCE ABUSE TREATMENT FAC. AND STATE PRISON,40267,553,PIA FOOD PACKAGING STORAGE,2430,STORAGE BUILDING,2550,1997,2026-10-06
SATF,10105,CALIF. SUBSTANCE ABUSE TREATMENT FAC. AND STATE PRISON,40268,554,FACILITY D VOLATILE STORAGE,2420,SHED,100,1997,2026-10-06
SATF,10105,CALIF. SUBSTANCE ABUSE TREATMENT FAC. AND STATE PRISON,40269,555,PIA FOOD PACKAGING ENTERPRISE,5810,SHOP,20095,1997,2026-10-06
SATF,10105,CALIF. SUBSTANCE ABUSE TREATMENT FAC. AND STATE PRISON,40270,556,FACILITY D  VOC ED,5620,CLASSROOM,10920,1997,2026-10-06
SATF,10105,CALIF. SUBSTANCE ABUSE TREATMENT FAC. AND STATE PRISON,40271,557,GREENHOUSE,5700,NURSERY/GREENHOUSE,675,1997,2026-10-06
SATF,10105,CALIF. SUBSTANCE ABUSE TREATMENT FAC. AND STATE PRISON,40272,561,FACILITY E WORK CHANGE,2485,WORK CHANGE,629,1997,2026-10-06
SATF,10105,CALIF. SUBSTANCE ABUSE TREATMENT FAC. AND STATE PRISON,40273,562,FACILITY E VOC DINING,5870,DINING/CAFETERIA,3969,1997,2026-10-06
SATF,10105,CALIF. SUBSTANCE ABUSE TREATMENT FAC. AND STATE PRISON,40274,563,FACILITY E VOC ED,2310,OFFICE (INSTITUTIONAL),11076,1997,2026-10-06
SATF,10105,CALIF. SUBSTANCE ABUSE TREATMENT FAC. AND STATE PRISON,40275,564,FACILITY E VOLATILE STORAGE,2420,SHED,100,1997,2026-10-06
SATF,10105,CALIF. SUBSTANCE ABUSE TREATMENT FAC. AND STATE PRISON,40276,565,FACILITY E  VOC ED,5620,CLASSROOM,18830,1997,2026-10-06
SATF,10105,CALIF. SUBSTANCE ABUSE TREATMENT FAC. AND STATE PRISON,40277,566,FACILITY E  VOC ED,5620,CLASSROOM,17220,1997,2026-10-06
SATF,10105,CALIF. SUBSTANCE ABUSE TREATMENT FAC. AND STATE PRISON,40278,600,SWITCHGEAR BUILDING,2480,EQUIPMENT/MAINTENANCE BUILDING,1054,1997,2026-10-06
SATF,10105,CALIF. SUBSTANCE ABUSE TREATMENT FAC. AND STATE PRISON,40279,601,STANDBY GENERATOR NO. 1,5820,UTILITY,443,1997,2026-10-06
SATF,10105,CALIF. SUBSTANCE ABUSE TREATMENT FAC. AND STATE PRISON,40280,602,STANDBY GENERATOR NO. 2,5820,UTILITY,443,1997,2026-10-06
SATF,10105,CALIF. SUBSTANCE ABUSE TREATMENT FAC. AND STATE PRISON,40281,603,STANDBY GENERATOR NO. 3,5820,UTILITY,443,1997,2026-10-06
SATF,10105,CALIF. SUBSTANCE ABUSE TREATMENT FAC. AND STATE PRISON,40282,604,STANDBY GENERATOR NO. 4,5820,UTILITY,443,1997,2026-10-06
SATF,10105,CALIF. SUBSTANCE ABUSE TREATMENT FAC. AND STATE PRISON,40283,606,CTC GENERATOR,5820,UTILITY,124,1997,2026-10-06
SATF,10105,CALIF. SUBSTANCE ABUSE TREATMENT FAC. AND STATE PRISON,40284,615,CENTERFORCE,5960,VISITATION FACILITY,1440,1997,2026-10-06
SATF,10105,CALIF. SUBSTANCE ABUSE TREATMENT FAC. AND STATE PRISON,40285,621,FACILITY A STORAGE SHED,2420,SHED,100,1997,2026-10-06
SATF,10105,CALIF. SUBSTANCE ABUSE TREATMENT FAC. AND STATE PRISON,40286,631,FACILITY B STORAGE SHED,2420,SHED,100,1997,2026-10-06
SATF,10105,CALIF. SUBSTANCE ABUSE TREATMENT FAC. AND STATE PRISON,40287,641,FACILITY C STORAGE SHED,2420,SHED,100,1997,2026-10-06
SATF,10105,CALIF. SUBSTANCE ABUSE TREATMENT FAC. AND STATE PRISON,40288,651,FACILITY D STORAGE SHED,2420,SHED,100,1997,2026-10-06
SATF,10105,CALIF. SUBSTANCE ABUSE TREATMENT FAC. AND STATE PRISON,40289,661,FACILITY E STORAGE SHED,2420,SHED,100,1997,2026-10-06
SATF,10105,CALIF. SUBSTANCE ABUSE TREATMENT FAC. AND STATE PRISON,40290,671,FACILITY F STORAGE SHED,2420,SHED,100,1997,2026-10-06
SATF,10105,CALIF. SUBSTANCE ABUSE TREATMENT FAC. AND STATE PRISON,40291,681,FACILITY G STORAGE SHED,2420,SHED,100,1997,2026-10-06
SATF,10105,CALIF. SUBSTANCE ABUSE TREATMENT FAC. AND STATE PRISON,40292,701,CENTRAL WAREHOUSE,2440,WAREHOUSE,78550,1997,2026-10-06
SATF,10105,CALIF. SUBSTANCE ABUSE TREATMENT FAC. AND STATE PRISON,40293,702,HAZARDOUS MATERIAL STORAGE,2420,SHED,880,1997,2026-10-06
SATF,10105,CALIF. SUBSTANCE ABUSE TREATMENT FAC. AND STATE PRISON,40294,703,RASP,2480,EQUIPMENT/MAINTENANCE BUILDING,2639,1997,2026-10-06
SATF,10105,CALIF. SUBSTANCE ABUSE TREATMENT FAC. AND STATE PRISON,40295,704,HAZARDOUS MATERIAL STORAGE,2420,SHED,688,1997,2026-10-06
SATF,10105,CALIF. SUBSTANCE ABUSE TREATMENT FAC. AND STATE PRISON,40296,705,GARAGE / GROUNDS,3510,GARAGE/PARKING STRUCTURE,6120,1997,2026-10-06
SATF,10105,CALIF. SUBSTANCE ABUSE TREATMENT FAC. AND STATE PRISON,55037,706,FIRE HOUSE DORM,5690,FIREHOUSE/FOREST FIRE STATION,1694,1997,2026-10-06
SATF,10105,CALIF. SUBSTANCE ABUSE TREATMENT FAC. AND STATE PRISON,55038,707,FIRE EXTINGUISHER BUILDING,5690,FIREHOUSE/FOREST FIRE STATION,320,1997,2026-10-06
SATF,10105,CALIF. SUBSTANCE ABUSE TREATMENT FAC. AND STATE PRISON,40570,708,VOLATILE STORAGE BLDG.,2420,SHED,880,1997,2026-10-06
SATF,10105,CALIF. SUBSTANCE ABUSE TREATMENT FAC. AND STATE PRISON,40297,800,CENTRAL ADMINISTRATION,2310,OFFICE (INSTITUTIONAL),42306,1997,2026-10-06
SATF,10105,CALIF. SUBSTANCE ABUSE TREATMENT FAC. AND STATE PRISON,40298,801,WEST VISITOR'S ENTRANCE,5060,LOOKOUT (GUARD STATION),2969,1997,2026-10-06
SATF,10105,CALIF. SUBSTANCE ABUSE TREATMENT FAC. AND STATE PRISON,40300,803,EAST VISITOR'S ENTRANCE,5060,LOOKOUT (GUARD STATION),2969,1997,2026-10-06
SATF,10105,CALIF. SUBSTANCE ABUSE TREATMENT FAC. AND STATE PRISON,40301,804,GATE HOUSE,5060,LOOKOUT (GUARD STATION),120,1997,2026-10-06
SATF,10105,CALIF. SUBSTANCE ABUSE TREATMENT FAC. AND STATE PRISON,40302,805,ARMORY/LOCKSMITH,5600,ARMORY,2209,1997,2026-10-06
SATF,10105,CALIF. SUBSTANCE ABUSE TREATMENT FAC. AND STATE PRISON,40303,806,VEHICLE SALLYPORT,5060,LOOKOUT (GUARD STATION),120,1997,2026-10-06
SATF,10105,CALIF. SUBSTANCE ABUSE TREATMENT FAC. AND STATE PRISON,40305,810,ADMINISTRATION MODULARS,2330,RELOCATABLE OFFICE,8100,1997,2026-10-06
SATF,10105,CALIF. SUBSTANCE ABUSE TREATMENT FAC. AND STATE PRISON,40306,831,FAMILY VISITING/6-STATION HEMODIALYSIS,5960,VISITATION FACILITY,5373,1997,2026-10-06
SATF,10105,CALIF. SUBSTANCE ABUSE TREATMENT FAC. AND STATE PRISON,50548,831A,HEMODIALYSIS MAINTENANCE & STORAGE BLDG.,2480,EQUIPMENT/MAINTENANCE BUILDING,288,2006,2026-10-06
SATF,10105,CALIF. SUBSTANCE ABUSE TREATMENT FAC. AND STATE PRISON,40307,871,FAMILY VISITING,5960,VISITATION FACILITY,5425,1997,2026-10-06
SCC,35,SIERRA CONSERVATION CENTER,51576,,20 SMALL MANAGEMENT EXERCISE YARDS,5930,SMALL MANAGEMENT EXERCISE YARDS,3000,2009,2026-10-06
SCC,35,SIERRA CONSERVATION CENTER,44264,,ADMIN CLASSIFICATION BLDG.,5620,CLASSROOM,594,2002,2026-10-06
SCC,35,SIERRA CONSERVATION CENTER,40626,,CHEMICAL STORAGE BLDG.,2430,STORAGE BUILDING,800,2000,2026-10-06
SCC,35,SIERRA CONSERVATION CENTER,977,,FIRE CAPTAIN QUARTERS,2330,RELOCATABLE OFFICE,1440,1983,2026-10-06
SCC,35,SIERRA CONSERVATION CENTER,14759,,GUARD TOWER NUMBER THIRTEEN,5060,LOOKOUT (GUARD STATION),62,,2026-10-06
SCC,35,SIERRA CONSERVATION CENTER,39670,,LEGAL RECORDS ANNEX,2310,OFFICE (INSTITUTIONAL),1680,1997,2026-10-06
SCC,35,SIERRA CONSERVATION CENTER,44261,,LOCK SHOP,5810,SHOP,608,2001,2026-10-06
SCC,35,SIERRA CONSERVATION CENTER,44461,,PLANT OPERATIONS OFFICE SPACE/MODULARS,2330,RELOCATABLE OFFICE,1440,1988,2026-10-06
SCC,35,SIERRA CONSERVATION CENTER,44460,,SAP-TUOLUMNE / RELOCATABLE OFFICE SPACE,2330,RELOCATABLE OFFICE,4260,1999,2026-10-06
SCC,35,SIERRA CONSERVATION CENTER,4821,,SAPMS BASELINE/RELOCTABLE OFFICE,2330,RELOCATABLE OFFICE,4260,1999,2026-10-06
SCC,35,SIERRA CONSERVATION CENTER,40625,,SEWER PLANT MAINTENANCE SHOP,5810,SHOP,1650,2000,2026-10-06
SCC,35,SIERRA CONSERVATION CENTER,44263,,WASTE WATER TREATMENT PLANT,5820,UTILITY,0,2001,2026-10-06
SCC,35,SIERRA CONSERVATION CENTER,14739,14739,TUOLUMNE ADMININSTATION,2310,OFFICE (INSTITUTIONAL),26905,,2026-10-06
SCC,35,SIERRA CONSERVATION CENTER,14740,14740,GENERAL VISITING AND FACILITY CONTROL,5960,VISITATION FACILITY,6335,,2026-10-06
SCC,35,SIERRA CONSERVATION CENTER,14741,14741,FOOD SERVICE,5870,DINING/CAFETERIA,13865,,2026-10-06
SCC,35,SIERRA CONSERVATION CENTER,14742,14742,VISITING PROCESSING,2310,OFFICE (INSTITUTIONAL),1000,,2026-10-06
SCC,35,SIERRA CONSERVATION CENTER,14743,14743,"PIA, WAREHOUSE",2430,STORAGE BUILDING,4100,,2026-10-06
SCC,35,SIERRA CONSERVATION CENTER,14744,14744,VOCATIONAL EDUCATION,5620,CLASSROOM,22150,,2026-10-06
SCC,35,SIERRA CONSERVATION CENTER,14745,14745,PRISON INDUSTRIES SEWING,5620,CLASSROOM,14810,,2026-10-06
SCC,35,SIERRA CONSERVATION CENTER,14746,14746,BUILDING MAINTENANCE,5810,SHOP,3120,,2026-10-06
SCC,35,SIERRA CONSERVATION CENTER,14747,14747,HOUSING UNIT NUMBER ONE,5670,DORMITORY,19578,,2026-10-06
SCC,35,SIERRA CONSERVATION CENTER,14748,14748,HOUSING UNIT NUMBER TWO,5670,DORMITORY,19578,,2026-10-06
SCC,35,SIERRA CONSERVATION CENTER,14749,14749,HOUSING UNIT NUMBER THREE,5670,DORMITORY,19578,,2026-10-06
SCC,35,SIERRA CONSERVATION CENTER,14750,14750,HOUSING UNIT NUMBER FOUR,5670,DORMITORY,19578,,2026-10-06
SCC,35,SIERRA CONSERVATION CENTER,14751,14751,HOUSING UNIT NUMBER FIVE,5670,DORMITORY,19578,,2026-10-06
SCC,35,SIERRA CONSERVATION CENTER,14752,14752,FACILITY C FAMILY VISITING DUPLEX #1,5960,VISITATION FACILITY,540,,2026-10-06
SCC,35,SIERRA CONSERVATION CENTER,14753,14753,FACILITY C FAMILY VISITING DUPLEX #2,5960,VISITATION FACILITY,540,,2026-10-06
SCC,35,SIERRA CONSERVATION CENTER,14754,14754,GUARD TOWER NUMBER EIGHT,5060,LOOKOUT (GUARD STATION),62,,2026-10-06
SCC,35,SIERRA CONSERVATION CENTER,14755,14755,GUARD TOWER NUMBER NINE,5060,LOOKOUT (GUARD STATION),62,,2026-10-06
SCC,35,SIERRA CONSERVATION CENTER,14756,14756,GUARD TOWER NUMBER TEN,5060,LOOKOUT (GUARD STATION),62,,2026-10-06
SCC,35,SIERRA CONSERVATION CENTER,14757,14757,GUARD TOWER NUMBER ELEVEN,5060,LOOKOUT (GUARD STATION),62,,2026-10-06
SCC,35,SIERRA CONSERVATION CENTER,14758,14758,GUARD TOWER NUMBER TWELVE,5060,LOOKOUT (GUARD STATION),62,,2026-10-06
SCC,35,SIERRA CONSERVATION CENTER,14760,14760,GUARD TOWER NUMBER FOURTEEN,5060,LOOKOUT (GUARD STATION),62,,2026-10-06
SCC,35,SIERRA CONSERVATION CENTER,14761,14761,GUARD TOWER NUMBER FIFTEEN,5060,LOOKOUT (GUARD STATION),62,,2026-10-06
SCC,35,SIERRA CONSERVATION CENTER,14762,14762,GUARD TOWER NUMBER SIXTEEN,5060,LOOKOUT (GUARD STATION),84,,2026-10-06
SCC,35,SIERRA CONSERVATION CENTER,14763,14763,WORK CHANGE,2310,OFFICE (INSTITUTIONAL),650,,2026-10-06
SCC,35,SIERRA CONSERVATION CENTER,14764,14764,VOLATILE STORAGE BUILDING,2420,SHED,100,,2026-10-06
SCC,35,SIERRA CONSERVATION CENTER,14765,14765,ARMORY,5600,ARMORY,200,,2026-10-06
SCC,35,SIERRA CONSERVATION CENTER,14767,14767,SALLYPORT GATEHOUSE,5060,LOOKOUT (GUARD STATION),50,,2026-10-06
SCC,35,SIERRA CONSERVATION CENTER,14768,14768,"FAC C, BOILER ROOM",5820,UTILITY,1000,,2026-10-06
SCC,35,SIERRA CONSERVATION CENTER,14769,14769,FRIENDS OUTSIDE,5960,VISITATION FACILITY,1105,,2026-10-06
SCC,35,SIERRA CONSERVATION CENTER,14770,14770,ADMINISTRATION BUILDING,2310,OFFICE (INSTITUTIONAL),24696,,2026-10-06
SCC,35,SIERRA CONSERVATION CENTER,14771,14771,IN SERVICE TRAINING BUILDING SNACKBAR,5620,CLASSROOM,8365,,2026-10-06
SCC,35,SIERRA CONSERVATION CENTER,14772,14772,BUSINESS SERVICES,2310,OFFICE (INSTITUTIONAL),8696,,2026-10-06
SCC,35,SIERRA CONSERVATION CENTER,14773,14773,CHAPELS,5650,CHAPEL,11431,,2026-10-06
SCC,35,SIERRA CONSERVATION CENTER,14774,14774,MAIN MEDICAL/ACADEMIC EDUCATION BUILDING,5710,HOSPITAL/CLINIC/TREATMENT CENTER,33600,,2026-10-06
SCC,35,SIERRA CONSERVATION CENTER,14775,14775,"KITCHEN, DINING ROOMS",5870,DINING/CAFETERIA,34000,,2026-10-06
SCC,35,SIERRA CONSERVATION CENTER,14776,14776,ACTIVITIES CANTEEN CLOTHING,2430,STORAGE BUILDING,23100,,2026-10-06
SCC,35,SIERRA CONSERVATION CENTER,14777,14777,MEDIUM SECURITY HOUSING,5670,DORMITORY,56122,,2026-10-06
SCC,35,SIERRA CONSERVATION CENTER,14778,14778,MAINTENANCE VOCATIONAL SHOPS,5620,CLASSROOM,30431,,2026-10-06
SCC,35,SIERRA CONSERVATION CENTER,14779,14779,LAUNDRY BUILDING,5860,LAUNDRY,13841,,2026-10-06
SCC,35,SIERRA CONSERVATION CENTER,14780,14780,BOILER PLANT,5820,UTILITY,5370,,2026-10-06
SCC,35,SIERRA CONSERVATION CENTER,14781,14781,FIREHOUSE,5690,FIREHOUSE/FOREST FIRE STATION,3434,,2026-10-06
SCC,35,SIERRA CONSERVATION CENTER,14782,14782,FORESTRY TRAINING PROGRAM,2430,STORAGE BUILDING,13380,,2026-10-06
SCC,35,SIERRA CONSERVATION CENTER,14783,14783,SERVICE STATION,5900,SERVICE STATION,1806,,2026-10-06
SCC,35,SIERRA CONSERVATION CENTER,14784,14784,SUPPORT WAREHOUSE,2440,WAREHOUSE,36547,,2026-10-06
SCC,35,SIERRA CONSERVATION CENTER,14785,14785,FACILITY A MINIMUM HOUSING,5670,DORMITORY,53652,,2026-10-06
SCC,35,SIERRA CONSERVATION CENTER,14786,14786,MAINTENANCE WAREHOUSE,2430,STORAGE BUILDING,6400,,2026-10-06
SCC,35,SIERRA CONSERVATION CENTER,14787,14787,CAMP OFFICE,2310,OFFICE (INSTITUTIONAL),3152,,2026-10-06
SCC,35,SIERRA CONSERVATION CENTER,14788,14788,CONTROL BUILDING,2310,OFFICE (INSTITUTIONAL),767,,2026-10-06
SCC,35,SIERRA CONSERVATION CENTER,14789,14789,GUARD POST,5060,LOOKOUT (GUARD STATION),176,,2026-10-06
SCC,35,SIERRA CONSERVATION CENTER,14792,14792,GUARD TOWER NUMBER ONE,5060,LOOKOUT (GUARD STATION),64,,2026-10-06
SCC,35,SIERRA CONSERVATION CENTER,14793,14793,GUARD TOWER NUMBER TWO,5060,LOOKOUT (GUARD STATION),64,,2026-10-06
SCC,35,SIERRA CONSERVATION CENTER,14794,14794,GUARD TOWER NUMBER THREE,5060,LOOKOUT (GUARD STATION),64,,2026-10-06
SCC,35,SIERRA CONSERVATION CENTER,14795,14795,GUARD TOWER NUMBER FOUR,5060,LOOKOUT (GUARD STATION),64,,2026-10-06
SCC,35,SIERRA CONSERVATION CENTER,14796,14796,GUARD TOWER NUMBER FIVE,5060,LOOKOUT (GUARD STATION),64,,2026-10-06
SCC,35,SIERRA CONSERVATION CENTER,14797,14797,GUARD TOWER NUMBER SIX,5060,LOOKOUT (GUARD STATION),64,,2026-10-06
SCC,35,SIERRA CONSERVATION CENTER,14798,14798,GUARD TOWER NUMBER SEVEN,5060,LOOKOUT (GUARD STATION),64,,2026-10-06
SCC,35,SIERRA CONSERVATION CENTER,14799,14799,EMPLOYEE WELLNESS CENTER,5840,RECREATION BUILDING,1500,,2026-10-06
SCC,35,SIERRA CONSERVATION CENTER,14800,14800,FACILITY A COUNSELORS TRAILER,2330,RELOCATABLE OFFICE,2144,,2026-10-06
SCC,35,SIERRA CONSERVATION CENTER,14801,14801,INVESTIGATIVE SERVICES UNIT,5090,RESIDENCE (MULTI-FAMILY),1200,,2026-10-06
SCC,35,SIERRA CONSERVATION CENTER,14802,14802,FACILITY B COUNSELORS TRAILOR,2330,RELOCATABLE OFFICE,1800,,2026-10-06
SCC,35,SIERRA CONSERVATION CENTER,14803,14803,FIREHOUSE CLASSROOM AND WORKSHOP,5690,FIREHOUSE/FOREST FIRE STATION,1760,,2026-10-06
SCC,35,SIERRA CONSERVATION CENTER,14804,14804,OUT GROUNDS CHEMICAL STORAGE TRAILER,2420,SHED,296,,2026-10-06
SCC,35,SIERRA CONSERVATION CENTER,14805,14805,FIRE EXTINGUSHER SERVICE BUILDING,2420,SHED,186,,2026-10-06
SCC,35,SIERRA CONSERVATION CENTER,14806,14806,GROUNDS KEEPER TOOL SHED PLAZA AREA,2420,SHED,96,,2026-10-06
SCC,35,SIERRA CONSERVATION CENTER,14807,14807,INMATE RESTROOM,5880,COMFORT STATION/RESTROOMS/LAVATORIES,54,,2026-10-06
SCC,35,SIERRA CONSERVATION CENTER,14808,14808,STORAGE SHED AT THE RANGE NUMBER ONE,2420,SHED,68,,2026-10-06
SCC,35,SIERRA CONSERVATION CENTER,14809,14809,STORAGE SHED AT THE RANGE,2420,SHED,68,,2026-10-06
SCC,35,SIERRA CONSERVATION CENTER,14810,14810,GROUNDS KEEPER TOOL SHED AT THE RANGE,2420,SHED,98,,2026-10-06
SCC,35,SIERRA CONSERVATION CENTER,14811,14811,INVESTIGATIVE SVCES UNIT ELECTRICAL ROOM,2420,SHED,86,,2026-10-06
SCC,35,SIERRA CONSERVATION CENTER,14812,14812,TRANSFORMER BLDG. MIN.FAMILY VISITING,5820,UTILITY,66,,2026-10-06
SCC,35,SIERRA CONSERVATION CENTER,14813,14813,EQUIPMENT STORAGE BUILDING,2420,SHED,432,,2026-10-06
SCC,35,SIERRA CONSERVATION CENTER,14814,14814,BLOWER HOUSE-TOOL ROOM SEWER PLANT,5820,UTILITY,819,,2026-10-06
SCC,35,SIERRA CONSERVATION CENTER,14815,14815,SEWAGE TREATMENT LABORATORY,5820,UTILITY,1447,,2026-10-06
SCC,35,SIERRA CONSERVATION CENTER,14816,14816,PCB STORAGE,2420,SHED,1008,,2026-10-06
SCC,35,SIERRA CONSERVATION CENTER,14817,14817,ECOLOGY BUILDING,2430,STORAGE BUILDING,2000,,2026-10-06
SCC,35,SIERRA CONSERVATION CENTER,14818,14818,WATER TREATMENT,5820,UTILITY,310,,2026-10-06
SCC,35,SIERRA CONSERVATION CENTER,14819,14819,WATER TREATMENT CHEMICAL FEED,5820,UTILITY,240,,2026-10-06
SCC,35,SIERRA CONSERVATION CENTER,14820,14820,BOOSTER PUMP HOUSE,5820,UTILITY,380,,2026-10-06
SCC,35,SIERRA CONSERVATION CENTER,14824,14824,STORAGE MAINTENANCE CORPORATION YARD,2420,SHED,520,,2026-10-06
SCC,35,SIERRA CONSERVATION CENTER,15558,15558,BOOSTER PUMP STATION,5820,UTILITY,328,,2026-10-06
SCC,35,SIERRA CONSERVATION CENTER,15570,15570,INMATE REST ROOMS,5880,COMFORT STATION/RESTROOMS/LAVATORIES,144,,2026-10-06
SOL,10104,"CSP, SOLANO COUNTY",51546,,20 SMALL MANAGEMENT EXERCISE YARDS,5930,SMALL MANAGEMENT EXERCISE YARDS,3000,2009,2026-10-06
SOL,10104,"CSP, SOLANO COUNTY",39027,,"BLDG. NO. 610 - IST TRAINING, CLASS ROOM",5620,CLASSROOM,1536,1997,2026-10-06
SOL,10104,"CSP, SOLANO COUNTY",39025,,"BLDG. NO. 611 - IST TRAINING, CLASS ROOM",5620,CLASSROOM,1536,1997,2026-10-06
SOL,10104,"CSP, SOLANO COUNTY",39031,,"BUILDING NO. 16, HOUSING UNIT",5670,DORMITORY,13244,1997,2026-10-06
SOL,10104,"CSP, SOLANO COUNTY",39032,,"BUILDING NO. 17, HOUSING UNIT",5670,DORMITORY,13244,1997,2026-10-06
SOL,10104,"CSP, SOLANO COUNTY",39033,,"BUILDING NO. 18, HOUSING UNIT",5670,DORMITORY,13244,1997,2026-10-06
SOL,10104,"CSP, SOLANO COUNTY",39034,,"BUILDING NO. 19, HOUSING UNIT",5670,DORMITORY,13244,1997,2026-10-06
SOL,10104,"CSP, SOLANO COUNTY",39035,,"BUILDING NO. 24, HOUSING UNIT",5670,DORMITORY,13244,1997,2026-10-06
SOL,10104,"CSP, SOLANO COUNTY",39028,,"BUILDING NO. 812 - EDUCATION, CLASS ROOM",5620,CLASSROOM,4320,1997,2026-10-06
SOL,10104,"CSP, SOLANO COUNTY",39029,,"BUILDING NO. 813 - EDUCATION, CLASS ROOM",5620,CLASSROOM,4320,1997,2026-10-06
SOL,10104,"CSP, SOLANO COUNTY",39026,,"BUILDING NO. 814 - EDUCATION, CLASS ROOM",5620,CLASSROOM,4320,1997,2026-10-06
SOL,10104,"CSP, SOLANO COUNTY",39030,,"BUILDING NO. 815 - EDUCATION, CLASS ROOM",5620,CLASSROOM,4320,1997,2026-10-06
SOL,10104,"CSP, SOLANO COUNTY",56680,,CONCRETE RETENTION POND & PUMP STATION,5820,UTILITY,6000,2017,2026-10-06
SOL,10104,"CSP, SOLANO COUNTY",44508,,CORRECTIONAL CLINICAL CASE MANAGEMENT,2310,OFFICE (INSTITUTIONAL),1853,2002,2026-10-06
SOL,10104,"CSP, SOLANO COUNTY",51147,,DARS MODULAR BUILDING A,2310,OFFICE (INSTITUTIONAL),6720,2008,2026-10-06
SOL,10104,"CSP, SOLANO COUNTY",51148,,DARS MODULAR BUILDING B,2310,OFFICE (INSTITUTIONAL),6720,2008,2026-10-06
SOL,10104,"CSP, SOLANO COUNTY",57618,,EV CHARGING STATIONS (18-LEVEL 2 PORTS),4595,ELECTRIC VEHICLE CHARGING STATION,0,2020,2026-10-06
SOL,10104,"CSP, SOLANO COUNTY",39024,,MEDICAL ANNEX,5710,HOSPITAL/CLINIC/TREATMENT CENTER,1505,1997,2026-10-06
SOL,10104,"CSP, SOLANO COUNTY",4666,,MODULAR BUILDING,2330,RELOCATABLE OFFICE,4320,1999,2026-10-06
SOL,10104,"CSP, SOLANO COUNTY",37673,,MODULAR BUILDING,2330,RELOCATABLE OFFICE,720,,2026-10-06
SOL,10104,"CSP, SOLANO COUNTY",44471,,OSAP LEVEL III,2310,OFFICE (INSTITUTIONAL),5700,2003,2026-10-06
SOL,10104,"CSP, SOLANO COUNTY",37657,,RELOCATABLE CLASSROOM,2340,RELOCATABLE CLASSROOM,2160,1993,2026-10-06
SOL,10104,"CSP, SOLANO COUNTY",5187,,RELOCATABLE OFFICE,2330,RELOCATABLE OFFICE,4760,2003,2026-10-06
SOL,10104,"CSP, SOLANO COUNTY",3472,,WEST BUILDING,2330,RELOCATABLE OFFICE,17080,,2026-10-06
SOL,10104,"CSP, SOLANO COUNTY",44055,101,RECYCLING AND SALVAGE PROGRAM,2480,EQUIPMENT/MAINTENANCE BUILDING,10050,1990,2026-10-06
SOL,10104,"CSP, SOLANO COUNTY",44056,205,RECORDS MODULAR #1,2330,RELOCATABLE OFFICE,1560,1993,2026-10-06
SOL,10104,"CSP, SOLANO COUNTY",44057,206,RECORDS MODULAR #2,2330,RELOCATABLE OFFICE,1560,1993,2026-10-06
SOL,10104,"CSP, SOLANO COUNTY",44058,207,RECORDS MODULAR #3,2330,RELOCATABLE OFFICE,1560,1993,2026-10-06
SOL,10104,"CSP, SOLANO COUNTY",44059,208,RECORDS MODULAR #4,2330,RELOCATABLE OFFICE,1560,1993,2026-10-06
SOL,10104,"CSP, SOLANO COUNTY",44060,210,RANGE CONTROL ROOM,2326,SECURITY ROOM,144,1994,2026-10-06
SOL,10104,"CSP, SOLANO COUNTY",4725,510,MODULAR BUILDING,2330,RELOCATABLE OFFICE,2100,2000,2026-10-06
SOL,10104,"CSP, SOLANO COUNTY",44469,512,MEDICAL STORAGE,2430,STORAGE BUILDING,1975,2003,2026-10-06
SOL,10104,"CSP, SOLANO COUNTY",15291,605,LEVEL 3 WORK CHANGE,2420,SHED,800,,2026-10-06
SOL,10104,"CSP, SOLANO COUNTY",15295,808,LEVEL 2 WORK CHANGE,2420,SHED,800,,2026-10-06
SOL,10104,"CSP, SOLANO COUNTY",44061,816,LEVEL II -OSAP,5620,CLASSROOM,3600,1999,2026-10-06
SOL,10104,"CSP, SOLANO COUNTY",15256,A-01,ADMINISTRATION BUILDING,2310,OFFICE (INSTITUTIONAL),20480,,2026-10-06
SOL,10104,"CSP, SOLANO COUNTY",15257,C-01,CTRL KITCHEN/CORR TREATMENT CTR (CTC),5830,KITCHEN,47775,,2026-10-06
SOL,10104,"CSP, SOLANO COUNTY",15258,C-02,LEVEL 3 PROGRAM SUPPORT,2310,OFFICE (INSTITUTIONAL),77328,,2026-10-06
SOL,10104,"CSP, SOLANO COUNTY",15259,C-03,LEVEL 2 PROGRAM SUPPORT,2310,OFFICE (INSTITUTIONAL),108340,,2026-10-06
SOL,10104,"CSP, SOLANO COUNTY",15260,H-01,BUILDING 1,5670,DORMITORY,25050,,2026-10-06
SOL,10104,"CSP, SOLANO COUNTY",15261,H-02,BUILDING 2,5670,DORMITORY,24662,,2026-10-06
SOL,10104,"CSP, SOLANO COUNTY",15262,H-03,BUILDING 3,5670,DORMITORY,24662,,2026-10-06
SOL,10104,"CSP, SOLANO COUNTY",15263,H-04,BUILDING 4,5670,DORMITORY,24662,,2026-10-06
SOL,10104,"CSP, SOLANO COUNTY",15264,H-05,BUILDING 5,5670,DORMITORY,24662,,2026-10-06
SOL,10104,"CSP, SOLANO COUNTY",15265,H-06,BUILDING 6,5670,DORMITORY,25050,,2026-10-06
SOL,10104,"CSP, SOLANO COUNTY",15266,H-07,BUILDING 7,5670,DORMITORY,25050,,2026-10-06
SOL,10104,"CSP, SOLANO COUNTY",15267,H-08,BUILDING 8,5670,DORMITORY,24662,,2026-10-06
SOL,10104,"CSP, SOLANO COUNTY",15268,H-09,BUILDING 9,5670,DORMITORY,24662,,2026-10-06
SOL,10104,"CSP, SOLANO COUNTY",15269,H-10,BUILDING 10,5670,DORMITORY,24662,,2026-10-06
SOL,10104,"CSP, SOLANO COUNTY",15670,H-11,BUILDING 11,5670,DORMITORY,24662,,2026-10-06
SOL,10104,"CSP, SOLANO COUNTY",15671,H-12,BUILDING 12,5670,DORMITORY,25050,,2026-10-06
SOL,10104,"CSP, SOLANO COUNTY",15272,H-13,BUILDING 13,5670,DORMITORY,25050,,2026-10-06
SOL,10104,"CSP, SOLANO COUNTY",15273,H-14,BUILDING 14,5670,DORMITORY,25050,,2026-10-06
SOL,10104,"CSP, SOLANO COUNTY",15274,H-15,BUILDING 15,5670,DORMITORY,25050,,2026-10-06
SOL,10104,"CSP, SOLANO COUNTY",15275,H-16,BUILDING 20,5670,DORMITORY,25050,,2026-10-06
SOL,10104,"CSP, SOLANO COUNTY",15276,H-17,BUILDING 21,5670,DORMITORY,25050,,2026-10-06
SOL,10104,"CSP, SOLANO COUNTY",15277,H-18,BUILDING 22,5670,DORMITORY,25050,,2026-10-06
SOL,10104,"CSP, SOLANO COUNTY",15278,H-19,BUILDING 23,5670,DORMITORY,25050,,2026-10-06
SOL,10104,"CSP, SOLANO COUNTY",15279,I-01,METAL FAB,5810,SHOP,62682,,2026-10-06
SOL,10104,"CSP, SOLANO COUNTY",15280,I-02,VEHICLE REPAIR,5810,SHOP,41405,,2026-10-06
SOL,10104,"CSP, SOLANO COUNTY",15281,I-03,PIA LENS LAB / VOC. ED.,5810,SHOP,48960,,2026-10-06
SOL,10104,"CSP, SOLANO COUNTY",15282,I-05,PIA WAREHOUSE,2440,WAREHOUSE,79155,,2026-10-06
SOL,10104,"CSP, SOLANO COUNTY",15283,I-07,BOOKBINDRY,5810,SHOP,44000,,2026-10-06
SOL,10104,"CSP, SOLANO COUNTY",15284,P-09,FRIENDSHIP HOUSE,5960,VISITATION FACILITY,1440,,2026-10-06
SOL,10104,"CSP, SOLANO COUNTY",15285,S-01-15,TOWERS 1-15,5060,LOOKOUT (GUARD STATION),4755,,2026-10-06
SOL,10104,"CSP, SOLANO COUNTY",15286,S-16,OFFICE AND CANINE HOUSING,2310,OFFICE (INSTITUTIONAL),680,,2026-10-06
SOL,10104,"CSP, SOLANO COUNTY",15287,S-17,LEVEL 3 VISITOR PROCESSING,2310,OFFICE (INSTITUTIONAL),1904,,2026-10-06
SOL,10104,"CSP, SOLANO COUNTY",15288,S-18,CENTRAL CONTROL,5060,LOOKOUT (GUARD STATION),1165,,2026-10-06
SOL,10104,"CSP, SOLANO COUNTY",15289,S-19,CUSTODY \ R & R,5060,LOOKOUT (GUARD STATION),9152,,2026-10-06
SOL,10104,"CSP, SOLANO COUNTY",15290,S-20,ARMORY,5600,ARMORY,1024,,2026-10-06
SOL,10104,"CSP, SOLANO COUNTY",15292,S-22,TRUCK SALLYPORT,5060,LOOKOUT (GUARD STATION),268,,2026-10-06
SOL,10104,"CSP, SOLANO COUNTY",15293,S-23,GATE HOUSE,5060,LOOKOUT (GUARD STATION),176,,2026-10-06
SOL,10104,"CSP, SOLANO COUNTY",15294,S-24,LEVEL 2 VISITOR PROCESSING,2310,OFFICE (INSTITUTIONAL),1792,,2026-10-06
SOL,10104,"CSP, SOLANO COUNTY",15296,W-01,SERVICE BUILDING,5820,UTILITY,1570,,2026-10-06
SOL,10104,"CSP, SOLANO COUNTY",15297,W-02,MAINTENANCE BUILDING,5810,SHOP,11830,,2026-10-06
SOL,10104,"CSP, SOLANO COUNTY",15298,W-03,GENERAL WAREHOUSE,2440,WAREHOUSE,69256,,2026-10-06
SOL,10104,"CSP, SOLANO COUNTY",15299,W-04,FLAMMABLE STORAGE,2430,STORAGE BUILDING,1536,,2026-10-06
SOL,10104,"CSP, SOLANO COUNTY",15324,WPP,WATER TREATMENT PLANT,5820,UTILITY,4000,,2026-10-06
SQ,52,"CSP, SAN QUENTIN",37709,,ARMORY,5600,ARMORY,1249,1990,2026-10-06
SQ,52,"CSP, SAN QUENTIN",51185,,DECENTRALIZED REVOCATION UNIT,2310,OFFICE (INSTITUTIONAL),2880,2009,2026-10-06
SQ,52,"CSP, SAN QUENTIN",57612,,EV CHARGING STATIONS (8-LEVEL 2 PORTS),4595,ELECTRIC VEHICLE CHARGING STATION,0,2020,2026-10-06
SQ,52,"CSP, SAN QUENTIN",39678,,H UNIT - DORM 1,5670,DORMITORY,13244,1997,2026-10-06
SQ,52,"CSP, SAN QUENTIN",39679,,H UNIT - DORM 2,5670,DORMITORY,13244,1997,2026-10-06
SQ,52,"CSP, SAN QUENTIN",39680,,H UNIT - DORM 3,5670,DORMITORY,13244,1997,2026-10-06
SQ,52,"CSP, SAN QUENTIN",39681,,H UNIT - DORM 4,5670,DORMITORY,13244,1997,2026-10-06
SQ,52,"CSP, SAN QUENTIN",39682,,H UNIT - DORM 5,5670,DORMITORY,13244,1997,2026-10-06
SQ,52,"CSP, SAN QUENTIN",44463,,H-UNIT ADMINISTRATION,2310,OFFICE (INSTITUTIONAL),13500,1997,2026-10-06
SQ,52,"CSP, SAN QUENTIN",44464,,H-UNIT KITCHEN/DINING,5870,DINING/CAFETERIA,13500,1997,2026-10-06
SQ,52,"CSP, SAN QUENTIN",51184,,MEDICAL WAREHOUSE,2440,WAREHOUSE,7000,2009,2026-10-06
SQ,52,"CSP, SAN QUENTIN",51183,,UPPER YARD MEDICAL,2330,RELOCATABLE OFFICE,8800,2008,2026-10-06
SQ,52,"CSP, SAN QUENTIN",43954,110,ARC - MODULAR,2330,RELOCATABLE OFFICE,2304,1998,2026-10-06
SQ,52,"CSP, SAN QUENTIN",15630,B-4,PERSONNEL OFFICE,2310,OFFICE (INSTITUTIONAL),2400,1898,2026-10-06
SQ,52,"CSP, SAN QUENTIN",44281,SQ WALLPOST 12,WALL POST # 13,5060,LOOKOUT (GUARD STATION),96,2001,2026-10-06
SQ,52,"CSP, SAN QUENTIN",27179,SQ-B-1,EAST GATE-GIFT SHOP & VISITOR WAITING,5960,VISITATION FACILITY,1058,1938,2026-10-06
SQ,52,"CSP, SAN QUENTIN",27260,SQ-B-102,LIFT STATION,5120,PUMP/WELL HOUSE,1551,1986,2026-10-06
SQ,52,"CSP, SAN QUENTIN",27261,SQ-B-104,GAS METER BUILDING,5820,UTILITY,352,1937,2026-10-06
SQ,52,"CSP, SAN QUENTIN",27262,SQ-B-105,BOOSTER PUMPHOUSE,5120,PUMP/WELL HOUSE,168,,2026-10-06
SQ,52,"CSP, SAN QUENTIN",27187,SQ-B-11,LACTATION ROOM,2324,LACTATION ROOM,264,1946,2026-10-06
SQ,52,"CSP, SAN QUENTIN",27188,SQ-B-12/T-1,ARSENAL TOWER,5060,LOOKOUT (GUARD STATION),1800,1932,2026-10-06
SQ,52,"CSP, SAN QUENTIN",27189,SQ-B-13,TOWER ONE LIFT STATION,5120,PUMP/WELL HOUSE,168,,2026-10-06
SQ,52,"CSP, SAN QUENTIN",27190,SQ-B-14,SNACK BAR,5750,CONCESSION,4000,1940,2026-10-06
SQ,52,"CSP, SAN QUENTIN",27191,SQ-B-15,EMPLOYEE LOUNGE,5750,CONCESSION,1766,,2026-10-06
SQ,52,"CSP, SAN QUENTIN",27194,SQ-B-18,RECORDS BUILDING,2310,OFFICE (INSTITUTIONAL),47532,1896,2026-10-06
SQ,52,"CSP, SAN QUENTIN",27195,SQ-B-19,CHAPEL BUILDING,5650,CHAPEL,7611,1961,2026-10-06
SQ,52,"CSP, SAN QUENTIN",27180,SQ-B-2,TAMAL POST OFFICE,5770,MUSEUM,2172,1886,2026-10-06
SQ,52,"CSP, SAN QUENTIN",27196,SQ-B-20,ADJUSTMENT CENTER,5670,DORMITORY,22548,1961,2026-10-06
SQ,52,"CSP, SAN QUENTIN",27197,SQ-B-21,YARD OFFICE - 4 POST,2310,OFFICE (INSTITUTIONAL),280,1963,2026-10-06
SQ,52,"CSP, SAN QUENTIN",51186,SQ-B-22,CENTRAL HEALTH SERVICES FACILITY,5710,HOSPITAL/CLINIC/TREATMENT CENTER,132000,2009,2026-10-06
SQ,52,"CSP, SAN QUENTIN",27199,SQ-B-23,NORTH BLOCK,5670,DORMITORY,65763,1932,2026-10-06
SQ,52,"CSP, SAN QUENTIN",27200,SQ-B-24,EAST BLOCK,5670,DORMITORY,67188,1928,2026-10-06
SQ,52,"CSP, SAN QUENTIN",27201,SQ-B-26,FOOD SERVICE,5870,DINING/CAFETERIA,47180,1912,2026-10-06
SQ,52,"CSP, SAN QUENTIN",27202,SQ-B-27,CANTEEN,5750,CONCESSION,2200,2000,2026-10-06
SQ,52,"CSP, SAN QUENTIN",27203,SQ-B-28,SOUTH BLOCK,5670,DORMITORY,99111,1913,2026-10-06
SQ,52,"CSP, SAN QUENTIN",27204,SQ-B-29,HOSPITAL AND CLINIC - NEUMILLER,5710,HOSPITAL/CLINIC/TREATMENT CENTER,70884,1927,2026-10-06
SQ,52,"CSP, SAN QUENTIN",27205,SQ-B-30,WEST BLOCK,5670,DORMITORY,68800,1927,2026-10-06
SQ,52,"CSP, SAN QUENTIN",27208,SQ-B-33,GYMNASIUM,5890,GYMNASIUM,27512,1966,2026-10-06
SQ,52,"CSP, SAN QUENTIN",27209,SQ-B-34,BOILER HOUSE,5820,UTILITY,2728,1925,2026-10-06
SQ,52,"CSP, SAN QUENTIN",27211,SQ-B-36,MAXIMUM FAMILY VISITING,5940,HOTEL/LODGE/CABIN,1250,1977,2026-10-06
SQ,52,"CSP, SAN QUENTIN",27212,SQ-B-37,MVB-GATE HOUSE,5060,LOOKOUT (GUARD STATION),657,,2026-10-06
SQ,52,"CSP, SAN QUENTIN",27214,SQ-B-39,MATTRESS - FACTORY,5810,SHOP,22723,1945,2026-10-06
SQ,52,"CSP, SAN QUENTIN",27215,SQ-B-40,STORAGE,2430,STORAGE BUILDING,308,,2026-10-06
SQ,52,"CSP, SAN QUENTIN",27216,SQ-B-41,VOCATIONAL BUILDING MAINTENANCE,5810,SHOP,6400,1945,2026-10-06
SQ,52,"CSP, SAN QUENTIN",27217,SQ-B-42,PROPERTY WAREHOUSE - SHOE FACTORY,2430,STORAGE BUILDING,6000,1964,2026-10-06
SQ,52,"CSP, SAN QUENTIN",27218,SQ-B-43,MVB,5810,SHOP,105300,1947,2026-10-06
SQ,52,"CSP, SAN QUENTIN",27219,SQ-B-44,SALLY PORT,5060,LOOKOUT (GUARD STATION),232,1947,2026-10-06
SQ,52,"CSP, SAN QUENTIN",27220,SQ-B-45,FIREHOUSE,5690,FIREHOUSE/FOREST FIRE STATION,6478,1947,2026-10-06
SQ,52,"CSP, SAN QUENTIN",27221,SQ-B-46,WAREHOUSE 1,2430,STORAGE BUILDING,3531,1904,2026-10-06
SQ,52,"CSP, SAN QUENTIN",27222,SQ-B-48,INDUSTRIES WAREHOUSE,2440,WAREHOUSE,36746,1957,2026-10-06
SQ,52,"CSP, SAN QUENTIN",27223,SQ-B-50,"WAREHOUSE 2, 3, 4 & 5",2440,WAREHOUSE,3776,,2026-10-06
SQ,52,"CSP, SAN QUENTIN",27224,SQ-B-51,STORAGE-HORSE BARN,2430,STORAGE BUILDING,8748,1913,2026-10-06
SQ,52,"CSP, SAN QUENTIN",27225,SQ-B-52,PUMPHOUSE - SALT WATER - PUMP & PIER,5120,PUMP/WELL HOUSE,460,,2026-10-06
SQ,52,"CSP, SAN QUENTIN",27226,SQ-B-53,GARAGE,5810,SHOP,5346,1944,2026-10-06
SQ,52,"CSP, SAN QUENTIN",27228,SQ-B-54,VOCATIONAL AUTO SHOP CLASSROOM-AUTO BAYS,5620,CLASSROOM,5151,,2026-10-06
SQ,52,"CSP, SAN QUENTIN",27227,SQ-B-55,MAINTENANCE WAREHOUSE,2440,WAREHOUSE,18000,1948,2026-10-06
SQ,52,"CSP, SAN QUENTIN",27229,SQ-B-56,CLOTHING/PRINT WAREHOUSE,2430,STORAGE BUILDING,9848,1946,2026-10-06
SQ,52,"CSP, SAN QUENTIN",27230,SQ-B-57,WAREHOUSE 6,2430,STORAGE BUILDING,165,,2026-10-06
SQ,52,"CSP, SAN QUENTIN",27231,SQ-B-58,PROPERTY STORAGE,2430,STORAGE BUILDING,910,1964,2026-10-06
SQ,52,"CSP, SAN QUENTIN",27232,SQ-B-59,MINIMUM FAMILY VISITING,5940,HOTEL/LODGE/CABIN,4704,1957,2026-10-06
SQ,52,"CSP, SAN QUENTIN",27182,SQ-B-6,IN-SERVICE-TRAINING,5620,CLASSROOM,4074,1918,2026-10-06
SQ,52,"CSP, SAN QUENTIN",27233,SQ-B-60,LEVEE GATE,5060,LOOKOUT (GUARD STATION),108,1946,2026-10-06
SQ,52,"CSP, SAN QUENTIN",27235,SQ-B-62,SEWAGE PLANT COMPLEX,5820,UTILITY,775,,2026-10-06
SQ,52,"CSP, SAN QUENTIN",27236,SQ-B-63,SEWAGE PLANT DISPOSAL OFFICE,2310,OFFICE (INSTITUTIONAL),216,,2026-10-06
SQ,52,"CSP, SAN QUENTIN",27237,SQ-B-64,LANDSCAPE WAREHOUSE,2430,STORAGE BUILDING,1708,1938,2026-10-06
SQ,52,"CSP, SAN QUENTIN",27238,SQ-B-65,LANDSCAPE OFFICE - OUT GROUNDS,2310,OFFICE (INSTITUTIONAL),1148,1938,2026-10-06
SQ,52,"CSP, SAN QUENTIN",27239,SQ-B-66,STORAGE,2310,OFFICE (INSTITUTIONAL),1708,,2026-10-06
SQ,52,"CSP, SAN QUENTIN",27240,SQ-B-67,DETERGENT PLANT,5810,SHOP,14070,1906,2026-10-06
SQ,52,"CSP, SAN QUENTIN",27241,SQ-B-68,VECTOR CONTROL OFFICE,5860,LAUNDRY,740,,2026-10-06
SQ,52,"CSP, SAN QUENTIN",27183,SQ-B-7,PROCUREMENT AND MAIL ROOM,2310,OFFICE (INSTITUTIONAL),3860,1929,2026-10-06
SQ,52,"CSP, SAN QUENTIN",27243,SQ-B-71,RANCH MESS HALL,5870,DINING/CAFETERIA,6360,,2026-10-06
SQ,52,"CSP, SAN QUENTIN",27245,SQ-B-73,OUTSIDE CONSTRUCTION OFFICE & TOOL ROOM,2430,STORAGE BUILDING,2654,1950,2026-10-06
SQ,52,"CSP, SAN QUENTIN",27246,SQ-B-74,OUTSIDE CONSTRUCTION WELDING SHOP,5810,SHOP,540,,2026-10-06
SQ,52,"CSP, SAN QUENTIN",27247,SQ-B-75,OUTSIDE CONSTRUCTION PAINT SHOP,5810,SHOP,861,,2026-10-06
SQ,52,"CSP, SAN QUENTIN",27248,SQ-B-76,CONSTRUCTION SHED,2420,SHED,9788,,2026-10-06
SQ,52,"CSP, SAN QUENTIN",27249,SQ-B-78,WEST GATE,5060,LOOKOUT (GUARD STATION),96,1968,2026-10-06
SQ,52,"CSP, SAN QUENTIN",27184,SQ-B-8,ADMINISTRATION,2310,OFFICE (INSTITUTIONAL),13385,1918,2026-10-06
SQ,52,"CSP, SAN QUENTIN",27250,SQ-B-80,RANCH DORM A,5670,DORMITORY,13104,,2026-10-06
SQ,52,"CSP, SAN QUENTIN",51187,SQ-B-85,INDOOR SHOOTING RANGE,2420,SHED,3800,2008,2026-10-06
SQ,52,"CSP, SAN QUENTIN",27251,SQ-B-85,RIFLE RANGE,5935,TRAINING FACILITY,624,1985,2026-10-06
SQ,52,"CSP, SAN QUENTIN",27254,SQ-B-88,LAUNDRY DISTRIBUTION,5750,CONCESSION,264,,2026-10-06
SQ,52,"CSP, SAN QUENTIN",27255,SQ-B-89,LOWER YARD SERGEANT SHACK,2310,OFFICE (INSTITUTIONAL),54,,2026-10-06
SQ,52,"CSP, SAN QUENTIN",27185,SQ-B-9,ELECTRICAL SUB STATION,5820,UTILITY,1230,1945,2026-10-06
SQ,52,"CSP, SAN QUENTIN",27258,SQ-B-92,LETHAL INJECTION ROOM,5840,RECREATION BUILDING,630,1983,2026-10-06
SQ,52,"CSP, SAN QUENTIN",27259,SQ-B-93,EAST BLOCK VISITING,5840,RECREATION BUILDING,3438,1981,2026-10-06
SQ,52,"CSP, SAN QUENTIN",15571,SQ-R-1,RESIDENCE STAFF HOUSING #1,5740,RESIDENCE (SINGLE FAMILY),1211,1926,2026-10-06
SQ,52,"CSP, SAN QUENTIN",36396,SQ-R-101,RESIDENCE HOUSING & FRIENDS OUTSIDE,5090,RESIDENCE (MULTI-FAMILY),2736,1898,2026-10-06
SQ,52,"CSP, SAN QUENTIN",27171,SQ-R-108,RESIDENCE STAFF HOUSING #108,5740,RESIDENCE (SINGLE FAMILY),3024,1898,2026-10-06
SQ,52,"CSP, SAN QUENTIN",15580,SQ-R-11,RESIDENCE STAFF HOUSING #11,5740,RESIDENCE (SINGLE FAMILY),1216,1926,2026-10-06
SQ,52,"CSP, SAN QUENTIN",27154,SQ-R-112,RESIDENCE STAFF HOUSING #112,5090,RESIDENCE (MULTI-FAMILY),1248,1930,2026-10-06
SQ,52,"CSP, SAN QUENTIN",27155,SQ-R-114,RESIDENCE STAFF HOUSING #114,5090,RESIDENCE (MULTI-FAMILY),1248,1930,2026-10-06
SQ,52,"CSP, SAN QUENTIN",27156,SQ-R-116,RESIDENCE STAFF HOUSING #116,5090,RESIDENCE (MULTI-FAMILY),1248,1930,2026-10-06
SQ,52,"CSP, SAN QUENTIN",27157,SQ-R-118,RESIDENCE STAFF HOUSING #118,5090,RESIDENCE (MULTI-FAMILY),1248,1930,2026-10-06
SQ,52,"CSP, SAN QUENTIN",15581,SQ-R-12,RESIDENCE STAFF HOUSING #12,5740,RESIDENCE (SINGLE FAMILY),1211,1926,2026-10-06
SQ,52,"CSP, SAN QUENTIN",27158,SQ-R-120,RESIDENCE STAFF HOUSING #120,5740,RESIDENCE (SINGLE FAMILY),2498,1916,2026-10-06
SQ,52,"CSP, SAN QUENTIN",27159,SQ-R-122,RESIDENCE STAFF HOUSING #122,5740,RESIDENCE (SINGLE FAMILY),2733,1916,2026-10-06
SQ,52,"CSP, SAN QUENTIN",27160,SQ-R-124,RESIDENCE STAFF HOUSING #124,5740,RESIDENCE (SINGLE FAMILY),1670,1892,2026-10-06
SQ,52,"CSP, SAN QUENTIN",27161,SQ-R-126,RESIDENCE STAFF HOUSING #126,5740,RESIDENCE (SINGLE FAMILY),2361,1892,2026-10-06
SQ,52,"CSP, SAN QUENTIN",27162,SQ-R-128,RESIDENCE STAFF HOUSING #128,5740,RESIDENCE (SINGLE FAMILY),2949,1921,2026-10-06
SQ,52,"CSP, SAN QUENTIN",15582,SQ-R-13,RESIDENCE STAFF HOUSING #13,5740,RESIDENCE (SINGLE FAMILY),1216,1926,2026-10-06
SQ,52,"CSP, SAN QUENTIN",27163,SQ-R-130,RESIDENCE STAFF HOUSING #130,5740,RESIDENCE (SINGLE FAMILY),1248,1922,2026-10-06
SQ,52,"CSP, SAN QUENTIN",27164,SQ-R-134,RESIDENCE STAFF HOUSING #134,5740,RESIDENCE (SINGLE FAMILY),1680,1922,2026-10-06
SQ,52,"CSP, SAN QUENTIN",27165,SQ-R-136,RESIDENCE STAFF HOUSING #136,5740,RESIDENCE (SINGLE FAMILY),1312,1922,2026-10-06
SQ,52,"CSP, SAN QUENTIN",27166,SQ-R-138,RESIDENCE STAFF HOUSING #138,5740,RESIDENCE (SINGLE FAMILY),1460,1922,2026-10-06
SQ,52,"CSP, SAN QUENTIN",15583,SQ-R-14,RESIDENCE STAFF HOUSING #14,5740,RESIDENCE (SINGLE FAMILY),1211,1926,2026-10-06
SQ,52,"CSP, SAN QUENTIN",27167,SQ-R-142,RESIDENCE STAFF HOUSING #142,5740,RESIDENCE (SINGLE FAMILY),1062,1922,2026-10-06
SQ,52,"CSP, SAN QUENTIN",27168,SQ-R-144,RESIDENCE STAFF HOUSING #144,5740,RESIDENCE (SINGLE FAMILY),1768,1922,2026-10-06
SQ,52,"CSP, SAN QUENTIN",27169,SQ-R-148,RESIDENCE STAFF HOUSING #148,5740,RESIDENCE (SINGLE FAMILY),1912,1892,2026-10-06
SQ,52,"CSP, SAN QUENTIN",15584,SQ-R-15,RESIDENCE STAFF HOUSING #15,5740,RESIDENCE (SINGLE FAMILY),1211,1926,2026-10-06
SQ,52,"CSP, SAN QUENTIN",27170,SQ-R-150,RESIDENCE STAFF HOUSING #150,5740,RESIDENCE (SINGLE FAMILY),1892,1892,2026-10-06
SQ,52,"CSP, SAN QUENTIN",15631,SQ-R-152,RESIDENCE #152,5740,RESIDENCE (SINGLE FAMILY),1400,1898,2026-10-06
SQ,52,"CSP, SAN QUENTIN",15585,SQ-R-16,RESIDENCE STAFF HOUSING #16,5740,RESIDENCE (SINGLE FAMILY),1211,1926,2026-10-06
SQ,52,"CSP, SAN QUENTIN",15586,SQ-R-17,RESIDENCE STAFF HOUSING #17,5740,RESIDENCE (SINGLE FAMILY),1216,1926,2026-10-06
SQ,52,"CSP, SAN QUENTIN",15587,SQ-R-18,RESIDENCE STAFF HOUSING #18,5740,RESIDENCE (SINGLE FAMILY),895,1926,2026-10-06
SQ,52,"CSP, SAN QUENTIN",15588,SQ-R-19,RESIDENCE STAFF HOUSING #19,5740,RESIDENCE (SINGLE FAMILY),1211,1926,2026-10-06
SQ,52,"CSP, SAN QUENTIN",15572,SQ-R-2,RESIDENCE STAFF HOUSING #2,5740,RESIDENCE (SINGLE FAMILY),1211,1926,2026-10-06
SQ,52,"CSP, SAN QUENTIN",15589,SQ-R-20,RESIDENCE STAFF HOUSING #20,5740,RESIDENCE (SINGLE FAMILY),762,1926,2026-10-06
SQ,52,"CSP, SAN QUENTIN",27172,SQ-R-201,RESIDENCE STAFF HOUSING #201,5740,RESIDENCE (SINGLE FAMILY),1130,1922,2026-10-06
SQ,52,"CSP, SAN QUENTIN",27173,SQ-R-203,RESIDENCE STAFF HOUSING #203,5740,RESIDENCE (SINGLE FAMILY),1300,1922,2026-10-06
SQ,52,"CSP, SAN QUENTIN",27174,SQ-R-204,RESIDENCE STAFF HOUSING #204,5740,RESIDENCE (SINGLE FAMILY),1320,1922,2026-10-06
SQ,52,"CSP, SAN QUENTIN",27175,SQ-R-205,RESIDENCE STAFF HOUSING #205,5740,RESIDENCE (SINGLE FAMILY),1158,1922,2026-10-06
SQ,52,"CSP, SAN QUENTIN",27176,SQ-R-206,CENTERFORCE VISITING HOUSING,5740,RESIDENCE (SINGLE FAMILY),1594,1922,2026-10-06
SQ,52,"CSP, SAN QUENTIN",27177,SQ-R-207,RESIDENCE STAFF HOUSING #207,5740,RESIDENCE (SINGLE FAMILY),1218,1922,2026-10-06
SQ,52,"CSP, SAN QUENTIN",15590,SQ-R-21,RESIDENCE STAFF HOUSING #21,5740,RESIDENCE (SINGLE FAMILY),1211,1926,2026-10-06
SQ,52,"CSP, SAN QUENTIN",27178,SQ-R-210,RESIDENCE STAFF HOUSING #210,5740,RESIDENCE (SINGLE FAMILY),2287,1955,2026-10-06
SQ,52,"CSP, SAN QUENTIN",15591,SQ-R-22,RESIDENCE STAFF HOUSING #22,5740,RESIDENCE (SINGLE FAMILY),1028,1926,2026-10-06
SQ,52,"CSP, SAN QUENTIN",15592,SQ-R-23,RESIDENCE STAFF HOUSING #23,5740,RESIDENCE (SINGLE FAMILY),1211,1926,2026-10-06
SQ,52,"CSP, SAN QUENTIN",15593,SQ-R-24,RESIDENCE STAFF HOUSING #24,5740,RESIDENCE (SINGLE FAMILY),980,1926,2026-10-06
SQ,52,"CSP, SAN QUENTIN",15594,SQ-R-25,RESIDENCE STAFF HOUSING #25,5740,RESIDENCE (SINGLE FAMILY),1211,1926,2026-10-06
SQ,52,"CSP, SAN QUENTIN",15595,SQ-R-26,RESIDENCE STAFF HOUSING #26,5740,RESIDENCE (SINGLE FAMILY),1422,1902,2026-10-06
SQ,52,"CSP, SAN QUENTIN",15596,SQ-R-27,RESIDENCE STAFF HOUSING #27,5740,RESIDENCE (SINGLE FAMILY),1287,1926,2026-10-06
SQ,52,"CSP, SAN QUENTIN",15597,SQ-R-28,RESIDENCE STAFF HOUSING #28,5740,RESIDENCE (SINGLE FAMILY),1487,1902,2026-10-06
SQ,52,"CSP, SAN QUENTIN",15598,SQ-R-29,RESIDENCE STAFF HOUSING #29,5740,RESIDENCE (SINGLE FAMILY),1338,1926,2026-10-06
SQ,52,"CSP, SAN QUENTIN",15573,SQ-R-3,RESIDENCE STAFF HOUSING #3,5740,RESIDENCE (SINGLE FAMILY),1211,1926,2026-10-06
SQ,52,"CSP, SAN QUENTIN",15599,SQ-R-30,RESIDENCE STAFF HOUSING #30,5740,RESIDENCE (SINGLE FAMILY),1482,1902,2026-10-06
SQ,52,"CSP, SAN QUENTIN",15600,SQ-R-31,RESIDENCE STAFF HOUSING #31,5740,RESIDENCE (SINGLE FAMILY),1338,1926,2026-10-06
SQ,52,"CSP, SAN QUENTIN",15601,SQ-R-32,RESIDENCE STAFF HOUSING #32,5740,RESIDENCE (SINGLE FAMILY),1414,1902,2026-10-06
SQ,52,"CSP, SAN QUENTIN",15602,SQ-R-34,RESIDENCE STAFF HOUSING #34,5740,RESIDENCE (SINGLE FAMILY),1459,1902,2026-10-06
SQ,52,"CSP, SAN QUENTIN",15603,SQ-R-36,RESIDENCE STAFF HOUSING #36,5740,RESIDENCE (SINGLE FAMILY),1467,1902,2026-10-06
SQ,52,"CSP, SAN QUENTIN",15604,SQ-R-38,RESIDENCE STAFF HOUSING #38,5740,RESIDENCE (SINGLE FAMILY),1438,1902,2026-10-06
SQ,52,"CSP, SAN QUENTIN",15574,SQ-R-4,RESIDENCE STAFF HOUSING #4,5740,RESIDENCE (SINGLE FAMILY),1216,1926,2026-10-06
SQ,52,"CSP, SAN QUENTIN",15605,SQ-R-40,RESIDENCE STAFF HOUSING #40,5740,RESIDENCE (SINGLE FAMILY),1480,1902,2026-10-06
SQ,52,"CSP, SAN QUENTIN",15606,SQ-R-42,RESIDENCE STAFF HOUSING #42,5740,RESIDENCE (SINGLE FAMILY),1287,1902,2026-10-06
SQ,52,"CSP, SAN QUENTIN",15607,SQ-R-44,RESIDENCE STAFF HOUSING #44,5740,RESIDENCE (SINGLE FAMILY),1453,1902,2026-10-06
SQ,52,"CSP, SAN QUENTIN",15608,SQ-R-46,RESIDENCE STAFF HOUSING #46,5740,RESIDENCE (SINGLE FAMILY),1180,1926,2026-10-06
SQ,52,"CSP, SAN QUENTIN",15609,SQ-R-48,RESIDENCE STAFF HOUSING #48,5740,RESIDENCE (SINGLE FAMILY),983,1926,2026-10-06
SQ,52,"CSP, SAN QUENTIN",15575,SQ-R-5,RESIDENCE STAFF HOUSING #5,5740,RESIDENCE (SINGLE FAMILY),1211,1926,2026-10-06
SQ,52,"CSP, SAN QUENTIN",15610,SQ-R-50,RESIDENCE STAFF HOUSING #50,5740,RESIDENCE (SINGLE FAMILY),1068,1926,2026-10-06
SQ,52,"CSP, SAN QUENTIN",15611,SQ-R-52,RESIDENCE STAFF HOUSING #52,5740,RESIDENCE (SINGLE FAMILY),1012,1926,2026-10-06
SQ,52,"CSP, SAN QUENTIN",15612,SQ-R-54,RESIDENCE STAFF HOUSING #54,5740,RESIDENCE (SINGLE FAMILY),1211,1939,2026-10-06
SQ,52,"CSP, SAN QUENTIN",15613,SQ-R-56,RESIDENCE STAFF HOUSING #56,5740,RESIDENCE (SINGLE FAMILY),1197,1939,2026-10-06
SQ,52,"CSP, SAN QUENTIN",15614,SQ-R-58,RESIDENCE STAFF HOUSING #58,5740,RESIDENCE (SINGLE FAMILY),1211,1939,2026-10-06
SQ,52,"CSP, SAN QUENTIN",15576,SQ-R-6,RESIDENCE STAFF HOUSING #6,5740,RESIDENCE (SINGLE FAMILY),1216,1926,2026-10-06
SQ,52,"CSP, SAN QUENTIN",15615,SQ-R-60,RESIDENCE STAFF HOUSING #60,5740,RESIDENCE (SINGLE FAMILY),1211,1939,2026-10-06
SQ,52,"CSP, SAN QUENTIN",15616,SQ-R-62,RESIDENCE STAFF HOUSING #62,5740,RESIDENCE (SINGLE FAMILY),1211,1939,2026-10-06
SQ,52,"CSP, SAN QUENTIN",15617,SQ-R-64,RESIDENCE STAFF HOUSING #64,5740,RESIDENCE (SINGLE FAMILY),1211,1939,2026-10-06
SQ,52,"CSP, SAN QUENTIN",15618,SQ-R-66,RESIDENCE STAFF HOUSING #66,5740,RESIDENCE (SINGLE FAMILY),1197,1939,2026-10-06
SQ,52,"CSP, SAN QUENTIN",15619,SQ-R-68,RESIDENCE STAFF HOUSING #68,5740,RESIDENCE (SINGLE FAMILY),1239,1939,2026-10-06
SQ,52,"CSP, SAN QUENTIN",15577,SQ-R-7,RESIDENCE STAFF HOUSING #7,5740,RESIDENCE (SINGLE FAMILY),1211,1926,2026-10-06
SQ,52,"CSP, SAN QUENTIN",15620,SQ-R-70,RESIDENCE STAFF HOUSING #70,5740,RESIDENCE (SINGLE FAMILY),1211,1939,2026-10-06
SQ,52,"CSP, SAN QUENTIN",15621,SQ-R-71,RESIDENCE STAFF HOUSING #71,5740,RESIDENCE (SINGLE FAMILY),1211,1939,2026-10-06
SQ,52,"CSP, SAN QUENTIN",15622,SQ-R-72,RESIDENCE STAFF HOUSING #72,5740,RESIDENCE (SINGLE FAMILY),1211,1939,2026-10-06
SQ,52,"CSP, SAN QUENTIN",15623,SQ-R-73,RESIDENCE STAFF HOUSING #73,5740,RESIDENCE (SINGLE FAMILY),1211,1939,2026-10-06
SQ,52,"CSP, SAN QUENTIN",15624,SQ-R-74,RESIDENCE STAFF HOUSING #74,5740,RESIDENCE (SINGLE FAMILY),1211,1939,2026-10-06
SQ,52,"CSP, SAN QUENTIN",15625,SQ-R-75,RESIDENCE STAFF HOUSING #75,5740,RESIDENCE (SINGLE FAMILY),1211,1939,2026-10-06
SQ,52,"CSP, SAN QUENTIN",15626,SQ-R-76,RESIDENCE STAFF HOUSING #76,5740,RESIDENCE (SINGLE FAMILY),1211,1939,2026-10-06
SQ,52,"CSP, SAN QUENTIN",15627,SQ-R-77,RESIDENCE STAFF HOUSING #77,5740,RESIDENCE (SINGLE FAMILY),1211,1939,2026-10-06
SQ,52,"CSP, SAN QUENTIN",15628,SQ-R-78,RESIDENCE STAFF HOUSING #78,5740,RESIDENCE (SINGLE FAMILY),1211,1939,2026-10-06
SQ,52,"CSP, SAN QUENTIN",15578,SQ-R-8,RESIDENCE STAFF HOUSING #8,5740,RESIDENCE (SINGLE FAMILY),1216,1926,2026-10-06
SQ,52,"CSP, SAN QUENTIN",15629,SQ-R-80,RESIDENCE STAFF HOUSING #80,5740,RESIDENCE (SINGLE FAMILY),1211,1939,2026-10-06
SQ,52,"CSP, SAN QUENTIN",15579,SQ-R-9,RESIDENCE STAFF HOUSING #9,5740,RESIDENCE (SINGLE FAMILY),1211,1926,2026-10-06
SQ,52,"CSP, SAN QUENTIN",27271,SQ-T-10,TOWER 10 H UNIT,5060,LOOKOUT (GUARD STATION),100,1995,2026-10-06
SQ,52,"CSP, SAN QUENTIN",27263,SQ-T-2,TOWER 2,5060,LOOKOUT (GUARD STATION),81,1906,2026-10-06
SQ,52,"CSP, SAN QUENTIN",27264,SQ-T-3,TOWER 3,5060,LOOKOUT (GUARD STATION),81,1959,2026-10-06
SQ,52,"CSP, SAN QUENTIN",27265,SQ-T-4,TOWER 4 WATERFRONT,5060,LOOKOUT (GUARD STATION),81,,2026-10-06
SQ,52,"CSP, SAN QUENTIN",27266,SQ-T-5,TOWER 5 LEVEE GATE,5060,LOOKOUT (GUARD STATION),81,1946,2026-10-06
SQ,52,"CSP, SAN QUENTIN",27269,SQ-T-8,TOWER 8 H UNIT NORTH,5060,LOOKOUT (GUARD STATION),100,1980,2026-10-06
SQ,52,"CSP, SAN QUENTIN",27270,SQ-T-9,TOWER 9 H UNIT,5060,LOOKOUT (GUARD STATION),100,1995,2026-10-06
SVSP,10154,SALINAS VALLEY STATE PRISON,51573,,10 SMALL MANAGEMENT EXERCISE YARDS,5930,SMALL MANAGEMENT EXERCISE YARDS,1500,2009,2026-10-06
SVSP,10154,SALINAS VALLEY STATE PRISON,51575,,64-BED MENTAL HEALTH FACILITY - COLEMAN,5710,HOSPITAL/CLINIC/TREATMENT CENTER,34300,2009,2026-10-06
SVSP,10154,SALINAS VALLEY STATE PRISON,39043,,BLDG 301 - GUARD TOWER 1,5060,LOOKOUT (GUARD STATION),338,1996,2026-10-06
SVSP,10154,SALINAS VALLEY STATE PRISON,39044,,BLDG 302 - GUARD TOWER 2,5060,LOOKOUT (GUARD STATION),338,1996,2026-10-06
SVSP,10154,SALINAS VALLEY STATE PRISON,39045,,BLDG 303 - GUARD TOWER 3,5060,LOOKOUT (GUARD STATION),338,1996,2026-10-06
SVSP,10154,SALINAS VALLEY STATE PRISON,39046,,BLDG 304 - GUARD TOWER 4,5060,LOOKOUT (GUARD STATION),338,1996,2026-10-06
SVSP,10154,SALINAS VALLEY STATE PRISON,39047,,BLDG 305 - GUARD TOWER 5,5060,LOOKOUT (GUARD STATION),338,1996,2026-10-06
SVSP,10154,SALINAS VALLEY STATE PRISON,39048,,BLDG 306 - GUARD TOWER 6,5060,LOOKOUT (GUARD STATION),338,1996,2026-10-06
SVSP,10154,SALINAS VALLEY STATE PRISON,39049,,BLDG 307 - GUARD TOWER 7,5060,LOOKOUT (GUARD STATION),338,1996,2026-10-06
SVSP,10154,SALINAS VALLEY STATE PRISON,39050,,BLDG 308 - GUARD TOWER 8,5060,LOOKOUT (GUARD STATION),338,1996,2026-10-06
SVSP,10154,SALINAS VALLEY STATE PRISON,39051,,BLDG 309 - GUARD TOWER 9,5060,LOOKOUT (GUARD STATION),338,1996,2026-10-06
SVSP,10154,SALINAS VALLEY STATE PRISON,39052,,BLDG 310 - GUARD TOWER 10,5060,LOOKOUT (GUARD STATION),338,1996,2026-10-06
SVSP,10154,SALINAS VALLEY STATE PRISON,39053,,BLDG 311 - GUARD TOWER 11,5060,LOOKOUT (GUARD STATION),338,1996,2026-10-06
SVSP,10154,SALINAS VALLEY STATE PRISON,39054,,BLDG 312 - GUARD TOWER 12,5060,LOOKOUT (GUARD STATION),338,1996,2026-10-06
SVSP,10154,SALINAS VALLEY STATE PRISON,39055,,BLDG 313 - GUARD TOWER 13,5060,LOOKOUT (GUARD STATION),338,1996,2026-10-06
SVSP,10154,SALINAS VALLEY STATE PRISON,39056,,BLDG 321 - 270 HOUSING (LEVEL IV),5670,DORMITORY,24435,1996,2026-10-06
SVSP,10154,SALINAS VALLEY STATE PRISON,39057,,BLDG 322 - 270 HOUSING (LEVEL IV),5670,DORMITORY,24435,1996,2026-10-06
SVSP,10154,SALINAS VALLEY STATE PRISON,39058,,BLDG 323 - 270 HOUSING (LEVEL IV),5670,DORMITORY,24435,1996,2026-10-06
SVSP,10154,SALINAS VALLEY STATE PRISON,39059,,BLDG 324 - 270 HOUSING (LEVEL IV),5670,DORMITORY,24435,1996,2026-10-06
SVSP,10154,SALINAS VALLEY STATE PRISON,39060,,BLDG 325 - 270 HOUSING (LEVEL IV),5670,DORMITORY,25085,1996,2026-10-06
SVSP,10154,SALINAS VALLEY STATE PRISON,39061,,BLDG 326 - 270 HOUSING (LEVEL IV),5670,DORMITORY,24435,1996,2026-10-06
SVSP,10154,SALINAS VALLEY STATE PRISON,39062,,BLDG 327 - 270 HOUSING (LEVEL IV),5670,DORMITORY,24435,1996,2026-10-06
SVSP,10154,SALINAS VALLEY STATE PRISON,39063,,BLDG 328 - 270 HOUSING (LEVEL IV),5670,DORMITORY,24435,1996,2026-10-06
SVSP,10154,SALINAS VALLEY STATE PRISON,39064,,BLDG 329 - 270 HOUSING (LEVEL IV),5670,DORMITORY,24435,1996,2026-10-06
SVSP,10154,SALINAS VALLEY STATE PRISON,39065,,BLDG 330 - 270 HOUSING (LEVEL IV),5670,DORMITORY,24435,1996,2026-10-06
SVSP,10154,SALINAS VALLEY STATE PRISON,39066,,BLDG 331 - 180 HOUSING (LEVEL IV),5670,DORMITORY,46540,1996,2026-10-06
SVSP,10154,SALINAS VALLEY STATE PRISON,39067,,BLDG 332 - 180 HOUSING (LEVEL IV),5670,DORMITORY,46540,1996,2026-10-06
SVSP,10154,SALINAS VALLEY STATE PRISON,39068,,BLDG 333 - 180 HOUSING (LEVEL IV),5670,DORMITORY,46540,1996,2026-10-06
SVSP,10154,SALINAS VALLEY STATE PRISON,39069,,BLDG 334 - 180 HOUSING (LEVEL IV),5670,DORMITORY,46540,1996,2026-10-06
SVSP,10154,SALINAS VALLEY STATE PRISON,39070,,BLDG 335 - 180 HOUSING (LEVEL IV),5670,DORMITORY,46540,1996,2026-10-06
SVSP,10154,SALINAS VALLEY STATE PRISON,39071,,BLDG 336 - 180 HOUSING (LEVEL IV),5670,DORMITORY,46540,1996,2026-10-06
SVSP,10154,SALINAS VALLEY STATE PRISON,39072,,BLDG 337 - 180 HOUSING (LEVEL IV),5670,DORMITORY,46540,1996,2026-10-06
SVSP,10154,SALINAS VALLEY STATE PRISON,39073,,BLDG 338 - 180 HOUSING (LEVEL IV),5670,DORMITORY,46540,1996,2026-10-06
SVSP,10154,SALINAS VALLEY STATE PRISON,39074,,BLDG 420 - CENTRAL OPERATIONS,2310,OFFICE (INSTITUTIONAL),6165,1996,2026-10-06
SVSP,10154,SALINAS VALLEY STATE PRISON,39075,,BLDG 421 - FAC A PROGRAM & SUPPORT SVCS,2310,OFFICE (INSTITUTIONAL),18093,1996,2026-10-06
SVSP,10154,SALINAS VALLEY STATE PRISON,39076,,BLDG 422 - GYMNASIUM (FACILITY A),5890,GYMNASIUM,7392,1996,2026-10-06
SVSP,10154,SALINAS VALLEY STATE PRISON,39077,,BLDG 423 - FACILITY FOOD SVCS SATELLITE,5870,DINING/CAFETERIA,12692,1996,2026-10-06
SVSP,10154,SALINAS VALLEY STATE PRISON,39078,,BLDG 430 - CENTRAL CONTROL,5960,VISITATION FACILITY,20032,1996,2026-10-06
SVSP,10154,SALINAS VALLEY STATE PRISON,39079,,BLDG 431 - FAC B PROGRAM & SUPPORT SVCS,2310,OFFICE (INSTITUTIONAL),17778,1996,2026-10-06
SVSP,10154,SALINAS VALLEY STATE PRISON,39080,,BLDG 432 - GYMNASIUM (FACILITY B),5890,GYMNASIUM,7593,1996,2026-10-06
SVSP,10154,SALINAS VALLEY STATE PRISON,39082,,BLDG 433 - FACILITY FOOD SVCS SATELLITE,5870,DINING/CAFETERIA,12692,1996,2026-10-06
SVSP,10154,SALINAS VALLEY STATE PRISON,39083,,BLDG 440 - COMPLEX CONTROL,5960,VISITATION FACILITY,20032,1996,2026-10-06
SVSP,10154,SALINAS VALLEY STATE PRISON,39084,,BLDG 441 - FAC C PROGRAM & SUPPORT SVCS,2310,OFFICE (INSTITUTIONAL),17778,1996,2026-10-06
SVSP,10154,SALINAS VALLEY STATE PRISON,39085,,BLDG 442 - GYMNASIUM (FACILITY C),5890,GYMNASIUM,7593,1996,2026-10-06
SVSP,10154,SALINAS VALLEY STATE PRISON,39086,,BLDG 443 - YARD GUN POST (FACILITY C),5060,LOOKOUT (GUARD STATION),115,1996,2026-10-06
SVSP,10154,SALINAS VALLEY STATE PRISON,39087,,BLDG 444 - YARD GUN POST (FACILITY C),5060,LOOKOUT (GUARD STATION),115,1996,2026-10-06
SVSP,10154,SALINAS VALLEY STATE PRISON,39088,,BLDG 451 - FAC D PROGRAM & SUPPORT SVCS,2310,OFFICE (INSTITUTIONAL),17778,1996,2026-10-06
SVSP,10154,SALINAS VALLEY STATE PRISON,39089,,BLDG 452 - GYMNASIUM (FACILITY D),5890,GYMNASIUM,7593,1996,2026-10-06
SVSP,10154,SALINAS VALLEY STATE PRISON,39090,,BLDG 453 - YARD GUN POST (FACILITY D),5060,LOOKOUT (GUARD STATION),115,1996,2026-10-06
SVSP,10154,SALINAS VALLEY STATE PRISON,39091,,BLDG 454 - YARD GUN POST (FACILITY D),5060,LOOKOUT (GUARD STATION),115,1996,2026-10-06
SVSP,10154,SALINAS VALLEY STATE PRISON,39092,,BLDG 460 - RECEIVING AND RELEASE,2310,OFFICE (INSTITUTIONAL),4966,1996,2026-10-06
SVSP,10154,SALINAS VALLEY STATE PRISON,39093,,BLDG 461 - CENTRAL HEALTH BUILDING,5710,HOSPITAL/CLINIC/TREATMENT CENTER,31239,1996,2026-10-06
SVSP,10154,SALINAS VALLEY STATE PRISON,39094,,BLDG 462 - CENTRAL KITCHEN,5830,KITCHEN,20740,1996,2026-10-06
SVSP,10154,SALINAS VALLEY STATE PRISON,39095,,BLDG 464 - STEAM GENERATION BUILDING,5820,UTILITY,2154,1996,2026-10-06
SVSP,10154,SALINAS VALLEY STATE PRISON,39545,,"BLDG 465, MENTAL HEALTH CENTER",5710,HOSPITAL/CLINIC/TREATMENT CENTER,7500,1999,2026-10-06
SVSP,10154,SALINAS VALLEY STATE PRISON,50365,,BLDG 468 ADMIN SEGREGATION HOUSING UNIT,5670,DORMITORY,25204,2003,2026-10-06
SVSP,10154,SALINAS VALLEY STATE PRISON,55452,,BLDG 470 GENERAL POP/OUTPATIENT TRTMNT,5710,HOSPITAL/CLINIC/TREATMENT CENTER,27100,2014,2026-10-06
SVSP,10154,SALINAS VALLEY STATE PRISON,39096,,BLDG 484 - CENTRALIZED RETHERM KITCHEN,5830,KITCHEN,7919,1996,2026-10-06
SVSP,10154,SALINAS VALLEY STATE PRISON,39097,,BLDG 521 - VOCATIONAL EDUCATION (FAC A),5620,CLASSROOM,6712,1996,2026-10-06
SVSP,10154,SALINAS VALLEY STATE PRISON,39098,,BLDG 521A - VOCATIONAL ED - GREENHOUSE,5700,NURSERY/GREENHOUSE,640,1996,2026-10-06
SVSP,10154,SALINAS VALLEY STATE PRISON,39099,,BLDG 522 - VOCATIONAL EDUCATION (FAC A),5620,CLASSROOM,15260,1996,2026-10-06
SVSP,10154,SALINAS VALLEY STATE PRISON,39100,,BLDG 523 - VOCATIONAL EDUCATION (FAC B),5620,CLASSROOM,22120,1996,2026-10-06
SVSP,10154,SALINAS VALLEY STATE PRISON,39101,,BLDG 524 - VOCATIONAL EDUCATION (FAC B),5620,CLASSROOM,19740,1996,2026-10-06
SVSP,10154,SALINAS VALLEY STATE PRISON,39102,,BLDG 525 - VOCATIONAL EDUCATION (FAC C),5620,CLASSROOM,20160,1996,2026-10-06
SVSP,10154,SALINAS VALLEY STATE PRISON,39103,,BLDG 526 - VOCATIONAL EDUCATION (FAC C),5620,CLASSROOM,18760,1996,2026-10-06
SVSP,10154,SALINAS VALLEY STATE PRISON,39104,,BLDG 527 - VOCATIONAL EDUCATION (FAC D),5620,CLASSROOM,19180,1996,2026-10-06
SVSP,10154,SALINAS VALLEY STATE PRISON,39105,,BLDG 528 - VOCATIONAL EDUCATION (FAC D),5620,CLASSROOM,11410,1996,2026-10-06
SVSP,10154,SALINAS VALLEY STATE PRISON,39106,,BLDG 531 - WORK ZONE FOOD SATELLITE,5870,DINING/CAFETERIA,3969,1996,2026-10-06
SVSP,10154,SALINAS VALLEY STATE PRISON,39107,,BLDG 532 - WORK ZONE FOOD SATELLITE,5870,DINING/CAFETERIA,3969,1996,2026-10-06
SVSP,10154,SALINAS VALLEY STATE PRISON,39108,,BLDG 533 - WORK ZONE FOOD SATELLITE,5870,DINING/CAFETERIA,3969,1996,2026-10-06
SVSP,10154,SALINAS VALLEY STATE PRISON,39109,,BLDG 534 - WORK ZONE FOOD SATELLITE,5870,DINING/CAFETERIA,3969,1996,2026-10-06
SVSP,10154,SALINAS VALLEY STATE PRISON,39110,,BLDG 541 - CENTRAL LIBRARY (FACILITY B),5680,LIBRARY,5040,1996,2026-10-06
SVSP,10154,SALINAS VALLEY STATE PRISON,39111,,BLDG 551 - BLDG MAINTENANCE SATELLITE,2480,EQUIPMENT/MAINTENANCE BUILDING,2550,1996,2026-10-06
SVSP,10154,SALINAS VALLEY STATE PRISON,39112,,BLDG 552 - BLDG MAINTENANCE SATELLITE,2480,EQUIPMENT/MAINTENANCE BUILDING,2550,1996,2026-10-06
SVSP,10154,SALINAS VALLEY STATE PRISON,39113,,BLDG 553 - CENTRAL BUILDING MAINTENANCE,2480,EQUIPMENT/MAINTENANCE BUILDING,8100,1996,2026-10-06
SVSP,10154,SALINAS VALLEY STATE PRISON,39114,,BLDG 554 - BLDG MAINTENANCE SATELLITE,2480,EQUIPMENT/MAINTENANCE BUILDING,2550,1996,2026-10-06
SVSP,10154,SALINAS VALLEY STATE PRISON,39115,,BLDG 561 - WORK CHANGE (FACILITY A),2485,WORK CHANGE,625,1996,2026-10-06
SVSP,10154,SALINAS VALLEY STATE PRISON,39116,,BLDG 562 - WORK CHANGE (FACILITY B),2485,WORK CHANGE,625,1996,2026-10-06
SVSP,10154,SALINAS VALLEY STATE PRISON,39117,,BLDG 563 - WORK CHANGE (FACILITY C),2485,WORK CHANGE,625,1996,2026-10-06
SVSP,10154,SALINAS VALLEY STATE PRISON,39118,,BLDG 564 - WORK CHANGE (FACILITY D),2485,WORK CHANGE,625,1996,2026-10-06
SVSP,10154,SALINAS VALLEY STATE PRISON,39119,,BLDG 571 - VOLATILE STORAGE BUILDING,2420,SHED,100,1996,2026-10-06
SVSP,10154,SALINAS VALLEY STATE PRISON,39120,,BLDG 572 - VOLATILE STORAGE BUILDING,2420,SHED,100,1996,2026-10-06
SVSP,10154,SALINAS VALLEY STATE PRISON,39121,,BLDG 573 - VOLATILE STORAGE BUILDING,2420,SHED,100,1996,2026-10-06
SVSP,10154,SALINAS VALLEY STATE PRISON,39122,,BLDG 574 - VOLATILE STORAGE BUILDING,2420,SHED,100,1996,2026-10-06
SVSP,10154,SALINAS VALLEY STATE PRISON,39123,,BLDG 575 - VOLATILE STORAGE BUILDING,2420,SHED,800,1996,2026-10-06
SVSP,10154,SALINAS VALLEY STATE PRISON,39124,,BLDG 605 - WATER SUPPLY PUMP STATION,5120,PUMP/WELL HOUSE,1650,1996,2026-10-06
SVSP,10154,SALINAS VALLEY STATE PRISON,39546,,"BLDG 610, VISITING CENTER TRAILER",5960,VISITATION FACILITY,1440,1996,2026-10-06
SVSP,10154,SALINAS VALLEY STATE PRISON,39125,,BLDG 701 - CENTRAL WAREHOUSE,2440,WAREHOUSE,52017,1996,2026-10-06
SVSP,10154,SALINAS VALLEY STATE PRISON,39126,,BLDG 702 - LAUNDRY STAGING (WAREHOUSE),2440,WAREHOUSE,1104,1996,2026-10-06
SVSP,10154,SALINAS VALLEY STATE PRISON,39127,,BLDG 703 - HAZARDOUS MATERIALS BUILDING,2420,SHED,850,1996,2026-10-06
SVSP,10154,SALINAS VALLEY STATE PRISON,39128,,BLDG 704 - BUILDING/GROUNDS MAINTENANCE,2480,EQUIPMENT/MAINTENANCE BUILDING,1883,1996,2026-10-06
SVSP,10154,SALINAS VALLEY STATE PRISON,39129,,BLDG 800 - CENTRAL ADMINISTRATION,2310,OFFICE (INSTITUTIONAL),34055,1996,2026-10-06
SVSP,10154,SALINAS VALLEY STATE PRISON,39130,,BLDG 801 - FAMILY VISITING,5960,VISITATION FACILITY,3103,1996,2026-10-06
SVSP,10154,SALINAS VALLEY STATE PRISON,39131,,BLDG 802 - FAMILY VISITING,5960,VISITATION FACILITY,3103,1996,2026-10-06
SVSP,10154,SALINAS VALLEY STATE PRISON,39132,,BLDG 803 - WEAPONS TRAINING CLASSROOM,5600,ARMORY,840,1996,2026-10-06
SVSP,10154,SALINAS VALLEY STATE PRISON,39134,,BLDG 804P - FIRING RANGE PLATFORM,5935,TRAINING FACILITY,1230,1996,2026-10-06
SVSP,10154,SALINAS VALLEY STATE PRISON,39133,,BLDG 804R - FIRING RANGE PLATFORM,5935,TRAINING FACILITY,1645,1996,2026-10-06
SVSP,10154,SALINAS VALLEY STATE PRISON,39135,,BLDG 805 - VISITOR/STAFF PROCESSING,2310,OFFICE (INSTITUTIONAL),2770,1996,2026-10-06
SVSP,10154,SALINAS VALLEY STATE PRISON,39136,,BLDG 807 - VEHICLE SALLYPORT/OFFICER STA,5060,LOOKOUT (GUARD STATION),972,1996,2026-10-06
SVSP,10154,SALINAS VALLEY STATE PRISON,39138,,BLDG 810 - ARMORY/LOCKSMITH,5600,ARMORY,1596,1996,2026-10-06
SVSP,10154,SALINAS VALLEY STATE PRISON,39139,,BLDG 901 - HOUSING UNIT,5670,DORMITORY,12926,1996,2026-10-06
SVSP,10154,SALINAS VALLEY STATE PRISON,39140,,BLDG 902 - HOUSING UNIT,5670,DORMITORY,12926,1996,2026-10-06
SVSP,10154,SALINAS VALLEY STATE PRISON,39141,,BLDG 903 - PROGRAM AND SUPPORT SERVICES,5670,DORMITORY,12517,1996,2026-10-06
SVSP,10154,SALINAS VALLEY STATE PRISON,39142,,BLDG 904 - PROGRAM AND SUPPORT SERVICES,5670,DORMITORY,5835,1996,2026-10-06
SVSP,10154,SALINAS VALLEY STATE PRISON,39143,,BLDG 905 - FAMILY VISITIN,5960,VISITATION FACILITY,747,1996,2026-10-06
SVSP,10154,SALINAS VALLEY STATE PRISON,57269,471,BLDG 471 ASU PRIMARY CARE CLINIC,5710,HOSPITAL/CLINIC/TREATMENT CENTER,2576,2018,2026-10-06
SVSP,10154,SALINAS VALLEY STATE PRISON,51524,SVSP 809,BLDG 809 DELEGATED TESTING MODULAR,2330,RELOCATABLE OFFICE,720,2007,2026-10-06
VSP,10103,VALLEY STATE PRISON,51577,,9 SMALL MANAGEMENT EXERCISE YARDS,5930,SMALL MANAGEMENT EXERCISE YARDS,1350,2009,2026-10-06
VSP,10103,VALLEY STATE PRISON,55783,,B-YARD INMATE RESTROOM,5920,COMBINATION RESTROOM,791,2014,2026-10-06
VSP,10103,VALLEY STATE PRISON,43806,,BLDG 1101 - CENTRAL HEALTH FACILITY,5710,HOSPITAL/CLINIC/TREATMENT CENTER,30646,1995,2026-10-06
VSP,10103,VALLEY STATE PRISON,43755,,BLDG 201-WATER STORAGE TANK/PUMP STATION,5120,PUMP/WELL HOUSE,875,1995,2026-10-06
VSP,10103,VALLEY STATE PRISON,43756,,BLDG 301-GENERAL POPULATION HOUSING D-1,5670,DORMITORY,20820,1995,2026-10-06
VSP,10103,VALLEY STATE PRISON,43757,,BLDG 302-GENERAL POPULATION HOUSING D-2,5670,DORMITORY,20820,1995,2026-10-06
VSP,10103,VALLEY STATE PRISON,43758,,BLDG 303-GENERAL POPULATION HOUSING D-3,5670,DORMITORY,20820,1995,2026-10-06
VSP,10103,VALLEY STATE PRISON,43759,,BLDG 304-GENERAL POPULATION HOUSING D-4,5670,DORMITORY,20820,1995,2026-10-06
VSP,10103,VALLEY STATE PRISON,43760,,BLDG 305-GENERAL POPULATION HOUSING C-1,5670,DORMITORY,20820,1995,2026-10-06
VSP,10103,VALLEY STATE PRISON,43761,,BLDG 306-GENERAL POPULATION HOUSING C-2,5670,DORMITORY,20820,1995,2026-10-06
VSP,10103,VALLEY STATE PRISON,43762,,BLDG 307-GENERAL POPULATION HOUSING C-3,5670,DORMITORY,20820,1995,2026-10-06
VSP,10103,VALLEY STATE PRISON,43763,,BLDG 308-GENERAL POPULATION HOUSING C-4,5670,DORMITORY,20820,1995,2026-10-06
VSP,10103,VALLEY STATE PRISON,43764,,BLDG 309-GENERAL POPULATION HOUSING B-1,5670,DORMITORY,20820,1995,2026-10-06
VSP,10103,VALLEY STATE PRISON,43765,,BLDG 310-GENERAL POPULATION HOUSING B-2,5670,DORMITORY,20820,1995,2026-10-06
VSP,10103,VALLEY STATE PRISON,43766,,BLDG 311-GENERAL POPULATION HOUSING B-3,5670,DORMITORY,20820,1995,2026-10-06
VSP,10103,VALLEY STATE PRISON,43767,,BLDG 312-GENERAL POPULATION HOUSING B-4,5670,DORMITORY,20820,1995,2026-10-06
VSP,10103,VALLEY STATE PRISON,43768,,BLDG 313-RECEPTION CENTER HOUSING  A-1,5670,DORMITORY,20820,1995,2026-10-06
VSP,10103,VALLEY STATE PRISON,43769,,BLDG 314-RECEPTION CENTER HOUSING  A-2,5670,DORMITORY,20820,1995,2026-10-06
VSP,10103,VALLEY STATE PRISON,43770,,BLDG 315-RECEPTION CENTER-270(CELLS) A-3,5670,DORMITORY,25084,1995,2026-10-06
VSP,10103,VALLEY STATE PRISON,43771,,BLDG 316-SHU/AD SEF-270 (CELLS) UNIT A-4,5670,DORMITORY,25084,1995,2026-10-06
VSP,10103,VALLEY STATE PRISON,43772,,BLDG 401 - C/D SUPPORT SERVICES,2310,OFFICE (INSTITUTIONAL),33938,1995,2026-10-06
VSP,10103,VALLEY STATE PRISON,43773,,BLDG 402 - C/D FACILITY ADMINISTRATION,2310,OFFICE (INSTITUTIONAL),4896,1995,2026-10-06
VSP,10103,VALLEY STATE PRISON,43774,,BLDG 403- A/B SUPPORT SERVICES/RECEPTION,2310,OFFICE (INSTITUTIONAL),33938,1995,2026-10-06
VSP,10103,VALLEY STATE PRISON,43775,,BLDG 404-RECEPTION CENTER/ADMINISTRATION,2310,OFFICE (INSTITUTIONAL),20944,1995,2026-10-06
VSP,10103,VALLEY STATE PRISON,43776,,BLDG 405 - RECEIVING & RELEASE,2310,OFFICE (INSTITUTIONAL),4966,1995,2026-10-06
VSP,10103,VALLEY STATE PRISON,43777,,BLDG 406-BTP/VISITING/CNTRL CONTROL/ISU,2310,OFFICE (INSTITUTIONAL),34029,1995,2026-10-06
VSP,10103,VALLEY STATE PRISON,43778,,BLDG 407 - LIBRARY/CHAPEL/GYM,2310,OFFICE (INSTITUTIONAL),25836,1995,2026-10-06
VSP,10103,VALLEY STATE PRISON,43779,,BLDG 408 - ACADEMIC EDUCATION,5620,CLASSROOM,60224,1995,2026-10-06
VSP,10103,VALLEY STATE PRISON,43780,,BLDG 410 - CENTRAL KITCHEN,5870,DINING/CAFETERIA,20740,1995,2026-10-06
VSP,10103,VALLEY STATE PRISON,43781,,BLDG 411 - PIA LAUNDRY/STEAM GENERATOR,5860,LAUNDRY,19264,1995,2026-10-06
VSP,10103,VALLEY STATE PRISON,43782,,BLDG 501 - VOCATIONAL EDUCATION FACILITY,5620,CLASSROOM,17466,1995,2026-10-06
VSP,10103,VALLEY STATE PRISON,43783,,BLDG 502 - GREENHOUSE,5700,NURSERY/GREENHOUSE,672,1995,2026-10-06
VSP,10103,VALLEY STATE PRISON,43784,,BLDG 503 - VOCATIONAL EDUCATION FACILITY,5620,CLASSROOM,24640,1995,2026-10-06
VSP,10103,VALLEY STATE PRISON,43785,,BLDG 504 - VOCATIONAL EDUCATION FACILITY,5620,CLASSROOM,18760,1995,2026-10-06
VSP,10103,VALLEY STATE PRISON,43786,,BLDG 505 - OPTICAL LAB/VOC EDU FACILITY,5620,CLASSROOM,22442,1995,2026-10-06
VSP,10103,VALLEY STATE PRISON,43787,,BLDG 507 - PLANT OPERATIONS,5810,SHOP,8100,1995,2026-10-06
VSP,10103,VALLEY STATE PRISON,43788,,BLDG 508  - VOLITILE STORAGE,2420,SHED,100,1995,2026-10-06
VSP,10103,VALLEY STATE PRISON,43789,,BLDG 601 - VISITOR'S CENTER PAD,5960,VISITATION FACILITY,1380,1995,2026-10-06
VSP,10103,VALLEY STATE PRISON,43790,,BLDG 602 - STANDBY GENERATOR/SWITCHGEAR,5820,UTILITY,0,1995,2026-10-06
VSP,10103,VALLEY STATE PRISON,43792,,BLDG 701 - WAREHOUSE,2440,WAREHOUSE,53637,1995,2026-10-06
VSP,10103,VALLEY STATE PRISON,43795,,BLDG 702 - LAUNDRY CHEMICAL STORAGE,2420,SHED,850,1995,2026-10-06
VSP,10103,VALLEY STATE PRISON,43793,,BLDG 801 - CENTRAL ADMINISTRATION,2310,OFFICE (INSTITUTIONAL),31391,1995,2026-10-06
VSP,10103,VALLEY STATE PRISON,43796,,BLDG 803 - VISITOR/STAFF PROCESSING,5960,VISITATION FACILITY,3483,1995,2026-10-06
VSP,10103,VALLEY STATE PRISON,43797,,BLDG 804 - FAMILY VISITING,5960,VISITATION FACILITY,2456,1995,2026-10-06
VSP,10103,VALLEY STATE PRISON,43798,,BLDG 805 - ADMINISTRATION OFFICES,2310,OFFICE (INSTITUTIONAL),2456,1995,2026-10-06
VSP,10103,VALLEY STATE PRISON,43799,,BLDG 806 - VEHICLE SALLYPORT,5060,LOOKOUT (GUARD STATION),120,1995,2026-10-06
VSP,10103,VALLEY STATE PRISON,43800,,BLDG 807 - ENTERANCE GATEHOUSE,5060,LOOKOUT (GUARD STATION),120,1995,2026-10-06
VSP,10103,VALLEY STATE PRISON,43801,,BLDG 808 - OBSERVATION POST,5060,LOOKOUT (GUARD STATION),200,1995,2026-10-06
VSP,10103,VALLEY STATE PRISON,43802,,BLDG 809 - OBSERVATION POST,5060,LOOKOUT (GUARD STATION),200,1995,2026-10-06
VSP,10103,VALLEY STATE PRISON,43803,,BLDG 810 - GUARD TOWER #1,5060,LOOKOUT (GUARD STATION),190,1995,2026-10-06
VSP,10103,VALLEY STATE PRISON,43804,,BLDG 811 - GUARD TOWER #2,5060,LOOKOUT (GUARD STATION),190,1995,2026-10-06
VSP,10103,VALLEY STATE PRISON,43805,,BLDG 812 - ARMORY/LOCKSMITH,5600,ARMORY,1721,1995,2026-10-06
VSP,10103,VALLEY STATE PRISON,55784,,C-YARD INMATE RESTROOM,5920,COMBINATION RESTROOM,791,2014,2026-10-06
VSP,10103,VALLEY STATE PRISON,55785,,D-YARD INMATE RESTROOM,5920,COMBINATION RESTROOM,791,2014,2026-10-06
VSP,10103,VALLEY STATE PRISON,50450,,INMATE RESTROOM YARD TOILETS (SEC. 6.00),5880,COMFORT STATION/RESTROOMS/LAVATORIES,500,2006,2026-10-06
VSP,10103,VALLEY STATE PRISON,51097,414,AB900 MODULAR BUILDING,2340,RELOCATABLE CLASSROOM,6720,2009,2026-10-06
VSP,10103,VALLEY STATE PRISON,57268,510,BLDG 510 - GARAGE,3510,GARAGE/PARKING STRUCTURE,3122,1995,2026-10-06
VSP,10103,VALLEY STATE PRISON,4904,FP 331-R,BLDG. #412 INTEGRITY,2340,RELOCATABLE CLASSROOM,4970,1999,2026-10-06
VSP,10103,VALLEY STATE PRISON,4905,FP 331-R,BLDG. 413 DESTINY,2340,RELOCATABLE CLASSROOM,4970,2000,2026-10-06
WSP,9647,WASCO STATE PRISON RECEPTION CENTER,51578,,20 SMALL MANAGEMENT EXERCISE YARDS,5930,SMALL MANAGEMENT EXERCISE YARDS,3000,2009,2026-10-06
WSP,9647,WASCO STATE PRISON RECEPTION CENTER,3665,704,DENTAL/PSYCHE MODULE,2330,RELOCATABLE OFFICE,3600,1995,2026-10-06
WSP,9647,WASCO STATE PRISON RECEPTION CENTER,44512,705,CORRECTIONAL CLINICAL CASE MANAGEMENT,5710,HOSPITAL/CLINIC/TREATMENT CENTER,1996,2003,2026-10-06
WSP,9647,WASCO STATE PRISON RECEPTION CENTER,44511,706,RECEPTION CTR SCREENING & EVALUATION PRG,5710,HOSPITAL/CLINIC/TREATMENT CENTER,2828,2003,2026-10-06
WSP,9647,WASCO STATE PRISON RECEPTION CENTER,51102,707,FACILITY D MEDICAL TRAILER 707,2355,RELOCATABLE MEDICAL FACILITY,640,2009,2026-10-06
WSP,9647,WASCO STATE PRISON RECEPTION CENTER,51101,708,FACILITY B MEDICAL TRAILER 708,2355,RELOCATABLE MEDICAL FACILITY,460,2009,2026-10-06
WSP,9647,WASCO STATE PRISON RECEPTION CENTER,51100,709,FACILITY C MEDICAL TRAILER 709,2355,RELOCATABLE MEDICAL FACILITY,640,2009,2026-10-06
WSP,9647,WASCO STATE PRISON RECEPTION CENTER,50407,803E,HEMODIALYSIS STORAGE,5710,HOSPITAL/CLINIC/TREATMENT CENTER,288,2005,2026-10-06
WSP,9647,WASCO STATE PRISON RECEPTION CENTER,40601,BLDG. 117,TRANSFORMER STATION (SUB-STATION),5820,UTILITY,7590,1999,2026-10-06
WSP,9647,WASCO STATE PRISON RECEPTION CENTER,39502,BUILDING #115,HEALTH AND SAFETY / COMMUNITY RESOURCES,2310,OFFICE (INSTITUTIONAL),1178,1998,2026-10-06
WSP,9647,WASCO STATE PRISON RECEPTION CENTER,39503,BUILDING #116,PROCUREMENT,2310,OFFICE (INSTITUTIONAL),1178,1998,2026-10-06
WSP,9647,WASCO STATE PRISON RECEPTION CENTER,39497,BUILDING #418,RECEPTION CTR HOUSING-DORMS FACILITY H-1,5670,DORMITORY,13855,1996,2026-10-06
WSP,9647,WASCO STATE PRISON RECEPTION CENTER,39498,BUILDING #419,RECEPTION CTR HOUSING-DORMS FACILITY H-2,5670,DORMITORY,13855,1996,2026-10-06
WSP,9647,WASCO STATE PRISON RECEPTION CENTER,39495,BUILDING #420,RECEPTION CENTER FACILITY H MEDICAL,5710,HOSPITAL/CLINIC/TREATMENT CENTER,800,1997,2026-10-06
WSP,9647,WASCO STATE PRISON RECEPTION CENTER,39499,BUILDING #421,RECEPTION CTR HOUSING-DORMS FACILITY H-3,5670,DORMITORY,13855,1996,2026-10-06
WSP,9647,WASCO STATE PRISON RECEPTION CENTER,39500,BUILDING #422,RECEPTION CTR HOUSING-DORMS FACILITY H-4,5670,DORMITORY,13855,1996,2026-10-06
WSP,9647,WASCO STATE PRISON RECEPTION CENTER,39501,BUILDING #423,RECEPTION CTR HOUSING-DORMS H-5,5670,DORMITORY,13855,1996,2026-10-06
WSP,9647,WASCO STATE PRISON RECEPTION CENTER,37710,BUILDING 101,CASA DE ROSAS/CENTER FORCE,2380,CONFERENCE ROOM,940,1991,2026-10-06
WSP,9647,WASCO STATE PRISON RECEPTION CENTER,37711,BUILDING 201,WASTE WATER STATION,5720,LABORATORY,800,1991,2026-10-06
WSP,9647,WASCO STATE PRISON RECEPTION CENTER,37712,BUILDING 202,WATER PUMP STATION,5120,PUMP/WELL HOUSE,1711,1991,2026-10-06
WSP,9647,WASCO STATE PRISON RECEPTION CENTER,37713,BUILDING 301,LEVEL 3 HOUSING A-1,5670,DORMITORY,24782,1991,2026-10-06
WSP,9647,WASCO STATE PRISON RECEPTION CENTER,37714,BUILDING 302,LEVEL 3 HOUSING. A-2,5670,DORMITORY,24782,1991,2026-10-06
WSP,9647,WASCO STATE PRISON RECEPTION CENTER,37715,BUILDING 303,LEVEL 3 HOUSING A-3,5670,DORMITORY,24782,1991,2026-10-06
WSP,9647,WASCO STATE PRISON RECEPTION CENTER,37716,BUILDING 304,LEVEL 3 HOUSING A-4,5670,DORMITORY,24782,1991,2026-10-06
WSP,9647,WASCO STATE PRISON RECEPTION CENTER,37717,BUILDING 305,LEVEL 3 HOUSING A-5,5670,DORMITORY,24782,1991,2026-10-06
WSP,9647,WASCO STATE PRISON RECEPTION CENTER,37718,BUILDING 306,CENTRAL KITCHEN,5830,KITCHEN,21050,1991,2026-10-06
WSP,9647,WASCO STATE PRISON RECEPTION CENTER,37719,BUILDING 307,FOOD SERVICE SATILLITE,5830,KITCHEN,12681,1991,2026-10-06
WSP,9647,WASCO STATE PRISON RECEPTION CENTER,37720,BUILDING 308,LEVEL 3 FACILITY SUPPORT SERVICES,2310,OFFICE (INSTITUTIONAL),24640,1991,2026-10-06
WSP,9647,WASCO STATE PRISON RECEPTION CENTER,37721,BUILDING 309,BPT/VISITING CENTRAL CONTROL-OPERATING,2310,OFFICE (INSTITUTIONAL),33132,1991,2026-10-06
WSP,9647,WASCO STATE PRISON RECEPTION CENTER,37722,BUILDING 310,WORK CHANGE,2485,WORK CHANGE,625,1991,2026-10-06
WSP,9647,WASCO STATE PRISON RECEPTION CENTER,37723,BUILDING 311,ARMORY/LOCKSMITH,5600,ARMORY,1726,1991,2026-10-06
WSP,9647,WASCO STATE PRISON RECEPTION CENTER,37725,BUILDING 401,"RECEPTION CENTER HOUSING-CELLS, D-1",5670,DORMITORY,12987,1991,2026-10-06
WSP,9647,WASCO STATE PRISON RECEPTION CENTER,37726,BUILDING 402,"RECEPTION CENTER HOUSING-CELLS, D-2",5670,DORMITORY,12987,1991,2026-10-06
WSP,9647,WASCO STATE PRISON RECEPTION CENTER,37727,BUILDING 403,"RECEPTION CENTER HOUSING-CELLS, D-3",5670,DORMITORY,12987,1991,2026-10-06
WSP,9647,WASCO STATE PRISON RECEPTION CENTER,37728,BUILDING 404,"RECEPTION CENTER HOUSING-CELLS, D-4",5670,DORMITORY,12987,1991,2026-10-06
WSP,9647,WASCO STATE PRISON RECEPTION CENTER,37729,BUILDING 405,"RECEPTION CENTER HOUSING CELLS, D-5",5670,DORMITORY,12987,1991,2026-10-06
WSP,9647,WASCO STATE PRISON RECEPTION CENTER,37730,BUILDING 406,"RECEPTION CENTER HOUSING-CELLS, D-6",5670,DORMITORY,12987,1991,2026-10-06
WSP,9647,WASCO STATE PRISON RECEPTION CENTER,37731,BUILDING 407,"RECEPTION CENTER HOUSING CELLS, B-1",5670,DORMITORY,12987,1991,2026-10-06
WSP,9647,WASCO STATE PRISON RECEPTION CENTER,37732,BUILDING 408,"RECEPTION CENTER HOUSING-CELLS, B-2",5670,DORMITORY,12987,1991,2026-10-06
WSP,9647,WASCO STATE PRISON RECEPTION CENTER,37733,BUILDING 409,"RECEPTION CENTER HOUSING-CELLS, B-3",5670,DORMITORY,12987,1991,2026-10-06
WSP,9647,WASCO STATE PRISON RECEPTION CENTER,37734,BUILDING 410,"RECEPTION CENTER HOUSING-CELLS, B-4",5670,DORMITORY,12987,1991,2026-10-06
WSP,9647,WASCO STATE PRISON RECEPTION CENTER,37735,BUILDING 411,"RECEPTION CENTER HOUSING CELLS, B-5",5670,DORMITORY,12987,1991,2026-10-06
WSP,9647,WASCO STATE PRISON RECEPTION CENTER,37736,BUILDING 412,"RECEPTION CENTER HOUSING CELLS, B-6",5670,DORMITORY,12987,1991,2026-10-06
WSP,9647,WASCO STATE PRISON RECEPTION CENTER,37737,BUILDING 413,RECEPTION CENTER HOUSING-DORMS FAC. C-1,5670,DORMITORY,12987,1991,2026-10-06
WSP,9647,WASCO STATE PRISON RECEPTION CENTER,37738,BUILDING 414,RECEPTION CENTER HOUSING DORMS FAC. C-2,5670,DORMITORY,12987,1991,2026-10-06
WSP,9647,WASCO STATE PRISON RECEPTION CENTER,37739,BUILDING 415,RECEPTION CENTER HOUSING-DORMS FAC. C-3,5670,DORMITORY,12987,1991,2026-10-06
WSP,9647,WASCO STATE PRISON RECEPTION CENTER,37740,BUILDING 416,RECEPTION CENTER HOUSING-DORMS FAC. C-4,5670,DORMITORY,12987,1991,2026-10-06
WSP,9647,WASCO STATE PRISON RECEPTION CENTER,37741,BUILDING 417,YARD OBSERVATION TOWER/FACILITY B,5060,LOOKOUT (GUARD STATION),121,1991,2026-10-06
WSP,9647,WASCO STATE PRISON RECEPTION CENTER,37742,BUILDING 417C,FACILITY C YARD OBSERVATION TOWER,5060,LOOKOUT (GUARD STATION),121,1991,2026-10-06
WSP,9647,WASCO STATE PRISON RECEPTION CENTER,37743,BUILDING 417D,FACILITY D YARD OBSERVATION TOWER,5060,LOOKOUT (GUARD STATION),121,1991,2026-10-06
WSP,9647,WASCO STATE PRISON RECEPTION CENTER,37744,BUILDING 501,CENTRAL LAUNDRY,5860,LAUNDRY,25556,1991,2026-10-06
WSP,9647,WASCO STATE PRISON RECEPTION CENTER,37745,BUILDING 502,BUILDING MAINTENANCE,5810,SHOP,8220,1991,2026-10-06
WSP,9647,WASCO STATE PRISON RECEPTION CENTER,37746,BUILDING 502A,GREENHOUSE,5700,NURSERY/GREENHOUSE,841,1991,2026-10-06
WSP,9647,WASCO STATE PRISON RECEPTION CENTER,37747,BUILDING 503,VOC. EDUCATION LIBRARY/AIC/MEDIA,5620,CLASSROOM,20038,1991,2026-10-06
WSP,9647,WASCO STATE PRISON RECEPTION CENTER,37748,BUILDING 504,VOLATILE STORAGE,2400,STORAGE,100,1991,2026-10-06
WSP,9647,WASCO STATE PRISON RECEPTION CENTER,37749,BUILDING 505,WAREHOUSE,2440,WAREHOUSE,67890,1991,2026-10-06
WSP,9647,WASCO STATE PRISON RECEPTION CENTER,37750,BUILDING 506,VOLATILE STORAGE,2400,STORAGE,836,1991,2026-10-06
WSP,9647,WASCO STATE PRISON RECEPTION CENTER,37751,BUILDING 507,VEHICLE/BUILDING MAINTENANCE,5810,SHOP,6744,1991,2026-10-06
WSP,9647,WASCO STATE PRISON RECEPTION CENTER,37752,BUILDING 508,FIREHOUSE,5690,FIREHOUSE/FOREST FIRE STATION,3804,1991,2026-10-06
WSP,9647,WASCO STATE PRISON RECEPTION CENTER,37753,BUILDING 509,RASP,2480,EQUIPMENT/MAINTENANCE BUILDING,1936,1991,2026-10-06
WSP,9647,WASCO STATE PRISON RECEPTION CENTER,37754,BUILDING 601,TOWER 1/SUB-ARMORY,5060,LOOKOUT (GUARD STATION),58,1991,2026-10-06
WSP,9647,WASCO STATE PRISON RECEPTION CENTER,37755,BUILDING 602,TOWER 2,5060,LOOKOUT (GUARD STATION),58,1991,2026-10-06
WSP,9647,WASCO STATE PRISON RECEPTION CENTER,37756,BUILDING 603,TOWER 3,5060,LOOKOUT (GUARD STATION),58,1991,2026-10-06
WSP,9647,WASCO STATE PRISON RECEPTION CENTER,37757,BUILDING 604,TOWER 4,5060,LOOKOUT (GUARD STATION),58,1991,2026-10-06
WSP,9647,WASCO STATE PRISON RECEPTION CENTER,37758,BUILDING 605,TOWER 5/SUB-ARMORY,5060,LOOKOUT (GUARD STATION),58,1991,2026-10-06
WSP,9647,WASCO STATE PRISON RECEPTION CENTER,37759,BUILDING 606,TOWER 6,5060,LOOKOUT (GUARD STATION),58,1991,2026-10-06
WSP,9647,WASCO STATE PRISON RECEPTION CENTER,37760,BUILDING 607,TOWER 7,5060,LOOKOUT (GUARD STATION),58,1991,2026-10-06
WSP,9647,WASCO STATE PRISON RECEPTION CENTER,37761,BUILDING 608,TOWER 8,5060,LOOKOUT (GUARD STATION),58,1991,2026-10-06
WSP,9647,WASCO STATE PRISON RECEPTION CENTER,37762,BUILDING 609,TOWER 9,5060,LOOKOUT (GUARD STATION),58,1991,2026-10-06
WSP,9647,WASCO STATE PRISON RECEPTION CENTER,37763,BUILDING 610,VEHICLE SALLYPORT,5060,LOOKOUT (GUARD STATION),120,1991,2026-10-06
WSP,9647,WASCO STATE PRISON RECEPTION CENTER,37764,BUILDING 611,ENTRY GATE HOUSE,5060,LOOKOUT (GUARD STATION),120,1991,2026-10-06
WSP,9647,WASCO STATE PRISON RECEPTION CENTER,37765,BUILDING 612,ELECTRICAL SWITCHGEAR,5820,UTILITY,2281,1991,2026-10-06
WSP,9647,WASCO STATE PRISON RECEPTION CENTER,37766,BUILDING 613,SERVICE YARD GUARD POST,5060,LOOKOUT (GUARD STATION),120,1991,2026-10-06
WSP,9647,WASCO STATE PRISON RECEPTION CENTER,37767,BUILDING 701A,R/C WORK CHANGE,2485,WORK CHANGE,600,1991,2026-10-06
WSP,9647,WASCO STATE PRISON RECEPTION CENTER,37768,BUILDING 701B,BUILDING MAINTENANCE,5810,SHOP,3403,1991,2026-10-06
WSP,9647,WASCO STATE PRISON RECEPTION CENTER,37769,BUILDING 701C,CANTEEN STAGING,5750,CONCESSION,2477,1991,2026-10-06
WSP,9647,WASCO STATE PRISON RECEPTION CENTER,37770,BUILDING 701D,LAUNDRY STAGING,5860,LAUNDRY,3773,1991,2026-10-06
WSP,9647,WASCO STATE PRISON RECEPTION CENTER,37771,BUILDING 701E,RETHERM KITCHEN,5830,KITCHEN,11832,1991,2026-10-06
WSP,9647,WASCO STATE PRISON RECEPTION CENTER,37772,BUILDING 701F,RECEIVING AND RELEASE,2310,OFFICE (INSTITUTIONAL),8400,1991,2026-10-06
WSP,9647,WASCO STATE PRISON RECEPTION CENTER,37773,BUILDING 701G,MEDICAL DIAGNOSTIC R/C,5710,HOSPITAL/CLINIC/TREATMENT CENTER,4259,1991,2026-10-06
WSP,9647,WASCO STATE PRISON RECEPTION CENTER,37774,BUILDING 701H,CASEWORK MANAGEMENT,2310,OFFICE (INSTITUTIONAL),5002,1991,2026-10-06
WSP,9647,WASCO STATE PRISON RECEPTION CENTER,37775,BUILDING 701I,CENTRAL HEALTH R/C,5710,HOSPITAL/CLINIC/TREATMENT CENTER,21262,1991,2026-10-06
WSP,9647,WASCO STATE PRISON RECEPTION CENTER,37776,BUILDING 702 B-1,FACILITY B CHAPEL,5650,CHAPEL,1864,1991,2026-10-06
WSP,9647,WASCO STATE PRISON RECEPTION CENTER,37777,BUILDING 702 B-2,MEDICAL FACILITIES B,5710,HOSPITAL/CLINIC/TREATMENT CENTER,800,1991,2026-10-06
WSP,9647,WASCO STATE PRISON RECEPTION CENTER,37778,BUILDING 702 B-3,FACILITY B ADMINISTRATION,2310,OFFICE (INSTITUTIONAL),1220,1991,2026-10-06
WSP,9647,WASCO STATE PRISON RECEPTION CENTER,37789,BUILDING 702 B-4,SATELLITE LIBRARY B,5680,LIBRARY,1220,1991,2026-10-06
WSP,9647,WASCO STATE PRISON RECEPTION CENTER,37779,BUILDING 702 B-5,FACILITY B TESTING,2310,OFFICE (INSTITUTIONAL),2522,1991,2026-10-06
WSP,9647,WASCO STATE PRISON RECEPTION CENTER,37790,BUILDING 702 C-1,FACILITY C CHAPEL,5650,CHAPEL,2451,1991,2026-10-06
WSP,9647,WASCO STATE PRISON RECEPTION CENTER,37780,BUILDING 702 C-2,FACILITY C MEDICAL FACILITIES,5710,HOSPITAL/CLINIC/TREATMENT CENTER,800,1991,2026-10-06
WSP,9647,WASCO STATE PRISON RECEPTION CENTER,37781,BUILDING 702 C-3,FACILITY C ADMINISTRATION,2310,OFFICE (INSTITUTIONAL),1220,1991,2026-10-06
WSP,9647,WASCO STATE PRISON RECEPTION CENTER,37782,BUILDING 702 C-4,R/C COMPLEX CONTROL,5060,LOOKOUT (GUARD STATION),313,1991,2026-10-06
WSP,9647,WASCO STATE PRISON RECEPTION CENTER,37783,BUILDING 702 C-5,FACILITY C SATELLITE LIBRARY,5680,LIBRARY,1166,1991,2026-10-06
WSP,9647,WASCO STATE PRISON RECEPTION CENTER,37784,BUILDING 702 D-1,FACILITY D CHAPEL,5650,CHAPEL,1864,1991,2026-10-06
WSP,9647,WASCO STATE PRISON RECEPTION CENTER,37785,BUILDING 702 D-2,FACILITY D MEDICAL,5710,HOSPITAL/CLINIC/TREATMENT CENTER,1864,1991,2026-10-06
WSP,9647,WASCO STATE PRISON RECEPTION CENTER,37786,BUILDING 702 D-3,FACILITY D ADMINISTRATION,2310,OFFICE (INSTITUTIONAL),1220,1991,2026-10-06
WSP,9647,WASCO STATE PRISON RECEPTION CENTER,37787,BUILDING 702 D-4,FACILITY D SATELLITE LIBRARY,5680,LIBRARY,1220,1991,2026-10-06
WSP,9647,WASCO STATE PRISON RECEPTION CENTER,37788,BUILDING 702 D-5,TESTING,5620,CLASSROOM,2522,1991,2026-10-06
WSP,9647,WASCO STATE PRISON RECEPTION CENTER,37791,BUILDING 703,MEDICAL MODULARS,2355,RELOCATABLE MEDICAL FACILITY,2200,1991,2026-10-06
WSP,9647,WASCO STATE PRISON RECEPTION CENTER,37792,BUILDING 801,CENTRAL ADMINISTRATION,2310,OFFICE (INSTITUTIONAL),28488,1991,2026-10-06
WSP,9647,WASCO STATE PRISON RECEPTION CENTER,37793,BUILDING 802,VISITOR PROCESSING,5960,VISITATION FACILITY,3580,1991,2026-10-06
WSP,9647,WASCO STATE PRISON RECEPTION CENTER,37794,BUILDING 803,LEVEL 3 FAMILY VISITING,5960,VISITATION FACILITY,2470,1991,2026-10-06
WSP,9647,WASCO STATE PRISON RECEPTION CENTER,37795,BUILDING 804,RANGE CLASSROOM/SUPPORT,5620,CLASSROOM,840,1991,2026-10-06
WSP,9647,WASCO STATE PRISON RECEPTION CENTER,3606,BUILDING 805,MIST/CLASSROOM,2330,RELOCATABLE OFFICE,7440,1994,2026-10-06
WSP,9647,WASCO STATE PRISON RECEPTION CENTER,37797,BUILDING 901,FACILITY M BUILDING 1,2310,OFFICE (INSTITUTIONAL),16000,1991,2026-10-06
WSP,9647,WASCO STATE PRISON RECEPTION CENTER,37798,BUILDING 902,FACILITY M BUILDING 2,2310,OFFICE (INSTITUTIONAL),16000,1991,2026-10-06
WSP,9647,WASCO STATE PRISON RECEPTION CENTER,37799,BUILDING 903,LEVEL 1 PROGRAM AND SUPPORT,2310,OFFICE (INSTITUTIONAL),11556,1991,2026-10-06
WSP,9647,WASCO STATE PRISON RECEPTION CENTER,37800,BUILDING 904,LEVEL 1 SUPPORT SERVICES,2310,OFFICE (INSTITUTIONAL),5400,1991,2026-10-06
WSP,9647,WASCO STATE PRISON RECEPTION CENTER,37801,BUILDING 905,LEVEL 1 FAMILY VISITING,5960,VISITATION FACILITY,776,1991,2026-10-06
WSP,9647,WASCO STATE PRISON RECEPTION CENTER,37802,BUILDING 906,P.I.A. FARM,2490,BARN,2130,1991,2026-10-06
