institution,fiscal_year,category,metric,Jul,Aug,Sep,Oct,Nov,Dec,Jan,Feb,Mar,Apr,May,Jun
ASP,2021-2022,Lockdowns and Modified Programs,Incarcerated Persons-Days on Modified Programs,0.37,9.20,2.96,0.00,0.00,0.00,23.40,25.10,6.60,0.13,,
ASP,2021-2022,Lockdowns and Modified Programs,Lockdowns,0.00,0.00,0.00,0.00,0.00,0.00,0.00,0.00,0.00,0.00,,
ASP,2021-2022,Lockdowns and Modified Programs,Quarter,Q1,Q1,Q1,Q2,Q2,Q2,Q3,Q3,Q3,Q4,,
ASP,2021-2022,Lockdowns and Modified Programs,Metric,Jul-21,Aug-21,Sep-21,Oct-21,Nov-21,Dec-21,Jan-22,Feb-22,Mar-22,Apr-22,,
ASP,2021-2022,Number of Deaths,Unexpected,,,,,,,,,2.00,,,
ASP,2021-2022,Overtime Hours,Custody (Overtime),"15,693.20","22,477.77","17,848.86","22,872.84","16,838.85","16,421.50","26,935.67","16,219.54","21,439.87","18,567.89",,
ASP,2021-2022,Overtime Hours,Quarter,Q1,Q1,Q1,Q2,Q2,Q2,Q3,Q3,Q3,Q4,,
ASP,2021-2022,Overtime Hours,Metric,Jul-21,Aug-21,Sep-21,Oct-21,Nov-21,Dec-21,Jan-22,Feb-22,Mar-22,Apr-22,,
ASP,2021-2022,Overtime Hours,Dental + Mental Health (Overtime),50.00,36.00,65.00,98.00,57.50,34.00,44.00,28.50,26.50,52.50,,
ASP,2021-2022,Overtime Hours,Non-Custody (Overtime),"1,544.00","1,973.50","1,522.50","2,082.75","1,969.25","1,620.50","4,019.50","4,564.25","1,544.75","1,573.75",,
ASP,2021-2022,Overtime Hours,Total Overtime Hours,"17,287.20","24,487.27","19,436.36","25,053.59","18,865.60","18,076.00","30,999.17","20,812.29","23,011.12","20,194.14",,
CAC,2021-2022,Lockdowns and Modified Programs,Incarcerated Persons-Days on Modified Programs,1.41,9.94,11.07,0.00,0.00,3.28,27.70,14.30,0.00,0.00,,
CAC,2021-2022,Lockdowns and Modified Programs,Lockdowns,0.00,0.00,0.00,0.00,0.00,0.00,0.00,0.00,0.00,0.00,,
CAC,2021-2022,Overtime Hours,Custody (Overtime),"7,986.29","9,586.87","7,850.88","12,343.14","8,500.39","8,558.36","14,396.06","8,965.86","9,577.71","8,830.04",,
CAC,2021-2022,Overtime Hours,Dental + Mental Health (Overtime),0.00,0.00,0.00,0.00,13.80,33.35,32.20,32.20,34.50,34.50,,
CAC,2021-2022,Overtime Hours,Non-Custody (Overtime),347.75,516.00,330.75,413.25,330.25,303.25,230.75,865.50,678.50,352.75,,
CAC,2021-2022,Overtime Hours,Total Overtime Hours,"8,334.04","10,102.87","8,181.63","12,756.39","8,844.44","8,894.96","14,659.01","9,863.56","10,290.71","9,217.29",,
CAC,2021-2022,Overtime Hours,Quarter,Q1,Q1,Q1,Q2,Q2,Q2,Q3,Q3,Q3,Q4,,
CAC,2021-2022,Overtime Hours,Metric,Jul-21,Aug-21,Sep-21,Oct-21,Nov-21,Dec-21,Jan-22,Feb-22,Mar-22,Apr-22,,
CAL,2021-2022,Lockdowns and Modified Programs,Incarcerated Persons-Days on Modified Programs,0.00,0.29,0.00,9.61,12.47,2.96,23.82,19.20,4.59,4.88,,
CAL,2021-2022,Lockdowns and Modified Programs,Quarter,Q1,Q1,Q1,Q2,Q2,Q2,Q3,Q3,Q3,Q4,,
CAL,2021-2022,Lockdowns and Modified Programs,Metric,Jul-21,Aug-21,Sep-21,Oct-21,Nov-21,Dec-21,Jan-22,Feb-22,Mar-22,Apr-22,,
CAL,2021-2022,Lockdowns and Modified Programs,Lockdowns,0.00,0.00,0.00,0.00,0.00,0.00,0.00,0.00,0.00,0.00,,
CAL,2021-2022,Number of Deaths,Unexpected,,,,,1.00,,,,,,,
CAL,2021-2022,Overtime Hours,Custody (Overtime),"13,889.47","20,870.49","18,602.92","20,996.35","18,573.96","15,952.45","26,549.05","18,022.00","18,534.99","17,433.59",,
CAL,2021-2022,Overtime Hours,Dental + Mental Health (Overtime),55.00,34.80,24.45,67.65,43.50,38.20,55.75,41.15,24.00,24.00,,
CAL,2021-2022,Overtime Hours,Non-Custody (Overtime),"1,522.00","1,673.00","1,380.00","1,697.50","1,264.00","1,599.25","1,631.25","1,364.50","1,571.50","1,474.50",,
CAL,2021-2022,Overtime Hours,Total Overtime Hours,"15,466.47","22,578.29","20,007.37","22,761.50","19,881.46","17,589.90","28,236.05","19,427.65","20,130.49","18,932.09",,
CCC,2021-2022,Lockdowns and Modified Programs,Incarcerated Persons-Days on Modified Programs,21.87,20.74,19.31,20.25,18.83,19.60,22.38,18.78,22.78,13.91,,
CCC,2021-2022,Lockdowns and Modified Programs,Lockdowns,0.00,0.00,0.00,0.00,0.00,0.00,0.00,0.00,0.00,0.00,,
CCC,2021-2022,Overtime Hours,Custody (Overtime),"38,071.93","61,504.36","41,455.70","25,807.03","13,226.20","13,251.52","22,930.55","18,824.31","20,712.44","18,135.20",,
CCC,2021-2022,Overtime Hours,Dental + Mental Health (Overtime),172.35,80.90,73.00,70.00,110.85,73.00,85.45,69.15,54.90,67.80,,
CCC,2021-2022,Overtime Hours,Non-Custody (Overtime),"1,468.45","1,660.25","1,243.50","1,400.25",963.75,"1,299.75","1,410.50","1,229.00","1,154.00","1,286.00",,
CCC,2021-2022,Overtime Hours,Total Overtime Hours,"39,712.73","63,245.51","42,772.20","27,277.28","14,300.80","14,624.27","24,426.50","20,122.46","21,921.34","19,489.00",,
CCC,2021-2022,Overtime Hours,Quarter,Q1,Q1,Q1,Q2,Q2,Q2,Q3,Q3,Q3,Q4,,
CCC,2021-2022,Overtime Hours,Metric,Jul-21,Aug-21,Sep-21,Oct-21,Nov-21,Dec-21,Jan-22,Feb-22,Mar-22,Apr-22,,
CCI,2021-2022,Lockdowns and Modified Programs,Incarcerated Persons-Days on Modified Programs,6.48,0.99,0.00,0.00,3.24,1.57,23.97,12.76,1.41,2.00,,
CCI,2021-2022,Lockdowns and Modified Programs,Lockdowns,0.00,0.00,0.00,0.00,0.00,0.00,0.00,0.00,0.00,0.00,,
CCI,2021-2022,Overtime Hours,Custody (Overtime),"21,528.46","26,445.91","22,716.32","16,250.29","10,421.23","13,759.54","31,934.11","18,659.77","22,253.27","25,792.09",,
CCI,2021-2022,Overtime Hours,Dental + Mental Health (Overtime),125.90,154.75,189.25,172.95,133.90,95.10,141.80,134.95,186.65,162.50,,
CCI,2021-2022,Overtime Hours,Non-Custody (Overtime),"1,324.00","2,028.50","2,125.75","1,300.75",765.75,"1,054.50","1,361.25","1,055.75","1,250.50","1,358.75",,
CCI,2021-2022,Overtime Hours,Quarter,Q1,Q1,Q1,Q2,Q2,Q2,Q3,Q3,Q3,Q4,,
CCI,2021-2022,Overtime Hours,Metric,Jul-21,Aug-21,Sep-21,Oct-21,Nov-21,Dec-21,Jan-22,Feb-22,Mar-22,Apr-22,,
CCI,2021-2022,Overtime Hours,Total Overtime Hours,"22,978.36","28,629.16","25,031.32","17,723.99","11,320.88","14,909.14","33,437.16","19,850.47","23,690.42","27,313.34",,
CCWF,2021-2022,Lockdowns and Modified Programs,Incarcerated Persons-Days on Modified Programs,1.21,2.77,1.94,2.16,8.88,2.84,14.82,22.63,3.74,2.48,,
CCWF,2021-2022,Lockdowns and Modified Programs,Quarter,Q1,Q1,Q1,Q2,Q2,Q2,Q3,Q3,Q3,Q4,,
CCWF,2021-2022,Lockdowns and Modified Programs,Metric,Jul-21,Aug-21,Sep-21,Oct-21,Nov-21,Dec-21,Jan-22,Feb-22,Mar-22,Apr-22,,
CCWF,2021-2022,Lockdowns and Modified Programs,Lockdowns,0.00,0.00,0.00,0.00,0.00,0.00,0.00,0.00,0.00,0.00,,
CCWF,2021-2022,Number of Deaths,Expected,1.00,,,1.00,1.00,,1.00,1.00,,,,
CCWF,2021-2022,Number of Deaths,Unexpected,,,,,1.00,,,,,,,
CCWF,2021-2022,Overtime Hours,Custody (Overtime),"14,208.36","19,389.32","15,480.65","21,331.25","16,799.55","15,043.18","21,753.39","17,966.10","16,661.90","17,055.21",,
CCWF,2021-2022,Overtime Hours,Dental + Mental Health (Overtime),230.50,75.00,34.00,31.50,71.75,38.50,41.00,51.00,43.00,51.00,,
CCWF,2021-2022,Overtime Hours,Non-Custody (Overtime),820.42,"1,068.90","1,014.75","1,223.50",847.00,920.25,"1,153.25",755.50,"1,257.75",945.50,,
CCWF,2021-2022,Overtime Hours,Total Overtime Hours,"15,259.28","20,533.22","16,529.40","22,586.25","17,718.30","16,001.93","22,947.64","18,772.60","17,962.65","18,051.71",,
CCWF,2021-2022,Overtime Hours,Quarter,Q1,Q1,Q1,Q2,Q2,Q2,Q3,Q3,Q3,Q4,,
CCWF,2021-2022,Overtime Hours,Metric,Jul-21,Aug-21,Sep-21,Oct-21,Nov-21,Dec-21,Jan-22,Feb-22,Mar-22,Apr-22,,
CEN,2021-2022,Lockdowns and Modified Programs,Incarcerated Persons-Days on Modified Programs,0.46,0.52,0.40,5.72,3.24,0.66,5.08,3.69,4.43,1.91,,
CEN,2021-2022,Lockdowns and Modified Programs,Lockdowns,2.00,1.00,0.00,0.00,0.00,0.00,1.00,0.00,0.00,0.00,,
CEN,2021-2022,Number of Deaths,Expected,,,,,,,2.00,,,,,
CEN,2021-2022,Overtime Hours,Custody (Overtime),"12,463.95","18,085.14","15,609.53","18,607.92","15,519.63","16,266.09","23,495.99","15,357.10","19,285.94","16,932.48",,
CEN,2021-2022,Overtime Hours,Dental + Mental Health (Overtime),190.60,204.90,213.80,215.80,159.90,83.05,115.45,134.80,118.00,133.90,,
CEN,2021-2022,Overtime Hours,Non-Custody (Overtime),"1,340.25","1,807.25","1,120.75","1,529.00","1,270.75","1,247.25","1,613.50","1,173.00","1,414.50","1,429.25",,
CEN,2021-2022,Overtime Hours,Quarter,Q1,Q1,Q1,Q2,Q2,Q2,Q3,Q3,Q3,Q4,,
CEN,2021-2022,Overtime Hours,Metric,Jul-21,Aug-21,Sep-21,Oct-21,Nov-21,Dec-21,Jan-22,Feb-22,Mar-22,Apr-22,,
CEN,2021-2022,Overtime Hours,Total Overtime Hours,"13,994.80","20,097.29","16,944.08","20,352.72","16,950.28","17,596.39","25,224.94","16,664.90","20,818.44","18,495.63",,
CHCF,2021-2022,Lockdowns and Modified Programs,Incarcerated Persons-Days on Modified Programs,4.91,9.02,5.99,4.06,2.94,4.55,25.97,17.97,7.38,3.51,,
CHCF,2021-2022,Lockdowns and Modified Programs,Quarter,Q1,Q1,Q1,Q2,Q2,Q2,Q3,Q3,Q3,Q4,,
CHCF,2021-2022,Lockdowns and Modified Programs,Metric,Jul-21,Aug-21,Sep-21,Oct-21,Nov-21,Dec-21,Jan-22,Feb-22,Mar-22,Apr-22,,
CHCF,2021-2022,Lockdowns and Modified Programs,Lockdowns,0.00,0.00,0.00,0.00,0.00,0.00,0.00,0.00,0.00,0.00,,
CHCF,2021-2022,Number of Deaths,Expected,1.00,3.00,9.00,3.00,2.00,,5.00,6.00,8.00,1.00,,
CHCF,2021-2022,Number of Deaths,Missing,,,,,,1.00,3.00,,,1.00,,
CHCF,2021-2022,Number of Deaths,Unexpected,,,2.00,1.00,2.00,,1.00,1.00,,2.00,,
CHCF,2021-2022,Overtime Hours,Custody (Overtime),"31,171.84","45,583.60","32,878.11","43,975.81","30,329.94","28,052.96","45,491.31","28,519.32","25,535.18","23,348.90",,
CHCF,2021-2022,Overtime Hours,Dental + Mental Health (Overtime),224.85,183.55,173.80,121.25,176.75,120.00,104.00,121.65,106.50,117.30,,
CHCF,2021-2022,Overtime Hours,Non-Custody (Overtime),"4,977.01","5,759.40","3,735.05","4,844.08","3,754.25","3,055.25","5,705.45","3,567.75","4,271.75","4,028.38",,
CHCF,2021-2022,Overtime Hours,Quarter,Q1,Q1,Q1,Q2,Q2,Q2,Q3,Q3,Q3,Q4,,
CHCF,2021-2022,Overtime Hours,Metric,Jul-21,Aug-21,Sep-21,Oct-21,Nov-21,Dec-21,Jan-22,Feb-22,Mar-22,Apr-22,,
CHCF,2021-2022,Overtime Hours,Total Overtime Hours,"36,373.70","51,526.55","36,786.96","48,941.14","34,260.94","31,228.21","51,300.76","32,208.72","29,913.43","27,494.58",,
CIM,2021-2022,Lockdowns and Modified Programs,Incarcerated Persons-Days on Modified Programs,0.00,0.00,0.00,0.00,0.58,4.57,29.44,16.17,1.24,0.06,,
CIM,2021-2022,Lockdowns and Modified Programs,Lockdowns,0.00,0.00,0.00,0.00,0.00,0.00,0.00,0.00,0.00,0.00,,
CIM,2021-2022,Number of Deaths,Expected,,,,,2.00,,1.00,2.00,2.00,,,
CIM,2021-2022,Number of Deaths,Suicide,1.00,1.00,,1.00,,,,,,,,
CIM,2021-2022,Number of Deaths,Unexpected,,1.00,,,,,,2.00,,1.00,,
CIM,2021-2022,Overtime Hours,Custody (Overtime),"22,274.02","36,242.48","23,126.87","31,784.14","28,543.44","31,139.75","40,062.12","24,506.45","29,254.30","31,439.10",,
CIM,2021-2022,Overtime Hours,Quarter,Q1,Q1,Q1,Q2,Q2,Q2,Q3,Q3,Q3,Q4,,
CIM,2021-2022,Overtime Hours,Metric,Jul-21,Aug-21,Sep-21,Oct-21,Nov-21,Dec-21,Jan-22,Feb-22,Mar-22,Apr-22,,
CIM,2021-2022,Overtime Hours,Dental + Mental Health (Overtime),202.40,216.30,147.42,150.08,204.28,140.26,213.88,174.89,175.08,168.00,,
CIM,2021-2022,Overtime Hours,Non-Custody (Overtime),"3,221.91","3,851.83","3,279.08","4,418.50","2,952.25","3,389.00","5,063.50","2,785.00","2,676.75","2,347.00",,
CIM,2021-2022,Overtime Hours,Total Overtime Hours,"25,698.33","40,310.61","26,553.37","36,352.72","31,699.97","34,669.01","45,339.50","27,466.34","32,106.13","33,954.10",,
CIW,2021-2022,Lockdowns and Modified Programs,Incarcerated Persons-Days on Modified Programs,0.00,0.00,7.10,0.00,0.00,2.83,22.48,12.13,0.00,0.00,,
CIW,2021-2022,Lockdowns and Modified Programs,Lockdowns,0.00,0.00,0.00,0.00,0.00,0.00,0.00,0.00,0.00,0.00,,
CIW,2021-2022,Number of Deaths,Expected,,,,,,,1.00,1.00,,1.00,,
CIW,2021-2022,Number of Deaths,Unexpected,,,,,1.00,,,,,,,
CIW,2021-2022,Overtime Hours,Custody (Overtime),"11,868.29","17,278.98","13,857.71","15,920.87","12,932.73","12,012.73","19,092.21","12,905.00","14,065.87","13,869.84",,
CIW,2021-2022,Overtime Hours,Dental + Mental Health (Overtime),192.90,218.40,180.80,163.05,333.80,182.20,415.75,244.05,228.75,246.30,,
CIW,2021-2022,Overtime Hours,Non-Custody (Overtime),761.25,720.00,639.00,"1,088.00","1,101.25","1,801.00","1,977.75","1,849.75","1,595.50","1,780.75",,
CIW,2021-2022,Overtime Hours,Quarter,Q1,Q1,Q1,Q2,Q2,Q2,Q3,Q3,Q3,Q4,,
CIW,2021-2022,Overtime Hours,Metric,Jul-21,Aug-21,Sep-21,Oct-21,Nov-21,Dec-21,Jan-22,Feb-22,Mar-22,Apr-22,,
CIW,2021-2022,Overtime Hours,Total Overtime Hours,"12,822.44","18,217.38","14,677.51","17,171.92","14,367.78","13,995.93","21,485.71","14,998.80","15,890.12","15,896.89",,
CMC,2021-2022,Lockdowns and Modified Programs,Incarcerated Persons-Days on Modified Programs,0.45,0.11,0.05,0.00,0.03,0.08,21.84,26.31,27.22,0.00,,
CMC,2021-2022,Lockdowns and Modified Programs,Lockdowns,0.00,0.00,0.00,0.00,0.00,0.00,0.00,0.00,0.00,0.00,,
CMC,2021-2022,Number of Deaths,Expected,1.00,,,,,,,,,1.00,,
CMC,2021-2022,Number of Deaths,Suicide,,,,,,,,,1.00,,,
CMC,2021-2022,Number of Deaths,Unexpected,,,,,1.00,,,1.00,,,,
CMC,2021-2022,Overtime Hours,Custody (Overtime),"22,516.89","29,374.17","21,035.24","28,256.65","21,363.49","21,593.66","37,318.98","22,715.49","22,511.05","23,442.65",,
CMC,2021-2022,Overtime Hours,Quarter,Q1,Q1,Q1,Q2,Q2,Q2,Q3,Q3,Q3,Q4,,
CMC,2021-2022,Overtime Hours,Metric,Jul-21,Aug-21,Sep-21,Oct-21,Nov-21,Dec-21,Jan-22,Feb-22,Mar-22,Apr-22,,
CMC,2021-2022,Overtime Hours,Dental + Mental Health (Overtime),189.92,122.70,180.35,100.85,281.95,185.80,216.41,193.70,116.05,161.00,,
CMC,2021-2022,Overtime Hours,Non-Custody (Overtime),864.75,"1,152.00",976.00,869.50,874.00,880.25,"1,071.25",837.25,870.50,"1,029.75",,
CMC,2021-2022,Overtime Hours,Total Overtime Hours,"23,571.56","30,648.87","22,191.59","29,227.00","22,519.44","22,659.71","38,606.64","23,746.44","23,497.60","24,633.40",,
CMF,2021-2022,Lockdowns and Modified Programs,Incarcerated Persons-Days on Modified Programs,0.00,0.00,0.00,0.00,0.00,3.00,31.78,28.28,15.04,0.00,,
CMF,2021-2022,Lockdowns and Modified Programs,Lockdowns,0.00,0.00,0.00,0.00,0.00,0.00,0.00,0.00,0.00,0.00,,
CMF,2021-2022,Lockdowns and Modified Programs,Quarter,Q1,Q1,Q1,Q2,Q2,Q2,Q3,Q3,Q3,Q4,,
CMF,2021-2022,Lockdowns and Modified Programs,Metric,Jul-21,Aug-21,Sep-21,Oct-21,Nov-21,Dec-21,Jan-22,Feb-22,Mar-22,Apr-22,,
CMF,2021-2022,Number of Deaths,Expected,5.00,8.00,6.00,7.00,5.00,1.00,6.00,8.00,4.00,5.00,,
CMF,2021-2022,Number of Deaths,Missing,,,1.00,,,2.00,,1.00,1.00,1.00,,
CMF,2021-2022,Number of Deaths,Quarter,Q1,Q1,Q1,Q2,Q2,Q2,Q3,Q3,Q3,Q4,,
CMF,2021-2022,Number of Deaths,Metric,Jul-21,Aug-21,Sep-21,Oct-21,Nov-21,Dec-21,Jan-22,Feb-22,Mar-22,Apr-22,,
CMF,2021-2022,Number of Deaths,Unexpected,2.00,,,2.00,,,,1.00,,,,
CMF,2021-2022,Overtime Hours,Custody (Overtime),"20,300.16","24,258.33","20,754.65","21,470.83","17,232.79","17,297.87","28,939.55","21,469.46","17,010.40","17,633.80",,
CMF,2021-2022,Overtime Hours,Dental + Mental Health (Overtime),294.25,381.25,305.51,345.19,255.25,291.40,294.40,254.31,297.90,681.85,,
CMF,2021-2022,Overtime Hours,Non-Custody (Overtime),624.50,995.50,777.50,"1,089.25",762.25,587.25,"1,015.75",665.75,653.00,864.08,,
CMF,2021-2022,Overtime Hours,Total Overtime Hours,"21,218.91","25,635.08","21,837.66","22,905.27","18,250.29","18,176.52","30,249.70","22,389.52","17,961.30","19,179.73",,
CMF,2021-2022,Overtime Hours,Quarter,Q1,Q1,Q1,Q2,Q2,Q2,Q3,Q3,Q3,Q4,,
CMF,2021-2022,Overtime Hours,Metric,Jul-21,Aug-21,Sep-21,Oct-21,Nov-21,Dec-21,Jan-22,Feb-22,Mar-22,Apr-22,,
COR,2021-2022,Lockdowns and Modified Programs,Incarcerated Persons-Days on Modified Programs,6.91,9.61,11.22,12.82,6.39,17.18,25.60,4.92,7.96,2.82,,
COR,2021-2022,Lockdowns and Modified Programs,Lockdowns,0.00,0.00,0.00,0.00,0.00,0.00,0.00,0.00,0.00,0.00,,
COR,2021-2022,Number of Deaths,Expected,2.00,,,,1.00,,,1.00,,,,
COR,2021-2022,Number of Deaths,Unexpected,,2.00,,1.00,,,,,,2.00,,
COR,2021-2022,Overtime Hours,Custody (Overtime),"24,357.26","36,103.79","29,672.11","37,228.83","26,699.38","31,707.75","41,054.10","29,990.29","33,000.14","33,764.73",,
COR,2021-2022,Overtime Hours,Quarter,Q1,Q1,Q1,Q2,Q2,Q2,Q3,Q3,Q3,Q4,,
COR,2021-2022,Overtime Hours,Metric,Jul-21,Aug-21,Sep-21,Oct-21,Nov-21,Dec-21,Jan-22,Feb-22,Mar-22,Apr-22,,
COR,2021-2022,Overtime Hours,Dental + Mental Health (Overtime),63.00,43.00,36.75,53.50,29.00,51.95,115.00,92.00,64.25,104.62,,
COR,2021-2022,Overtime Hours,Non-Custody (Overtime),"2,487.50","2,559.25","2,251.75","2,646.75","1,886.18","2,744.50","2,696.92","2,656.50","2,557.00","2,154.50",,
COR,2021-2022,Overtime Hours,Total Overtime Hours,"26,907.76","38,706.04","31,960.61","39,929.08","28,614.56","34,504.20","43,866.02","32,738.79","35,621.39","36,023.85",,
CRC,2021-2022,Lockdowns and Modified Programs,Incarcerated Persons-Days on Modified Programs,0.69,1.53,1.92,4.06,2.44,4.05,31.12,23.17,2.34,0.13,,
CRC,2021-2022,Lockdowns and Modified Programs,Quarter,Q1,Q1,Q1,Q2,Q2,Q2,Q3,Q3,Q3,Q4,,
CRC,2021-2022,Lockdowns and Modified Programs,Metric,Jul-21,Aug-21,Sep-21,Oct-21,Nov-21,Dec-21,Jan-22,Feb-22,Mar-22,Apr-22,,
CRC,2021-2022,Lockdowns and Modified Programs,Lockdowns,0.00,0.00,0.00,0.00,0.00,0.00,0.00,0.00,0.00,0.00,,
CRC,2021-2022,Number of Deaths,Missing,2.00,,,,1.00,1.00,,1.00,,2.00,,
CRC,2021-2022,Number of Deaths,Quarter,Q1,Q1,Q1,Q2,Q2,Q2,Q3,Q3,Q3,Q4,,
CRC,2021-2022,Number of Deaths,Metric,Jul-21,Aug-21,Sep-21,Oct-21,Nov-21,Dec-21,Jan-22,Feb-22,Mar-22,Apr-22,,
CRC,2021-2022,Overtime Hours,Custody (Overtime),"23,443.03","35,752.82","25,297.02","37,449.66","24,299.77","28,250.89","39,979.71","23,464.55","27,041.59","21,870.59",,
CRC,2021-2022,Overtime Hours,Dental + Mental Health (Overtime),55.25,79.70,70.15,83.00,103.75,94.15,88.05,85.00,56.00,61.00,,
CRC,2021-2022,Overtime Hours,Non-Custody (Overtime),"1,948.50","2,164.00","1,648.75","2,454.75","1,642.25","1,614.75","2,543.50","2,417.00","2,345.25","1,784.59",,
CRC,2021-2022,Overtime Hours,Total Overtime Hours,"25,446.78","37,996.52","27,015.92","39,987.41","26,045.77","29,959.79","42,611.26","25,966.55","29,442.84","23,716.18",,
CTF,2021-2022,Lockdowns and Modified Programs,Incarcerated Persons-Days on Modified Programs,11.99,4.78,4.62,4.83,4.72,4.86,24.39,13.80,24.03,4.57,,
CTF,2021-2022,Lockdowns and Modified Programs,Lockdowns,0.00,0.00,0.00,0.00,0.00,0.00,0.00,0.00,0.00,0.00,,
CTF,2021-2022,Lockdowns and Modified Programs,Quarter,Q1,Q1,Q1,Q2,Q2,Q2,Q3,Q3,Q3,Q4,,
CTF,2021-2022,Lockdowns and Modified Programs,Metric,Jul-21,Aug-21,Sep-21,Oct-21,Nov-21,Dec-21,Jan-22,Feb-22,Mar-22,Apr-22,,
CTF,2021-2022,Number of Deaths,Expected,,,1.00,,1.00,,,,,1.00,,
CTF,2021-2022,Number of Deaths,Unexpected,2.00,,,,,,,,,,,
CTF,2021-2022,Number of Deaths,Quarter,Q1,Q1,Q1,Q2,Q2,Q2,Q3,Q3,Q3,Q4,,
CTF,2021-2022,Number of Deaths,Metric,Jul-21,Aug-21,Sep-21,Oct-21,Nov-21,Dec-21,Jan-22,Feb-22,Mar-22,Apr-22,,
CTF,2021-2022,Overtime Hours,Custody (Overtime),"17,662.14","21,663.86","14,947.89","15,966.78","12,187.21","15,185.05","22,682.89","17,815.99","15,782.41","15,574.35",,
CTF,2021-2022,Overtime Hours,Dental + Mental Health (Overtime),69.25,7.25,7.75,6.75,2.50,6.00,0.00,0.00,1.75,7.00,,
CTF,2021-2022,Overtime Hours,Non-Custody (Overtime),"1,822.50","1,839.50","1,116.25","1,290.21",970.00,986.25,"1,082.50",962.50,"1,013.50","1,127.65",,
CTF,2021-2022,Overtime Hours,Total Overtime Hours,"19,553.89","23,510.61","16,071.89","17,263.74","13,159.71","16,177.30","23,765.39","18,778.49","16,797.66","16,709.00",,
CVSP,2021-2022,Lockdowns and Modified Programs,Incarcerated Persons-Days on Modified Programs,0.00,0.00,0.00,0.00,0.00,0.00,23.24,28.33,8.99,0.00,,
CVSP,2021-2022,Lockdowns and Modified Programs,Lockdowns,0.00,0.00,0.00,0.00,0.00,0.00,0.00,0.00,0.00,0.00,,
CVSP,2021-2022,Number of Deaths,Unexpected,,,,,,,,,1.00,,,
CVSP,2021-2022,Overtime Hours,Custody (Overtime),"7,931.52","12,678.12","12,235.17","17,098.63","11,204.92","11,359.45","17,560.29","9,567.41","9,614.63","8,523.15",,
CVSP,2021-2022,Overtime Hours,Dental + Mental Health (Overtime),201.65,19.50,35.95,23.50,17.20,36.10,390.95,117.20,36.05,36.60,,
CVSP,2021-2022,Overtime Hours,Quarter,Q1,Q1,Q1,Q2,Q2,Q2,Q3,Q3,Q3,Q4,,
CVSP,2021-2022,Overtime Hours,Metric,Jul-21,Aug-21,Sep-21,Oct-21,Nov-21,Dec-21,Jan-22,Feb-22,Mar-22,Apr-22,,
CVSP,2021-2022,Overtime Hours,Non-Custody (Overtime),844.25,"1,869.25",946.00,"1,008.75",618.25,734.00,"1,162.70",670.00,764.00,581.50,,
CVSP,2021-2022,Overtime Hours,Total Overtime Hours,"8,977.42","14,566.87","13,217.12","18,130.88","11,840.37","12,129.55","19,113.94","10,354.61","10,414.68","9,141.25",,
DVI,2021-2022,Lockdowns and Modified Programs,Incarcerated Persons-Days on Modified Programs,0.00,0.00,0.00,,,,,,,,,
DVI,2021-2022,Lockdowns and Modified Programs,Lockdowns,0.00,0.00,0.00,0.00,0.00,0.00,0.00,0.00,0.00,0.00,,
FOL,2021-2022,Lockdowns and Modified Programs,Incarcerated Persons-Days on Modified Programs,0.00,0.00,0.00,0.00,0.00,0.15,31.60,27.93,0.00,0.00,,
FOL,2021-2022,Lockdowns and Modified Programs,Lockdowns,0.00,0.00,0.00,0.00,0.00,0.00,0.00,0.00,0.00,0.00,,
FOL,2021-2022,Number of Deaths,Expected,,,,1.00,,,,,,,,
FOL,2021-2022,Overtime Hours,Custody (Overtime),"17,383.12","20,449.29","16,806.95","20,615.27","13,441.04","13,799.14","20,705.71","12,223.22","14,277.13","14,650.92",,
FOL,2021-2022,Overtime Hours,Dental + Mental Health (Overtime),185.10,104.50,151.15,129.20,211.25,116.60,176.20,136.55,145.60,127.27,,
FOL,2021-2022,Overtime Hours,Quarter,Q1,Q1,Q1,Q2,Q2,Q2,Q3,Q3,Q3,Q4,,
FOL,2021-2022,Overtime Hours,Metric,Jul-21,Aug-21,Sep-21,Oct-21,Nov-21,Dec-21,Jan-22,Feb-22,Mar-22,Apr-22,,
FOL,2021-2022,Overtime Hours,Non-Custody (Overtime),990.75,"1,208.75","1,089.25","1,627.00","1,380.50","1,155.50","1,622.00","1,230.50","1,532.25","1,470.48",,
FOL,2021-2022,Overtime Hours,Total Overtime Hours,"18,558.97","21,762.54","18,047.35","22,371.47","15,032.79","15,071.24","22,503.91","13,590.27","15,954.98","16,248.67",,
FWF,2021-2022,Lockdowns and Modified Programs,Incarcerated Persons-Days on Modified Programs,0.00,0.00,0.00,0.00,0.00,16.41,34.32,27.14,0.00,0.00,,
HDSP,2021-2022,Lockdowns and Modified Programs,Incarcerated Persons-Days on Modified Programs,2.79,4.27,5.09,0.00,1.27,3.54,23.34,21.47,0.00,0.00,,
HDSP,2021-2022,Lockdowns and Modified Programs,Lockdowns,0.00,0.00,0.00,0.00,0.00,0.00,0.00,0.00,0.00,0.00,,
HDSP,2021-2022,Number of Deaths,Homicide,,,,,,,1.00,1.00,,,,
HDSP,2021-2022,Number of Deaths,Unexpected,,,,1.00,,,,,,,,
HDSP,2021-2022,Overtime Hours,Custody (Overtime),"24,097.48","29,242.11","21,078.23","27,303.36","20,270.16","18,956.22","20,931.80","16,986.69","18,850.62","19,036.05",,
HDSP,2021-2022,Overtime Hours,Dental + Mental Health (Overtime),153.15,114.95,136.25,106.40,182.70,57.05,70.30,74.50,87.30,95.85,,
HDSP,2021-2022,Overtime Hours,Quarter,Q1,Q1,Q1,Q2,Q2,Q2,Q3,Q3,Q3,Q4,,
HDSP,2021-2022,Overtime Hours,Metric,Jul-21,Aug-21,Sep-21,Oct-21,Nov-21,Dec-21,Jan-22,Feb-22,Mar-22,Apr-22,,
HDSP,2021-2022,Overtime Hours,Non-Custody (Overtime),"1,314.00","2,258.00","1,807.25","1,526.50","1,094.25","1,318.25","1,223.00",947.25,"1,132.25","1,145.75",,
HDSP,2021-2022,Overtime Hours,Total Overtime Hours,"25,564.63","31,615.06","23,021.73","28,936.26","21,547.11","20,331.52","22,225.10","18,008.44","20,070.17","20,277.65",,
ISP,2021-2022,Lockdowns and Modified Programs,Incarcerated Persons-Days on Modified Programs,0.56,3.12,0.00,0.00,0.00,0.00,24.80,14.04,5.65,0.69,,
ISP,2021-2022,Lockdowns and Modified Programs,Lockdowns,0.00,0.00,0.00,0.00,0.00,0.00,0.00,0.00,0.00,0.00,,
ISP,2021-2022,Number of Deaths,Unexpected,,,,,,,1.00,,,,,
ISP,2021-2022,Overtime Hours,Custody (Overtime),"9,171.60","13,658.41","10,439.65","14,494.37","12,540.62","11,234.27","18,996.17","9,821.89","10,341.86","7,928.24",,
ISP,2021-2022,Overtime Hours,Dental + Mental Health (Overtime),149.00,26.00,57.00,8.00,52.50,12.60,69.85,53.00,6.00,22.00,,
ISP,2021-2022,Overtime Hours,Quarter,Q1,Q1,Q1,Q2,Q2,Q2,Q3,Q3,Q3,Q4,,
ISP,2021-2022,Overtime Hours,Metric,Jul-21,Aug-21,Sep-21,Oct-21,Nov-21,Dec-21,Jan-22,Feb-22,Mar-22,Apr-22,,
ISP,2021-2022,Overtime Hours,Non-Custody (Overtime),"1,235.25",973.75,"1,284.50","1,634.17","1,225.00",840.75,"1,239.25","1,283.75","1,391.75",946.00,,
ISP,2021-2022,Overtime Hours,Total Overtime Hours,"10,555.85","14,658.16","11,781.15","16,136.54","13,818.12","12,087.62","20,305.27","11,158.64","11,739.61","8,896.24",,
KVSP,2021-2022,Lockdowns and Modified Programs,Incarcerated Persons-Days on Modified Programs,0.00,1.54,5.04,2.52,3.21,1.86,23.20,14.02,0.22,2.90,,
KVSP,2021-2022,Lockdowns and Modified Programs,Lockdowns,0.00,0.00,0.00,0.00,0.00,0.00,0.00,0.00,0.00,0.00,,
KVSP,2021-2022,Number of Deaths,Expected,,,,,,,,,,,,
KVSP,2021-2022,Number of Deaths,Homicide,,,2.00,,1.00,,,,,1.00,,
KVSP,2021-2022,Number of Deaths,Suicide,,,,,,,,,,,,
KVSP,2021-2022,Number of Deaths,Quarter,Q1,Q1,Q1,Q2,Q2,Q2,Q3,Q3,Q3,Q4,,
KVSP,2021-2022,Number of Deaths,Metric,Jul-21,Aug-21,Sep-21,Oct-21,Nov-21,Dec-21,Jan-22,Feb-22,Mar-22,Apr-22,,
KVSP,2021-2022,Number of Deaths,Unexpected,,,,1.00,1.00,,,,,,,
KVSP,2021-2022,Overtime Hours,Custody (Overtime),"26,131.23","34,863.98","29,445.76","38,801.79","27,056.93","24,984.02","33,505.56","25,778.47","27,314.04","28,762.98",,
KVSP,2021-2022,Overtime Hours,Dental + Mental Health (Overtime),253.65,237.25,383.55,348.80,291.55,206.25,253.58,251.45,230.40,256.65,,
KVSP,2021-2022,Overtime Hours,Non-Custody (Overtime),"2,224.20","2,483.25","2,015.00","2,426.33","1,810.25","1,668.75","2,890.75","1,774.25","1,966.60","2,043.25",,
KVSP,2021-2022,Overtime Hours,Total Overtime Hours,"28,609.08","37,584.48","31,844.31","41,576.92","29,158.73","26,859.02","36,649.89","27,804.17","29,511.04","31,062.88",,
KVSP,2021-2022,Overtime Hours,Quarter,Q1,Q1,Q1,Q2,Q2,Q2,Q3,Q3,Q3,Q4,,
KVSP,2021-2022,Overtime Hours,Metric,Jul-21,Aug-21,Sep-21,Oct-21,Nov-21,Dec-21,Jan-22,Feb-22,Mar-22,Apr-22,,
LAC,2021-2022,Lockdowns and Modified Programs,Incarcerated Persons-Days on Modified Programs,0.00,0.00,0.00,0.00,1.45,0.00,27.00,12.11,0.00,0.00,,
LAC,2021-2022,Lockdowns and Modified Programs,Lockdowns,0.00,0.00,0.00,0.00,0.00,0.00,0.00,0.00,0.00,0.00,,
LAC,2021-2022,Number of Deaths,Homicide,,,,,,,1.00,,,,,
LAC,2021-2022,Number of Deaths,Unexpected,,,,,,,,1.00,,1.00,,
LAC,2021-2022,Number of Deaths,Quarter,Q1,Q1,Q1,Q2,Q2,Q2,Q3,Q3,Q3,Q4,,
LAC,2021-2022,Number of Deaths,Metric,Jul-21,Aug-21,Sep-21,Oct-21,Nov-21,Dec-21,Jan-22,Feb-22,Mar-22,Apr-22,,
LAC,2021-2022,Overtime Hours,Custody (Overtime),"28,849.81","36,930.82","26,802.41","33,249.73","29,152.11","26,353.90","35,438.33","27,312.02","30,163.61","26,787.60",,
LAC,2021-2022,Overtime Hours,Dental + Mental Health (Overtime),291.95,303.80,341.55,438.45,737.85,336.95,356.72,343.30,445.20,520.75,,
LAC,2021-2022,Overtime Hours,Non-Custody (Overtime),"1,827.50","1,740.75","1,672.50","2,007.75","1,635.38","1,728.50","2,312.25","2,451.50","1,759.50","2,510.25",,
LAC,2021-2022,Overtime Hours,Total Overtime Hours,"30,969.26","38,975.37","28,816.46","35,695.93","31,525.34","28,419.35","38,107.30","30,106.82","32,368.31","29,818.60",,
MCSP,2021-2022,Lockdowns and Modified Programs,Incarcerated Persons-Days on Modified Programs,1.18,0.07,0.80,0.20,0.82,4.55,24.77,26.87,25.20,3.94,,
MCSP,2021-2022,Lockdowns and Modified Programs,Quarter,Q1,Q1,Q1,Q2,Q2,Q2,Q3,Q3,Q3,Q4,,
MCSP,2021-2022,Lockdowns and Modified Programs,Metric,Jul-21,Aug-21,Sep-21,Oct-21,Nov-21,Dec-21,Jan-22,Feb-22,Mar-22,Apr-22,,
MCSP,2021-2022,Lockdowns and Modified Programs,Lockdowns,0.00,0.00,0.00,0.00,0.00,0.00,0.00,0.00,0.00,0.00,,
MCSP,2021-2022,Number of Deaths,Suicide,,,,1.00,,,,,,,,
MCSP,2021-2022,Number of Deaths,Unexpected,,,,,1.00,,2.00,2.00,1.00,2.00,,
MCSP,2021-2022,Overtime Hours,Custody (Overtime),"19,410.02","21,760.64","18,557.95","25,079.35","16,063.80","14,160.14","27,924.28","21,760.43","21,947.43","20,239.32",,
MCSP,2021-2022,Overtime Hours,Dental + Mental Health (Overtime),320.84,190.52,97.13,64.29,105.14,125.06,170.25,53.68,87.56,94.00,,
MCSP,2021-2022,Overtime Hours,Non-Custody (Overtime),"1,043.25","1,627.50",966.25,"1,300.75","1,065.25","1,137.25","1,544.75","1,270.75","1,039.75","1,517.50",,
MCSP,2021-2022,Overtime Hours,Total Overtime Hours,"20,774.11","23,578.66","19,621.33","26,444.39","17,234.19","15,422.45","29,639.28","23,084.86","23,074.74","21,850.82",,
MCSP,2021-2022,Overtime Hours,Quarter,Q1,Q1,Q1,Q2,Q2,Q2,Q3,Q3,Q3,Q4,,
MCSP,2021-2022,Overtime Hours,Metric,Jul-21,Aug-21,Sep-21,Oct-21,Nov-21,Dec-21,Jan-22,Feb-22,Mar-22,Apr-22,,
NKSP,2021-2022,Lockdowns and Modified Programs,Incarcerated Persons-Days on Modified Programs,5.77,6.12,8.11,6.25,5.81,4.56,9.20,4.06,5.50,4.38,,
NKSP,2021-2022,Lockdowns and Modified Programs,Lockdowns,0.00,0.00,0.00,0.00,0.00,0.00,0.00,0.00,0.00,0.00,,
NKSP,2021-2022,Number of Deaths,Expected,,,1.00,1.00,,,,,1.00,1.00,,
NKSP,2021-2022,Number of Deaths,Missing,,,,,,,,,1.00,,,
NKSP,2021-2022,Number of Deaths,Suicide,,,,,,,,,,,,
NKSP,2021-2022,Number of Deaths,Unexpected,1.00,1.00,1.00,,,,,,1.00,,,
NKSP,2021-2022,Number of Deaths,Quarter,Q1,Q1,Q1,Q2,Q2,Q2,Q3,Q3,Q3,Q4,,
NKSP,2021-2022,Number of Deaths,Metric,Jul-21,Aug-21,Sep-21,Oct-21,Nov-21,Dec-21,Jan-22,Feb-22,Mar-22,Apr-22,,
NKSP,2021-2022,Overtime Hours,Custody (Overtime),"14,838.08","20,597.80","13,816.59","17,092.97","12,548.75","13,115.60","22,460.32","12,567.63","12,549.16","15,860.78",,
NKSP,2021-2022,Overtime Hours,Dental + Mental Health (Overtime),187.60,207.31,156.70,157.13,77.25,146.18,160.84,91.20,155.80,48.30,,
NKSP,2021-2022,Overtime Hours,Non-Custody (Overtime),"1,843.26","2,709.75","2,764.00","1,648.25","1,233.50","2,354.00","2,211.25","1,049.50","1,492.00","1,491.50",,
NKSP,2021-2022,Overtime Hours,Total Overtime Hours,"16,868.94","23,514.86","16,737.29","18,898.35","13,859.50","15,615.78","24,832.41","13,708.33","14,196.96","17,400.58",,
PBSP,2021-2022,Lockdowns and Modified Programs,Incarcerated Persons-Days on Modified Programs,1.25,20.76,9.58,0.62,0.00,1.27,26.43,26.97,20.12,0.00,,
PBSP,2021-2022,Lockdowns and Modified Programs,Lockdowns,0.00,0.00,0.00,0.00,0.00,0.00,0.00,0.00,0.00,0.00,,
PBSP,2021-2022,Lockdowns and Modified Programs,Quarter,Q1,Q1,Q1,Q2,Q2,Q2,Q3,Q3,Q3,Q4,,
PBSP,2021-2022,Lockdowns and Modified Programs,Metric,Jul-21,Aug-21,Sep-21,Oct-21,Nov-21,Dec-21,Jan-22,Feb-22,Mar-22,Apr-22,,
PBSP,2021-2022,Number of Deaths,Unexpected,1.00,,,,1.00,,,,,,,
PBSP,2021-2022,Overtime Hours,Custody (Overtime),"16,609.03","29,101.93","18,029.83","21,323.28","16,204.99","14,980.32","22,529.61","20,378.83","15,022.85","18,055.15",,
PBSP,2021-2022,Overtime Hours,Quarter,Q1,Q1,Q1,Q2,Q2,Q2,Q3,Q3,Q3,Q4,,
PBSP,2021-2022,Overtime Hours,Metric,Jul-21,Aug-21,Sep-21,Oct-21,Nov-21,Dec-21,Jan-22,Feb-22,Mar-22,Apr-22,,
PBSP,2021-2022,Overtime Hours,Dental + Mental Health (Overtime),8.00,0.00,0.00,0.00,0.00,0.00,0.00,0.00,0.00,0.00,,
PBSP,2021-2022,Overtime Hours,Non-Custody (Overtime),608.60,870.26,658.25,"1,383.00","1,136.25",675.00,710.50,529.00,955.00,"1,152.75",,
PBSP,2021-2022,Overtime Hours,Total Overtime Hours,"17,225.63","29,972.19","18,688.08","22,706.28","17,341.24","15,655.32","23,240.11","20,907.83","15,977.85","19,207.90",,
PVSP,2021-2022,Lockdowns and Modified Programs,Incarcerated Persons-Days on Modified Programs,7.80,9.54,14.54,8.50,6.94,9.90,26.13,16.17,9.67,6.23,,
PVSP,2021-2022,Lockdowns and Modified Programs,Lockdowns,0.00,0.00,0.00,0.00,0.00,0.00,0.00,0.00,0.00,0.00,,
PVSP,2021-2022,Overtime Hours,Custody (Overtime),"21,631.53","26,680.71","22,859.54","25,733.07","15,787.74","14,950.87","27,073.54","16,228.56","19,932.91","20,684.40",,
PVSP,2021-2022,Overtime Hours,Dental + Mental Health (Overtime),160.15,23.00,32.40,42.46,42.75,33.89,27.68,31.75,43.50,82.90,,
PVSP,2021-2022,Overtime Hours,Non-Custody (Overtime),991.50,"1,101.25",994.00,"1,222.75",847.50,"1,035.50",843.50,975.75,790.00,540.25,,
PVSP,2021-2022,Overtime Hours,Quarter,Q1,Q1,Q1,Q2,Q2,Q2,Q3,Q3,Q3,Q4,,
PVSP,2021-2022,Overtime Hours,Metric,Jul-21,Aug-21,Sep-21,Oct-21,Nov-21,Dec-21,Jan-22,Feb-22,Mar-22,Apr-22,,
PVSP,2021-2022,Overtime Hours,Total Overtime Hours,"22,783.18","27,804.96","23,885.94","26,998.28","16,677.99","16,020.26","27,944.72","17,236.06","20,766.41","21,307.55",,
RJD,2021-2022,Lockdowns and Modified Programs,Incarcerated Persons-Days on Modified Programs,0.00,0.00,0.00,0.00,0.00,1.00,30.82,28.03,0.00,0.00,,
RJD,2021-2022,Lockdowns and Modified Programs,Lockdowns,0.00,0.00,0.00,0.00,0.00,0.00,0.00,0.00,0.00,0.00,,
RJD,2021-2022,Lockdowns and Modified Programs,Quarter,Q1,Q1,Q1,Q2,Q2,Q2,Q3,Q3,Q3,Q4,,
RJD,2021-2022,Lockdowns and Modified Programs,Metric,Jul-21,Aug-21,Sep-21,Oct-21,Nov-21,Dec-21,Jan-22,Feb-22,Mar-22,Apr-22,,
RJD,2021-2022,Number of Deaths,Expected,1.00,,1.00,1.00,1.00,,,1.00,1.00,2.00,,
RJD,2021-2022,Number of Deaths,Homicide,,,,,,,,,,1.00,,
RJD,2021-2022,Number of Deaths,Quarter,Q1,Q1,Q1,Q2,Q2,Q2,Q3,Q3,Q3,Q4,,
RJD,2021-2022,Number of Deaths,Metric,Jul-21,Aug-21,Sep-21,Oct-21,Nov-21,Dec-21,Jan-22,Feb-22,Mar-22,Apr-22,,
RJD,2021-2022,Number of Deaths,Missing,,,,,,,,,1.00,,,
RJD,2021-2022,Number of Deaths,Suicide,,,,,,,1.00,,,,,
RJD,2021-2022,Number of Deaths,Unexpected,,,,,1.00,,1.00,2.00,1.00,,,
RJD,2021-2022,Overtime Hours,Custody (Overtime),"35,305.42","43,302.99","34,132.84","40,480.32","30,179.96","33,994.43","46,358.75","33,096.66","33,299.11","34,401.61",,
RJD,2021-2022,Overtime Hours,Dental + Mental Health (Overtime),447.90,207.75,309.35,333.55,437.00,281.35,342.15,276.25,455.65,416.20,,
RJD,2021-2022,Overtime Hours,Quarter,Q1,Q1,Q1,Q2,Q2,Q2,Q3,Q3,Q3,Q4,,
RJD,2021-2022,Overtime Hours,Metric,Jul-21,Aug-21,Sep-21,Oct-21,Nov-21,Dec-21,Jan-22,Feb-22,Mar-22,Apr-22,,
RJD,2021-2022,Overtime Hours,Non-Custody (Overtime),"2,520.25","3,606.25","2,731.75","3,974.50","2,753.00","2,565.50","3,338.25","2,855.00","3,309.50","3,359.75",,
RJD,2021-2022,Overtime Hours,Total Overtime Hours,"38,273.57","47,116.99","37,173.94","44,788.37","33,369.96","36,841.28","50,039.15","36,227.91","37,064.26","38,177.56",,
SAC,2021-2022,Lockdowns and Modified Programs,Incarcerated Persons-Days on Modified Programs,0.27,0.00,0.00,0.00,1.64,11.05,28.68,28.18,11.49,3.53,,
SAC,2021-2022,Lockdowns and Modified Programs,Quarter,Q1,Q1,Q1,Q2,Q2,Q2,Q3,Q3,Q3,Q4,,
SAC,2021-2022,Lockdowns and Modified Programs,Metric,Jul-21,Aug-21,Sep-21,Oct-21,Nov-21,Dec-21,Jan-22,Feb-22,Mar-22,Apr-22,,
SAC,2021-2022,Lockdowns and Modified Programs,Lockdowns,0.00,0.00,0.00,0.00,0.00,0.00,0.00,0.00,0.00,0.00,,
SAC,2021-2022,Number of Deaths,Homicide,,,,,,,1.00,,1.00,,,
SAC,2021-2022,Number of Deaths,Quarter,Q1,Q1,Q1,Q2,Q2,Q2,Q3,Q3,Q3,Q4,,
SAC,2021-2022,Number of Deaths,Metric,Jul-21,Aug-21,Sep-21,Oct-21,Nov-21,Dec-21,Jan-22,Feb-22,Mar-22,Apr-22,,
SAC,2021-2022,Number of Deaths,Suicide,,,,,,,,,,,,
SAC,2021-2022,Overtime Hours,Custody (Overtime),"31,509.05","35,587.58","23,377.64","32,579.81","27,295.12","27,058.09","36,582.20","30,214.03","28,723.88","30,233.40",,
SAC,2021-2022,Overtime Hours,Dental + Mental Health (Overtime),274.25,243.85,234.95,204.60,231.35,265.85,209.65,139.20,163.25,282.30,,
SAC,2021-2022,Overtime Hours,Non-Custody (Overtime),"1,667.50","2,333.75","1,884.00","2,542.75","1,511.45","1,902.75","2,011.50","1,776.67","1,962.45","1,798.50",,
SAC,2021-2022,Overtime Hours,Total Overtime Hours,"33,450.80","38,165.18","25,496.59","35,327.16","29,037.92","29,226.69","38,803.35","32,129.90","30,849.58","32,314.20",,
SAC,2021-2022,Overtime Hours,Quarter,Q1,Q1,Q1,Q2,Q2,Q2,Q3,Q3,Q3,Q4,,
SAC,2021-2022,Overtime Hours,Metric,Jul-21,Aug-21,Sep-21,Oct-21,Nov-21,Dec-21,Jan-22,Feb-22,Mar-22,Apr-22,,
SATF,2021-2022,Lockdowns and Modified Programs,Incarcerated Persons-Days on Modified Programs,1.32,5.71,2.93,0.49,5.47,1.55,23.00,25.65,9.54,6.21,,
SATF,2021-2022,Lockdowns and Modified Programs,Lockdowns,0.00,0.00,0.00,0.00,0.00,0.00,0.00,0.00,0.00,0.00,,
SATF,2021-2022,Number of Deaths,Expected,,1.00,,,,,2.00,,,,,
SATF,2021-2022,Number of Deaths,Homicide,1.00,,,,,,,,,,,
SATF,2021-2022,Number of Deaths,Suicide,,,,1.00,,,,,,,,
SATF,2021-2022,Number of Deaths,Unexpected,,,1.00,1.00,1.00,1.00,,,,,,
SATF,2021-2022,Number of Deaths,Quarter,Q1,Q1,Q1,Q2,Q2,Q2,Q3,Q3,Q3,Q4,,
SATF,2021-2022,Number of Deaths,Metric,Jul-21,Aug-21,Sep-21,Oct-21,Nov-21,Dec-21,Jan-22,Feb-22,Mar-22,Apr-22,,
SATF,2021-2022,Overtime Hours,Custody (Overtime),"29,211.55","37,768.04","32,320.56","40,719.46","30,720.87","31,420.71","41,823.22","34,641.15","33,598.85","31,816.58",,
SATF,2021-2022,Overtime Hours,Dental + Mental Health (Overtime),124.64,149.30,117.37,188.41,194.39,140.35,90.72,88.43,71.50,113.35,,
SATF,2021-2022,Overtime Hours,Non-Custody (Overtime),"1,836.00","2,132.75","1,746.25","2,659.50","2,060.50","2,023.75","2,514.25","2,756.50","2,609.50","2,171.70",,
SATF,2021-2022,Overtime Hours,Total Overtime Hours,"31,172.19","40,050.09","34,184.18","43,567.37","32,975.76","33,584.81","44,428.19","37,486.08","36,279.85","34,101.63",,
SCC,2021-2022,Lockdowns and Modified Programs,Incarcerated Persons-Days on Modified Programs,2.47,5.52,2.23,1.23,0.64,0.58,7.72,8.60,2.52,0.28,,
SCC,2021-2022,Lockdowns and Modified Programs,Lockdowns,0.00,0.00,0.00,0.00,0.00,0.00,0.00,0.00,0.00,0.00,,
SCC,2021-2022,Number of Deaths,Homicide,,,,1.00,,,,,,,,
SCC,2021-2022,Overtime Hours,Custody (Overtime),"26,555.52","41,599.36","35,868.34","30,732.42","14,938.80","14,818.40","28,823.64","20,008.45","18,997.96","18,078.27",,
SCC,2021-2022,Overtime Hours,Quarter,Q1,Q1,Q1,Q2,Q2,Q2,Q3,Q3,Q3,Q4,,
SCC,2021-2022,Overtime Hours,Metric,Jul-21,Aug-21,Sep-21,Oct-21,Nov-21,Dec-21,Jan-22,Feb-22,Mar-22,Apr-22,,
SCC,2021-2022,Overtime Hours,Dental + Mental Health (Overtime),0.00,12.60,32.00,21.00,74.10,56.00,44.00,24.00,17.15,16.00,,
SCC,2021-2022,Overtime Hours,Non-Custody (Overtime),"1,874.00","2,188.50","1,344.50","2,336.75","1,318.25","1,999.75","3,174.50","2,428.75","2,287.00","1,923.50",,
SCC,2021-2022,Overtime Hours,Total Overtime Hours,"28,429.52","43,800.46","37,244.84","33,090.17","16,331.15","16,874.15","32,042.14","22,461.20","21,302.11","20,017.77",,
SOL,2021-2022,Lockdowns and Modified Programs,Incarcerated Persons-Days on Modified Programs,0.00,0.79,0.00,23.92,1.90,2.55,23.08,20.91,7.67,5.92,,
SOL,2021-2022,Lockdowns and Modified Programs,Lockdowns,0.00,0.00,0.00,0.00,0.00,0.00,0.00,0.00,0.00,0.00,,
SOL,2021-2022,Number of Deaths,Expected,,,1.00,,,,,,,,,
SOL,2021-2022,Number of Deaths,Unexpected,,,,,,,,,1.00,,,
SOL,2021-2022,Number of Deaths,Quarter,Q1,Q1,Q1,Q2,Q2,Q2,Q3,Q3,Q3,Q4,,
SOL,2021-2022,Number of Deaths,Metric,Jul-21,Aug-21,Sep-21,Oct-21,Nov-21,Dec-21,Jan-22,Feb-22,Mar-22,Apr-22,,
SOL,2021-2022,Overtime Hours,Custody (Overtime),"19,309.57","25,881.02","21,731.79","23,264.59","19,879.95","18,969.35","27,414.06","18,606.72","16,853.92","15,486.81",,
SOL,2021-2022,Overtime Hours,Dental + Mental Health (Overtime),237.94,150.55,171.50,93.60,80.15,66.10,77.07,41.99,80.90,93.86,,
SOL,2021-2022,Overtime Hours,Non-Custody (Overtime),"1,723.25","2,138.25","1,741.50","1,550.75","1,204.50","1,146.67","1,651.50","1,518.00","1,631.50","1,463.25",,
SOL,2021-2022,Overtime Hours,Total Overtime Hours,"21,270.76","28,169.82","23,644.79","24,908.94","21,164.60","20,182.12","29,142.63","20,166.71","18,566.32","17,043.92",,
SQ,2021-2022,Lockdowns and Modified Programs,Incarcerated Persons-Days on Modified Programs,30.46,30.32,28.96,30.23,29.63,30.58,23.26,27.92,8.07,0.00,,
SQ,2021-2022,Lockdowns and Modified Programs,Lockdowns,0.00,0.00,0.00,0.00,0.00,0.00,0.00,0.00,0.00,0.00,,
SQ,2021-2022,Lockdowns and Modified Programs,Quarter,Q1,Q1,Q1,Q2,Q2,Q2,Q3,Q3,Q3,Q4,,
SQ,2021-2022,Lockdowns and Modified Programs,Metric,Jul-21,Aug-21,Sep-21,Oct-21,Nov-21,Dec-21,Jan-22,Feb-22,Mar-22,Apr-22,,
SQ,2021-2022,Number of Deaths,Expected,,1.00,1.00,,,,1.00,,,,,
SQ,2021-2022,Number of Deaths,Quarter,Q1,Q1,Q1,Q2,Q2,Q2,Q3,Q3,Q3,Q4,,
SQ,2021-2022,Number of Deaths,Metric,Jul-21,Aug-21,Sep-21,Oct-21,Nov-21,Dec-21,Jan-22,Feb-22,Mar-22,Apr-22,,
SQ,2021-2022,Number of Deaths,Unexpected,1.00,,,,,,,,2.00,,,
SQ,2021-2022,Overtime Hours,Custody (Overtime),"15,618.44","25,868.39","22,793.61","27,719.17","15,977.65","15,150.53","28,967.47","14,593.65","18,312.82","20,526.08",,
SQ,2021-2022,Overtime Hours,Dental + Mental Health (Overtime),264.64,160.25,113.15,180.80,210.70,153.80,160.00,95.55,119.25,128.60,,
SQ,2021-2022,Overtime Hours,Non-Custody (Overtime),"1,743.25","2,013.50","1,910.00","2,014.50","1,705.50","1,740.50","2,313.78","1,800.25","1,955.15","1,749.00",,
SQ,2021-2022,Overtime Hours,Total Overtime Hours,"17,626.33","28,042.14","24,816.76","29,914.47","17,893.85","17,044.83","31,441.25","16,489.45","20,387.22","22,403.68",,
SVSP,2021-2022,Lockdowns and Modified Programs,Incarcerated Persons-Days on Modified Programs,0.38,0.85,21.35,2.17,1.48,12.27,31.25,27.98,8.76,6.96,,
SVSP,2021-2022,Lockdowns and Modified Programs,Lockdowns,0.00,0.00,0.00,0.00,0.00,0.00,0.00,0.00,0.00,0.00,,
SVSP,2021-2022,Number of Deaths,Expected,,1.00,,,1.00,,1.00,1.00,,,,
SVSP,2021-2022,Number of Deaths,Homicide,,,,,,,,,,,,
SVSP,2021-2022,Number of Deaths,Suicide,,,,,,,,,1.00,,,
SVSP,2021-2022,Number of Deaths,Quarter,Q1,Q1,Q1,Q2,Q2,Q2,Q3,Q3,Q3,Q4,,
SVSP,2021-2022,Number of Deaths,Metric,Jul-21,Aug-21,Sep-21,Oct-21,Nov-21,Dec-21,Jan-22,Feb-22,Mar-22,Apr-22,,
SVSP,2021-2022,Number of Deaths,Unexpected,,,,1.00,,,1.00,,,,,
SVSP,2021-2022,Overtime Hours,Custody (Overtime),"35,628.89","42,347.98","34,682.14","38,030.56","36,276.29","37,988.05","44,244.42","32,709.53","37,747.99","36,648.82",,
SVSP,2021-2022,Overtime Hours,Dental + Mental Health (Overtime),148.50,415.84,82.50,140.00,312.18,120.15,159.10,270.75,172.23,121.50,,
SVSP,2021-2022,Overtime Hours,Non-Custody (Overtime),"1,939.17","2,397.58","1,774.75","2,536.25","1,737.50","1,852.50","1,835.75","1,781.50","2,153.25","2,060.75",,
SVSP,2021-2022,Overtime Hours,Total Overtime Hours,"37,716.56","45,161.40","36,539.39","40,706.81","38,325.97","39,960.70","46,239.27","34,761.78","40,073.47","38,831.07",,
SVSP,2021-2022,Overtime Hours,Quarter,Q1,Q1,Q1,Q2,Q2,Q2,Q3,Q3,Q3,Q4,,
SVSP,2021-2022,Overtime Hours,Metric,Jul-21,Aug-21,Sep-21,Oct-21,Nov-21,Dec-21,Jan-22,Feb-22,Mar-22,Apr-22,,
VSP,2021-2022,Lockdowns and Modified Programs,Incarcerated Persons-Days on Modified Programs,0.00,0.00,12.94,0.00,0.00,0.00,25.44,18.00,0.00,4.32,,
VSP,2021-2022,Lockdowns and Modified Programs,Lockdowns,0.00,0.00,0.00,0.00,0.00,0.00,0.00,0.00,0.00,0.00,,
VSP,2021-2022,Lockdowns and Modified Programs,Quarter,Q1,Q1,Q1,Q2,Q2,Q2,Q3,Q3,Q3,Q4,,
VSP,2021-2022,Lockdowns and Modified Programs,Metric,Jul-21,Aug-21,Sep-21,Oct-21,Nov-21,Dec-21,Jan-22,Feb-22,Mar-22,Apr-22,,
VSP,2021-2022,Number of Deaths,Expected,,,,1.00,,,,,,2.00,,
VSP,2021-2022,Number of Deaths,Unexpected,,,,,,,,2.00,1.00,,,
VSP,2021-2022,Number of Deaths,Quarter,Q1,Q1,Q1,Q2,Q2,Q2,Q3,Q3,Q3,Q4,,
VSP,2021-2022,Number of Deaths,Metric,Jul-21,Aug-21,Sep-21,Oct-21,Nov-21,Dec-21,Jan-22,Feb-22,Mar-22,Apr-22,,
VSP,2021-2022,Overtime Hours,Custody (Overtime),"15,963.71","16,585.10","14,301.64","17,395.76","12,272.75","11,121.08","17,474.17","13,395.78","14,275.82","12,005.97",,
VSP,2021-2022,Overtime Hours,Dental + Mental Health (Overtime),81.75,115.80,70.00,27.25,24.00,46.85,27.45,14.90,62.21,16.00,,
VSP,2021-2022,Overtime Hours,Non-Custody (Overtime),679.25,839.40,730.75,"1,062.00",602.25,568.00,962.50,652.50,961.50,872.75,,
VSP,2021-2022,Overtime Hours,Total Overtime Hours,"16,724.71","17,540.30","15,102.39","18,485.01","12,899.00","11,735.93","18,464.12","14,063.18","15,299.53","12,894.72",,
WSP,2021-2022,Lockdowns and Modified Programs,Incarcerated Persons-Days on Modified Programs,0.84,0.15,1.30,2.32,1.25,0.88,14.07,4.62,1.35,0.00,,
WSP,2021-2022,Lockdowns and Modified Programs,Lockdowns,0.00,0.00,0.00,1.00,0.00,1.00,0.00,0.00,0.00,0.00,,
WSP,2021-2022,Number of Deaths,Homicide,,,,,,,,,1.00,,,
WSP,2021-2022,Number of Deaths,Suicide,,,,,,,,,,1.00,,
WSP,2021-2022,Number of Deaths,Unexpected,,,,,1.00,,1.00,,,,,
WSP,2021-2022,Overtime Hours,Custody (Overtime),"16,267.87","25,625.34","20,942.30","26,877.39","18,409.51","20,945.92","31,347.42","16,507.35","18,956.70","21,780.71",,
WSP,2021-2022,Overtime Hours,Quarter,Q1,Q1,Q1,Q2,Q2,Q2,Q3,Q3,Q3,Q4,,
WSP,2021-2022,Overtime Hours,Metric,Jul-21,Aug-21,Sep-21,Oct-21,Nov-21,Dec-21,Jan-22,Feb-22,Mar-22,Apr-22,,
WSP,2021-2022,Overtime Hours,Dental + Mental Health (Overtime),209.65,253.40,193.05,183.95,196.85,156.20,288.75,159.85,166.35,149.00,,
WSP,2021-2022,Overtime Hours,Non-Custody (Overtime),"2,070.00","1,911.30","1,534.50","1,778.00","1,393.00","1,495.50","1,931.58","1,378.50","1,523.70","2,226.25",,
WSP,2021-2022,Overtime Hours,Total Overtime Hours,"18,547.52","27,790.04","22,669.85","28,839.34","19,999.36","22,597.62","33,567.75","18,045.70","20,646.75","24,155.96",,
ASP,2022-2023,Lockdowns and Modified Programs,Incarcerated Persons-Days on Modified Programs,6.77,6.48,17.37,1.24,2.16,3.51,0.00,0.00,0.00,0.28,,
ASP,2022-2023,Lockdowns and Modified Programs,Quarter,Q1,Q1,Q1,Q2,Q2,Q2,Q3,Q3,Q3,Q4,,
ASP,2022-2023,Lockdowns and Modified Programs,Metric,Jul-22,Aug-22,Sep-22,Oct-22,Nov-22,Dec-22,Jan-23,Feb-23,Mar-23,Apr-23,,
ASP,2022-2023,Lockdowns and Modified Programs,Lockdowns,0.00,0.00,0.00,0.00,0.00,0.00,0.00,0.00,0.00,0.00,,
ASP,2022-2023,Overtime Hours,Custody (Overtime),"26,743.46","14,623.24","29,204.76","13,651.36","11,858.19","13,123.56","13,903.54","8,722.52","9,046.81","12,731.39",,
ASP,2022-2023,Overtime Hours,Quarter,Q1,Q1,Q1,Q2,Q2,Q2,Q3,Q3,Q3,Q4,,
ASP,2022-2023,Overtime Hours,Metric,Jul-22,Aug-22,Sep-22,Oct-22,Nov-22,Dec-22,Jan-23,Feb-23,Mar-23,Apr-23,,
ASP,2022-2023,Overtime Hours,Dental + Mental Health (Overtime),31.50,59.00,44.50,53.00,19.00,65.00,41.00,15.50,44.56,47.30,,
ASP,2022-2023,Overtime Hours,Non-Custody (Overtime),"4,019.25","3,164.50","4,130.00","2,847.25","3,787.58","2,058.66","4,600.25","2,080.25","2,496.00","2,674.25",,
ASP,2022-2023,Overtime Hours,Total Overtime Hours,"30,794.21","17,846.74","33,379.26","16,551.61","15,664.77","15,247.22","18,544.79","10,818.27","11,587.37","15,452.94",,
CAC,2022-2023,Lockdowns and Modified Programs,Incarcerated Persons-Days on Modified Programs,5.08,0.58,1.35,0.45,10.25,8.68,5.32,5.39,0.30,6.87,,
CAC,2022-2023,Lockdowns and Modified Programs,Lockdowns,0.00,0.00,0.00,0.00,0.00,0.00,0.00,0.00,0.00,0.00,,
CAC,2022-2023,Overtime Hours,Custody (Overtime),"9,789.55","7,997.75","8,488.55","11,389.05","9,796.62","10,934.51","13,090.39","10,666.72","12,113.37","13,900.37",,
CAC,2022-2023,Overtime Hours,Dental + Mental Health (Overtime),36.80,34.50,31.05,35.65,33.35,35.65,35.65,31.05,34.50,34.50,,
CAC,2022-2023,Overtime Hours,Non-Custody (Overtime),496.50,344.50,421.00,448.25,256.50,335.98,437.25,597.75,795.50,871.00,,
CAC,2022-2023,Overtime Hours,Quarter,Q1,Q1,Q1,Q2,Q2,Q2,Q3,Q3,Q3,Q4,,
CAC,2022-2023,Overtime Hours,Metric,Jul-22,Aug-22,Sep-22,Oct-22,Nov-22,Dec-22,Jan-23,Feb-23,Mar-23,Apr-23,,
CAC,2022-2023,Overtime Hours,Total Overtime Hours,"10,322.85","8,376.75","8,940.60","11,872.95","10,086.47","11,306.14","13,563.29","11,295.52","12,943.37","14,805.87",,
CAL,2022-2023,Lockdowns and Modified Programs,Incarcerated Persons-Days on Modified Programs,7.51,5.01,0.87,0.00,0.66,1.30,0.85,13.79,12.32,0.00,,
CAL,2022-2023,Lockdowns and Modified Programs,Lockdowns,0.00,0.00,0.00,0.00,0.00,0.00,0.00,0.00,0.00,0.00,,
CAL,2022-2023,Number of Deaths,Unexpected,1.00,1.00,,1.00,,,,,,,,
CAL,2022-2023,Overtime Hours,Custody (Overtime),"22,189.97","14,427.46","24,716.98","17,711.74","15,686.73","18,422.46","21,504.31","15,731.58","17,809.59","21,692.94",,
CAL,2022-2023,Overtime Hours,Dental + Mental Health (Overtime),24.00,24.00,16.00,16.00,0.00,16.00,19.45,21.05,32.00,34.75,,
CAL,2022-2023,Overtime Hours,Non-Custody (Overtime),"2,611.00","2,120.00","2,214.00","2,690.92","1,779.00","1,846.50","1,977.92","1,975.90","1,936.50","2,297.50",,
CAL,2022-2023,Overtime Hours,Total Overtime Hours,"24,824.97","16,571.46","26,946.98","20,418.66","17,465.73","20,284.96","23,501.68","17,728.53","19,778.09","24,025.19",,
CAL,2022-2023,Overtime Hours,Quarter,Q1,Q1,Q1,Q2,Q2,Q2,Q3,Q3,Q3,Q4,,
CAL,2022-2023,Overtime Hours,Metric,Jul-22,Aug-22,Sep-22,Oct-22,Nov-22,Dec-22,Jan-23,Feb-23,Mar-23,Apr-23,,
CCC,2022-2023,Lockdowns and Modified Programs,Incarcerated Persons-Days on Modified Programs,9.24,7.31,2.03,0.00,,,,,,,,
CCC,2022-2023,Lockdowns and Modified Programs,Lockdowns,0.00,0.00,0.00,0.00,0.00,0.00,0.00,0.00,0.00,0.00,,
CCC,2022-2023,Lockdowns and Modified Programs,Quarter,Q1,Q1,Q1,Q2,Q2,Q2,Q3,Q3,Q3,Q4,,
CCC,2022-2023,Lockdowns and Modified Programs,Metric,Jul-22,Aug-22,Sep-22,Oct-22,Nov-22,Dec-22,Jan-23,Feb-23,Mar-23,Apr-23,,
CCC,2022-2023,Overtime Hours,Custody (Overtime),"31,253.54","29,980.10","33,749.08","19,031.44","3,014.36","1,145.00","1,634.67","2,002.67","1,659.84","2,055.01",,
CCC,2022-2023,Overtime Hours,Quarter,Q1,Q1,Q1,Q2,Q2,Q2,Q3,Q3,Q3,Q4,,
CCC,2022-2023,Overtime Hours,Metric,Jul-22,Aug-22,Sep-22,Oct-22,Nov-22,Dec-22,Jan-23,Feb-23,Mar-23,Apr-23,,
CCC,2022-2023,Overtime Hours,Dental + Mental Health (Overtime),81.00,26.30,48.70,45.00,8.00,0.00,24.00,8.00,21.88,8.00,,
CCC,2022-2023,Overtime Hours,Non-Custody (Overtime),"1,826.50","1,407.25","1,447.75","1,774.75",759.00,538.25,609.00,575.75,383.00,692.00,,
CCC,2022-2023,Overtime Hours,Total Overtime Hours,"33,161.04","31,413.65","35,245.53","20,851.19","3,781.36","1,683.25","2,267.67","2,586.42","2,064.72","2,755.01",,
CCI,2022-2023,Lockdowns and Modified Programs,Incarcerated Persons-Days on Modified Programs,2.52,1.33,1.31,1.18,1.07,1.02,2.51,0.59,2.55,0.10,,
CCI,2022-2023,Lockdowns and Modified Programs,Lockdowns,0.00,0.00,0.00,0.00,0.00,0.00,0.00,0.00,0.00,0.00,,
CCI,2022-2023,Number of Deaths,Expected,,,,,,,,1.00,,,,
CCI,2022-2023,Number of Deaths,Suicide,,1.00,,,,,,,,,,
CCI,2022-2023,Number of Deaths,Unexpected,,,,,,,1.00,,,,,
CCI,2022-2023,Number of Deaths,Quarter,Q1,Q1,Q1,Q2,Q2,Q2,Q3,Q3,Q3,Q4,,
CCI,2022-2023,Number of Deaths,Metric,Jul-22,Aug-22,Sep-22,Oct-22,Nov-22,Dec-22,Jan-23,Feb-23,Mar-23,Apr-23,,
CCI,2022-2023,Overtime Hours,Custody (Overtime),"38,735.34","30,867.29","55,611.53","36,045.81","23,911.12","27,536.87","31,418.45","24,175.97","20,669.67","23,566.63",,
CCI,2022-2023,Overtime Hours,Dental + Mental Health (Overtime),138.10,151.05,127.85,102.90,112.10,96.50,95.15,116.45,77.85,94.30,,
CCI,2022-2023,Overtime Hours,Non-Custody (Overtime),"1,568.50","1,481.50","1,483.33","2,491.75","1,357.25","1,055.00",889.00,"1,186.00","1,573.75","1,449.50",,
CCI,2022-2023,Overtime Hours,Total Overtime Hours,"40,441.94","32,499.84","57,222.71","38,640.46","25,380.47","28,688.37","32,402.60","25,478.42","22,321.27","25,110.43",,
CCWF,2022-2023,Lockdowns and Modified Programs,Incarcerated Persons-Days on Modified Programs,11.02,2.46,15.02,2.18,1.22,7.13,3.91,0.00,0.00,3.00,,
CCWF,2022-2023,Lockdowns and Modified Programs,Lockdowns,0.00,0.00,0.00,0.00,0.00,0.00,0.00,0.00,0.00,0.00,,
CCWF,2022-2023,Lockdowns and Modified Programs,Quarter,Q1,Q1,Q1,Q2,Q2,Q2,Q3,Q3,Q3,Q4,,
CCWF,2022-2023,Lockdowns and Modified Programs,Metric,Jul-22,Aug-22,Sep-22,Oct-22,Nov-22,Dec-22,Jan-23,Feb-23,Mar-23,Apr-23,,
CCWF,2022-2023,Number of Deaths,Expected,,,1.00,,,,,,,,,
CCWF,2022-2023,Number of Deaths,Quarter,Q1,Q1,Q1,Q2,Q2,Q2,Q3,Q3,Q3,Q4,,
CCWF,2022-2023,Number of Deaths,Metric,Jul-22,Aug-22,Sep-22,Oct-22,Nov-22,Dec-22,Jan-23,Feb-23,Mar-23,Apr-23,,
CCWF,2022-2023,Number of Deaths,Unexpected,,,,,1.00,,,,,,,
CCWF,2022-2023,Overtime Hours,Custody (Overtime),"20,234.01","17,573.12","36,937.26","21,538.82","14,189.58","15,437.57","22,293.21","17,077.15","18,343.26","21,944.05",,
CCWF,2022-2023,Overtime Hours,Dental + Mental Health (Overtime),51.75,56.01,38.29,46.00,35.00,67.00,56.00,44.56,30.50,37.00,,
CCWF,2022-2023,Overtime Hours,Non-Custody (Overtime),"1,735.50","1,422.67","2,830.20","1,778.75","1,574.00","1,252.50","1,617.25","1,565.00","1,280.75","1,701.00",,
CCWF,2022-2023,Overtime Hours,Total Overtime Hours,"22,021.26","19,051.80","39,805.75","23,363.57","15,798.58","16,757.07","23,966.46","18,686.71","19,654.51","23,682.05",,
CEN,2022-2023,Lockdowns and Modified Programs,Incarcerated Persons-Days on Modified Programs,6.45,4.20,0.29,0.04,0.05,2.08,0.14,0.08,0.07,0.01,,
CEN,2022-2023,Lockdowns and Modified Programs,Quarter,Q1,Q1,Q1,Q2,Q2,Q2,Q3,Q3,Q3,Q4,,
CEN,2022-2023,Lockdowns and Modified Programs,Metric,Jul-22,Aug-22,Sep-22,Oct-22,Nov-22,Dec-22,Jan-23,Feb-23,Mar-23,Apr-23,,
CEN,2022-2023,Lockdowns and Modified Programs,Lockdowns,0.00,0.00,0.00,0.00,0.00,0.00,0.00,0.00,0.00,0.00,,
CEN,2022-2023,Number of Deaths,Expected,,,,,1.00,,,1.00,,,,
CEN,2022-2023,Number of Deaths,Homicide,,,,,1.00,,,,,,,
CEN,2022-2023,Number of Deaths,Missing,,,,,,,,,,1.00,,
CEN,2022-2023,Overtime Hours,Custody (Overtime),"25,412.42","19,093.83","19,423.32","21,053.11","17,410.25","20,743.54","21,262.82","16,608.58","17,346.06","21,835.81",,
CEN,2022-2023,Overtime Hours,Dental + Mental Health (Overtime),142.10,91.60,123.45,131.35,175.35,139.45,120.20,113.68,128.17,103.15,,
CEN,2022-2023,Overtime Hours,Non-Custody (Overtime),"1,853.75","1,472.75","1,841.75","1,850.45","1,312.75","1,327.75","1,464.00","1,469.75","1,643.50","2,107.25",,
CEN,2022-2023,Overtime Hours,Quarter,Q1,Q1,Q1,Q2,Q2,Q2,Q3,Q3,Q3,Q4,,
CEN,2022-2023,Overtime Hours,Metric,Jul-22,Aug-22,Sep-22,Oct-22,Nov-22,Dec-22,Jan-23,Feb-23,Mar-23,Apr-23,,
CEN,2022-2023,Overtime Hours,Total Overtime Hours,"27,408.27","20,658.18","21,388.52","23,034.91","18,898.35","22,210.74","22,847.02","18,192.01","19,117.73","24,046.21",,
CHCF,2022-2023,Lockdowns and Modified Programs,Incarcerated Persons-Days on Modified Programs,14.76,9.79,12.70,4.43,3.16,12.30,9.30,9.58,7.70,3.29,,
CHCF,2022-2023,Lockdowns and Modified Programs,Lockdowns,0.00,0.00,0.00,0.00,0.00,0.00,0.00,0.00,0.00,0.00,,
CHCF,2022-2023,Number of Deaths,Expected,5.00,3.00,2.00,5.00,8.00,8.00,7.00,11.00,5.00,3.00,,
CHCF,2022-2023,Number of Deaths,Missing,,,,,1.00,1.00,,2.00,,,,
CHCF,2022-2023,Number of Deaths,Unexpected,,1.00,2.00,,,5.00,1.00,2.00,3.00,,,
CHCF,2022-2023,Number of Deaths,Quarter,Q1,Q1,Q1,Q2,Q2,Q2,Q3,Q3,Q3,Q4,,
CHCF,2022-2023,Number of Deaths,Metric,Jul-22,Aug-22,Sep-22,Oct-22,Nov-22,Dec-22,Jan-23,Feb-23,Mar-23,Apr-23,,
CHCF,2022-2023,Overtime Hours,Custody (Overtime),"41,814.94","26,410.16","44,349.91","34,605.34","22,718.24","21,872.94","32,029.72","26,416.20","30,474.98","36,909.83",,
CHCF,2022-2023,Overtime Hours,Dental + Mental Health (Overtime),190.25,125.50,177.00,156.75,231.75,121.75,182.50,255.50,206.50,249.50,,
CHCF,2022-2023,Overtime Hours,Non-Custody (Overtime),"4,987.00","5,304.75","5,236.00","7,022.25","4,446.75","3,762.25","4,529.25","3,441.00","3,790.00","4,495.50",,
CHCF,2022-2023,Overtime Hours,Total Overtime Hours,"46,992.19","31,840.41","49,762.91","41,784.34","27,396.74","25,756.94","36,741.47","30,112.70","34,471.48","41,654.83",,
CIM,2022-2023,Lockdowns and Modified Programs,Incarcerated Persons-Days on Modified Programs,3.82,10.00,10.32,7.65,0.24,1.13,1.82,0.00,0.00,0.00,,
CIM,2022-2023,Lockdowns and Modified Programs,Lockdowns,0.00,0.00,0.00,0.00,0.00,0.00,0.00,0.00,0.00,0.00,,
CIM,2022-2023,Lockdowns and Modified Programs,Quarter,Q1,Q1,Q1,Q2,Q2,Q2,Q3,Q3,Q3,Q4,,
CIM,2022-2023,Lockdowns and Modified Programs,Metric,Jul-22,Aug-22,Sep-22,Oct-22,Nov-22,Dec-22,Jan-23,Feb-23,Mar-23,Apr-23,,
CIM,2022-2023,Number of Deaths,Expected,4.00,1.00,,1.00,2.00,1.00,,1.00,,,,
CIM,2022-2023,Number of Deaths,Missing,1.00,,,,,1.00,,,,,,
CIM,2022-2023,Number of Deaths,Quarter,Q1,Q1,Q1,Q2,Q2,Q2,Q3,Q3,Q3,Q4,,
CIM,2022-2023,Number of Deaths,Metric,Jul-22,Aug-22,Sep-22,Oct-22,Nov-22,Dec-22,Jan-23,Feb-23,Mar-23,Apr-23,,
CIM,2022-2023,Number of Deaths,Unexpected,,,1.00,,,,,,,2.00,,
CIM,2022-2023,Overtime Hours,Custody (Overtime),"41,394.16","29,629.68","58,949.81","32,270.68","29,891.13","31,486.94","38,751.11","30,082.83","26,197.47","23,880.25",,
CIM,2022-2023,Overtime Hours,Dental + Mental Health (Overtime),187.62,157.14,62.00,162.86,179.60,143.25,198.90,163.20,80.35,110.95,,
CIM,2022-2023,Overtime Hours,Non-Custody (Overtime),"5,689.00","4,006.97","4,045.75","5,480.75","2,867.50","3,514.50","3,679.75","3,328.00","3,751.62","4,655.75",,
CIM,2022-2023,Overtime Hours,Total Overtime Hours,"47,270.78","33,793.79","63,057.56","37,914.29","32,938.23","35,144.69","42,629.76","33,574.03","30,029.44","28,646.95",,
CIM,2022-2023,Overtime Hours,Quarter,Q1,Q1,Q1,Q2,Q2,Q2,Q3,Q3,Q3,Q4,,
CIM,2022-2023,Overtime Hours,Metric,Jul-22,Aug-22,Sep-22,Oct-22,Nov-22,Dec-22,Jan-23,Feb-23,Mar-23,Apr-23,,
CIW,2022-2023,Lockdowns and Modified Programs,Incarcerated Persons-Days on Modified Programs,28.51,14.31,0.00,28.69,6.38,0.00,8.92,1.65,0.00,0.00,,
CIW,2022-2023,Lockdowns and Modified Programs,Lockdowns,0.00,0.00,0.00,0.00,0.00,0.00,0.00,0.00,0.00,0.00,,
CIW,2022-2023,Lockdowns and Modified Programs,Quarter,Q1,Q1,Q1,Q2,Q2,Q2,Q3,Q3,Q3,Q4,,
CIW,2022-2023,Lockdowns and Modified Programs,Metric,Jul-22,Aug-22,Sep-22,Oct-22,Nov-22,Dec-22,Jan-23,Feb-23,Mar-23,Apr-23,,
CIW,2022-2023,Number of Deaths,Expected,,1.00,1.00,,1.00,,,1.00,,,,
CIW,2022-2023,Number of Deaths,Missing,,1.00,,,,,,,,,,
CIW,2022-2023,Number of Deaths,Quarter,Q1,Q1,Q1,Q2,Q2,Q2,Q3,Q3,Q3,Q4,,
CIW,2022-2023,Number of Deaths,Metric,Jul-22,Aug-22,Sep-22,Oct-22,Nov-22,Dec-22,Jan-23,Feb-23,Mar-23,Apr-23,,
CIW,2022-2023,Number of Deaths,Unexpected,1.00,,,,,,,,,,,
CIW,2022-2023,Overtime Hours,Custody (Overtime),"17,825.97","8,586.27","20,264.78","12,624.29","6,653.47","6,726.00","9,139.50","9,452.26","8,970.64","8,679.03",,
CIW,2022-2023,Overtime Hours,Dental + Mental Health (Overtime),263.20,175.80,172.40,164.70,278.70,221.50,228.70,245.72,234.93,216.65,,
CIW,2022-2023,Overtime Hours,Non-Custody (Overtime),"2,222.75","1,611.50","1,277.00","2,365.25","1,705.00","1,258.75","2,134.00","1,772.25","2,414.00","2,175.00",,
CIW,2022-2023,Overtime Hours,Total Overtime Hours,"20,311.92","10,373.57","21,714.18","15,154.24","8,637.17","8,206.25","11,502.20","11,470.23","11,619.57","11,070.68",,
CIW,2022-2023,Overtime Hours,Quarter,Q1,Q1,Q1,Q2,Q2,Q2,Q3,Q3,Q3,Q4,,
CIW,2022-2023,Overtime Hours,Metric,Jul-22,Aug-22,Sep-22,Oct-22,Nov-22,Dec-22,Jan-23,Feb-23,Mar-23,Apr-23,,
CMC,2022-2023,Lockdowns and Modified Programs,Incarcerated Persons-Days on Modified Programs,8.83,5.18,0.06,0.00,0.00,1.04,0.00,0.00,0.00,0.00,,
CMC,2022-2023,Lockdowns and Modified Programs,Quarter,Q1,Q1,Q1,Q2,Q2,Q2,Q3,Q3,Q3,Q4,,
CMC,2022-2023,Lockdowns and Modified Programs,Metric,Jul-22,Aug-22,Sep-22,Oct-22,Nov-22,Dec-22,Jan-23,Feb-23,Mar-23,Apr-23,,
CMC,2022-2023,Lockdowns and Modified Programs,Lockdowns,0.00,0.00,0.00,0.00,0.00,0.00,0.00,0.00,0.00,0.00,,
CMC,2022-2023,Number of Deaths,Expected,,,,,,1.00,,,1.00,1.00,,
CMC,2022-2023,Number of Deaths,Quarter,Q1,Q1,Q1,Q2,Q2,Q2,Q3,Q3,Q3,Q4,,
CMC,2022-2023,Number of Deaths,Metric,Jul-22,Aug-22,Sep-22,Oct-22,Nov-22,Dec-22,Jan-23,Feb-23,Mar-23,Apr-23,,
CMC,2022-2023,Number of Deaths,Suicide,2.00,,,,1.00,,,,,,,
CMC,2022-2023,Number of Deaths,Unexpected,,,,,1.00,,,1.00,,,,
CMC,2022-2023,Overtime Hours,Custody (Overtime),"36,205.34","24,975.24","48,221.31","31,634.30","23,242.59","25,353.71","32,445.97","27,407.69","29,373.66","33,743.03",,
CMC,2022-2023,Overtime Hours,Dental + Mental Health (Overtime),189.30,138.45,207.75,124.95,363.15,251.40,350.15,255.15,245.10,246.10,,
CMC,2022-2023,Overtime Hours,Non-Custody (Overtime),"1,143.38","1,147.50",997.00,"1,551.22","1,468.75","1,076.50","1,487.50","1,550.00","1,498.50","1,670.50",,
CMC,2022-2023,Overtime Hours,Quarter,Q1,Q1,Q1,Q2,Q2,Q2,Q3,Q3,Q3,Q4,,
CMC,2022-2023,Overtime Hours,Metric,Jul-22,Aug-22,Sep-22,Oct-22,Nov-22,Dec-22,Jan-23,Feb-23,Mar-23,Apr-23,,
CMC,2022-2023,Overtime Hours,Total Overtime Hours,"37,538.02","26,261.19","49,426.06","33,310.47","25,074.49","26,681.61","34,283.62","29,212.84","31,117.26","35,659.63",,
CMF,2022-2023,Lockdowns and Modified Programs,Incarcerated Persons-Days on Modified Programs,31.20,30.13,0.00,0.00,0.00,0.00,0.00,0.00,0.00,0.00,,
CMF,2022-2023,Lockdowns and Modified Programs,Lockdowns,0.00,0.00,0.00,0.00,0.00,0.00,0.00,0.00,0.00,0.00,,
CMF,2022-2023,Number of Deaths,Expected,3.00,1.00,3.00,2.00,5.00,6.00,4.00,2.00,5.00,5.00,,
CMF,2022-2023,Number of Deaths,Missing,,,,,,,,,3.00,,,
CMF,2022-2023,Number of Deaths,Suicide,,,,1.00,,,,,1.00,,,
CMF,2022-2023,Number of Deaths,Unexpected,,,,,1.00,,,,5.00,1.00,,
CMF,2022-2023,Number of Deaths,Quarter,Q1,Q1,Q1,Q2,Q2,Q2,Q3,Q3,Q3,Q4,,
CMF,2022-2023,Number of Deaths,Metric,Jul-22,Aug-22,Sep-22,Oct-22,Nov-22,Dec-22,Jan-23,Feb-23,Mar-23,Apr-23,,
CMF,2022-2023,Overtime Hours,Custody (Overtime),"26,661.76","18,110.54","19,338.65","25,049.02","19,456.25","19,975.17","21,289.64","16,396.07","17,311.83","16,215.39",,
CMF,2022-2023,Overtime Hours,Dental + Mental Health (Overtime),750.45,500.57,421.48,481.95,380.87,423.90,373.90,440.15,521.00,483.25,,
CMF,2022-2023,Overtime Hours,Non-Custody (Overtime),941.25,938.50,946.75,"1,188.50","1,059.50",984.00,"1,537.75","1,045.00","1,048.25","1,663.75",,
CMF,2022-2023,Overtime Hours,Total Overtime Hours,"28,353.46","19,549.61","20,706.88","26,719.47","20,896.62","21,383.07","23,201.29","17,881.22","18,881.08","18,362.39",,
COR,2022-2023,Lockdowns and Modified Programs,Incarcerated Persons-Days on Modified Programs,14.42,7.81,3.95,3.13,4.08,3.23,3.63,2.17,2.37,2.46,,
COR,2022-2023,Lockdowns and Modified Programs,Lockdowns,0.00,0.00,0.00,0.00,0.00,0.00,0.00,0.00,0.00,0.00,,
COR,2022-2023,Number of Deaths,Expected,,,2.00,2.00,,1.00,1.00,,,1.00,,
COR,2022-2023,Number of Deaths,Missing,1.00,,,,,,,,,,,
COR,2022-2023,Number of Deaths,Suicide,,,,,,,1.00,,,,,
COR,2022-2023,Number of Deaths,Unexpected,2.00,1.00,,1.00,1.00,,,,,,,
COR,2022-2023,Overtime Hours,Custody (Overtime),"40,690.42","28,913.28","53,417.22","35,585.56","24,814.90","27,191.20","32,416.35","28,505.24","28,215.29","29,743.24",,
COR,2022-2023,Overtime Hours,Quarter,Q1,Q1,Q1,Q2,Q2,Q2,Q3,Q3,Q3,Q4,,
COR,2022-2023,Overtime Hours,Metric,Jul-22,Aug-22,Sep-22,Oct-22,Nov-22,Dec-22,Jan-23,Feb-23,Mar-23,Apr-23,,
COR,2022-2023,Overtime Hours,Dental + Mental Health (Overtime),371.50,193.58,98.96,209.55,111.50,173.30,173.50,144.00,155.00,206.75,,
COR,2022-2023,Overtime Hours,Non-Custody (Overtime),"2,636.38","2,662.98","2,380.40","2,721.23","1,908.35","2,159.16","2,554.87","2,653.60","3,904.72","3,800.25",,
COR,2022-2023,Overtime Hours,Total Overtime Hours,"43,698.30","31,769.84","55,896.58","38,516.34","26,834.75","29,523.66","35,144.72","31,302.84","32,275.01","33,750.24",,
CRC,2022-2023,Lockdowns and Modified Programs,Incarcerated Persons-Days on Modified Programs,8.04,6.85,3.43,1.15,1.46,16.50,13.04,4.68,13.11,2.03,,
CRC,2022-2023,Lockdowns and Modified Programs,Quarter,Q1,Q1,Q1,Q2,Q2,Q2,Q3,Q3,Q3,Q4,,
CRC,2022-2023,Lockdowns and Modified Programs,Metric,Jul-22,Aug-22,Sep-22,Oct-22,Nov-22,Dec-22,Jan-23,Feb-23,Mar-23,Apr-23,,
CRC,2022-2023,Lockdowns and Modified Programs,Lockdowns,0.00,0.00,0.00,0.00,0.00,0.00,0.00,0.00,0.00,0.00,,
CRC,2022-2023,Number of Deaths,Missing,3.00,,1.00,2.00,1.00,,1.00,1.00,1.00,1.00,,
CRC,2022-2023,Number of Deaths,Unexpected,,,,,,,,,,,,
CRC,2022-2023,Overtime Hours,Custody (Overtime),"35,290.52","22,739.53","42,039.78","28,223.96","24,250.85","28,433.25","27,386.80","22,969.47","27,357.79","26,527.03",,
CRC,2022-2023,Overtime Hours,Dental + Mental Health (Overtime),93.00,93.00,87.00,86.00,169.00,129.00,172.00,128.00,78.60,103.00,,
CRC,2022-2023,Overtime Hours,Non-Custody (Overtime),"2,427.50","2,267.00","1,728.25","2,722.00","2,065.00","2,150.75","2,463.75","2,354.75","2,349.50","2,339.00",,
CRC,2022-2023,Overtime Hours,Total Overtime Hours,"37,811.02","25,099.53","43,855.03","31,031.96","26,484.85","30,713.00","30,022.55","25,452.22","29,785.89","28,969.03",,
CRC,2022-2023,Overtime Hours,Quarter,Q1,Q1,Q1,Q2,Q2,Q2,Q3,Q3,Q3,Q4,,
CRC,2022-2023,Overtime Hours,Metric,Jul-22,Aug-22,Sep-22,Oct-22,Nov-22,Dec-22,Jan-23,Feb-23,Mar-23,Apr-23,,
CTF,2022-2023,Lockdowns and Modified Programs,Incarcerated Persons-Days on Modified Programs,5.42,14.12,17.34,4.54,4.11,8.03,1.16,9.39,0.91,0.00,,
CTF,2022-2023,Lockdowns and Modified Programs,Lockdowns,0.00,0.00,0.00,0.00,0.00,0.00,0.00,0.00,0.00,0.00,,
CTF,2022-2023,Number of Deaths,Expected,1.00,,,,,,,,1.00,,,
CTF,2022-2023,Number of Deaths,Homicide,,,,,,,,,,1.00,,
CTF,2022-2023,Number of Deaths,Unexpected,,,,,,,,,,,,
CTF,2022-2023,Overtime Hours,Custody (Overtime),"23,824.65","16,634.66","33,935.79","20,827.80","12,471.31","14,476.61","20,972.02","18,730.24","19,153.03","19,732.12",,
CTF,2022-2023,Overtime Hours,Dental + Mental Health (Overtime),4.75,3.00,0.00,0.00,1.25,0.00,0.00,0.00,0.00,0.00,,
CTF,2022-2023,Overtime Hours,Quarter,Q1,Q1,Q1,Q2,Q2,Q2,Q3,Q3,Q3,Q4,,
CTF,2022-2023,Overtime Hours,Metric,Jul-22,Aug-22,Sep-22,Oct-22,Nov-22,Dec-22,Jan-23,Feb-23,Mar-23,Apr-23,,
CTF,2022-2023,Overtime Hours,Non-Custody (Overtime),"1,666.50","1,592.50","1,413.50","1,993.82","1,547.00","1,542.25","1,848.50","1,383.50","1,620.73","1,983.25",,
CTF,2022-2023,Overtime Hours,Total Overtime Hours,"25,495.90","18,230.16","35,349.29","22,821.62","14,019.56","16,018.86","22,820.52","20,113.74","20,773.76","21,715.37",,
CVSP,2022-2023,Lockdowns and Modified Programs,Incarcerated Persons-Days on Modified Programs,10.65,11.70,4.99,3.04,0.00,5.00,21.17,2.48,3.00,2.14,,
CVSP,2022-2023,Lockdowns and Modified Programs,Quarter,Q1,Q1,Q1,Q2,Q2,Q2,Q3,Q3,Q3,Q4,,
CVSP,2022-2023,Lockdowns and Modified Programs,Metric,Jul-22,Aug-22,Sep-22,Oct-22,Nov-22,Dec-22,Jan-23,Feb-23,Mar-23,Apr-23,,
CVSP,2022-2023,Lockdowns and Modified Programs,Lockdowns,0.00,0.00,0.00,0.00,0.00,0.00,0.00,0.00,0.00,0.00,,
CVSP,2022-2023,Overtime Hours,Custody (Overtime),"12,031.75","7,834.87","14,644.06","9,958.08","5,909.97","6,156.07","10,002.82","6,518.67","9,622.43","11,195.24",,
CVSP,2022-2023,Overtime Hours,Dental + Mental Health (Overtime),155.50,35.45,59.30,27.30,43.60,36.75,60.50,21.80,14.80,17.25,,
CVSP,2022-2023,Overtime Hours,Non-Custody (Overtime),"1,106.00",928.00,787.25,"1,135.50",496.75,815.50,"1,084.95",836.50,"1,170.50","1,536.25",,
CVSP,2022-2023,Overtime Hours,Total Overtime Hours,"13,293.25","8,798.32","15,490.61","11,120.88","6,450.32","7,008.32","11,148.27","7,376.97","10,807.73","12,748.74",,
DVI,2022-2023,Lockdowns and Modified Programs,Lockdowns,0.00,0.00,0.00,0.00,0.00,0.00,0.00,0.00,0.00,0.00,,
FOL,2022-2023,Lockdowns and Modified Programs,Incarcerated Persons-Days on Modified Programs,18.09,4.93,0.00,0.00,0.00,0.00,0.03,0.12,20.80,0.00,,
FOL,2022-2023,Lockdowns and Modified Programs,Quarter,Q1,Q1,Q1,Q2,Q2,Q2,Q3,Q3,Q3,Q4,,
FOL,2022-2023,Lockdowns and Modified Programs,Metric,Jul-22,Aug-22,Sep-22,Oct-22,Nov-22,Dec-22,Jan-23,Feb-23,Mar-23,Apr-23,,
FOL,2022-2023,Lockdowns and Modified Programs,Lockdowns,0.00,0.00,0.00,0.00,0.00,0.00,0.00,0.00,0.00,0.00,,
FOL,2022-2023,Number of Deaths,Expected,,,,,1.00,,,,,,,
FOL,2022-2023,Number of Deaths,Quarter,Q1,Q1,Q1,Q2,Q2,Q2,Q3,Q3,Q3,Q4,,
FOL,2022-2023,Number of Deaths,Metric,Jul-22,Aug-22,Sep-22,Oct-22,Nov-22,Dec-22,Jan-23,Feb-23,Mar-23,Apr-23,,
FOL,2022-2023,Overtime Hours,Custody (Overtime),"21,348.98","13,862.50","29,329.69","20,373.27","13,810.20","15,082.80","15,905.83","15,709.37","15,708.91","21,749.31",,
FOL,2022-2023,Overtime Hours,Dental + Mental Health (Overtime),176.15,100.25,89.70,94.35,118.40,131.30,94.45,94.35,144.35,81.45,,
FOL,2022-2023,Overtime Hours,Non-Custody (Overtime),"1,830.53","1,181.25","1,541.75","1,951.75","1,574.75","2,050.75","1,686.50","1,142.75","1,030.25","1,617.25",,
FOL,2022-2023,Overtime Hours,Total Overtime Hours,"23,355.66","15,144.00","30,961.14","22,419.37","15,503.35","17,264.85","17,686.78","16,946.47","16,883.51","23,448.01",,
FWF,2022-2023,Lockdowns and Modified Programs,Incarcerated Persons-Days on Modified Programs,10.25,20.79,0.00,1.38,0.46,2.11,,,,,,
HDSP,2022-2023,Lockdowns and Modified Programs,Incarcerated Persons-Days on Modified Programs,0.00,0.00,0.00,5.17,3.02,0.00,1.38,2.78,0.00,0.00,,
HDSP,2022-2023,Lockdowns and Modified Programs,Lockdowns,0.00,0.00,0.00,0.00,0.00,0.00,0.00,0.00,0.00,0.00,,
HDSP,2022-2023,Number of Deaths,Homicide,1.00,,,1.00,2.00,,,,,,,
HDSP,2022-2023,Number of Deaths,Missing,,,,,,,,,,,,
HDSP,2022-2023,Number of Deaths,Unexpected,,,,,,,,,,,,
HDSP,2022-2023,Overtime Hours,Custody (Overtime),"19,012.55","14,745.30","12,282.25","15,998.67","10,990.01","15,475.92","19,195.58","17,986.77","19,359.12","23,963.72",,
HDSP,2022-2023,Overtime Hours,Dental + Mental Health (Overtime),55.75,55.45,81.90,73.50,106.80,61.95,63.05,59.20,83.90,62.40,,
HDSP,2022-2023,Overtime Hours,Quarter,Q1,Q1,Q1,Q2,Q2,Q2,Q3,Q3,Q3,Q4,,
HDSP,2022-2023,Overtime Hours,Metric,Jul-22,Aug-22,Sep-22,Oct-22,Nov-22,Dec-22,Jan-23,Feb-23,Mar-23,Apr-23,,
HDSP,2022-2023,Overtime Hours,Non-Custody (Overtime),"1,258.50",827.00,900.50,"1,154.25","1,220.00","1,045.25","1,561.50","1,390.75","1,438.50","1,229.50",,
HDSP,2022-2023,Overtime Hours,Total Overtime Hours,"20,326.80","15,627.75","13,264.65","17,226.42","12,316.81","16,583.12","20,820.13","19,436.72","20,881.52","25,255.62",,
ISP,2022-2023,Lockdowns and Modified Programs,Incarcerated Persons-Days on Modified Programs,5.50,14.71,8.04,3.44,0.00,5.29,16.01,0.03,0.05,2.16,,
ISP,2022-2023,Lockdowns and Modified Programs,Lockdowns,0.00,0.00,0.00,0.00,0.00,0.00,0.00,0.00,0.00,0.00,,
ISP,2022-2023,Overtime Hours,Custody (Overtime),"19,747.51","13,757.64","13,086.18","17,310.03","9,948.56","10,910.76","14,274.03","13,255.60","13,349.40","15,994.84",,
ISP,2022-2023,Overtime Hours,Dental + Mental Health (Overtime),54.25,38.25,44.75,19.15,80.10,34.60,20.60,46.85,52.15,40.25,,
ISP,2022-2023,Overtime Hours,Non-Custody (Overtime),"2,295.75","1,221.50","1,242.00","1,377.25",884.00,"1,495.75","1,267.00",897.25,837.25,"1,110.50",,
ISP,2022-2023,Overtime Hours,Total Overtime Hours,"22,097.51","15,017.39","14,372.93","18,706.43","10,912.66","12,441.11","15,561.63","14,199.70","14,238.80","17,145.59",,
ISP,2022-2023,Overtime Hours,Quarter,Q1,Q1,Q1,Q2,Q2,Q2,Q3,Q3,Q3,Q4,,
ISP,2022-2023,Overtime Hours,Metric,Jul-22,Aug-22,Sep-22,Oct-22,Nov-22,Dec-22,Jan-23,Feb-23,Mar-23,Apr-23,,
KVSP,2022-2023,Lockdowns and Modified Programs,Incarcerated Persons-Days on Modified Programs,0.00,1.62,4.76,18.27,0.00,0.00,3.21,0.00,3.02,2.07,,
KVSP,2022-2023,Lockdowns and Modified Programs,Lockdowns,0.00,0.00,0.00,0.00,0.00,0.00,0.00,0.00,0.00,0.00,,
KVSP,2022-2023,Number of Deaths,Homicide,,,,,,,1.00,,,,,
KVSP,2022-2023,Number of Deaths,Missing,,,,,,1.00,,,,,,
KVSP,2022-2023,Number of Deaths,Unexpected,1.00,,,,,,,,,,,
KVSP,2022-2023,Overtime Hours,Custody (Overtime),"37,429.72","29,936.39","51,035.45","29,577.25","18,744.99","21,116.99","20,468.14","16,577.32","14,326.29","18,594.56",,
KVSP,2022-2023,Overtime Hours,Dental + Mental Health (Overtime),267.98,188.24,196.39,221.80,314.25,150.25,231.25,215.40,150.40,249.80,,
KVSP,2022-2023,Overtime Hours,Quarter,Q1,Q1,Q1,Q2,Q2,Q2,Q3,Q3,Q3,Q4,,
KVSP,2022-2023,Overtime Hours,Metric,Jul-22,Aug-22,Sep-22,Oct-22,Nov-22,Dec-22,Jan-23,Feb-23,Mar-23,Apr-23,,
KVSP,2022-2023,Overtime Hours,Non-Custody (Overtime),"2,883.75","1,900.25","1,907.00","2,342.25","1,694.83","1,646.25","2,094.50","1,903.00","2,065.50","1,976.50",,
KVSP,2022-2023,Overtime Hours,Total Overtime Hours,"40,581.45","32,024.88","53,138.84","32,141.30","20,754.07","22,913.49","22,793.89","18,695.72","16,542.19","20,820.86",,
LAC,2022-2023,Lockdowns and Modified Programs,Incarcerated Persons-Days on Modified Programs,0.00,0.00,0.00,0.00,0.00,0.00,0.00,0.00,0.00,0.00,,
LAC,2022-2023,Lockdowns and Modified Programs,Lockdowns,0.00,0.00,0.00,0.00,0.00,0.00,0.00,0.00,0.00,0.00,,
LAC,2022-2023,Lockdowns and Modified Programs,Quarter,Q1,Q1,Q1,Q2,Q2,Q2,Q3,Q3,Q3,Q4,,
LAC,2022-2023,Lockdowns and Modified Programs,Metric,Jul-22,Aug-22,Sep-22,Oct-22,Nov-22,Dec-22,Jan-23,Feb-23,Mar-23,Apr-23,,
LAC,2022-2023,Number of Deaths,Expected,,,,,,,,,,,,
LAC,2022-2023,Number of Deaths,Quarter,Q1,Q1,Q1,Q2,Q2,Q2,Q3,Q3,Q3,Q4,,
LAC,2022-2023,Number of Deaths,Metric,Jul-22,Aug-22,Sep-22,Oct-22,Nov-22,Dec-22,Jan-23,Feb-23,Mar-23,Apr-23,,
LAC,2022-2023,Number of Deaths,Missing,,,,,,,,1.00,,,,
LAC,2022-2023,Number of Deaths,Suicide,1.00,,,,1.00,,,1.00,,,,
LAC,2022-2023,Number of Deaths,Unexpected,,,,,,1.00,,,,,,
LAC,2022-2023,Overtime Hours,Custody (Overtime),"31,480.89","25,788.14","49,052.45","33,343.07","23,328.27","24,476.94","30,166.14","27,423.31","23,552.31","31,761.20",,
LAC,2022-2023,Overtime Hours,Dental + Mental Health (Overtime),789.79,598.61,799.00,538.85,676.05,659.90,572.00,567.30,551.87,531.25,,
LAC,2022-2023,Overtime Hours,Non-Custody (Overtime),"2,522.25","2,803.92","2,716.83","2,045.50","1,727.25","2,034.00","2,099.25","2,597.58","2,412.50","3,023.25",,
LAC,2022-2023,Overtime Hours,Quarter,Q1,Q1,Q1,Q2,Q2,Q2,Q3,Q3,Q3,Q4,,
LAC,2022-2023,Overtime Hours,Metric,Jul-22,Aug-22,Sep-22,Oct-22,Nov-22,Dec-22,Jan-23,Feb-23,Mar-23,Apr-23,,
LAC,2022-2023,Overtime Hours,Total Overtime Hours,"34,792.93","29,190.67","52,568.28","35,927.42","25,731.57","27,170.84","32,837.39","30,588.19","26,516.68","35,315.70",,
MCSP,2022-2023,Lockdowns and Modified Programs,Incarcerated Persons-Days on Modified Programs,9.02,9.60,4.01,0.28,0.00,0.00,2.06,0.00,1.03,0.62,,
MCSP,2022-2023,Lockdowns and Modified Programs,Lockdowns,0.00,0.00,0.00,0.00,0.00,0.00,0.00,0.00,0.00,0.00,,
MCSP,2022-2023,Number of Deaths,Expected,1.00,,2.00,,,,,,,,,
MCSP,2022-2023,Number of Deaths,Homicide,,,,,,,,1.00,,,,
MCSP,2022-2023,Number of Deaths,Suicide,,,,,,,,,,,,
MCSP,2022-2023,Number of Deaths,Unexpected,,,,2.00,,,,,2.00,,,
MCSP,2022-2023,Number of Deaths,Quarter,Q1,Q1,Q1,Q2,Q2,Q2,Q3,Q3,Q3,Q4,,
MCSP,2022-2023,Number of Deaths,Metric,Jul-22,Aug-22,Sep-22,Oct-22,Nov-22,Dec-22,Jan-23,Feb-23,Mar-23,Apr-23,,
MCSP,2022-2023,Overtime Hours,Custody (Overtime),"29,202.53","18,313.05","37,841.05","26,218.07","17,264.31","17,315.23","20,639.11","20,551.69","19,220.91","21,525.17",,
MCSP,2022-2023,Overtime Hours,Dental + Mental Health (Overtime),154.00,82.00,121.14,109.00,116.54,43.42,157.50,113.25,152.02,158.96,,
MCSP,2022-2023,Overtime Hours,Non-Custody (Overtime),"2,168.75","1,347.25",991.25,"1,649.25","1,153.50","1,246.00","1,438.25","1,593.25","1,526.25","1,470.50",,
MCSP,2022-2023,Overtime Hours,Total Overtime Hours,"31,525.28","19,742.30","38,953.44","27,976.32","18,534.35","18,604.65","22,234.86","22,258.19","20,899.18","23,154.63",,
NKSP,2022-2023,Lockdowns and Modified Programs,Incarcerated Persons-Days on Modified Programs,9.89,8.28,6.10,4.38,3.89,9.01,7.90,5.95,9.33,4.52,,
NKSP,2022-2023,Lockdowns and Modified Programs,Lockdowns,0.00,0.00,0.00,0.00,0.00,0.00,0.00,0.00,0.00,0.00,,
NKSP,2022-2023,Number of Deaths,Homicide,,,,,,,,2.00,,,,
NKSP,2022-2023,Number of Deaths,Unexpected,1.00,,,,1.00,,,,,,,
NKSP,2022-2023,Overtime Hours,Custody (Overtime),"25,245.49","15,817.62","26,249.46","15,757.25","10,452.90","12,588.20","15,150.12","11,079.22","13,350.26","17,129.82",,
NKSP,2022-2023,Overtime Hours,Dental + Mental Health (Overtime),169.47,93.00,160.15,131.95,136.91,77.25,135.90,214.14,242.80,297.10,,
NKSP,2022-2023,Overtime Hours,Non-Custody (Overtime),"1,549.50","1,260.00","1,069.50","1,516.75","1,071.25","1,296.25","2,601.75","1,531.75","1,270.50","2,213.50",,
NKSP,2022-2023,Overtime Hours,Quarter,Q1,Q1,Q1,Q2,Q2,Q2,Q3,Q3,Q3,Q4,,
NKSP,2022-2023,Overtime Hours,Metric,Jul-22,Aug-22,Sep-22,Oct-22,Nov-22,Dec-22,Jan-23,Feb-23,Mar-23,Apr-23,,
NKSP,2022-2023,Overtime Hours,Total Overtime Hours,"26,964.46","17,170.62","27,479.11","17,405.95","11,661.06","13,961.70","17,887.77","12,825.11","14,863.56","19,640.42",,
PBSP,2022-2023,Lockdowns and Modified Programs,Incarcerated Persons-Days on Modified Programs,6.41,0.00,0.00,1.08,6.40,4.99,4.23,3.43,3.79,0.00,,
PBSP,2022-2023,Lockdowns and Modified Programs,Lockdowns,0.00,0.00,0.00,0.00,0.00,0.00,0.00,0.00,0.00,0.00,,
PBSP,2022-2023,Number of Deaths,Homicide,1.00,,,,,,,,1.00,,,
PBSP,2022-2023,Number of Deaths,Unexpected,,,1.00,,,,,,,,,
PBSP,2022-2023,Overtime Hours,Custody (Overtime),"24,197.73","15,564.54","25,491.63","20,486.49","15,019.36","14,746.53","17,915.38","17,789.18","16,648.70","19,585.08",,
PBSP,2022-2023,Overtime Hours,Quarter,Q1,Q1,Q1,Q2,Q2,Q2,Q3,Q3,Q3,Q4,,
PBSP,2022-2023,Overtime Hours,Metric,Jul-22,Aug-22,Sep-22,Oct-22,Nov-22,Dec-22,Jan-23,Feb-23,Mar-23,Apr-23,,
PBSP,2022-2023,Overtime Hours,Dental + Mental Health (Overtime),0.00,0.00,20.00,8.00,24.00,24.00,0.00,8.75,8.00,24.00,,
PBSP,2022-2023,Overtime Hours,Non-Custody (Overtime),"1,134.50",602.75,674.00,"1,420.25","1,055.00",995.80,"1,434.75","1,039.75",819.50,"1,580.75",,
PBSP,2022-2023,Overtime Hours,Total Overtime Hours,"25,332.23","16,167.29","26,185.63","21,914.74","16,098.36","15,766.33","19,350.13","18,837.68","17,476.20","21,189.83",,
PVSP,2022-2023,Lockdowns and Modified Programs,Incarcerated Persons-Days on Modified Programs,11.80,9.48,7.81,6.26,7.59,10.01,16.54,5.86,2.84,7.75,,
PVSP,2022-2023,Lockdowns and Modified Programs,Lockdowns,0.00,0.00,0.00,0.00,0.00,0.00,0.00,0.00,0.00,0.00,,
PVSP,2022-2023,Number of Deaths,Homicide,,,,,,,,,1.00,,,
PVSP,2022-2023,Overtime Hours,Custody (Overtime),"31,085.85","27,115.78","54,293.34","37,005.42","18,575.39","21,976.55","28,932.16","20,990.58","18,033.58","21,823.32",,
PVSP,2022-2023,Overtime Hours,Dental + Mental Health (Overtime),52.15,37.35,48.25,36.57,66.93,68.08,72.89,88.70,77.24,39.24,,
PVSP,2022-2023,Overtime Hours,Non-Custody (Overtime),"1,068.75",699.25,780.75,"1,270.92",998.00,"1,195.25","1,379.00",993.50,"1,702.75","1,573.50",,
PVSP,2022-2023,Overtime Hours,Total Overtime Hours,"32,206.75","27,852.38","55,122.34","38,312.91","19,640.32","23,239.88","30,384.05","22,072.78","19,813.57","23,436.06",,
PVSP,2022-2023,Overtime Hours,Quarter,Q1,Q1,Q1,Q2,Q2,Q2,Q3,Q3,Q3,Q4,,
PVSP,2022-2023,Overtime Hours,Metric,Jul-22,Aug-22,Sep-22,Oct-22,Nov-22,Dec-22,Jan-23,Feb-23,Mar-23,Apr-23,,
RJD,2022-2023,Lockdowns and Modified Programs,Incarcerated Persons-Days on Modified Programs,30.80,31.00,3.12,1.96,0.41,0.00,5.19,2.77,6.23,3.00,,
RJD,2022-2023,Lockdowns and Modified Programs,Lockdowns,0.00,0.00,0.00,0.00,0.00,0.00,0.00,0.00,0.00,0.00,,
RJD,2022-2023,Number of Deaths,Expected,1.00,,,,,2.00,,,,1.00,,
RJD,2022-2023,Number of Deaths,Missing,,,,,,1.00,,,,,,
RJD,2022-2023,Number of Deaths,Suicide,,,,,,,1.00,,,1.00,,
RJD,2022-2023,Number of Deaths,Quarter,Q1,Q1,Q1,Q2,Q2,Q2,Q3,Q3,Q3,Q4,,
RJD,2022-2023,Number of Deaths,Metric,Jul-22,Aug-22,Sep-22,Oct-22,Nov-22,Dec-22,Jan-23,Feb-23,Mar-23,Apr-23,,
RJD,2022-2023,Number of Deaths,Unexpected,1.00,1.00,,,,1.00,1.00,,,1.00,,
RJD,2022-2023,Overtime Hours,Custody (Overtime),"43,450.68","31,626.28","60,027.70","40,108.93","30,330.80","28,395.61","34,042.41","31,867.64","34,248.53","35,091.67",,
RJD,2022-2023,Overtime Hours,Dental + Mental Health (Overtime),525.95,329.85,458.00,414.80,691.05,301.15,501.95,238.25,307.85,304.90,,
RJD,2022-2023,Overtime Hours,Non-Custody (Overtime),"4,508.25","3,364.84","3,434.00","4,956.66","3,504.58","3,364.50","4,766.59","3,463.67","3,683.83","4,589.18",,
RJD,2022-2023,Overtime Hours,Total Overtime Hours,"48,484.88","35,320.97","63,919.70","45,480.39","34,526.43","32,061.26","39,310.95","35,569.56","38,240.21","39,985.75",,
RJD,2022-2023,Overtime Hours,Quarter,Q1,Q1,Q1,Q2,Q2,Q2,Q3,Q3,Q3,Q4,,
RJD,2022-2023,Overtime Hours,Metric,Jul-22,Aug-22,Sep-22,Oct-22,Nov-22,Dec-22,Jan-23,Feb-23,Mar-23,Apr-23,,
SAC,2022-2023,Lockdowns and Modified Programs,Incarcerated Persons-Days on Modified Programs,6.73,3.64,1.69,2.57,0.77,10.74,2.68,0.00,0.00,0.00,,
SAC,2022-2023,Lockdowns and Modified Programs,Quarter,Q1,Q1,Q1,Q2,Q2,Q2,Q3,Q3,Q3,Q4,,
SAC,2022-2023,Lockdowns and Modified Programs,Metric,Jul-22,Aug-22,Sep-22,Oct-22,Nov-22,Dec-22,Jan-23,Feb-23,Mar-23,Apr-23,,
SAC,2022-2023,Lockdowns and Modified Programs,Lockdowns,0.00,0.00,0.00,0.00,0.00,0.00,0.00,0.00,0.00,0.00,,
SAC,2022-2023,Number of Deaths,Homicide,1.00,,,1.00,,,1.00,,,,,
SAC,2022-2023,Number of Deaths,Unexpected,,,,,,,,1.00,,,,
SAC,2022-2023,Overtime Hours,Custody (Overtime),"41,187.54","31,995.08","58,410.00","37,730.83","28,400.10","31,065.04","32,444.77","23,890.79","22,748.66","27,065.60",,
SAC,2022-2023,Overtime Hours,Dental + Mental Health (Overtime),244.25,218.18,225.43,256.80,212.73,239.90,241.70,340.95,291.05,377.45,,
SAC,2022-2023,Overtime Hours,Non-Custody (Overtime),"2,352.75","2,352.75","2,110.45","2,564.00","2,111.75","2,123.58","2,165.75","3,576.75","2,301.00","2,985.65",,
SAC,2022-2023,Overtime Hours,Quarter,Q1,Q1,Q1,Q2,Q2,Q2,Q3,Q3,Q3,Q4,,
SAC,2022-2023,Overtime Hours,Metric,Jul-22,Aug-22,Sep-22,Oct-22,Nov-22,Dec-22,Jan-23,Feb-23,Mar-23,Apr-23,,
SAC,2022-2023,Overtime Hours,Total Overtime Hours,"43,784.54","34,566.01","60,745.88","40,551.63","30,724.58","33,428.52","34,852.22","27,808.49","25,340.71","30,428.70",,
SATF,2022-2023,Lockdowns and Modified Programs,Incarcerated Persons-Days on Modified Programs,1.08,1.88,4.51,1.39,0.51,3.89,4.41,0.67,0.40,0.91,,
SATF,2022-2023,Lockdowns and Modified Programs,Lockdowns,0.00,0.00,0.00,0.00,0.00,0.00,0.00,0.00,0.00,0.00,,
SATF,2022-2023,Lockdowns and Modified Programs,Quarter,Q1,Q1,Q1,Q2,Q2,Q2,Q3,Q3,Q3,Q4,,
SATF,2022-2023,Lockdowns and Modified Programs,Metric,Jul-22,Aug-22,Sep-22,Oct-22,Nov-22,Dec-22,Jan-23,Feb-23,Mar-23,Apr-23,,
SATF,2022-2023,Number of Deaths,Expected,,,1.00,,1.00,,1.00,,,,,
SATF,2022-2023,Number of Deaths,Quarter,Q1,Q1,Q1,Q2,Q2,Q2,Q3,Q3,Q3,Q4,,
SATF,2022-2023,Number of Deaths,Metric,Jul-22,Aug-22,Sep-22,Oct-22,Nov-22,Dec-22,Jan-23,Feb-23,Mar-23,Apr-23,,
SATF,2022-2023,Number of Deaths,Suicide,1.00,,,,,,,,,,,
SATF,2022-2023,Number of Deaths,Unexpected,1.00,,1.00,1.00,,,,2.00,1.00,2.00,,
SATF,2022-2023,Overtime Hours,Custody (Overtime),"40,269.09","28,674.24","53,857.80","31,227.68","24,744.95","26,658.04","29,132.50","23,583.07","27,650.30","29,807.82",,
SATF,2022-2023,Overtime Hours,Dental + Mental Health (Overtime),151.35,101.55,175.15,217.55,176.95,152.45,195.85,165.65,248.26,343.99,,
SATF,2022-2023,Overtime Hours,Non-Custody (Overtime),"2,520.75","2,305.00","1,912.50","3,007.00","1,578.50","1,691.25","2,149.75","1,702.25","1,709.75","2,199.75",,
SATF,2022-2023,Overtime Hours,Total Overtime Hours,"42,941.19","31,080.79","55,945.45","34,452.23","26,500.40","28,501.74","31,478.10","25,450.97","29,608.31","32,351.56",,
SATF,2022-2023,Overtime Hours,Quarter,Q1,Q1,Q1,Q2,Q2,Q2,Q3,Q3,Q3,Q4,,
SATF,2022-2023,Overtime Hours,Metric,Jul-22,Aug-22,Sep-22,Oct-22,Nov-22,Dec-22,Jan-23,Feb-23,Mar-23,Apr-23,,
SCC,2022-2023,Lockdowns and Modified Programs,Incarcerated Persons-Days on Modified Programs,2.39,3.12,0.99,0.00,0.00,0.00,0.18,1.14,0.00,0.00,,
SCC,2022-2023,Lockdowns and Modified Programs,Lockdowns,0.00,0.00,0.00,0.00,0.00,0.00,0.00,0.00,0.00,0.00,,
SCC,2022-2023,Lockdowns and Modified Programs,Quarter,Q1,Q1,Q1,Q2,Q2,Q2,Q3,Q3,Q3,Q4,,
SCC,2022-2023,Lockdowns and Modified Programs,Metric,Jul-22,Aug-22,Sep-22,Oct-22,Nov-22,Dec-22,Jan-23,Feb-23,Mar-23,Apr-23,,
SCC,2022-2023,Number of Deaths,Missing,,,,,,,,1.00,,,,
SCC,2022-2023,Number of Deaths,Suicide,,,,,,,,,,1.00,,
SCC,2022-2023,Number of Deaths,Quarter,Q1,Q1,Q1,Q2,Q2,Q2,Q3,Q3,Q3,Q4,,
SCC,2022-2023,Number of Deaths,Metric,Jul-22,Aug-22,Sep-22,Oct-22,Nov-22,Dec-22,Jan-23,Feb-23,Mar-23,Apr-23,,
SCC,2022-2023,Number of Deaths,Unexpected,,,,,,,,1.00,,,,
SCC,2022-2023,Overtime Hours,Custody (Overtime),"40,070.49","22,164.55","68,380.16","18,768.40","19,508.92","23,152.28","31,450.95","25,669.69","45,575.87","36,669.15",,
SCC,2022-2023,Overtime Hours,Dental + Mental Health (Overtime),8.00,6.90,8.05,8.00,45.00,47.00,8.00,50.15,35.60,43.00,,
SCC,2022-2023,Overtime Hours,Non-Custody (Overtime),"5,007.00","1,771.00","2,281.50","3,202.00","1,902.25","2,663.25","3,598.75","3,554.75","3,653.00","2,791.50",,
SCC,2022-2023,Overtime Hours,Total Overtime Hours,"45,085.49","23,942.45","70,669.71","21,978.40","21,456.17","25,862.53","35,057.70","29,274.59","49,264.47","39,503.65",,
SCC,2022-2023,Overtime Hours,Quarter,Q1,Q1,Q1,Q2,Q2,Q2,Q3,Q3,Q3,Q4,,
SCC,2022-2023,Overtime Hours,Metric,Jul-22,Aug-22,Sep-22,Oct-22,Nov-22,Dec-22,Jan-23,Feb-23,Mar-23,Apr-23,,
SOL,2022-2023,Lockdowns and Modified Programs,Incarcerated Persons-Days on Modified Programs,5.36,0.00,0.00,0.00,0.00,1.57,2.84,0.00,16.05,1.09,,
SOL,2022-2023,Lockdowns and Modified Programs,Lockdowns,0.00,0.00,0.00,0.00,0.00,0.00,0.00,0.00,0.00,0.00,,
SOL,2022-2023,Number of Deaths,Expected,,,,,,1.00,,,,,,
SOL,2022-2023,Number of Deaths,Unexpected,,,,,,,,,1.00,,,
SOL,2022-2023,Overtime Hours,Custody (Overtime),"26,509.34","20,533.75","18,311.38","22,893.00","15,929.10","18,968.08","22,308.12","14,619.12","18,397.56","21,175.67",,
SOL,2022-2023,Overtime Hours,Dental + Mental Health (Overtime),49.09,89.91,34.51,62.28,35.35,38.95,60.31,60.03,62.25,79.21,,
SOL,2022-2023,Overtime Hours,Non-Custody (Overtime),"2,208.08","2,237.25","2,227.00","2,593.17","2,441.37","2,102.00","2,714.24","2,047.00","1,857.89","2,397.41",,
SOL,2022-2023,Overtime Hours,Quarter,Q1,Q1,Q1,Q2,Q2,Q2,Q3,Q3,Q3,Q4,,
SOL,2022-2023,Overtime Hours,Metric,Jul-22,Aug-22,Sep-22,Oct-22,Nov-22,Dec-22,Jan-23,Feb-23,Mar-23,Apr-23,,
SOL,2022-2023,Overtime Hours,Total Overtime Hours,"28,766.51","22,860.91","20,572.89","25,548.45","18,405.82","21,109.03","25,082.67","16,726.15","20,317.70","23,652.29",,
SQ,2022-2023,Lockdowns and Modified Programs,Incarcerated Persons-Days on Modified Programs,21.07,4.31,7.98,5.11,5.19,2.03,1.07,1.90,1.87,0.00,,
SQ,2022-2023,Lockdowns and Modified Programs,Lockdowns,0.00,0.00,0.00,0.00,0.00,0.00,0.00,0.00,0.00,0.00,,
SQ,2022-2023,Lockdowns and Modified Programs,Quarter,Q1,Q1,Q1,Q2,Q2,Q2,Q3,Q3,Q3,Q4,,
SQ,2022-2023,Lockdowns and Modified Programs,Metric,Jul-22,Aug-22,Sep-22,Oct-22,Nov-22,Dec-22,Jan-23,Feb-23,Mar-23,Apr-23,,
SQ,2022-2023,Number of Deaths,Expected,1.00,,,,,3.00,,,1.00,,,
SQ,2022-2023,Number of Deaths,Missing,,,,,1.00,2.00,,,,1.00,,
SQ,2022-2023,Number of Deaths,Quarter,Q1,Q1,Q1,Q2,Q2,Q2,Q3,Q3,Q3,Q4,,
SQ,2022-2023,Number of Deaths,Metric,Jul-22,Aug-22,Sep-22,Oct-22,Nov-22,Dec-22,Jan-23,Feb-23,Mar-23,Apr-23,,
SQ,2022-2023,Number of Deaths,Unexpected,,,1.00,,,1.00,,,1.00,,,
SQ,2022-2023,Overtime Hours,Custody (Overtime),"21,791.30","16,986.27","34,319.93","26,571.57","17,758.02","21,515.64","20,983.58","23,329.46","23,287.05","30,935.08",,
SQ,2022-2023,Overtime Hours,Dental + Mental Health (Overtime),212.90,195.72,286.80,210.60,221.10,179.35,304.98,254.35,257.05,142.20,,
SQ,2022-2023,Overtime Hours,Non-Custody (Overtime),"2,487.25","2,327.50","2,519.75","3,026.25","2,264.25","2,611.75","2,749.00","3,090.50","3,271.75","3,106.50",,
SQ,2022-2023,Overtime Hours,Total Overtime Hours,"24,491.45","19,509.49","37,126.48","29,808.42","20,243.37","24,306.74","24,037.56","26,674.31","26,815.85","34,183.78",,
SQ,2022-2023,Overtime Hours,Quarter,Q1,Q1,Q1,Q2,Q2,Q2,Q3,Q3,Q3,Q4,,
SQ,2022-2023,Overtime Hours,Metric,Jul-22,Aug-22,Sep-22,Oct-22,Nov-22,Dec-22,Jan-23,Feb-23,Mar-23,Apr-23,,
SVSP,2022-2023,Lockdowns and Modified Programs,Incarcerated Persons-Days on Modified Programs,9.86,0.52,8.66,2.42,0.44,12.17,0.00,0.88,1.02,13.47,,
SVSP,2022-2023,Lockdowns and Modified Programs,Lockdowns,0.00,0.00,0.00,0.00,0.00,0.00,0.00,0.00,0.00,0.00,,
SVSP,2022-2023,Number of Deaths,Expected,,,,,,,,1.00,,,,
SVSP,2022-2023,Number of Deaths,Homicide,,,,1.00,,1.00,,,1.00,,,
SVSP,2022-2023,Number of Deaths,Missing,,,,,,,,,,,,
SVSP,2022-2023,Number of Deaths,Quarter,Q1,Q1,Q1,Q2,Q2,Q2,Q3,Q3,Q3,Q4,,
SVSP,2022-2023,Number of Deaths,Metric,Jul-22,Aug-22,Sep-22,Oct-22,Nov-22,Dec-22,Jan-23,Feb-23,Mar-23,Apr-23,,
SVSP,2022-2023,Number of Deaths,Suicide,,,,,,,,,1.00,,,
SVSP,2022-2023,Number of Deaths,Unexpected,,,,,2.00,,1.00,,,1.00,,
SVSP,2022-2023,Overtime Hours,Custody (Overtime),"46,337.34","35,898.78","65,949.69","43,808.41","31,208.73","33,492.20","35,792.55","34,570.43","33,809.81","39,530.70",,
SVSP,2022-2023,Overtime Hours,Dental + Mental Health (Overtime),435.50,335.75,325.50,623.88,450.75,318.50,557.50,437.75,392.25,666.46,,
SVSP,2022-2023,Overtime Hours,Non-Custody (Overtime),"2,280.92","2,190.50","1,932.75","2,358.58","2,409.50","2,262.25","2,037.50","1,961.75","2,632.25","2,523.00",,
SVSP,2022-2023,Overtime Hours,Quarter,Q1,Q1,Q1,Q2,Q2,Q2,Q3,Q3,Q3,Q4,,
SVSP,2022-2023,Overtime Hours,Metric,Jul-22,Aug-22,Sep-22,Oct-22,Nov-22,Dec-22,Jan-23,Feb-23,Mar-23,Apr-23,,
SVSP,2022-2023,Overtime Hours,Total Overtime Hours,"49,053.76","38,425.03","68,207.94","46,790.87","34,068.98","36,072.95","38,387.55","36,969.93","36,834.31","42,720.16",,
VSP,2022-2023,Lockdowns and Modified Programs,Incarcerated Persons-Days on Modified Programs,23.41,26.40,14.68,8.91,0.00,0.00,0.00,0.00,19.00,0.00,,
VSP,2022-2023,Lockdowns and Modified Programs,Lockdowns,0.00,0.00,0.00,0.00,0.00,0.00,0.00,0.00,0.00,0.00,,
VSP,2022-2023,Number of Deaths,Expected,,,,,,1.00,,,,,,
VSP,2022-2023,Number of Deaths,Suicide,,,,,,,,1.00,,,,
VSP,2022-2023,Number of Deaths,Quarter,Q1,Q1,Q1,Q2,Q2,Q2,Q3,Q3,Q3,Q4,,
VSP,2022-2023,Number of Deaths,Metric,Jul-22,Aug-22,Sep-22,Oct-22,Nov-22,Dec-22,Jan-23,Feb-23,Mar-23,Apr-23,,
VSP,2022-2023,Number of Deaths,Unexpected,1.00,,,,,1.00,1.00,,,1.00,,
VSP,2022-2023,Overtime Hours,Custody (Overtime),"19,532.17","13,138.60","13,628.99","14,026.01","12,865.51","13,843.30","13,522.61","9,742.87","13,890.42","13,423.01",,
VSP,2022-2023,Overtime Hours,Dental + Mental Health (Overtime),284.50,26.30,34.00,46.50,16.50,16.00,49.50,31.00,28.00,37.50,,
VSP,2022-2023,Overtime Hours,Non-Custody (Overtime),"1,145.00",778.25,916.75,"1,128.75",919.25,978.75,"1,420.00","1,323.25","1,212.50","1,434.25",,
VSP,2022-2023,Overtime Hours,Total Overtime Hours,"20,961.67","13,943.15","14,579.74","15,201.26","13,801.26","14,838.05","14,992.11","11,097.12","15,130.92","14,894.76",,
VSP,2022-2023,Overtime Hours,Quarter,Q1,Q1,Q1,Q2,Q2,Q2,Q3,Q3,Q3,Q4,,
VSP,2022-2023,Overtime Hours,Metric,Jul-22,Aug-22,Sep-22,Oct-22,Nov-22,Dec-22,Jan-23,Feb-23,Mar-23,Apr-23,,
WSP,2022-2023,Lockdowns and Modified Programs,Incarcerated Persons-Days on Modified Programs,6.99,6.34,0.58,0.04,0.16,7.31,5.64,0.10,0.44,0.27,,
WSP,2022-2023,Lockdowns and Modified Programs,Quarter,Q1,Q1,Q1,Q2,Q2,Q2,Q3,Q3,Q3,Q4,,
WSP,2022-2023,Lockdowns and Modified Programs,Metric,Jul-22,Aug-22,Sep-22,Oct-22,Nov-22,Dec-22,Jan-23,Feb-23,Mar-23,Apr-23,,
WSP,2022-2023,Lockdowns and Modified Programs,Lockdowns,0.00,0.00,0.00,0.00,0.00,0.00,0.00,0.00,0.00,0.00,,
WSP,2022-2023,Number of Deaths,Suicide,,,,,,,,1.00,1.00,,,
WSP,2022-2023,Number of Deaths,Unexpected,,,,1.00,,,,1.00,,,,
WSP,2022-2023,Overtime Hours,Custody (Overtime),"30,546.44","16,431.53","37,192.23","22,047.69","14,967.28","19,494.54","22,762.38","18,668.03","19,953.84","26,324.78",,
WSP,2022-2023,Overtime Hours,Dental + Mental Health (Overtime),128.10,113.25,130.30,185.90,170.15,119.40,145.45,152.95,121.20,132.95,,
WSP,2022-2023,Overtime Hours,Non-Custody (Overtime),"1,587.25","1,329.70","1,573.83","1,551.50","1,393.50","2,025.50","2,231.50","1,382.02","1,371.75","2,511.25",,
WSP,2022-2023,Overtime Hours,Quarter,Q1,Q1,Q1,Q2,Q2,Q2,Q3,Q3,Q3,Q4,,
WSP,2022-2023,Overtime Hours,Metric,Jul-22,Aug-22,Sep-22,Oct-22,Nov-22,Dec-22,Jan-23,Feb-23,Mar-23,Apr-23,,
WSP,2022-2023,Overtime Hours,Total Overtime Hours,"32,261.79","17,874.48","38,896.36","23,785.09","16,530.93","21,639.44","25,139.33","20,203.00","21,446.79","28,968.98",,
ASP,2023-2024,Lockdowns and Modified Programs,Incarcerated Persons-Days on Modified Programs,0.58,2.46,0.00,0.00,0.00,0.00,0.24,0.87,0.00,0.73,,
ASP,2023-2024,Lockdowns and Modified Programs,Lockdowns,0.00,0.00,0.00,0.00,0.00,0.00,0.00,0.00,0.00,0.00,,
ASP,2023-2024,Number of Deaths,Unexpected,,,,,,1.00,,,,,,
ASP,2023-2024,Overtime Hours,Custody (Overtime),"13,437.72","9,216.03","8,833.90","9,138.86","5,568.20","8,656.22","6,658.22","6,320.05","9,090.53","8,355.05",,
ASP,2023-2024,Overtime Hours,Dental + Mental Health (Overtime),99.50,64.00,80.50,608.00,358.50,440.50,48.50,41.50,73.50,53.75,,
ASP,2023-2024,Overtime Hours,Non-Custody (Overtime),"3,567.25","3,290.25","2,898.25","4,321.50","3,100.05","3,911.50","7,674.75","2,661.50","3,719.58","3,118.00",,
ASP,2023-2024,Overtime Hours,Quarter,Q1,Q1,Q1,Q2,Q2,Q2,Q3,Q3,Q3,Q4,,
ASP,2023-2024,Overtime Hours,Metric,Jul-23,Aug-23,Sep-23,Oct-23,Nov-23,Dec-23,Jan-24,Feb-24,Mar-24,Apr-24,,
ASP,2023-2024,Overtime Hours,Total Overtime Hours,"17,104.47","12,570.28","11,812.65","14,068.36","9,026.75","13,008.22","14,381.47","9,023.05","12,883.61","11,526.80",,
CAC,2023-2024,Lockdowns and Modified Programs,Incarcerated Persons-Days on Modified Programs,0.00,0.00,0.00,,,,,,,,,
CAC,2023-2024,Lockdowns and Modified Programs,Lockdowns,0.00,0.00,0.00,0.00,0.00,0.00,0.00,0.00,0.00,0.00,,
CAC,2023-2024,Overtime Hours,Custody (Overtime),"5,310.53","4,349.17","3,263.26","5,121.00",363.84,0.00,0.00,0.00,,,,
CAC,2023-2024,Overtime Hours,Dental + Mental Health (Overtime),35.55,34.05,34.35,434.00,0.00,0.00,0.00,0.00,,,,
CAC,2023-2024,Overtime Hours,Non-Custody (Overtime),910.75,699.25,308.50,203.25,118.50,36.00,36.00,6.00,,,,
CAC,2023-2024,Overtime Hours,Quarter,Q1,Q1,Q1,Q2,Q2,Q2,Q3,Q3,Q3,Q4,,
CAC,2023-2024,Overtime Hours,Metric,Jul-23,Aug-23,Sep-23,Oct-23,Nov-23,Dec-23,Jan-24,Feb-24,Mar-24,Apr-24,,
CAC,2023-2024,Overtime Hours,Total Overtime Hours,"6,256.83","5,082.47","3,606.11","5,758.25",482.34,36.00,36.00,6.00,,,,
CAL,2023-2024,Lockdowns and Modified Programs,Incarcerated Persons-Days on Modified Programs,0.00,0.00,0.00,0.00,0.00,0.00,0.00,0.00,0.00,5.04,,
CAL,2023-2024,Lockdowns and Modified Programs,Quarter,Q1,Q1,Q1,Q2,Q2,Q2,Q3,Q3,Q3,Q4,,
CAL,2023-2024,Lockdowns and Modified Programs,Metric,Jul-23,Aug-23,Sep-23,Oct-23,Nov-23,Dec-23,Jan-24,Feb-24,Mar-24,Apr-24,,
CAL,2023-2024,Lockdowns and Modified Programs,Lockdowns,0.00,0.00,0.00,0.00,0.00,0.00,0.00,0.00,0.00,0.00,,
CAL,2023-2024,Number of Deaths,Missing,,,,,,,,,1.00,1.00,,
CAL,2023-2024,Number of Deaths,Unexpected,,,,,,,,,,1.00,,
CAL,2023-2024,Overtime Hours,Custody (Overtime),"18,764.99","14,158.69","14,576.98","22,493.43","35,472.84","26,434.81","21,418.31","21,316.78","28,129.16","23,822.78",,
CAL,2023-2024,Overtime Hours,Dental + Mental Health (Overtime),41.65,31.00,15.48,34.00,48.00,0.00,0.00,0.00,0.00,0.00,,
CAL,2023-2024,Overtime Hours,Non-Custody (Overtime),"2,276.50","2,031.00","1,766.75","2,477.03","1,634.00","2,401.25","5,332.00","1,802.25","1,979.00","1,601.20",,
CAL,2023-2024,Overtime Hours,Quarter,Q1,Q1,Q1,Q2,Q2,Q2,Q3,Q3,Q3,Q4,,
CAL,2023-2024,Overtime Hours,Metric,Jul-23,Aug-23,Sep-23,Oct-23,Nov-23,Dec-23,Jan-24,Feb-24,Mar-24,Apr-24,,
CAL,2023-2024,Overtime Hours,Total Overtime Hours,"21,083.14","16,220.69","16,359.21","25,004.46","37,154.84","28,836.06","26,750.31","23,119.03","30,108.16","25,423.98",,
CCC,2023-2024,Lockdowns and Modified Programs,Lockdowns,0.00,0.00,0.00,0.00,0.00,0.00,0.00,0.00,0.00,0.00,,
CCC,2023-2024,Overtime Hours,Custody (Overtime),0.00,,,,,,,,,,,
CCC,2023-2024,Overtime Hours,Quarter,Q1,Q1,Q1,Q2,Q2,Q2,Q3,Q3,Q3,Q4,,
CCC,2023-2024,Overtime Hours,Metric,Jul-23,Aug-23,Sep-23,Oct-23,Nov-23,Dec-23,Jan-24,Feb-24,Mar-24,Apr-24,,
CCC,2023-2024,Overtime Hours,Dental + Mental Health (Overtime),0.00,,,,,,,,,,,
CCC,2023-2024,Overtime Hours,Non-Custody (Overtime),4.00,,,,,,,,,,,
CCC,2023-2024,Overtime Hours,Total Overtime Hours,4.00,,,,,,,,,,,
CCI,2023-2024,Lockdowns and Modified Programs,Incarcerated Persons-Days on Modified Programs,0.00,0.97,0.00,2.48,0.37,0.53,0.39,1.20,0.00,0.66,,
CCI,2023-2024,Lockdowns and Modified Programs,Lockdowns,0.00,0.00,0.00,0.00,0.00,0.00,2.00,0.00,0.00,0.00,,
CCI,2023-2024,Number of Deaths,Homicide,,,,,1.00,,,,,,,
CCI,2023-2024,Number of Deaths,Suicide,,,,,,1.00,,,,,,
CCI,2023-2024,Number of Deaths,Unexpected,,,,,,,1.00,,,,,
CCI,2023-2024,Number of Deaths,Quarter,Q1,Q1,Q1,Q2,Q2,Q2,Q3,Q3,Q3,Q4,,
CCI,2023-2024,Number of Deaths,Metric,Jul-23,Aug-23,Sep-23,Oct-23,Nov-23,Dec-23,Jan-24,Feb-24,Mar-24,Apr-24,,
CCI,2023-2024,Overtime Hours,Custody (Overtime),"13,078.38","11,828.47","15,081.60","16,051.92","6,956.59","13,614.43","12,206.96","12,483.47","19,004.85","7,165.00",,
CCI,2023-2024,Overtime Hours,Dental + Mental Health (Overtime),79.30,64.25,72.15,848.00,987.00,775.75,"1,036.50",613.50,335.00,66.25,,
CCI,2023-2024,Overtime Hours,Non-Custody (Overtime),"1,411.85","1,142.50",923.00,"1,403.25",665.50,911.25,"2,821.25",801.50,"1,026.75",770.25,,
CCI,2023-2024,Overtime Hours,Total Overtime Hours,"14,569.53","13,035.22","16,076.75","18,303.17","8,609.09","15,301.43","16,064.71","13,898.47","20,366.60","8,001.50",,
CCWF,2023-2024,Lockdowns and Modified Programs,Incarcerated Persons-Days on Modified Programs,0.00,0.70,1.32,0.56,1.24,0.86,0.00,0.00,0.25,0.00,,
CCWF,2023-2024,Lockdowns and Modified Programs,Lockdowns,0.00,0.00,2.00,0.00,0.00,0.00,0.00,0.00,0.00,0.00,,
CCWF,2023-2024,Number of Deaths,Expected,,1.00,1.00,,,,,,,,,
CCWF,2023-2024,Number of Deaths,Unexpected,,1.00,,,1.00,,,,,,,
CCWF,2023-2024,Overtime Hours,Custody (Overtime),"24,138.43","20,237.39","18,713.39","22,685.51","17,068.05","23,611.42","18,110.55","18,600.90","22,684.11","20,275.12",,
CCWF,2023-2024,Overtime Hours,Quarter,Q1,Q1,Q1,Q2,Q2,Q2,Q3,Q3,Q3,Q4,,
CCWF,2023-2024,Overtime Hours,Metric,Jul-23,Aug-23,Sep-23,Oct-23,Nov-23,Dec-23,Jan-24,Feb-24,Mar-24,Apr-24,,
CCWF,2023-2024,Overtime Hours,Dental + Mental Health (Overtime),87.27,43.75,49.75,"1,430.25",980.50,56.75,581.00,45.25,30.00,65.00,,
CCWF,2023-2024,Overtime Hours,Non-Custody (Overtime),"2,002.50","1,753.25","1,574.75","2,018.50","1,256.25","1,248.75",778.50,"1,115.50","1,269.08","1,279.25",,
CCWF,2023-2024,Overtime Hours,Total Overtime Hours,"26,228.20","22,034.39","20,337.89","26,134.26","19,304.80","24,916.92","19,470.05","19,761.65","23,983.19","21,619.37",,
CEN,2023-2024,Lockdowns and Modified Programs,Incarcerated Persons-Days on Modified Programs,0.01,0.02,0.03,0.06,0.09,0.05,0.04,0.04,0.02,0.02,,
CEN,2023-2024,Lockdowns and Modified Programs,Lockdowns,0.00,0.00,0.00,0.00,0.00,0.00,0.00,0.00,0.00,0.00,,
CEN,2023-2024,Lockdowns and Modified Programs,Quarter,Q1,Q1,Q1,Q2,Q2,Q2,Q3,Q3,Q3,Q4,,
CEN,2023-2024,Lockdowns and Modified Programs,Metric,Jul-23,Aug-23,Sep-23,Oct-23,Nov-23,Dec-23,Jan-24,Feb-24,Mar-24,Apr-24,,
CEN,2023-2024,Number of Deaths,Homicide,,,,,,,1.00,,,,,
CEN,2023-2024,Overtime Hours,Custody (Overtime),"12,672.47","12,197.69","12,258.13","23,609.85","30,550.52","22,020.99","17,079.05","18,946.43","20,933.15","16,973.47",,
CEN,2023-2024,Overtime Hours,Quarter,Q1,Q1,Q1,Q2,Q2,Q2,Q3,Q3,Q3,Q4,,
CEN,2023-2024,Overtime Hours,Metric,Jul-23,Aug-23,Sep-23,Oct-23,Nov-23,Dec-23,Jan-24,Feb-24,Mar-24,Apr-24,,
CEN,2023-2024,Overtime Hours,Dental + Mental Health (Overtime),110.99,94.40,134.25,"1,340.75","1,258.00",40.00,60.25,57.00,53.00,45.75,,
CEN,2023-2024,Overtime Hours,Non-Custody (Overtime),"2,608.50","1,942.75","1,646.25","4,375.00","1,814.00","2,119.00","2,417.50","1,492.25","2,031.00","1,748.75",,
CEN,2023-2024,Overtime Hours,Total Overtime Hours,"15,391.96","14,234.84","14,038.63","29,325.60","33,622.52","24,179.99","19,556.80","20,495.68","23,017.15","18,767.97",,
CHCF,2023-2024,Lockdowns and Modified Programs,Incarcerated Persons-Days on Modified Programs,1.18,4.62,4.15,1.55,0.85,2.77,2.92,3.10,0.00,0.00,,
CHCF,2023-2024,Lockdowns and Modified Programs,Lockdowns,0.00,0.00,1.00,0.00,0.00,0.00,0.00,0.00,0.00,0.00,,
CHCF,2023-2024,Number of Deaths,Expected,2.00,8.00,3.00,3.00,4.00,1.00,3.00,4.00,4.00,4.00,,
CHCF,2023-2024,Number of Deaths,Missing,,1.00,,1.00,2.00,,1.00,1.00,,1.00,,
CHCF,2023-2024,Number of Deaths,Suicide,,,,,1.00,,,,,,,
CHCF,2023-2024,Number of Deaths,Quarter,Q1,Q1,Q1,Q2,Q2,Q2,Q3,Q3,Q3,Q4,,
CHCF,2023-2024,Number of Deaths,Metric,Jul-23,Aug-23,Sep-23,Oct-23,Nov-23,Dec-23,Jan-24,Feb-24,Mar-24,Apr-24,,
CHCF,2023-2024,Number of Deaths,Unexpected,,1.00,,2.00,,1.00,,1.00,,1.00,,
CHCF,2023-2024,Overtime Hours,Custody (Overtime),"42,777.37","32,094.89","24,192.03","33,115.22","43,443.04","26,036.41","24,407.45","21,710.18","31,120.40","22,745.31",,
CHCF,2023-2024,Overtime Hours,Dental + Mental Health (Overtime),363.35,349.00,395.00,"1,442.75",922.25,513.00,338.50,277.15,252.75,275.50,,
CHCF,2023-2024,Overtime Hours,Non-Custody (Overtime),"4,975.13","4,500.33","4,413.05","8,379.94","4,037.56","4,672.50","3,585.25","3,372.00","4,676.75","3,795.50",,
CHCF,2023-2024,Overtime Hours,Total Overtime Hours,"48,115.85","36,944.22","29,000.08","42,937.91","48,402.85","31,221.91","28,331.20","25,359.33","36,049.90","26,816.31",,
CHCF,2023-2024,Overtime Hours,Quarter,Q1,Q1,Q1,Q2,Q2,Q2,Q3,Q3,Q3,Q4,,
CHCF,2023-2024,Overtime Hours,Metric,Jul-23,Aug-23,Sep-23,Oct-23,Nov-23,Dec-23,Jan-24,Feb-24,Mar-24,Apr-24,,
CIM,2023-2024,Lockdowns and Modified Programs,Incarcerated Persons-Days on Modified Programs,0.00,0.00,0.00,0.00,0.00,0.00,0.00,0.00,0.00,0.00,,
CIM,2023-2024,Lockdowns and Modified Programs,Lockdowns,0.00,0.00,0.00,0.00,0.00,0.00,0.00,0.00,0.00,0.00,,
CIM,2023-2024,Lockdowns and Modified Programs,Quarter,Q1,Q1,Q1,Q2,Q2,Q2,Q3,Q3,Q3,Q4,,
CIM,2023-2024,Lockdowns and Modified Programs,Metric,Jul-23,Aug-23,Sep-23,Oct-23,Nov-23,Dec-23,Jan-24,Feb-24,Mar-24,Apr-24,,
CIM,2023-2024,Number of Deaths,Expected,2.00,,,,,,3.00,,1.00,1.00,,
CIM,2023-2024,Number of Deaths,Missing,,,,,1.00,,,,,,,
CIM,2023-2024,Number of Deaths,Quarter,Q1,Q1,Q1,Q2,Q2,Q2,Q3,Q3,Q3,Q4,,
CIM,2023-2024,Number of Deaths,Metric,Jul-23,Aug-23,Sep-23,Oct-23,Nov-23,Dec-23,Jan-24,Feb-24,Mar-24,Apr-24,,
CIM,2023-2024,Number of Deaths,Unexpected,,,,,1.00,1.00,,,,,,
CIM,2023-2024,Overtime Hours,Custody (Overtime),"22,626.26","18,478.70","15,449.65","18,964.32","12,915.00","17,868.69","9,144.93","12,725.97","25,010.55","19,839.71",,
CIM,2023-2024,Overtime Hours,Dental + Mental Health (Overtime),97.20,84.60,94.75,741.00,"1,091.00","1,104.00","1,112.00",976.00,952.00,512.00,,
CIM,2023-2024,Overtime Hours,Non-Custody (Overtime),"4,294.50","3,091.00","3,365.00","4,527.75","2,952.00","4,067.25","3,394.75","3,287.25","4,943.75","4,023.00",,
CIM,2023-2024,Overtime Hours,Total Overtime Hours,"27,017.96","21,654.30","18,909.40","24,233.07","16,958.00","23,039.94","13,651.68","16,989.22","30,906.30","24,374.71",,
CIM,2023-2024,Overtime Hours,Quarter,Q1,Q1,Q1,Q2,Q2,Q2,Q3,Q3,Q3,Q4,,
CIM,2023-2024,Overtime Hours,Metric,Jul-23,Aug-23,Sep-23,Oct-23,Nov-23,Dec-23,Jan-24,Feb-24,Mar-24,Apr-24,,
CIW,2023-2024,Lockdowns and Modified Programs,Incarcerated Persons-Days on Modified Programs,0.00,0.00,0.00,0.00,0.00,0.00,0.00,0.00,0.00,0.00,,
CIW,2023-2024,Lockdowns and Modified Programs,Quarter,Q1,Q1,Q1,Q2,Q2,Q2,Q3,Q3,Q3,Q4,,
CIW,2023-2024,Lockdowns and Modified Programs,Metric,Jul-23,Aug-23,Sep-23,Oct-23,Nov-23,Dec-23,Jan-24,Feb-24,Mar-24,Apr-24,,
CIW,2023-2024,Lockdowns and Modified Programs,Lockdowns,0.00,0.00,0.00,0.00,0.00,0.00,0.00,0.00,0.00,0.00,,
CIW,2023-2024,Overtime Hours,Custody (Overtime),"8,841.62","4,812.15","4,039.12","8,598.37","11,791.38","6,413.47","6,017.63","8,196.31","11,810.28","9,864.14",,
CIW,2023-2024,Overtime Hours,Quarter,Q1,Q1,Q1,Q2,Q2,Q2,Q3,Q3,Q3,Q4,,
CIW,2023-2024,Overtime Hours,Metric,Jul-23,Aug-23,Sep-23,Oct-23,Nov-23,Dec-23,Jan-24,Feb-24,Mar-24,Apr-24,,
CIW,2023-2024,Overtime Hours,Dental + Mental Health (Overtime),225.80,255.75,230.49,"1,490.00","1,198.00",55.00,176.00,215.50,200.00,230.50,,
CIW,2023-2024,Overtime Hours,Non-Custody (Overtime),"2,039.75","2,191.25","1,711.00","2,963.50","1,030.75","1,051.50","5,370.50",604.25,"1,623.75","2,206.25",,
CIW,2023-2024,Overtime Hours,Total Overtime Hours,"11,107.17","7,259.15","5,980.61","13,051.87","14,020.13","7,519.97","11,564.13","9,016.06","13,634.03","12,300.89",,
CMC,2023-2024,Lockdowns and Modified Programs,Incarcerated Persons-Days on Modified Programs,0.12,0.00,0.00,0.00,0.00,0.00,0.00,0.00,0.00,0.00,,
CMC,2023-2024,Lockdowns and Modified Programs,Lockdowns,0.00,0.00,0.00,0.00,0.00,0.00,0.00,0.00,0.00,0.00,,
CMC,2023-2024,Number of Deaths,Expected,,,1.00,,,1.00,,,,,,
CMC,2023-2024,Number of Deaths,Suicide,,,1.00,,,1.00,,1.00,,,,
CMC,2023-2024,Number of Deaths,Unexpected,,,,,,,1.00,,,,,
CMC,2023-2024,Number of Deaths,Quarter,Q1,Q1,Q1,Q2,Q2,Q2,Q3,Q3,Q3,Q4,,
CMC,2023-2024,Number of Deaths,Metric,Jul-23,Aug-23,Sep-23,Oct-23,Nov-23,Dec-23,Jan-24,Feb-24,Mar-24,Apr-24,,
CMC,2023-2024,Overtime Hours,Custody (Overtime),"34,981.89","23,494.82","16,290.77","23,022.95","10,518.53","12,941.44","9,926.79","9,520.14","13,961.25","12,241.84",,
CMC,2023-2024,Overtime Hours,Dental + Mental Health (Overtime),352.25,294.30,379.90,959.50,"1,870.50","1,508.50",866.00,333.25,269.25,274.50,,
CMC,2023-2024,Overtime Hours,Non-Custody (Overtime),"1,409.00",924.00,906.25,"1,421.00",854.75,848.75,"1,252.00",891.50,"1,244.75","1,023.50",,
CMC,2023-2024,Overtime Hours,Total Overtime Hours,"36,743.14","24,713.12","17,576.92","25,403.45","13,243.78","15,298.69","12,044.79","10,744.89","15,475.25","13,539.84",,
CMF,2023-2024,Lockdowns and Modified Programs,Incarcerated Persons-Days on Modified Programs,0.00,0.00,0.00,0.00,0.00,0.00,0.00,0.00,0.00,0.00,,
CMF,2023-2024,Lockdowns and Modified Programs,Lockdowns,0.00,0.00,0.00,0.00,0.00,0.00,0.00,0.00,0.00,0.00,,
CMF,2023-2024,Number of Deaths,Expected,5.00,3.00,5.00,4.00,6.00,8.00,4.00,5.00,5.00,10.00,,
CMF,2023-2024,Number of Deaths,Missing,,,,,2.00,2.00,,,3.00,,,
CMF,2023-2024,Number of Deaths,Suicide,,,,,,,,1.00,,,,
CMF,2023-2024,Number of Deaths,Unexpected,,1.00,,,,,1.00,2.00,1.00,,,
CMF,2023-2024,Overtime Hours,Custody (Overtime),"19,242.93","12,091.34","11,844.98","14,422.51","25,534.68","18,535.50","10,646.00","11,205.77","18,347.36","12,231.84",,
CMF,2023-2024,Overtime Hours,Quarter,Q1,Q1,Q1,Q2,Q2,Q2,Q3,Q3,Q3,Q4,,
CMF,2023-2024,Overtime Hours,Metric,Jul-23,Aug-23,Sep-23,Oct-23,Nov-23,Dec-23,Jan-24,Feb-24,Mar-24,Apr-24,,
CMF,2023-2024,Overtime Hours,Dental + Mental Health (Overtime),444.30,472.50,544.09,"1,049.25","1,350.00",544.25,600.75,640.75,781.50,615.25,,
CMF,2023-2024,Overtime Hours,Non-Custody (Overtime),"1,744.50","1,313.00","1,407.50","1,648.75","1,427.75","1,724.00","1,271.25","1,245.00","1,370.92","1,418.00",,
CMF,2023-2024,Overtime Hours,Total Overtime Hours,"21,431.73","13,876.84","13,796.57","17,120.51","28,312.43","20,803.75","12,518.00","13,091.52","20,499.78","14,265.09",,
COR,2023-2024,Lockdowns and Modified Programs,Incarcerated Persons-Days on Modified Programs,4.87,1.37,0.00,1.62,0.72,0.42,0.03,0.00,0.00,0.00,,
COR,2023-2024,Lockdowns and Modified Programs,Quarter,Q1,Q1,Q1,Q2,Q2,Q2,Q3,Q3,Q3,Q4,,
COR,2023-2024,Lockdowns and Modified Programs,Metric,Jul-23,Aug-23,Sep-23,Oct-23,Nov-23,Dec-23,Jan-24,Feb-24,Mar-24,Apr-24,,
COR,2023-2024,Lockdowns and Modified Programs,Lockdowns,0.00,0.00,0.00,0.00,0.00,0.00,0.00,0.00,0.00,0.00,,
COR,2023-2024,Number of Deaths,Expected,1.00,,,1.00,,,,2.00,,,,
COR,2023-2024,Number of Deaths,Quarter,Q1,Q1,Q1,Q2,Q2,Q2,Q3,Q3,Q3,Q4,,
COR,2023-2024,Number of Deaths,Metric,Jul-23,Aug-23,Sep-23,Oct-23,Nov-23,Dec-23,Jan-24,Feb-24,Mar-24,Apr-24,,
COR,2023-2024,Number of Deaths,Missing,,,,1.00,,1.00,,,,,,
COR,2023-2024,Number of Deaths,Suicide,,,,,,,,,,,,
COR,2023-2024,Number of Deaths,Unexpected,,,,,,1.00,,,,1.00,,
COR,2023-2024,Overtime Hours,Custody (Overtime),"27,401.39","19,316.60","14,987.40","18,650.92","18,217.90","27,920.41","21,625.34","22,409.76","20,306.07","6,364.30",,
COR,2023-2024,Overtime Hours,Dental + Mental Health (Overtime),184.30,66.30,137.75,774.75,502.00,558.00,495.75,409.50,703.00,566.00,,
COR,2023-2024,Overtime Hours,Quarter,Q1,Q1,Q1,Q2,Q2,Q2,Q3,Q3,Q3,Q4,,
COR,2023-2024,Overtime Hours,Metric,Jul-23,Aug-23,Sep-23,Oct-23,Nov-23,Dec-23,Jan-24,Feb-24,Mar-24,Apr-24,,
COR,2023-2024,Overtime Hours,Non-Custody (Overtime),"3,904.33","3,771.24","2,708.25","3,929.50","2,839.04","3,079.88","4,222.50","2,711.92","4,325.58","2,023.01",,
COR,2023-2024,Overtime Hours,Total Overtime Hours,"31,490.02","23,154.14","17,833.40","23,355.17","21,558.94","31,558.29","26,343.59","25,531.18","25,334.65","8,953.31",,
CRC,2023-2024,Lockdowns and Modified Programs,Incarcerated Persons-Days on Modified Programs,1.99,1.20,0.00,0.12,0.00,0.00,0.00,2.58,0.00,0.00,,
CRC,2023-2024,Lockdowns and Modified Programs,Lockdowns,0.00,0.00,0.00,0.00,0.00,0.00,0.00,0.00,0.00,0.00,,
CRC,2023-2024,Number of Deaths,Missing,,1.00,2.00,1.00,,,2.00,3.00,2.00,2.00,,
CRC,2023-2024,Number of Deaths,Suicide,1.00,,,,,,,,,,,
CRC,2023-2024,Number of Deaths,Quarter,Q1,Q1,Q1,Q2,Q2,Q2,Q3,Q3,Q3,Q4,,
CRC,2023-2024,Number of Deaths,Metric,Jul-23,Aug-23,Sep-23,Oct-23,Nov-23,Dec-23,Jan-24,Feb-24,Mar-24,Apr-24,,
CRC,2023-2024,Number of Deaths,Unexpected,,1.00,,,,,1.00,1.00,,,,
CRC,2023-2024,Overtime Hours,Custody (Overtime),"15,434.84","9,805.21","10,492.30","13,329.32","12,998.44","23,155.15","17,735.56","17,247.35","26,748.84","19,818.69",,
CRC,2023-2024,Overtime Hours,Dental + Mental Health (Overtime),101.00,80.05,111.85,"1,077.75",334.50,26.00,23.00,10.00,0.00,10.00,,
CRC,2023-2024,Overtime Hours,Non-Custody (Overtime),"2,615.75","2,157.75","1,731.50","3,727.75","1,813.25","2,563.75","6,449.75","2,178.75","2,659.25","1,883.25",,
CRC,2023-2024,Overtime Hours,Total Overtime Hours,"18,151.59","12,043.01","12,335.65","18,134.82","15,146.19","25,744.90","24,208.31","19,436.10","29,408.09","21,711.94",,
CRC,2023-2024,Overtime Hours,Quarter,Q1,Q1,Q1,Q2,Q2,Q2,Q3,Q3,Q3,Q4,,
CRC,2023-2024,Overtime Hours,Metric,Jul-23,Aug-23,Sep-23,Oct-23,Nov-23,Dec-23,Jan-24,Feb-24,Mar-24,Apr-24,,
CTF,2023-2024,Lockdowns and Modified Programs,Incarcerated Persons-Days on Modified Programs,4.93,0.00,0.00,0.00,0.00,0.00,0.00,0.00,0.00,1.86,,
CTF,2023-2024,Lockdowns and Modified Programs,Lockdowns,0.00,0.00,0.00,0.00,0.00,0.00,0.00,0.00,0.00,1.00,,
CTF,2023-2024,Number of Deaths,Expected,,,,,,,,1.00,,,,
CTF,2023-2024,Number of Deaths,Suicide,,,,1.00,,,1.00,,,,,
CTF,2023-2024,Number of Deaths,Unexpected,,,1.00,,,,,1.00,,,,
CTF,2023-2024,Overtime Hours,Custody (Overtime),"23,719.85","16,722.69","16,496.87","20,960.35","19,857.37","17,124.09","12,641.04","11,555.66","16,076.16","14,110.55",,
CTF,2023-2024,Overtime Hours,Quarter,Q1,Q1,Q1,Q2,Q2,Q2,Q3,Q3,Q3,Q4,,
CTF,2023-2024,Overtime Hours,Metric,Jul-23,Aug-23,Sep-23,Oct-23,Nov-23,Dec-23,Jan-24,Feb-24,Mar-24,Apr-24,,
CTF,2023-2024,Overtime Hours,Dental + Mental Health (Overtime),25.15,0.00,0.00,740.00,652.00,572.00,535.50,3.00,14.25,9.50,,
CTF,2023-2024,Overtime Hours,Non-Custody (Overtime),"2,045.75","1,571.50","1,566.00","3,675.50","1,670.00","1,888.25","2,139.00","1,234.75","1,933.75","1,475.00",,
CTF,2023-2024,Overtime Hours,Total Overtime Hours,"25,790.75","18,294.19","18,062.87","25,375.85","22,179.37","19,584.34","15,315.54","12,793.41","18,024.16","15,595.05",,
CVSP,2023-2024,Lockdowns and Modified Programs,Incarcerated Persons-Days on Modified Programs,0.93,0.00,0.00,0.00,0.00,0.00,0.00,3.13,6.41,0.00,,
CVSP,2023-2024,Lockdowns and Modified Programs,Quarter,Q1,Q1,Q1,Q2,Q2,Q2,Q3,Q3,Q3,Q4,,
CVSP,2023-2024,Lockdowns and Modified Programs,Metric,Jul-23,Aug-23,Sep-23,Oct-23,Nov-23,Dec-23,Jan-24,Feb-24,Mar-24,Apr-24,,
CVSP,2023-2024,Lockdowns and Modified Programs,Lockdowns,0.00,0.00,0.00,0.00,0.00,0.00,0.00,0.00,0.00,0.00,,
CVSP,2023-2024,Number of Deaths,Unexpected,,,,1.00,,,,,,,,
CVSP,2023-2024,Overtime Hours,Custody (Overtime),"9,542.05","7,588.86","9,148.81","14,210.16","9,842.52","9,152.05","5,025.38","9,082.46","9,749.86","3,848.44",,
CVSP,2023-2024,Overtime Hours,Dental + Mental Health (Overtime),18.40,13.80,13.80,184.30,197.50,210.00,168.00,168.00,210.00,196.00,,
CVSP,2023-2024,Overtime Hours,Non-Custody (Overtime),"2,131.20","1,534.85","1,414.65","2,070.60","1,016.00","1,499.75","1,151.75",991.75,"1,188.33",844.50,,
CVSP,2023-2024,Overtime Hours,Total Overtime Hours,"11,691.65","9,137.51","10,577.26","16,465.06","11,056.02","10,861.80","6,345.13","10,242.21","11,148.19","4,888.94",,
CVSP,2023-2024,Overtime Hours,Quarter,Q1,Q1,Q1,Q2,Q2,Q2,Q3,Q3,Q3,Q4,,
CVSP,2023-2024,Overtime Hours,Metric,Jul-23,Aug-23,Sep-23,Oct-23,Nov-23,Dec-23,Jan-24,Feb-24,Mar-24,Apr-24,,
DVI,2023-2024,Lockdowns and Modified Programs,Lockdowns,0.00,0.00,0.00,0.00,0.00,0.00,0.00,0.00,0.00,0.00,,
FOL,2023-2024,Lockdowns and Modified Programs,Incarcerated Persons-Days on Modified Programs,0.02,5.60,0.00,0.00,0.00,0.00,0.00,0.00,0.00,0.00,,
FOL,2023-2024,Lockdowns and Modified Programs,Lockdowns,0.00,0.00,0.00,0.00,0.00,1.00,0.00,0.00,0.00,0.00,,
FOL,2023-2024,Lockdowns and Modified Programs,Quarter,Q1,Q1,Q1,Q2,Q2,Q2,Q3,Q3,Q3,Q4,,
FOL,2023-2024,Lockdowns and Modified Programs,Metric,Jul-23,Aug-23,Sep-23,Oct-23,Nov-23,Dec-23,Jan-24,Feb-24,Mar-24,Apr-24,,
FOL,2023-2024,Number of Deaths,Suicide,,1.00,,1.00,,,,,1.00,,,
FOL,2023-2024,Overtime Hours,Custody (Overtime),"13,383.13","11,797.91","11,214.14","16,289.76","20,303.54","16,478.84","11,952.12","13,955.32","17,503.95","11,576.48",,
FOL,2023-2024,Overtime Hours,Quarter,Q1,Q1,Q1,Q2,Q2,Q2,Q3,Q3,Q3,Q4,,
FOL,2023-2024,Overtime Hours,Metric,Jul-23,Aug-23,Sep-23,Oct-23,Nov-23,Dec-23,Jan-24,Feb-24,Mar-24,Apr-24,,
FOL,2023-2024,Overtime Hours,Dental + Mental Health (Overtime),88.35,123.85,145.85,"1,243.00",249.00,45.00,30.00,10.00,65.00,18.00,,
FOL,2023-2024,Overtime Hours,Non-Custody (Overtime),"1,144.25","1,262.20","1,156.25","1,756.80","1,194.50","2,049.75","2,750.00","1,639.50","2,449.92","1,818.75",,
FOL,2023-2024,Overtime Hours,Total Overtime Hours,"14,615.73","13,183.96","12,516.24","19,289.56","21,747.04","18,573.59","14,732.12","15,604.82","20,018.87","13,413.23",,
HDSP,2023-2024,Lockdowns and Modified Programs,Incarcerated Persons-Days on Modified Programs,11.76,3.98,1.59,1.59,3.51,2.85,0.20,1.77,1.02,1.12,,
HDSP,2023-2024,Lockdowns and Modified Programs,Lockdowns,0.00,0.00,0.00,0.00,0.00,0.00,0.00,0.00,0.00,0.00,,
HDSP,2023-2024,Lockdowns and Modified Programs,Quarter,Q1,Q1,Q1,Q2,Q2,Q2,Q3,Q3,Q3,Q4,,
HDSP,2023-2024,Lockdowns and Modified Programs,Metric,Jul-23,Aug-23,Sep-23,Oct-23,Nov-23,Dec-23,Jan-24,Feb-24,Mar-24,Apr-24,,
HDSP,2023-2024,Number of Deaths,Homicide,,1.00,,,,,1.00,,,,,
HDSP,2023-2024,Number of Deaths,Suicide,,,1.00,,,,,,,,,
HDSP,2023-2024,Number of Deaths,Quarter,Q1,Q1,Q1,Q2,Q2,Q2,Q3,Q3,Q3,Q4,,
HDSP,2023-2024,Number of Deaths,Metric,Jul-23,Aug-23,Sep-23,Oct-23,Nov-23,Dec-23,Jan-24,Feb-24,Mar-24,Apr-24,,
HDSP,2023-2024,Number of Deaths,Unexpected,,,,,,,,,,,,
HDSP,2023-2024,Overtime Hours,Custody (Overtime),"27,506.81","21,837.61","17,907.60","25,078.83","13,238.45","15,396.11","9,998.17","11,212.93","17,641.61","15,979.44",,
HDSP,2023-2024,Overtime Hours,Dental + Mental Health (Overtime),56.50,57.35,95.70,"1,186.00","1,044.50","1,120.00","1,152.50","1,116.00","1,161.25","1,129.25",,
HDSP,2023-2024,Overtime Hours,Non-Custody (Overtime),"2,194.00","1,695.00","1,863.50","2,668.00","1,631.00","2,014.50","1,563.50","1,127.25","1,460.75","1,430.00",,
HDSP,2023-2024,Overtime Hours,Total Overtime Hours,"29,757.31","23,589.96","19,866.80","28,932.83","15,913.95","18,530.61","12,714.17","13,456.18","20,263.61","18,538.69",,
HDSP,2023-2024,Overtime Hours,Quarter,Q1,Q1,Q1,Q2,Q2,Q2,Q3,Q3,Q3,Q4,,
HDSP,2023-2024,Overtime Hours,Metric,Jul-23,Aug-23,Sep-23,Oct-23,Nov-23,Dec-23,Jan-24,Feb-24,Mar-24,Apr-24,,
ISP,2023-2024,Lockdowns and Modified Programs,Incarcerated Persons-Days on Modified Programs,1.30,0.00,0.00,0.00,0.00,0.00,0.00,4.01,0.00,0.00,,
ISP,2023-2024,Lockdowns and Modified Programs,Lockdowns,0.00,0.00,0.00,0.00,0.00,0.00,0.00,0.00,0.00,0.00,,
ISP,2023-2024,Lockdowns and Modified Programs,Quarter,Q1,Q1,Q1,Q2,Q2,Q2,Q3,Q3,Q3,Q4,,
ISP,2023-2024,Lockdowns and Modified Programs,Metric,Jul-23,Aug-23,Sep-23,Oct-23,Nov-23,Dec-23,Jan-24,Feb-24,Mar-24,Apr-24,,
ISP,2023-2024,Number of Deaths,Unexpected,1.00,,,,,,,,,,,
ISP,2023-2024,Overtime Hours,Custody (Overtime),"11,557.70","10,039.96","13,329.72","19,117.65","31,024.69","16,797.85","13,441.15","11,071.37","17,228.17","14,045.66",,
ISP,2023-2024,Overtime Hours,Quarter,Q1,Q1,Q1,Q2,Q2,Q2,Q3,Q3,Q3,Q4,,
ISP,2023-2024,Overtime Hours,Metric,Jul-23,Aug-23,Sep-23,Oct-23,Nov-23,Dec-23,Jan-24,Feb-24,Mar-24,Apr-24,,
ISP,2023-2024,Overtime Hours,Dental + Mental Health (Overtime),65.00,28.60,13.75,792.00,805.00,0.00,0.00,0.00,0.00,0.00,,
ISP,2023-2024,Overtime Hours,Non-Custody (Overtime),"1,220.25","1,440.75","1,391.50","2,307.75","1,309.00","1,538.75","3,974.50","1,221.50","1,772.00","1,674.00",,
ISP,2023-2024,Overtime Hours,Total Overtime Hours,"12,842.95","11,509.31","14,734.97","22,217.40","33,138.69","18,336.60","17,415.65","12,292.87","19,000.17","15,719.66",,
KVSP,2023-2024,Lockdowns and Modified Programs,Incarcerated Persons-Days on Modified Programs,0.00,1.55,1.70,3.11,0.00,1.54,1.06,2.78,1.22,0.00,,
KVSP,2023-2024,Lockdowns and Modified Programs,Lockdowns,0.00,0.00,0.00,0.00,0.00,0.00,0.00,0.00,0.00,0.00,,
KVSP,2023-2024,Lockdowns and Modified Programs,Quarter,Q1,Q1,Q1,Q2,Q2,Q2,Q3,Q3,Q3,Q4,,
KVSP,2023-2024,Lockdowns and Modified Programs,Metric,Jul-23,Aug-23,Sep-23,Oct-23,Nov-23,Dec-23,Jan-24,Feb-24,Mar-24,Apr-24,,
KVSP,2023-2024,Number of Deaths,Homicide,,,,1.00,1.00,,,1.00,,1.00,,
KVSP,2023-2024,Number of Deaths,Suicide,,,1.00,,,,,,,,,
KVSP,2023-2024,Number of Deaths,Quarter,Q1,Q1,Q1,Q2,Q2,Q2,Q3,Q3,Q3,Q4,,
KVSP,2023-2024,Number of Deaths,Metric,Jul-23,Aug-23,Sep-23,Oct-23,Nov-23,Dec-23,Jan-24,Feb-24,Mar-24,Apr-24,,
KVSP,2023-2024,Overtime Hours,Custody (Overtime),"22,632.03","20,439.75","18,141.93","24,845.01","33,687.73","24,095.39","19,288.17","20,100.42","29,216.25","22,871.02",,
KVSP,2023-2024,Overtime Hours,Dental + Mental Health (Overtime),279.35,182.25,206.40,700.00,457.50,367.00,296.75,232.50,368.50,329.00,,
KVSP,2023-2024,Overtime Hours,Non-Custody (Overtime),"3,070.50","1,754.50","1,603.50","2,215.50","2,736.60","2,795.75","3,009.45","2,279.25","3,171.25","2,717.25",,
KVSP,2023-2024,Overtime Hours,Total Overtime Hours,"25,981.88","22,376.50","19,951.83","27,760.51","36,881.83","27,258.14","22,594.37","22,612.17","32,756.00","25,917.27",,
LAC,2023-2024,Lockdowns and Modified Programs,Incarcerated Persons-Days on Modified Programs,0.00,0.00,0.00,0.00,1.05,1.28,0.00,0.00,2.64,1.81,,
LAC,2023-2024,Lockdowns and Modified Programs,Lockdowns,0.00,0.00,0.00,0.00,0.00,0.00,0.00,0.00,0.00,0.00,,
LAC,2023-2024,Lockdowns and Modified Programs,Quarter,Q1,Q1,Q1,Q2,Q2,Q2,Q3,Q3,Q3,Q4,,
LAC,2023-2024,Lockdowns and Modified Programs,Metric,Jul-23,Aug-23,Sep-23,Oct-23,Nov-23,Dec-23,Jan-24,Feb-24,Mar-24,Apr-24,,
LAC,2023-2024,Number of Deaths,Expected,1.00,,,,,,,,,2.00,,
LAC,2023-2024,Number of Deaths,Homicide,,1.00,,,,,,,,,,
LAC,2023-2024,Number of Deaths,Quarter,Q1,Q1,Q1,Q2,Q2,Q2,Q3,Q3,Q3,Q4,,
LAC,2023-2024,Number of Deaths,Metric,Jul-23,Aug-23,Sep-23,Oct-23,Nov-23,Dec-23,Jan-24,Feb-24,Mar-24,Apr-24,,
LAC,2023-2024,Number of Deaths,Missing,,,2.00,,,,,,,,,
LAC,2023-2024,Number of Deaths,Suicide,,,,,1.00,,,,,,,
LAC,2023-2024,Number of Deaths,Unexpected,,,2.00,,,,,1.00,1.00,,,
LAC,2023-2024,Overtime Hours,Custody (Overtime),"26,901.40","22,217.65","19,802.88","31,117.74","23,523.72","32,993.15","20,192.95","21,357.82","33,263.56","29,562.43",,
LAC,2023-2024,Overtime Hours,Dental + Mental Health (Overtime),768.10,401.35,632.75,"1,984.00","2,345.50","2,407.00","2,126.25","1,951.00","1,627.25",990.50,,
LAC,2023-2024,Overtime Hours,Quarter,Q1,Q1,Q1,Q2,Q2,Q2,Q3,Q3,Q3,Q4,,
LAC,2023-2024,Overtime Hours,Metric,Jul-23,Aug-23,Sep-23,Oct-23,Nov-23,Dec-23,Jan-24,Feb-24,Mar-24,Apr-24,,
LAC,2023-2024,Overtime Hours,Non-Custody (Overtime),"2,640.75","2,457.75","2,760.60","4,419.47","2,352.50","1,920.50","6,688.25","2,407.50","2,883.59","1,784.35",,
LAC,2023-2024,Overtime Hours,Total Overtime Hours,"30,310.25","25,076.75","23,196.23","37,521.21","28,221.72","37,320.65","29,007.45","25,716.32","37,774.40","32,337.28",,
MCSP,2023-2024,Lockdowns and Modified Programs,Incarcerated Persons-Days on Modified Programs,0.00,0.83,0.00,0.00,0.00,0.00,0.76,0.00,1.00,0.00,,
MCSP,2023-2024,Lockdowns and Modified Programs,Lockdowns,0.00,0.00,0.00,0.00,0.00,0.00,0.00,0.00,0.00,0.00,,
MCSP,2023-2024,Number of Deaths,Expected,,1.00,,,1.00,,,,,,,
MCSP,2023-2024,Number of Deaths,Missing,,,,,,,,,,,,
MCSP,2023-2024,Number of Deaths,Suicide,,,,,1.00,,1.00,,1.00,,,
MCSP,2023-2024,Number of Deaths,Unexpected,,1.00,,1.00,1.00,,,,,,,
MCSP,2023-2024,Number of Deaths,Quarter,Q1,Q1,Q1,Q2,Q2,Q2,Q3,Q3,Q3,Q4,,
MCSP,2023-2024,Number of Deaths,Metric,Jul-23,Aug-23,Sep-23,Oct-23,Nov-23,Dec-23,Jan-24,Feb-24,Mar-24,Apr-24,,
MCSP,2023-2024,Overtime Hours,Custody (Overtime),"27,640.31","21,281.16","19,629.53","23,698.30","17,295.83","17,056.97","15,257.78","20,029.13","27,968.68","20,055.32",,
MCSP,2023-2024,Overtime Hours,Dental + Mental Health (Overtime),216.90,119.45,114.25,"1,082.50","1,396.00","1,464.00","1,538.00","1,358.00","1,155.25",722.00,,
MCSP,2023-2024,Overtime Hours,Non-Custody (Overtime),"1,653.00","1,057.00",859.00,"1,847.50",903.75,"1,724.25","2,927.50","1,214.00","1,595.75","1,734.00",,
MCSP,2023-2024,Overtime Hours,Total Overtime Hours,"29,510.21","22,457.61","20,602.78","26,628.30","19,595.58","20,245.22","19,723.28","22,601.13","30,719.68","22,511.32",,
NKSP,2023-2024,Lockdowns and Modified Programs,Incarcerated Persons-Days on Modified Programs,2.66,3.19,0.72,11.02,2.35,2.46,2.74,5.35,4.67,3.26,,
NKSP,2023-2024,Lockdowns and Modified Programs,Lockdowns,0.00,0.00,0.00,0.00,0.00,0.00,0.00,0.00,0.00,0.00,,
NKSP,2023-2024,Number of Deaths,Expected,,,,1.00,,,,,,,,
NKSP,2023-2024,Number of Deaths,Homicide,1.00,,1.00,,,,,,,,,
NKSP,2023-2024,Number of Deaths,Quarter,Q1,Q1,Q1,Q2,Q2,Q2,Q3,Q3,Q3,Q4,,
NKSP,2023-2024,Number of Deaths,Metric,Jul-23,Aug-23,Sep-23,Oct-23,Nov-23,Dec-23,Jan-24,Feb-24,Mar-24,Apr-24,,
NKSP,2023-2024,Overtime Hours,Custody (Overtime),"17,617.18","10,972.08","9,662.70","13,796.86","6,785.25","10,684.63","8,063.15","9,113.36","11,733.42","7,635.67",,
NKSP,2023-2024,Overtime Hours,Dental + Mental Health (Overtime),265.00,289.55,246.05,"1,356.00",763.25,178.00,107.00,96.00,90.00,71.00,,
NKSP,2023-2024,Overtime Hours,Non-Custody (Overtime),"2,107.50","1,648.25","1,316.75","2,499.00","2,045.00","1,862.55","2,158.70","1,275.25","2,431.25","1,290.25",,
NKSP,2023-2024,Overtime Hours,Total Overtime Hours,"19,989.68","12,909.88","11,225.50","17,651.86","9,593.50","12,725.18","10,328.85","10,484.61","14,254.67","8,996.92",,
PBSP,2023-2024,Lockdowns and Modified Programs,Incarcerated Persons-Days on Modified Programs,7.05,8.97,0.00,0.00,4.01,1.35,0.00,0.00,3.11,2.74,,
PBSP,2023-2024,Lockdowns and Modified Programs,Lockdowns,0.00,0.00,0.00,0.00,0.00,0.00,0.00,0.00,0.00,0.00,,
PBSP,2023-2024,Lockdowns and Modified Programs,Quarter,Q1,Q1,Q1,Q2,Q2,Q2,Q3,Q3,Q3,Q4,,
PBSP,2023-2024,Lockdowns and Modified Programs,Metric,Jul-23,Aug-23,Sep-23,Oct-23,Nov-23,Dec-23,Jan-24,Feb-24,Mar-24,Apr-24,,
PBSP,2023-2024,Number of Deaths,Homicide,,,,,,,,,,1.00,,
PBSP,2023-2024,Number of Deaths,Quarter,Q1,Q1,Q1,Q2,Q2,Q2,Q3,Q3,Q3,Q4,,
PBSP,2023-2024,Number of Deaths,Metric,Jul-23,Aug-23,Sep-23,Oct-23,Nov-23,Dec-23,Jan-24,Feb-24,Mar-24,Apr-24,,
PBSP,2023-2024,Number of Deaths,Missing,,,,,,,,,,1.00,,
PBSP,2023-2024,Number of Deaths,Suicide,,,,,,,,,,1.00,,
PBSP,2023-2024,Number of Deaths,Unexpected,,,,,,,,,1.00,,,
PBSP,2023-2024,Overtime Hours,Custody (Overtime),"19,900.60","15,124.77","12,621.22","17,793.06","10,741.99","12,440.53","4,799.85","5,457.64","10,092.32","9,852.41",,
PBSP,2023-2024,Overtime Hours,Dental + Mental Health (Overtime),0.00,8.00,18.30,80.00,392.00,32.00,388.00,0.00,0.00,5.00,,
PBSP,2023-2024,Overtime Hours,Quarter,Q1,Q1,Q1,Q2,Q2,Q2,Q3,Q3,Q3,Q4,,
PBSP,2023-2024,Overtime Hours,Metric,Jul-23,Aug-23,Sep-23,Oct-23,Nov-23,Dec-23,Jan-24,Feb-24,Mar-24,Apr-24,,
PBSP,2023-2024,Overtime Hours,Non-Custody (Overtime),"1,359.00","1,169.75",601.00,982.75,855.75,"1,333.75","1,480.00",840.75,"1,129.00",669.50,,
PBSP,2023-2024,Overtime Hours,Total Overtime Hours,"21,259.60","16,302.52","13,240.52","18,855.81","11,989.74","13,806.28","6,667.85","6,298.39","11,221.32","10,526.91",,
PVSP,2023-2024,Lockdowns and Modified Programs,Incarcerated Persons-Days on Modified Programs,7.69,7.83,7.84,8.22,8.18,8.62,8.22,7.97,8.80,8.53,,
PVSP,2023-2024,Lockdowns and Modified Programs,Lockdowns,0.00,0.00,0.00,0.00,0.00,0.00,0.00,0.00,0.00,0.00,,
PVSP,2023-2024,Number of Deaths,Homicide,,,,,,,1.00,,,,,
PVSP,2023-2024,Overtime Hours,Custody (Overtime),"24,801.83","19,024.43","21,122.37","23,941.61","14,969.23","17,907.97","15,062.12","15,918.57","20,558.30","14,350.75",,
PVSP,2023-2024,Overtime Hours,Quarter,Q1,Q1,Q1,Q2,Q2,Q2,Q3,Q3,Q3,Q4,,
PVSP,2023-2024,Overtime Hours,Metric,Jul-23,Aug-23,Sep-23,Oct-23,Nov-23,Dec-23,Jan-24,Feb-24,Mar-24,Apr-24,,
PVSP,2023-2024,Overtime Hours,Dental + Mental Health (Overtime),29.84,24.80,77.78,506.50,317.50,187.00,0.00,6.00,0.00,0.00,,
PVSP,2023-2024,Overtime Hours,Non-Custody (Overtime),"1,348.25","1,135.00","1,153.25","1,421.00","1,097.75","1,653.75","1,113.50",981.50,"1,251.00","1,215.50",,
PVSP,2023-2024,Overtime Hours,Total Overtime Hours,"26,179.92","20,184.23","22,353.40","25,869.11","16,384.48","19,748.72","16,175.62","16,906.07","21,809.30","15,566.25",,
RJD,2023-2024,Lockdowns and Modified Programs,Incarcerated Persons-Days on Modified Programs,0.00,0.08,1.47,0.00,3.00,3.42,0.00,0.00,0.00,0.85,,
RJD,2023-2024,Lockdowns and Modified Programs,Lockdowns,0.00,0.00,0.00,0.00,0.00,0.00,0.00,0.00,0.00,0.00,,
RJD,2023-2024,Number of Deaths,Expected,2.00,,,,2.00,,,1.00,1.00,1.00,,
RJD,2023-2024,Number of Deaths,Homicide,,,,,,,,1.00,,,,
RJD,2023-2024,Number of Deaths,Quarter,Q1,Q1,Q1,Q2,Q2,Q2,Q3,Q3,Q3,Q4,,
RJD,2023-2024,Number of Deaths,Metric,Jul-23,Aug-23,Sep-23,Oct-23,Nov-23,Dec-23,Jan-24,Feb-24,Mar-24,Apr-24,,
RJD,2023-2024,Number of Deaths,Missing,1.00,1.00,1.00,1.00,2.00,,,1.00,,1.00,,
RJD,2023-2024,Number of Deaths,Unexpected,,1.00,2.00,,1.00,1.00,2.00,2.00,1.00,1.00,,
RJD,2023-2024,Overtime Hours,Custody (Overtime),"28,728.14","21,735.68","20,390.20","27,106.70","20,548.33","32,234.15","22,642.09","24,273.56","39,097.64","29,536.43",,
RJD,2023-2024,Overtime Hours,Dental + Mental Health (Overtime),280.60,300.57,440.55,925.94,"1,379.13",927.04,"1,263.50","1,721.50","1,539.86","1,700.30",,
RJD,2023-2024,Overtime Hours,Non-Custody (Overtime),"4,497.09","3,327.92","3,238.75","4,045.50","3,711.83","3,603.75","2,728.00","2,921.75","3,641.25","3,378.25",,
RJD,2023-2024,Overtime Hours,Total Overtime Hours,"33,505.83","25,364.17","24,069.50","32,078.14","25,639.29","36,764.94","26,633.59","28,916.81","44,278.75","34,614.98",,
RJD,2023-2024,Overtime Hours,Quarter,Q1,Q1,Q1,Q2,Q2,Q2,Q3,Q3,Q3,Q4,,
RJD,2023-2024,Overtime Hours,Metric,Jul-23,Aug-23,Sep-23,Oct-23,Nov-23,Dec-23,Jan-24,Feb-24,Mar-24,Apr-24,,
SAC,2023-2024,Lockdowns and Modified Programs,Incarcerated Persons-Days on Modified Programs,9.82,1.88,3.71,0.00,0.05,0.00,2.49,0.00,0.00,0.87,,
SAC,2023-2024,Lockdowns and Modified Programs,Lockdowns,0.00,0.00,1.00,0.00,0.00,0.00,0.00,0.00,0.00,2.00,,
SAC,2023-2024,Number of Deaths,Expected,,,,1.00,,,1.00,,,,,
SAC,2023-2024,Number of Deaths,Homicide,1.00,,,,,,,,,,,
SAC,2023-2024,Number of Deaths,Missing,,,,,,,,,,,,
SAC,2023-2024,Number of Deaths,Unexpected,,,,,,1.00,,,,,,
SAC,2023-2024,Overtime Hours,Custody (Overtime),"36,434.55","28,098.96","29,088.81","42,119.00","53,225.66","33,321.35","25,191.42","25,648.38","36,167.58","24,200.36",,
SAC,2023-2024,Overtime Hours,Quarter,Q1,Q1,Q1,Q2,Q2,Q2,Q3,Q3,Q3,Q4,,
SAC,2023-2024,Overtime Hours,Metric,Jul-23,Aug-23,Sep-23,Oct-23,Nov-23,Dec-23,Jan-24,Feb-24,Mar-24,Apr-24,,
SAC,2023-2024,Overtime Hours,Dental + Mental Health (Overtime),486.15,226.56,326.00,"2,063.00","1,923.00",98.00,200.00,188.00,198.00,222.50,,
SAC,2023-2024,Overtime Hours,Non-Custody (Overtime),"2,160.75","1,792.25","1,690.50","2,339.34","1,758.63","2,382.20","1,712.65","1,748.97","2,328.19","1,717.87",,
SAC,2023-2024,Overtime Hours,Total Overtime Hours,"39,081.45","30,117.77","31,105.31","46,521.34","56,907.29","35,801.55","27,104.07","27,585.35","38,693.77","26,140.73",,
SATF,2023-2024,Lockdowns and Modified Programs,Incarcerated Persons-Days on Modified Programs,1.45,0.16,1.62,0.95,1.45,0.92,1.56,0.65,2.61,1.73,,
SATF,2023-2024,Lockdowns and Modified Programs,Quarter,Q1,Q1,Q1,Q2,Q2,Q2,Q3,Q3,Q3,Q4,,
SATF,2023-2024,Lockdowns and Modified Programs,Metric,Jul-23,Aug-23,Sep-23,Oct-23,Nov-23,Dec-23,Jan-24,Feb-24,Mar-24,Apr-24,,
SATF,2023-2024,Lockdowns and Modified Programs,Lockdowns,0.00,0.00,0.00,0.00,0.00,0.00,0.00,0.00,0.00,0.00,,
SATF,2023-2024,Number of Deaths,Missing,,,,1.00,,,,1.00,,,,
SATF,2023-2024,Number of Deaths,Quarter,Q1,Q1,Q1,Q2,Q2,Q2,Q3,Q3,Q3,Q4,,
SATF,2023-2024,Number of Deaths,Metric,Jul-23,Aug-23,Sep-23,Oct-23,Nov-23,Dec-23,Jan-24,Feb-24,Mar-24,Apr-24,,
SATF,2023-2024,Number of Deaths,Unexpected,,,1.00,1.00,,,,,2.00,1.00,,
SATF,2023-2024,Overtime Hours,Custody (Overtime),"30,157.93","22,611.76","16,413.49","26,241.68","35,968.30","27,045.11","15,756.38","18,934.30","27,885.88","22,768.50",,
SATF,2023-2024,Overtime Hours,Dental + Mental Health (Overtime),477.13,376.18,247.64,"1,984.50","1,469.00",217.75,720.75,704.75,"1,023.50",940.88,,
SATF,2023-2024,Overtime Hours,Non-Custody (Overtime),"1,934.50","1,525.50","1,610.75","4,255.00","1,793.58","1,966.00","4,904.00","1,337.50","1,629.75","1,072.75",,
SATF,2023-2024,Overtime Hours,Total Overtime Hours,"32,569.56","24,513.44","18,271.88","32,481.18","39,230.88","29,228.86","21,381.13","20,976.55","30,539.13","24,782.13",,
SATF,2023-2024,Overtime Hours,Quarter,Q1,Q1,Q1,Q2,Q2,Q2,Q3,Q3,Q3,Q4,,
SATF,2023-2024,Overtime Hours,Metric,Jul-23,Aug-23,Sep-23,Oct-23,Nov-23,Dec-23,Jan-24,Feb-24,Mar-24,Apr-24,,
SCC,2023-2024,Lockdowns and Modified Programs,Incarcerated Persons-Days on Modified Programs,0.00,0.53,0.16,0.00,0.00,0.00,2.75,1.43,0.00,0.00,,
SCC,2023-2024,Lockdowns and Modified Programs,Quarter,Q1,Q1,Q1,Q2,Q2,Q2,Q3,Q3,Q3,Q4,,
SCC,2023-2024,Lockdowns and Modified Programs,Metric,Jul-23,Aug-23,Sep-23,Oct-23,Nov-23,Dec-23,Jan-24,Feb-24,Mar-24,Apr-24,,
SCC,2023-2024,Lockdowns and Modified Programs,Lockdowns,0.00,0.00,0.00,0.00,0.00,0.00,0.00,0.00,0.00,0.00,,
SCC,2023-2024,Number of Deaths,Missing,1.00,,,,,,,,,,,
SCC,2023-2024,Number of Deaths,Quarter,Q1,Q1,Q1,Q2,Q2,Q2,Q3,Q3,Q3,Q4,,
SCC,2023-2024,Number of Deaths,Metric,Jul-23,Aug-23,Sep-23,Oct-23,Nov-23,Dec-23,Jan-24,Feb-24,Mar-24,Apr-24,,
SCC,2023-2024,Number of Deaths,Unexpected,,,,,,,,1.00,,,,
SCC,2023-2024,Overtime Hours,Custody (Overtime),"36,599.37","53,474.42","42,784.84","56,913.81","48,853.96","28,666.62","24,337.82","25,277.66","30,011.77","23,636.03",,
SCC,2023-2024,Overtime Hours,Dental + Mental Health (Overtime),42.43,43.00,86.45,"1,362.00","1,687.00","1,778.00",25.00,25.00,38.00,0.00,,
SCC,2023-2024,Overtime Hours,Non-Custody (Overtime),"6,751.25","5,862.50","2,809.75","7,774.67","2,548.00","3,774.85","9,156.00","2,843.00","4,337.75","2,673.50",,
SCC,2023-2024,Overtime Hours,Total Overtime Hours,"43,393.05","59,379.92","45,681.04","66,050.48","53,088.96","34,219.47","33,518.82","28,145.66","34,387.52","26,309.53",,
SCC,2023-2024,Overtime Hours,Quarter,Q1,Q1,Q1,Q2,Q2,Q2,Q3,Q3,Q3,Q4,,
SCC,2023-2024,Overtime Hours,Metric,Jul-23,Aug-23,Sep-23,Oct-23,Nov-23,Dec-23,Jan-24,Feb-24,Mar-24,Apr-24,,
SOL,2023-2024,Lockdowns and Modified Programs,Incarcerated Persons-Days on Modified Programs,0.00,0.00,0.00,0.00,0.00,0.00,0.00,0.00,0.00,20.88,,
SOL,2023-2024,Lockdowns and Modified Programs,Quarter,Q1,Q1,Q1,Q2,Q2,Q2,Q3,Q3,Q3,Q4,,
SOL,2023-2024,Lockdowns and Modified Programs,Metric,Jul-23,Aug-23,Sep-23,Oct-23,Nov-23,Dec-23,Jan-24,Feb-24,Mar-24,Apr-24,,
SOL,2023-2024,Lockdowns and Modified Programs,Lockdowns,0.00,0.00,0.00,0.00,0.00,0.00,0.00,0.00,0.00,0.00,,
SOL,2023-2024,Number of Deaths,Expected,,,,,,,1.00,,,,,
SOL,2023-2024,Number of Deaths,Quarter,Q1,Q1,Q1,Q2,Q2,Q2,Q3,Q3,Q3,Q4,,
SOL,2023-2024,Number of Deaths,Metric,Jul-23,Aug-23,Sep-23,Oct-23,Nov-23,Dec-23,Jan-24,Feb-24,Mar-24,Apr-24,,
SOL,2023-2024,Number of Deaths,Missing,,,,,,,1.00,,,,,
SOL,2023-2024,Number of Deaths,Unexpected,,,,,,,,,,,,
SOL,2023-2024,Overtime Hours,Custody (Overtime),"25,478.10","19,845.99","19,542.37","25,214.23","36,381.72","25,333.64","22,617.95","20,604.71","22,176.50","15,873.04",,
SOL,2023-2024,Overtime Hours,Dental + Mental Health (Overtime),114.89,114.93,127.09,"1,051.65","1,380.50","1,359.75","1,474.25","1,318.75",74.50,61.50,,
SOL,2023-2024,Overtime Hours,Non-Custody (Overtime),"2,602.44","3,224.83","2,724.72","3,241.95","2,292.58","2,529.00","2,239.00","2,313.17","2,603.50","2,031.50",,
SOL,2023-2024,Overtime Hours,Quarter,Q1,Q1,Q1,Q2,Q2,Q2,Q3,Q3,Q3,Q4,,
SOL,2023-2024,Overtime Hours,Metric,Jul-23,Aug-23,Sep-23,Oct-23,Nov-23,Dec-23,Jan-24,Feb-24,Mar-24,Apr-24,,
SOL,2023-2024,Overtime Hours,Total Overtime Hours,"28,195.43","23,185.75","22,394.18","29,507.83","40,054.80","29,222.39","26,331.20","24,236.63","24,854.50","17,966.04",,
SQ,2023-2024,Lockdowns and Modified Programs,Incarcerated Persons-Days on Modified Programs,0.00,0.94,0.00,2.03,0.00,0.10,0.05,0.00,0.23,0.00,,
SQ,2023-2024,Lockdowns and Modified Programs,Lockdowns,0.00,0.00,0.00,0.00,0.00,0.00,0.00,0.00,0.00,0.00,,
SQ,2023-2024,Number of Deaths,Expected,,,2.00,1.00,,1.00,2.00,1.00,,,,
SQ,2023-2024,Number of Deaths,Missing,,,,,,,,,,,,
SQ,2023-2024,Number of Deaths,Suicide,,,2.00,,,,,,,1.00,,
SQ,2023-2024,Number of Deaths,Unexpected,1.00,,,,,,2.00,,2.00,,,
SQ,2023-2024,Number of Deaths,Quarter,Q1,Q1,Q1,Q2,Q2,Q2,Q3,Q3,Q3,Q4,,
SQ,2023-2024,Number of Deaths,Metric,Jul-23,Aug-23,Sep-23,Oct-23,Nov-23,Dec-23,Jan-24,Feb-24,Mar-24,Apr-24,,
SQ,2023-2024,Overtime Hours,Custody (Overtime),"25,932.67","21,195.96","17,629.77","22,818.07","25,948.22","24,548.16","12,939.43","14,233.62","24,519.41","15,970.84",,
SQ,2023-2024,Overtime Hours,Dental + Mental Health (Overtime),188.65,101.10,323.10,"1,059.50",809.50,"1,304.00",168.00,64.75,188.25,188.00,,
SQ,2023-2024,Overtime Hours,Non-Custody (Overtime),"2,804.75","2,757.25","2,455.00","6,163.75","2,564.50","3,020.50","5,977.50","2,110.25","2,867.00","2,666.75",,
SQ,2023-2024,Overtime Hours,Total Overtime Hours,"28,926.07","24,054.31","20,407.87","30,041.32","29,322.22","28,872.66","19,084.93","16,408.62","27,574.66","18,825.59",,
SVSP,2023-2024,Lockdowns and Modified Programs,Incarcerated Persons-Days on Modified Programs,1.50,3.86,1.90,0.00,0.00,2.14,0.00,5.96,5.35,0.77,,
SVSP,2023-2024,Lockdowns and Modified Programs,Lockdowns,0.00,0.00,0.00,0.00,0.00,0.00,0.00,0.00,0.00,0.00,,
SVSP,2023-2024,Number of Deaths,Expected,,,,1.00,,,,,,,,
SVSP,2023-2024,Number of Deaths,Homicide,,,,1.00,,1.00,1.00,,,,,
SVSP,2023-2024,Number of Deaths,Missing,,,,1.00,,,1.00,2.00,,1.00,,
SVSP,2023-2024,Number of Deaths,Suicide,,,,,,,1.00,,,,,
SVSP,2023-2024,Number of Deaths,Quarter,Q1,Q1,Q1,Q2,Q2,Q2,Q3,Q3,Q3,Q4,,
SVSP,2023-2024,Number of Deaths,Metric,Jul-23,Aug-23,Sep-23,Oct-23,Nov-23,Dec-23,Jan-24,Feb-24,Mar-24,Apr-24,,
SVSP,2023-2024,Number of Deaths,Unexpected,,1.00,,,,1.00,,,,,,
SVSP,2023-2024,Overtime Hours,Custody (Overtime),"40,411.40","37,440.33","32,999.63","43,296.48","30,457.80","42,057.77","30,981.41","27,522.18","36,208.89","27,221.54",,
SVSP,2023-2024,Overtime Hours,Dental + Mental Health (Overtime),613.55,587.44,566.57,"1,164.71","1,098.72","1,034.17",629.00,417.00,499.00,522.50,,
SVSP,2023-2024,Overtime Hours,Non-Custody (Overtime),"2,716.75","2,723.75","2,917.17","5,217.92","2,223.00","3,500.70","5,587.00","2,820.75","3,406.50","3,216.75",,
SVSP,2023-2024,Overtime Hours,Total Overtime Hours,"43,741.70","40,751.52","36,483.37","49,679.11","33,779.52","46,592.64","37,197.41","30,759.93","40,114.39","30,960.79",,
SVSP,2023-2024,Overtime Hours,Quarter,Q1,Q1,Q1,Q2,Q2,Q2,Q3,Q3,Q3,Q4,,
SVSP,2023-2024,Overtime Hours,Metric,Jul-23,Aug-23,Sep-23,Oct-23,Nov-23,Dec-23,Jan-24,Feb-24,Mar-24,Apr-24,,
VSP,2023-2024,Lockdowns and Modified Programs,Incarcerated Persons-Days on Modified Programs,0.00,1.92,7.53,3.45,0.00,0.00,0.00,0.57,2.27,0.00,,
VSP,2023-2024,Lockdowns and Modified Programs,Lockdowns,0.00,0.00,0.00,0.00,0.00,0.00,0.00,0.00,0.00,0.00,,
VSP,2023-2024,Number of Deaths,Expected,,,,,,,,2.00,1.00,,,
VSP,2023-2024,Number of Deaths,Unexpected,,,,,,,,,,1.00,,
VSP,2023-2024,Overtime Hours,Custody (Overtime),"18,611.77","17,300.86","16,902.21","18,087.47","11,069.83","18,055.76","12,989.75","17,172.77","19,220.97","11,400.64",,
VSP,2023-2024,Overtime Hours,Quarter,Q1,Q1,Q1,Q2,Q2,Q2,Q3,Q3,Q3,Q4,,
VSP,2023-2024,Overtime Hours,Metric,Jul-23,Aug-23,Sep-23,Oct-23,Nov-23,Dec-23,Jan-24,Feb-24,Mar-24,Apr-24,,
VSP,2023-2024,Overtime Hours,Dental + Mental Health (Overtime),123.75,64.85,49.90,28.75,259.50,25.75,3.50,10.50,0.75,0.00,,
VSP,2023-2024,Overtime Hours,Non-Custody (Overtime),"1,500.00","1,118.50","1,043.25","1,287.50",779.00,"1,024.50",810.00,927.00,"1,258.50",735.00,,
VSP,2023-2024,Overtime Hours,Total Overtime Hours,"20,235.52","18,484.21","17,995.36","19,403.72","12,108.33","19,106.01","13,803.25","18,110.27","20,480.22","12,135.64",,
WSP,2023-2024,Lockdowns and Modified Programs,Incarcerated Persons-Days on Modified Programs,0.14,0.18,0.13,0.15,0.13,0.10,0.13,0.10,0.04,0.01,,
WSP,2023-2024,Lockdowns and Modified Programs,Lockdowns,0.00,0.00,0.00,0.00,0.00,0.00,0.00,0.00,0.00,0.00,,
WSP,2023-2024,Number of Deaths,Expected,,1.00,,,,,,,,,,
WSP,2023-2024,Number of Deaths,Suicide,,,,,,1.00,,,,,,
WSP,2023-2024,Number of Deaths,Quarter,Q1,Q1,Q1,Q2,Q2,Q2,Q3,Q3,Q3,Q4,,
WSP,2023-2024,Number of Deaths,Metric,Jul-23,Aug-23,Sep-23,Oct-23,Nov-23,Dec-23,Jan-24,Feb-24,Mar-24,Apr-24,,
WSP,2023-2024,Number of Deaths,Unexpected,,,1.00,,,,,,,,,
WSP,2023-2024,Overtime Hours,Custody (Overtime),"25,907.74","17,612.40","16,865.18","24,063.70","25,018.44","22,142.72","14,165.52","13,288.81","13,807.04","10,263.37",,
WSP,2023-2024,Overtime Hours,Dental + Mental Health (Overtime),326.90,183.10,193.65,"1,139.75",111.80,166.80,117.25,111.25,130.00,111.00,,
WSP,2023-2024,Overtime Hours,Non-Custody (Overtime),"2,844.00","1,722.70","1,585.44","1,729.25","1,551.75","1,792.75","1,496.72","1,586.50","1,800.58","1,597.83",,
WSP,2023-2024,Overtime Hours,Total Overtime Hours,"29,078.64","19,518.20","18,644.27","26,932.70","26,681.99","24,102.27","15,779.49","14,986.56","15,737.62","11,972.20",,
WSP,2023-2024,Overtime Hours,Quarter,Q1,Q1,Q1,Q2,Q2,Q2,Q3,Q3,Q3,Q4,,
WSP,2023-2024,Overtime Hours,Metric,Jul-23,Aug-23,Sep-23,Oct-23,Nov-23,Dec-23,Jan-24,Feb-24,Mar-24,Apr-24,,
ASP,2024-2025,Lockdowns and Modified Programs,Incarcerated Persons-Days on Modified Programs,0.18,0.00,1.54,4.00,0.00,0.00,0.00,0.00,0.49,0.00,,
ASP,2024-2025,Lockdowns and Modified Programs,Lockdowns,0.00,0.00,0.00,0.00,0.00,0.00,0.00,0.00,1.00,0.00,,
ASP,2024-2025,Number of Deaths,Expected,,,1.00,,,,,,,,,
ASP,2024-2025,Overtime Hours,Custody (Overtime),"8,239.35","5,537.35","4,923.81","5,045.89","3,963.39","4,195.91","3,660.72","4,122.03","5,967.39","6,588.40",,
ASP,2024-2025,Overtime Hours,Dental + Mental Health (Overtime),70.00,60.00,77.25,57.75,71.50,74.25,70.75,50.00,114.75,82.50,,
ASP,2024-2025,Overtime Hours,Non-Custody (Overtime),"1,974.50","4,042.75","1,905.25","1,536.25","1,641.25","2,018.50","1,780.50","1,611.75","2,484.50","1,834.00",,
ASP,2024-2025,Overtime Hours,Quarter,Q1,Q1,Q1,Q2,Q2,Q2,Q3,Q3,Q3,Q4,,
ASP,2024-2025,Overtime Hours,Metric,Jul-24,Aug-24,Sep-24,Oct-24,Nov-24,Dec-24,Jan-25,Feb-25,Mar-25,Apr-25,,
ASP,2024-2025,Overtime Hours,Total Overtime Hours,"10,283.85","9,640.10","6,906.31","6,639.89","5,676.14","6,288.66","5,511.97","5,783.78","8,566.64","8,504.90",,
CAC,2024-2025,Lockdowns and Modified Programs,Lockdowns,0.00,0.00,0.00,0.00,0.00,0.00,0.00,0.00,0.00,,,
CAL,2024-2025,Lockdowns and Modified Programs,Incarcerated Persons-Days on Modified Programs,0.00,0.00,1.09,0.57,0.00,1.49,0.00,0.00,20.72,1.03,,
CAL,2024-2025,Lockdowns and Modified Programs,Lockdowns,0.00,0.00,0.00,0.00,0.00,0.00,0.00,0.00,2.00,,,
CAL,2024-2025,Number of Deaths,Expected,,,,,,,,10.00,,,,
CAL,2024-2025,Number of Deaths,Homicide,,,1.00,,,,,,,,,
CAL,2024-2025,Number of Deaths,Unexpected,,,,,1.00,,,,,1.00,,
CAL,2024-2025,Overtime Hours,Custody (Overtime),"23,236.82","22,647.76","27,401.27","19,335.26","31,270.12","16,923.11","8,682.54","9,002.62","12,651.49","10,667.20",,
CAL,2024-2025,Overtime Hours,Quarter,Q1,Q1,Q1,Q2,Q2,Q2,Q3,Q3,Q3,Q4,,
CAL,2024-2025,Overtime Hours,Metric,Jul-24,Aug-24,Sep-24,Oct-24,Nov-24,Dec-24,Jan-25,Feb-25,Mar-25,Apr-25,,
CAL,2024-2025,Overtime Hours,Dental + Mental Health (Overtime),0.50,0.00,0.00,0.00,0.00,0.00,0.00,2.50,0.00,0.00,,
CAL,2024-2025,Overtime Hours,Non-Custody (Overtime),"2,021.00","3,611.00","1,665.00","1,500.75","1,397.50","1,576.75","2,827.00","1,014.75","1,329.00","1,283.50",,
CAL,2024-2025,Overtime Hours,Total Overtime Hours,"25,258.32","26,258.76","29,066.27","20,836.01","32,667.62","18,499.86","11,509.54","10,019.87","13,980.49","11,950.80",,
CCC,2024-2025,Lockdowns and Modified Programs,Lockdowns,0.00,0.00,0.00,0.00,0.00,0.00,0.00,0.00,0.00,,,
CCI,2024-2025,Lockdowns and Modified Programs,Incarcerated Persons-Days on Modified Programs,2.27,2.73,0.83,1.21,0.32,0.15,0.10,2.34,7.50,1.07,,
CCI,2024-2025,Lockdowns and Modified Programs,Lockdowns,1.00,0.00,0.00,0.00,0.00,0.00,1.00,1.00,0.00,0.00,,
CCI,2024-2025,Lockdowns and Modified Programs,Quarter,Q1,Q1,Q1,Q2,Q2,Q2,Q3,Q3,Q3,Q4,,
CCI,2024-2025,Lockdowns and Modified Programs,Metric,Jul-24,Aug-24,Sep-24,Oct-24,Nov-24,Dec-24,Jan-25,Feb-25,Mar-25,Apr-25,,
CCI,2024-2025,Number of Deaths,Expected,,,10.00,,,,1.00,,,,,
CCI,2024-2025,Number of Deaths,Quarter,Q1,Q1,Q1,Q2,Q2,Q2,Q3,Q3,Q3,Q4,,
CCI,2024-2025,Number of Deaths,Metric,Jul-24,Aug-24,Sep-24,Oct-24,Nov-24,Dec-24,Jan-25,Feb-25,Mar-25,Apr-25,,
CCI,2024-2025,Number of Deaths,Homicide,,,,,,,,,,1.00,,
CCI,2024-2025,Number of Deaths,Suicide,,,1.00,,,1.00,,,,,,
CCI,2024-2025,Number of Deaths,Unexpected,,,2.00,,,,1.00,,,,,
CCI,2024-2025,Overtime Hours,Custody (Overtime),"6,442.96","8,889.51","13,836.14","12,744.86","13,763.54","22,783.59","20,354.55","18,236.88","20,192.02","17,604.00",,
CCI,2024-2025,Overtime Hours,Dental + Mental Health (Overtime),55.00,85.50,75.25,101.25,95.25,81.00,19.75,82.25,90.25,152.30,,
CCI,2024-2025,Overtime Hours,Quarter,Q1,Q1,Q1,Q2,Q2,Q2,Q3,Q3,Q3,Q4,,
CCI,2024-2025,Overtime Hours,Metric,Jul-24,Aug-24,Sep-24,Oct-24,Nov-24,Dec-24,Jan-25,Feb-25,Mar-25,Apr-25,,
CCI,2024-2025,Overtime Hours,Non-Custody (Overtime),"1,170.75","1,989.75","1,442.50","1,310.50","1,227.40","1,288.90","2,901.75","1,034.00","1,222.25","1,095.50",,
CCI,2024-2025,Overtime Hours,Total Overtime Hours,"7,668.71","10,964.76","15,353.89","14,156.61","15,086.19","24,153.49","23,276.05","19,353.13","21,504.52","1,851.80",,
CCWF,2024-2025,Lockdowns and Modified Programs,Incarcerated Persons-Days on Modified Programs,0.00,0.37,0.00,0.00,0.00,0.00,0.00,0.00,0.00,0.00,,
CCWF,2024-2025,Lockdowns and Modified Programs,Lockdowns,0.00,0.00,0.00,0.00,0.00,0.00,0.00,0.00,0.00,,,
CCWF,2024-2025,Number of Deaths,Expected,,,,,,,,,,,,
CCWF,2024-2025,Number of Deaths,Unexpected,,,,,,,,,,1.00,,
CCWF,2024-2025,Overtime Hours,Custody (Overtime),"18,650.15","18,747.03","23,385.52","16,981.87","16,470.78","22,674.99","18,061.40","17,047.75","22,543.67","18,259.00",,
CCWF,2024-2025,Overtime Hours,Quarter,Q1,Q1,Q1,Q2,Q2,Q2,Q3,Q3,Q3,Q4,,
CCWF,2024-2025,Overtime Hours,Metric,Jul-24,Aug-24,Sep-24,Oct-24,Nov-24,Dec-24,Jan-25,Feb-25,Mar-25,Apr-25,,
CCWF,2024-2025,Overtime Hours,Dental + Mental Health (Overtime),41.25,64.00,97.25,46.00,62.00,82.75,59.75,39.00,76.25,71.00,,
CCWF,2024-2025,Overtime Hours,Non-Custody (Overtime),"1,130.25","3,178.50","1,540.00","1,507.17","1,921.50","1,391.25","3,666.92","1,476.50","1,703.00",864.80,,
CCWF,2024-2025,Overtime Hours,Total Overtime Hours,"19,821.65","21,989.53","25,022.77","18,535.04","18,454.28","24,148.99","21,788.07","18,563.25","24,322.92","19,194.80",,
CEN,2024-2025,Lockdowns and Modified Programs,Incarcerated Persons-Days on Modified Programs,0.04,0.05,0.03,0.01,0.02,0.24,0.08,0.06,0.01,0.04,,
CEN,2024-2025,Lockdowns and Modified Programs,Quarter,Q1,Q1,Q1,Q2,Q2,Q2,Q3,Q3,Q3,Q4,,
CEN,2024-2025,Lockdowns and Modified Programs,Metric,Jul-24,Aug-24,Sep-24,Oct-24,Nov-24,Dec-24,Jan-25,Feb-25,Mar-25,Apr-25,,
CEN,2024-2025,Lockdowns and Modified Programs,Lockdowns,0.00,0.00,0.00,0.00,1.00,0.00,0.00,0.00,1.00,,,
CEN,2024-2025,Number of Deaths,Expected,,,,,1.00,,,,8.00,,,
CEN,2024-2025,Number of Deaths,Homicide,1.00,,,,,,,,,,,
CEN,2024-2025,Number of Deaths,Missing,,,,,,,,,,,,
CEN,2024-2025,Overtime Hours,Custody (Overtime),"10,599.42","7,491.24","11,399.37","9,686.81","20,195.29","17,268.09","14,081.57","15,376.69","19,181.49","16,423.00",,
CEN,2024-2025,Overtime Hours,Dental + Mental Health (Overtime),49.75,35.00,55.00,43.50,84.00,79.00,88.00,93.75,73.00,60.00,,
CEN,2024-2025,Overtime Hours,Quarter,Q1,Q1,Q1,Q2,Q2,Q2,Q3,Q3,Q3,Q4,,
CEN,2024-2025,Overtime Hours,Metric,Jul-24,Aug-24,Sep-24,Oct-24,Nov-24,Dec-24,Jan-25,Feb-25,Mar-25,Apr-25,,
CEN,2024-2025,Overtime Hours,Non-Custody (Overtime),"2,319.25","2,002.50","2,375.75","2,024.00","1,531.00","1,632.00","2,563.50","1,441.25","1,860.25","1,542.00",,
CEN,2024-2025,Overtime Hours,Total Overtime Hours,"12,968.42","9,528.74","13,830.12","11,754.31","21,810.29","18,979.09","16,733.07","16,911.69","21,114.74","18,025.00",,
CHCF,2024-2025,Lockdowns and Modified Programs,Incarcerated Persons-Days on Modified Programs,0.00,2.04,0.09,0.04,0.00,0.00,0.45,0.61,0.10,3.45,,
CHCF,2024-2025,Lockdowns and Modified Programs,Lockdowns,0.00,0.00,0.00,0.00,0.00,0.00,1.00,0.00,0.00,,,
CHCF,2024-2025,Lockdowns and Modified Programs,Quarter,Q1,Q1,Q1,Q2,Q2,Q2,Q3,Q3,Q3,Q4,,
CHCF,2024-2025,Lockdowns and Modified Programs,Metric,Jul-24,Aug-24,Sep-24,Oct-24,Nov-24,Dec-24,Jan-25,Feb-25,Mar-25,Apr-25,,
CHCF,2024-2025,Number of Deaths,Expected,6.00,,,5.00,2.00,1.00,3.00,,,6.00,,
CHCF,2024-2025,Number of Deaths,Quarter,Q1,Q1,Q1,Q2,Q2,Q2,Q3,Q3,Q3,Q4,,
CHCF,2024-2025,Number of Deaths,Metric,Jul-24,Aug-24,Sep-24,Oct-24,Nov-24,Dec-24,Jan-25,Feb-25,Mar-25,Apr-25,,
CHCF,2024-2025,Number of Deaths,Missing,4.00,,1.00,2.00,,1.00,1.00,,,,,
CHCF,2024-2025,Number of Deaths,Unexpected,,,,,,1.00,,,,1.00,,
CHCF,2024-2025,Overtime Hours,Custody (Overtime),"28,170.39","27,440.99","18,059.10","19,852.55","15,624.70","20,341.53","17,010.79","17,883.71","24,926.74","21,033.90",,
CHCF,2024-2025,Overtime Hours,Dental + Mental Health (Overtime),310.00,226.00,265.50,325.75,422.75,262.00,447.00,398.00,508.25,455.30,,
CHCF,2024-2025,Overtime Hours,Non-Custody (Overtime),"3,818.25","3,451.03","4,615.50","3,832.25","3,559.25","3,698.75","2,725.25","3,080.75","3,535.00","3,239.80",,
CHCF,2024-2025,Overtime Hours,Quarter,Q1,Q1,Q1,Q2,Q2,Q2,Q3,Q3,Q3,Q4,,
CHCF,2024-2025,Overtime Hours,Metric,Jul-24,Aug-24,Sep-24,Oct-24,Nov-24,Dec-24,Jan-25,Feb-25,Mar-25,Apr-25,,
CHCF,2024-2025,Overtime Hours,Total Overtime Hours,"32,298.64","31,118.02","22,940.10","24,010.55","19,606.70","24,302.28","20,183.04","21,362.46","28,969.99","24,728.90",,
CIM,2024-2025,Lockdowns and Modified Programs,Incarcerated Persons-Days on Modified Programs,0.00,0.00,0.00,0.00,0.00,0.00,0.00,0.00,0.00,0.00,,
CIM,2024-2025,Lockdowns and Modified Programs,Quarter,Q1,Q1,Q1,Q2,Q2,Q2,Q3,Q3,Q3,Q4,,
CIM,2024-2025,Lockdowns and Modified Programs,Metric,Jul-24,Aug-24,Sep-24,Oct-24,Nov-24,Dec-24,Jan-25,Feb-25,Mar-25,Apr-25,,
CIM,2024-2025,Lockdowns and Modified Programs,Lockdowns,0.00,0.00,0.00,0.00,0.00,0.00,0.00,0.00,0.00,,,
CIM,2024-2025,Number of Deaths,Expected,2.00,,,,1.00,1.00,2.00,,,1.00,,
CIM,2024-2025,Number of Deaths,Missing,,,,,1.00,,,,,1.00,,
CIM,2024-2025,Overtime Hours,Custody (Overtime),"16,265.29","21,289.70","26,825.89","18,060.28","16,515.04","22,331.95","18,363.60","22,960.06","26,789.95","15,916.10",,
CIM,2024-2025,Overtime Hours,Dental + Mental Health (Overtime),662.00,576.00,618.00,299.00,171.50,138.00,163.50,92.00,49.50,45.00,,
CIM,2024-2025,Overtime Hours,Non-Custody (Overtime),"3,347.00","3,815.25","4,365.25","3,464.25","2,986.25","3,180.25","2,717.00","3,672.95","3,860.25","2,359.80",,
CIM,2024-2025,Overtime Hours,Quarter,Q1,Q1,Q1,Q2,Q2,Q2,Q3,Q3,Q3,Q4,,
CIM,2024-2025,Overtime Hours,Metric,Jul-24,Aug-24,Sep-24,Oct-24,Nov-24,Dec-24,Jan-25,Feb-25,Mar-25,Apr-25,,
CIM,2024-2025,Overtime Hours,Total Overtime Hours,"20,274.29","25,680.95","31,809.14","21,823.53","19,672.79","25,650.20","21,244.10","26,725.01","30,699.70","18,320.80",,
CIW,2024-2025,Lockdowns and Modified Programs,Incarcerated Persons-Days on Modified Programs,0.68,0.00,0.00,0.00,0.00,0.00,0.00,0.00,0.00,0.00,,
CIW,2024-2025,Lockdowns and Modified Programs,Lockdowns,0.00,0.00,0.00,0.00,0.00,0.00,0.00,0.00,0.00,,,
CIW,2024-2025,Number of Deaths,Expected,,1.00,,1.00,,,,,4.00,,,
CIW,2024-2025,Number of Deaths,Unexpected,,,,,,1.00,,,1.00,,,
CIW,2024-2025,Number of Deaths,Quarter,Q1,Q1,Q1,Q2,Q2,Q2,Q3,Q3,Q3,Q4,,
CIW,2024-2025,Number of Deaths,Metric,Jul-24,Aug-24,Sep-24,Oct-24,Nov-24,Dec-24,Jan-25,Feb-25,Mar-25,Apr-25,,
CIW,2024-2025,Overtime Hours,Custody (Overtime),"8,647.11","10,062.67","13,988.26","13,060.39","7,450.45","10,480.65","10,134.61","12,552.28","13,313.67","10,622.40",,
CIW,2024-2025,Overtime Hours,Dental + Mental Health (Overtime),164.00,186.50,324.00,220.25,272.75,279.50,262.00,321.75,324.50,222.30,,
CIW,2024-2025,Overtime Hours,Non-Custody (Overtime),"1,822.13","5,898.25","2,354.25","2,076.50","1,921.25","2,107.50","3,828.50","2,062.50","2,508.75","1,459.00",,
CIW,2024-2025,Overtime Hours,Total Overtime Hours,"10,633.24","16,147.42","16,666.51","15,357.14","9,644.45","12,867.65","14,225.11","14,936.53","16,146.92","12,303.70",,
CMC,2024-2025,Lockdowns and Modified Programs,Incarcerated Persons-Days on Modified Programs,0.00,0.00,0.00,0.00,0.00,0.00,0.00,0.00,0.00,0.00,,
CMC,2024-2025,Lockdowns and Modified Programs,Quarter,Q1,Q1,Q1,Q2,Q2,Q2,Q3,Q3,Q3,Q4,,
CMC,2024-2025,Lockdowns and Modified Programs,Metric,Jul-24,Aug-24,Sep-24,Oct-24,Nov-24,Dec-24,Jan-25,Feb-25,Mar-25,Apr-25,,
CMC,2024-2025,Lockdowns and Modified Programs,Lockdowns,0.00,0.00,0.00,0.00,0.00,0.00,0.00,0.00,0.00,,,
CMC,2024-2025,Number of Deaths,Expected,1.00,,,1.00,,1.00,,,,1.00,,
CMC,2024-2025,Number of Deaths,Missing,1.00,,1.00,,,,,,,,,
CMC,2024-2025,Number of Deaths,Suicide,1.00,,,,,,,,,,,
CMC,2024-2025,Number of Deaths,Unexpected,,,,,1.00,,,,,,,
CMC,2024-2025,Overtime Hours,Custody (Overtime),"14,313.12","13,525.59","16,502.21","9,425.85","10,038.12","14,720.01","12,426.11","8,731.96","9,709.43","10,024.40",,
CMC,2024-2025,Overtime Hours,Quarter,Q1,Q1,Q1,Q2,Q2,Q2,Q3,Q3,Q3,Q4,,
CMC,2024-2025,Overtime Hours,Metric,Jul-24,Aug-24,Sep-24,Oct-24,Nov-24,Dec-24,Jan-25,Feb-25,Mar-25,Apr-25,,
CMC,2024-2025,Overtime Hours,Dental + Mental Health (Overtime),84.00,40.00,148.00,84.00,238.00,131.00,164.00,184.00,127.00,90.00,,
CMC,2024-2025,Overtime Hours,Non-Custody (Overtime),959.75,"1,175.50","1,372.63","1,000.25",726.50,748.25,"1,108.75",769.75,848.25,"1,012.50",,
CMC,2024-2025,Overtime Hours,Total Overtime Hours,"15,356.87","14,741.09","18,022.84","10,510.10","11,002.62","15,599.26","13,698.86","9,685.71","10,684.68","11,132.90",,
CMF,2024-2025,Lockdowns and Modified Programs,Incarcerated Persons-Days on Modified Programs,0.00,0.00,0.00,0.00,0.00,0.00,0.00,0.00,0.00,0.00,,
CMF,2024-2025,Lockdowns and Modified Programs,Quarter,Q1,Q1,Q1,Q2,Q2,Q2,Q3,Q3,Q3,Q4,,
CMF,2024-2025,Lockdowns and Modified Programs,Metric,Jul-24,Aug-24,Sep-24,Oct-24,Nov-24,Dec-24,Jan-25,Feb-25,Mar-25,Apr-25,,
CMF,2024-2025,Lockdowns and Modified Programs,Lockdowns,0.00,0.00,0.00,0.00,0.00,0.00,0.00,0.00,0.00,,,
CMF,2024-2025,Number of Deaths,Expected,8.00,,,6.00,5.00,10.00,7.00,,,8.00,,
CMF,2024-2025,Number of Deaths,Homicide,,,,,,,,,,,,
CMF,2024-2025,Number of Deaths,Missing,,,5.00,2.00,2.00,1.00,,,,,,
CMF,2024-2025,Number of Deaths,Unexpected,1.00,,,1.00,,,2.00,,,,,
CMF,2024-2025,Number of Deaths,Quarter,Q1,Q1,Q1,Q2,Q2,Q2,Q3,Q3,Q3,Q4,,
CMF,2024-2025,Number of Deaths,Metric,Jul-24,Aug-24,Sep-24,Oct-24,Nov-24,Dec-24,Jan-25,Feb-25,Mar-25,Apr-25,,
CMF,2024-2025,Overtime Hours,Custody (Overtime),"9,724.74","9,128.08","8,333.03","6,665.64","5,492.11","6,948.17","4,531.14","4,827.91","5,208.71","5,034.10",,
CMF,2024-2025,Overtime Hours,Dental + Mental Health (Overtime),712.25,565.00,677.75,742.75,705.25,555.25,509.50,373.25,344.17,361.30,,
CMF,2024-2025,Overtime Hours,Non-Custody (Overtime),"1,172.25","1,303.00","1,780.75","1,072.75","1,036.50","1,319.50","1,394.75","1,130.75","1,007.50","1,077.00",,
CMF,2024-2025,Overtime Hours,Total Overtime Hours,"11,609.24","10,996.08","10,791.53","8,481.14","7,233.86","8,822.92","6,435.39","6,331.91","6,560.38","6,472.30",,
COR,2024-2025,Lockdowns and Modified Programs,Incarcerated Persons-Days on Modified Programs,3.38,0.00,0.00,0.00,0.00,0.00,3.45,0.00,1.23,2.45,,
COR,2024-2025,Lockdowns and Modified Programs,Lockdowns,0.00,0.00,0.00,0.00,0.00,0.00,1.00,0.00,2.00,,,
COR,2024-2025,Number of Deaths,Expected,,,,,1.00,1.00,,,1.00,,,
COR,2024-2025,Number of Deaths,Quarter,Q1,Q1,Q1,Q2,Q2,Q2,Q3,Q3,Q3,Q4,,
COR,2024-2025,Number of Deaths,Metric,Jul-24,Aug-24,Sep-24,Oct-24,Nov-24,Dec-24,Jan-25,Feb-25,Mar-25,Apr-25,,
COR,2024-2025,Number of Deaths,Missing,,,,,,1.00,,,1.00,1.00,,
COR,2024-2025,Number of Deaths,Suicide,,,,,1.00,,,,,,,
COR,2024-2025,Number of Deaths,Unexpected,,,,,,1.00,,,1.00,1.00,,
COR,2024-2025,Overtime Hours,Custody (Overtime),"6,746.74","6,831.53","9,018.42","7,178.52","8,548.87","7,814.01","8,004.17","8,419.28","9,259.92","9,804.30",,
COR,2024-2025,Overtime Hours,Dental + Mental Health (Overtime),756.50,549.00,551.75,509.75,564.00,90.75,60.75,83.00,65.00,45.30,,
COR,2024-2025,Overtime Hours,Quarter,Q1,Q1,Q1,Q2,Q2,Q2,Q3,Q3,Q3,Q4,,
COR,2024-2025,Overtime Hours,Metric,Jul-24,Aug-24,Sep-24,Oct-24,Nov-24,Dec-24,Jan-25,Feb-25,Mar-25,Apr-25,,
COR,2024-2025,Overtime Hours,Non-Custody (Overtime),"2,119.58","4,546.75","1,947.90","3,086.57","2,664.75","3,159.50","6,112.97","2,797.13","3,923.00","2,904.50",,
COR,2024-2025,Overtime Hours,Total Overtime Hours,"9,622.82","11,927.28","11,518.07","10,774.84","11,777.62","11,064.26","14,177.89","11,299.41","13,247.92","12,754.00",,
CRC,2024-2025,Lockdowns and Modified Programs,Incarcerated Persons-Days on Modified Programs,0.00,0.00,0.00,0.00,0.72,0.57,0.82,1.78,0.00,0.00,,
CRC,2024-2025,Lockdowns and Modified Programs,Quarter,Q1,Q1,Q1,Q2,Q2,Q2,Q3,Q3,Q3,Q4,,
CRC,2024-2025,Lockdowns and Modified Programs,Metric,Jul-24,Aug-24,Sep-24,Oct-24,Nov-24,Dec-24,Jan-25,Feb-25,Mar-25,Apr-25,,
CRC,2024-2025,Lockdowns and Modified Programs,Lockdowns,0.00,0.00,0.00,0.00,1.00,0.00,3.00,1.00,0.00,,,
CRC,2024-2025,Number of Deaths,Missing,1.00,2.00,,,,,,1.00,,1.00,,
CRC,2024-2025,Overtime Hours,Custody (Overtime),"13,635.19","12,152.93","15,658.73","12,724.52","12,815.54","15,556.43","11,367.34","14,724.10","23,642.78","16,550.90",,
CRC,2024-2025,Overtime Hours,Dental + Mental Health (Overtime),46.00,30.00,17.00,22.00,71.00,66.00,71.00,42.00,54.50,10.00,,
CRC,2024-2025,Overtime Hours,Non-Custody (Overtime),"2,034.00","6,220.25","2,723.00","2,336.00","2,583.25","2,642.75","2,132.75","2,552.75","3,335.00","1,942.80",,
CRC,2024-2025,Overtime Hours,Total Overtime Hours,"15,715.19","18,403.18","18,398.73","15,082.52","15,469.79","18,265.18","13,571.09","17,318.85","27,032.28","18,503.60",,
CRC,2024-2025,Overtime Hours,Quarter,Q1,Q1,Q1,Q2,Q2,Q2,Q3,Q3,Q3,Q4,,
CRC,2024-2025,Overtime Hours,Metric,Jul-24,Aug-24,Sep-24,Oct-24,Nov-24,Dec-24,Jan-25,Feb-25,Mar-25,Apr-25,,
CTF,2024-2025,Lockdowns and Modified Programs,Incarcerated Persons-Days on Modified Programs,0.00,0.00,0.00,0.00,0.00,0.00,0.00,0.00,0.00,0.00,,
CTF,2024-2025,Lockdowns and Modified Programs,Lockdowns,0.00,0.00,0.00,0.00,0.00,0.00,0.00,0.00,0.00,,,
CTF,2024-2025,Lockdowns and Modified Programs,Quarter,Q1,Q1,Q1,Q2,Q2,Q2,Q3,Q3,Q3,Q4,,
CTF,2024-2025,Lockdowns and Modified Programs,Metric,Jul-24,Aug-24,Sep-24,Oct-24,Nov-24,Dec-24,Jan-25,Feb-25,Mar-25,Apr-25,,
CTF,2024-2025,Number of Deaths,Expected,1.00,,,,,,,,2.00,1.00,,
CTF,2024-2025,Number of Deaths,Quarter,Q1,Q1,Q1,Q2,Q2,Q2,Q3,Q3,Q3,Q4,,
CTF,2024-2025,Number of Deaths,Metric,Jul-24,Aug-24,Sep-24,Oct-24,Nov-24,Dec-24,Jan-25,Feb-25,Mar-25,Apr-25,,
CTF,2024-2025,Number of Deaths,Suicide,,,,1.00,,,,,1.00,,,
CTF,2024-2025,Number of Deaths,Unexpected,,,,,,,,,1.00,,,
CTF,2024-2025,Overtime Hours,Custody (Overtime),"14,425.71","12,003.98","14,607.94","11,803.02","23,385.47","13,131.77","11,762.47","7,954.21","11,490.01","9,642.90",,
CTF,2024-2025,Overtime Hours,Dental + Mental Health (Overtime),2.00,7.25,1.25,8.25,11.50,16.00,15.00,14.75,1.00,3.50,,
CTF,2024-2025,Overtime Hours,Non-Custody (Overtime),"1,572.50","2,509.75","1,638.25","1,375.50","1,277.20","2,200.75","2,352.15","1,268.25","2,113.25","1,453.00",,
CTF,2024-2025,Overtime Hours,Quarter,Q1,Q1,Q1,Q2,Q2,Q2,Q3,Q3,Q3,Q4,,
CTF,2024-2025,Overtime Hours,Metric,Jul-24,Aug-24,Sep-24,Oct-24,Nov-24,Dec-24,Jan-25,Feb-25,Mar-25,Apr-25,,
CTF,2024-2025,Overtime Hours,Total Overtime Hours,"16,000.21","14,520.98","16,247.44","13,186.77","24,674.17","15,348.52","14,129.62","9,237.21","13,604.26","11,099.40",,
CVSP,2024-2025,Lockdowns and Modified Programs,Lockdowns,0.00,0.00,0.00,0.00,0.00,0.00,0.00,0.00,0.00,,,
CVSP,2024-2025,Overtime Hours,Custody (Overtime),"2,565.92",148.00,,0.00,,,,,,,,
CVSP,2024-2025,Overtime Hours,Dental + Mental Health (Overtime),0.00,0.00,,0.00,,,,,,,,
CVSP,2024-2025,Overtime Hours,Non-Custody (Overtime),412.00,240.50,,207.50,,,,,,,,
CVSP,2024-2025,Overtime Hours,Quarter,Q1,Q1,Q1,Q2,Q2,Q2,Q3,Q3,Q3,Q4,,
CVSP,2024-2025,Overtime Hours,Metric,Jul-24,Aug-24,Sep-24,Oct-24,Nov-24,Dec-24,Jan-25,Feb-25,Mar-25,Apr-25,,
CVSP,2024-2025,Overtime Hours,Total Overtime Hours,"2,977.92",388.50,,207.50,,,,,,,,
DVI,2024-2025,Lockdowns and Modified Programs,Lockdowns,0.00,0.00,0.00,0.00,0.00,0.00,0.00,0.00,0.00,,,
FOL,2024-2025,Lockdowns and Modified Programs,Incarcerated Persons-Days on Modified Programs,0.00,0.00,0.00,0.00,0.00,0.00,0.00,0.00,7.63,0.00,,
FOL,2024-2025,Lockdowns and Modified Programs,Quarter,Q1,Q1,Q1,Q2,Q2,Q2,Q3,Q3,Q3,Q4,,
FOL,2024-2025,Lockdowns and Modified Programs,Metric,Jul-24,Aug-24,Sep-24,Oct-24,Nov-24,Dec-24,Jan-25,Feb-25,Mar-25,Apr-25,,
FOL,2024-2025,Lockdowns and Modified Programs,Lockdowns,0.00,0.00,0.00,0.00,0.00,0.00,0.00,1.00,8.00,,,
FOL,2024-2025,Number of Deaths,Expected,,,1.00,,,,,,,,,
FOL,2024-2025,Number of Deaths,Homicide,,,1.00,,,,,,,,,
FOL,2024-2025,Number of Deaths,Suicide,,,2.00,,,,,,,,,
FOL,2024-2025,Number of Deaths,Unexpected,,,1.00,,,,,1.00,,,,
FOL,2024-2025,Number of Deaths,Quarter,Q1,Q1,Q1,Q2,Q2,Q2,Q3,Q3,Q3,Q4,,
FOL,2024-2025,Number of Deaths,Metric,Jul-24,Aug-24,Sep-24,Oct-24,Nov-24,Dec-24,Jan-25,Feb-25,Mar-25,Apr-25,,
FOL,2024-2025,Overtime Hours,Custody (Overtime),"9,917.73","8,801.40","11,870.10","8,160.17","8,190.58","5,193.82","3,887.60","3,701.14","6,271.37","3,956.40",,
FOL,2024-2025,Overtime Hours,Dental + Mental Health (Overtime),35.00,20.00,38.00,15.00,23.00,10.00,23.00,23.00,33.00,5.00,,
FOL,2024-2025,Overtime Hours,Non-Custody (Overtime),"1,775.50","2,919.50","1,886.50","1,400.75","1,496.75","1,603.50","1,188.33",960.00,"1,423.25","1,038.30",,
FOL,2024-2025,Overtime Hours,Total Overtime Hours,"11,728.23","11,740.90","13,794.60","9,575.92","9,710.33","6,807.32","5,098.93","4,684.14","7,727.62","4,999.70",,
HDSP,2024-2025,Lockdowns and Modified Programs,Incarcerated Persons-Days on Modified Programs,0.00,0.00,0.24,0.00,6.51,3.83,0.00,0.90,10.13,0.02,,
HDSP,2024-2025,Lockdowns and Modified Programs,Lockdowns,0.00,0.00,1.00,0.00,0.00,0.00,0.00,2.00,3.00,,,
HDSP,2024-2025,Number of Deaths,Expected,1.00,,,1.00,,,,,,,,
HDSP,2024-2025,Number of Deaths,Homicide,,,,,,,,,,1.00,,
HDSP,2024-2025,Number of Deaths,Unexpected,,,,,,,,,,,,
HDSP,2024-2025,Number of Deaths,Quarter,Q1,Q1,Q1,Q2,Q2,Q2,Q3,Q3,Q3,Q4,,
HDSP,2024-2025,Number of Deaths,Metric,Jul-24,Aug-24,Sep-24,Oct-24,Nov-24,Dec-24,Jan-25,Feb-25,Mar-25,Apr-25,,
HDSP,2024-2025,Overtime Hours,Custody (Overtime),"23,498.59","22,284.71","26,866.97","23,014.27","21,357.99","21,543.21","15,911.99","16,370.77","19,045.68","13,984.70",,
HDSP,2024-2025,Overtime Hours,Dental + Mental Health (Overtime),"1,121.00",237.25,274.75,255.75,293.75,183.50,270.75,250.75,263.00,265.50,,
HDSP,2024-2025,Overtime Hours,Non-Custody (Overtime),"1,723.50","1,941.75","2,622.50","1,699.00","1,566.25","2,083.75","1,400.57","1,751.00","2,023.50","1,632.30",,
HDSP,2024-2025,Overtime Hours,Total Overtime Hours,"26,343.09","24,463.71","29,764.22","24,969.02","23,217.99","23,810.46","17,583.31","18,372.52","21,332.18","15,882.50",,
ISP,2024-2025,Lockdowns and Modified Programs,Incarcerated Persons-Days on Modified Programs,0.00,0.00,0.00,0.00,0.00,0.00,0.00,0.00,0.00,0.00,,
ISP,2024-2025,Lockdowns and Modified Programs,Lockdowns,0.00,0.00,0.00,0.00,0.00,0.00,0.00,0.00,0.00,,,
ISP,2024-2025,Number of Deaths,Expected,,,,,,,,,,1.00,,
ISP,2024-2025,Number of Deaths,Missing,,,1.00,,,,,,,,,
ISP,2024-2025,Number of Deaths,Quarter,Q1,Q1,Q1,Q2,Q2,Q2,Q3,Q3,Q3,Q4,,
ISP,2024-2025,Number of Deaths,Metric,Jul-24,Aug-24,Sep-24,Oct-24,Nov-24,Dec-24,Jan-25,Feb-25,Mar-25,Apr-25,,
ISP,2024-2025,Overtime Hours,Custody (Overtime),"9,943.87","10,665.36","11,068.06","9,026.35","6,670.25","6,542.64","7,329.79","8,017.89","5,161.45","3,271.10",,
ISP,2024-2025,Overtime Hours,Dental + Mental Health (Overtime),0.00,0.00,0.00,0.00,0.00,14.00,0.00,0.00,0.00,0.00,,
ISP,2024-2025,Overtime Hours,Non-Custody (Overtime),"1,928.17","2,079.75",830.75,770.25,627.75,849.92,"2,256.33",528.75,"1,154.00",675.30,,
ISP,2024-2025,Overtime Hours,Total Overtime Hours,"11,872.04","12,745.11","11,898.81","9,796.60","7,298.00","7,406.56","9,586.12","8,546.64","6,315.45","3,946.40",,
KVSP,2024-2025,Lockdowns and Modified Programs,Incarcerated Persons-Days on Modified Programs,1.44,0.00,2.90,3.08,5.25,1.74,5.66,1.55,20.13,5.67,,
KVSP,2024-2025,Lockdowns and Modified Programs,Lockdowns,0.00,0.00,0.00,0.00,0.00,2.00,2.00,1.00,1.00,,,
KVSP,2024-2025,Number of Deaths,Expected,,,,,,,,1.00,,,,
KVSP,2024-2025,Number of Deaths,Homicide,,,,,,,,,,,,
KVSP,2024-2025,Number of Deaths,Missing,1.00,,1.00,,,1.00,,1.00,,,,
KVSP,2024-2025,Number of Deaths,Suicide,,,,,,1.00,,,,,,
KVSP,2024-2025,Number of Deaths,Quarter,Q1,Q1,Q1,Q2,Q2,Q2,Q3,Q3,Q3,Q4,,
KVSP,2024-2025,Number of Deaths,Metric,Jul-24,Aug-24,Sep-24,Oct-24,Nov-24,Dec-24,Jan-25,Feb-25,Mar-25,Apr-25,,
KVSP,2024-2025,Number of Deaths,Unexpected,,,,,,,,,,,,
KVSP,2024-2025,Overtime Hours,Custody (Overtime),"22,111.63","20,779.54","24,207.07","21,429.22","21,853.28","31,700.39","24,263.15","24,138.88","27,824.00","25,619.20",,
KVSP,2024-2025,Overtime Hours,Dental + Mental Health (Overtime),467.25,489.75,564.25,344.50,377.25,475.50,403.25,430.00,580.00,425.50,,
KVSP,2024-2025,Overtime Hours,Non-Custody (Overtime),"2,628.25","2,872.75","3,280.99","3,129.50","3,301.75","3,509.75","8,688.25","2,968.68","3,841.66","2,846.30",,
KVSP,2024-2025,Overtime Hours,Total Overtime Hours,"25,207.13","24,142.04","28,052.31","24,903.22","25,532.28","35,685.64","33,354.65","27,537.56","32,245.66","28,890.90",,
KVSP,2024-2025,Overtime Hours,Quarter,Q1,Q1,Q1,Q2,Q2,Q2,Q3,Q3,Q3,Q4,,
KVSP,2024-2025,Overtime Hours,Metric,Jul-24,Aug-24,Sep-24,Oct-24,Nov-24,Dec-24,Jan-25,Feb-25,Mar-25,Apr-25,,
LAC,2024-2025,Lockdowns and Modified Programs,Incarcerated Persons-Days on Modified Programs,0.76,0.00,1.93,14.78,0.00,0.00,1.05,0.89,16.39,4.64,,
LAC,2024-2025,Lockdowns and Modified Programs,Lockdowns,0.00,0.00,0.00,0.00,0.00,0.00,1.00,1.00,3.00,,,
LAC,2024-2025,Lockdowns and Modified Programs,Quarter,Q1,Q1,Q1,Q2,Q2,Q2,Q3,Q3,Q3,Q4,,
LAC,2024-2025,Lockdowns and Modified Programs,Metric,Jul-24,Aug-24,Sep-24,Oct-24,Nov-24,Dec-24,Jan-25,Feb-25,Mar-25,Apr-25,,
LAC,2024-2025,Number of Deaths,Expected,,,,1.00,,,1.00,,,,,
LAC,2024-2025,Number of Deaths,Quarter,Q1,Q1,Q1,Q2,Q2,Q2,Q3,Q3,Q3,Q4,,
LAC,2024-2025,Number of Deaths,Metric,Jul-24,Aug-24,Sep-24,Oct-24,Nov-24,Dec-24,Jan-25,Feb-25,Mar-25,Apr-25,,
LAC,2024-2025,Number of Deaths,Homicide,,,,,,,,,,1.00,,
LAC,2024-2025,Number of Deaths,Missing,1.00,,,1.00,,,,,,,,
LAC,2024-2025,Number of Deaths,Suicide,,,,,1.00,,,,,,,
LAC,2024-2025,Number of Deaths,Unexpected,2.00,,,,,,,,,2.00,,
LAC,2024-2025,Overtime Hours,Custody (Overtime),"32,954.35","33,457.60","40,581.23","34,329.78","33,768.62","34,587.22","28,948.27","31,344.24","34,705.16","24,220.70",,
LAC,2024-2025,Overtime Hours,Quarter,Q1,Q1,Q1,Q2,Q2,Q2,Q3,Q3,Q3,Q4,,
LAC,2024-2025,Overtime Hours,Metric,Jul-24,Aug-24,Sep-24,Oct-24,Nov-24,Dec-24,Jan-25,Feb-25,Mar-25,Apr-25,,
LAC,2024-2025,Overtime Hours,Dental + Mental Health (Overtime),"1,130.75",953.52,"1,262.00",535.25,805.75,737.75,701.50,591.25,556.25,538.50,,
LAC,2024-2025,Overtime Hours,Non-Custody (Overtime),"2,392.75","5,306.20","2,512.25","1,762.50","1,524.25","1,701.50","4,466.50","2,314.00","1,910.00","1,751.50",,
LAC,2024-2025,Overtime Hours,Total Overtime Hours,"36,477.85","39,717.32","44,355.48","36,627.53","36,098.62","37,026.47","34,116.27","34,249.49","37,171.41","26,510.70",,
MCSP,2024-2025,Lockdowns and Modified Programs,Incarcerated Persons-Days on Modified Programs,0.00,0.85,7.83,8.77,4.37,8.98,0.00,6.29,5.12,1.41,,
MCSP,2024-2025,Lockdowns and Modified Programs,Lockdowns,0.00,0.00,0.00,0.00,0.00,0.00,0.00,0.00,1.00,,,
MCSP,2024-2025,Lockdowns and Modified Programs,Quarter,Q1,Q1,Q1,Q2,Q2,Q2,Q3,Q3,Q3,Q4,,
MCSP,2024-2025,Lockdowns and Modified Programs,Metric,Jul-24,Aug-24,Sep-24,Oct-24,Nov-24,Dec-24,Jan-25,Feb-25,Mar-25,Apr-25,,
MCSP,2024-2025,Number of Deaths,Expected,,,,,1.00,,,1.00,,,,
MCSP,2024-2025,Number of Deaths,Quarter,Q1,Q1,Q1,Q2,Q2,Q2,Q3,Q3,Q3,Q4,,
MCSP,2024-2025,Number of Deaths,Metric,Jul-24,Aug-24,Sep-24,Oct-24,Nov-24,Dec-24,Jan-25,Feb-25,Mar-25,Apr-25,,
MCSP,2024-2025,Number of Deaths,Missing,1.00,,1.00,,1.00,,,,,,,
MCSP,2024-2025,Number of Deaths,Suicide,,,1.00,1.00,,,,,,,,
MCSP,2024-2025,Number of Deaths,Unexpected,,,,1.00,,,,,,1.00,,
MCSP,2024-2025,Overtime Hours,Custody (Overtime),"22,980.35","24,084.57","30,642.58","28,952.09","22,754.79","26,616.08","23,795.01","24,679.05","32,141.85","22,265.70",,
MCSP,2024-2025,Overtime Hours,Dental + Mental Health (Overtime),18.50,2.00,30.00,0.00,16.00,47.00,43.25,16.75,8.00,10.00,,
MCSP,2024-2025,Overtime Hours,Quarter,Q1,Q1,Q1,Q2,Q2,Q2,Q3,Q3,Q3,Q4,,
MCSP,2024-2025,Overtime Hours,Metric,Jul-24,Aug-24,Sep-24,Oct-24,Nov-24,Dec-24,Jan-25,Feb-25,Mar-25,Apr-25,,
MCSP,2024-2025,Overtime Hours,Non-Custody (Overtime),"1,452.75","3,740.50","1,378.75","1,458.50","1,104.25","1,364.25","2,784.13","1,211.92","1,868.13","1,347.50",,
MCSP,2024-2025,Overtime Hours,Total Overtime Hours,"24,451.60","27,827.07","32,051.33","30,410.59","23,875.04","28,027.33","26,622.39","25,907.72","34,017.98","23,623.10",,
NKSP,2024-2025,Lockdowns and Modified Programs,Incarcerated Persons-Days on Modified Programs,1.51,4.55,1.31,0.18,8.85,0.38,0.00,0.39,0.68,0.14,,
NKSP,2024-2025,Lockdowns and Modified Programs,Lockdowns,0.00,0.00,0.00,0.00,0.00,0.00,0.00,0.00,0.00,,,
NKSP,2024-2025,Number of Deaths,Missing,,,,,,,1.00,,,,,
NKSP,2024-2025,Number of Deaths,Unexpected,,,,,,,,,,,,
NKSP,2024-2025,Overtime Hours,Custody (Overtime),"10,060.33","7,972.43","8,186.47","6,921.10","10,630.26","8,878.07","3,192.81","1,733.01","2,978.98","2,538.80",,
NKSP,2024-2025,Overtime Hours,Quarter,Q1,Q1,Q1,Q2,Q2,Q2,Q3,Q3,Q3,Q4,,
NKSP,2024-2025,Overtime Hours,Metric,Jul-24,Aug-24,Sep-24,Oct-24,Nov-24,Dec-24,Jan-25,Feb-25,Mar-25,Apr-25,,
NKSP,2024-2025,Overtime Hours,Dental + Mental Health (Overtime),121.50,71.50,95.50,81.00,238.50,90.25,73.50,129.00,116.00,103.00,,
NKSP,2024-2025,Overtime Hours,Non-Custody (Overtime),"2,154.00","2,033.75","1,976.75","1,435.50",957.25,"1,173.50","1,371.00","1,056.50","1,170.50",989.30,,
NKSP,2024-2025,Overtime Hours,Total Overtime Hours,"12,335.83","10,077.68","10,258.72","8,437.60","11,826.01","10,141.82","4,637.31","2,918.51","4,265.48","3,631.00",,
PBSP,2024-2025,Lockdowns and Modified Programs,Incarcerated Persons-Days on Modified Programs,0.00,0.00,0.00,0.00,0.00,2.23,3.00,3.13,7.34,5.72,,
PBSP,2024-2025,Lockdowns and Modified Programs,Lockdowns,0.00,0.00,0.00,0.00,0.00,0.00,2.00,1.00,1.00,,,
PBSP,2024-2025,Overtime Hours,Custody (Overtime),"14,918.17","12,943.76","11,816.02","10,443.83","8,605.59","8,987.45","6,110.02","8,348.97","11,147.05","9,103.50",,
PBSP,2024-2025,Overtime Hours,Dental + Mental Health (Overtime),12.25,7.75,28.25,11.50,28.00,21.00,21.75,13.00,13.00,0.00,,
PBSP,2024-2025,Overtime Hours,Non-Custody (Overtime),906.25,"1,059.25","1,492.08",868.50,821.75,905.00,493.50,959.25,"1,116.25",953.50,,
PBSP,2024-2025,Overtime Hours,Quarter,Q1,Q1,Q1,Q2,Q2,Q2,Q3,Q3,Q3,Q4,,
PBSP,2024-2025,Overtime Hours,Metric,Jul-24,Aug-24,Sep-24,Oct-24,Nov-24,Dec-24,Jan-25,Feb-25,Mar-25,Apr-25,,
PBSP,2024-2025,Overtime Hours,Total Overtime Hours,"15,836.67","14,010.76","13,336.35","11,323.83","9,455.34","9,913.45","6,625.27","9,321.22","12,276.30","10,057.00",,
PVSP,2024-2025,Lockdowns and Modified Programs,Incarcerated Persons-Days on Modified Programs,8.68,7.75,6.84,6.73,8.20,10.08,6.84,5.77,6.34,5.96,,
PVSP,2024-2025,Lockdowns and Modified Programs,Lockdowns,0.00,0.00,0.00,0.00,0.00,0.00,0.00,0.00,0.00,,,
PVSP,2024-2025,Number of Deaths,Expected,,,,,,,,,2.00,,,
PVSP,2024-2025,Number of Deaths,Missing,,,,,1.00,,,,,,,
PVSP,2024-2025,Number of Deaths,Quarter,Q1,Q1,Q1,Q2,Q2,Q2,Q3,Q3,Q3,Q4,,
PVSP,2024-2025,Number of Deaths,Metric,Jul-24,Aug-24,Sep-24,Oct-24,Nov-24,Dec-24,Jan-25,Feb-25,Mar-25,Apr-25,,
PVSP,2024-2025,Number of Deaths,Suicide,,,,,,,,,,1.00,,
PVSP,2024-2025,Number of Deaths,Unexpected,,,,,,,,,,,,
PVSP,2024-2025,Overtime Hours,Custody (Overtime),"9,714.38","13,441.28","16,309.11","20,294.58","14,814.23","18,798.86","18,799.16","19,354.45","29,243.15","21,601.70",,
PVSP,2024-2025,Overtime Hours,Dental + Mental Health (Overtime),0.00,0.00,0.00,0.00,0.00,12.00,10.00,6.00,14.00,50.00,,
PVSP,2024-2025,Overtime Hours,Non-Custody (Overtime),"1,041.00","1,116.50","1,211.83","1,245.50",771.75,"1,157.25","1,300.25","1,061.74","1,441.00","1,124.80",,
PVSP,2024-2025,Overtime Hours,Quarter,Q1,Q1,Q1,Q2,Q2,Q2,Q3,Q3,Q3,Q4,,
PVSP,2024-2025,Overtime Hours,Metric,Jul-24,Aug-24,Sep-24,Oct-24,Nov-24,Dec-24,Jan-25,Feb-25,Mar-25,Apr-25,,
PVSP,2024-2025,Overtime Hours,Total Overtime Hours,"10,755.38","14,557.78","17,520.94","21,540.08","15,585.98","19,968.11","20,109.41","20,422.19","30,698.15","22,776.40",,
RJD,2024-2025,Lockdowns and Modified Programs,Incarcerated Persons-Days on Modified Programs,0.00,0.00,0.00,0.00,0.00,3.00,8.72,0.00,1.32,0.00,,
RJD,2024-2025,Lockdowns and Modified Programs,Lockdowns,0.00,0.00,0.00,0.00,0.00,0.00,0.00,0.00,3.00,,,
RJD,2024-2025,Number of Deaths,Expected,1.00,,,2.00,,1.00,2.00,,,1.00,,
RJD,2024-2025,Number of Deaths,Missing,,,,1.00,,,1.00,,1.00,,,
RJD,2024-2025,Number of Deaths,Suicide,,,,,,,1.00,,,,,
RJD,2024-2025,Number of Deaths,Quarter,Q1,Q1,Q1,Q2,Q2,Q2,Q3,Q3,Q3,Q4,,
RJD,2024-2025,Number of Deaths,Metric,Jul-24,Aug-24,Sep-24,Oct-24,Nov-24,Dec-24,Jan-25,Feb-25,Mar-25,Apr-25,,
RJD,2024-2025,Number of Deaths,Unexpected,,,,,,1.00,,,,,,
RJD,2024-2025,Overtime Hours,Custody (Overtime),"24,488.41","27,386.85","29,751.88","24,276.39","14,686.85","25,090.51","18,299.65","20,092.55","30,714.24","18,154.50",,
RJD,2024-2025,Overtime Hours,Dental + Mental Health (Overtime),"1,274.00",893.00,318.75,88.25,171.00,127.25,106.00,153.00,128.50,104.30,,
RJD,2024-2025,Overtime Hours,Non-Custody (Overtime),"3,701.48","3,512.75","3,839.75","3,258.25","2,882.00","3,332.00","4,227.25","3,971.25","4,883.75","3,537.50",,
RJD,2024-2025,Overtime Hours,Total Overtime Hours,"29,463.89","31,792.60","33,910.38","27,622.89","17,739.85","28,549.76","22,632.90","24,216.80","35,726.49","21,796.20",,
RJD,2024-2025,Overtime Hours,Quarter,Q1,Q1,Q1,Q2,Q2,Q2,Q3,Q3,Q3,Q4,,
RJD,2024-2025,Overtime Hours,Metric,Jul-24,Aug-24,Sep-24,Oct-24,Nov-24,Dec-24,Jan-25,Feb-25,Mar-25,Apr-25,,
SAC,2024-2025,Lockdowns and Modified Programs,Incarcerated Persons-Days on Modified Programs,1.28,0.69,2.01,0.08,1.11,0.39,4.12,0.00,14.64,0.62,,
SAC,2024-2025,Lockdowns and Modified Programs,Lockdowns,2.00,0.00,0.00,0.00,0.00,0.00,2.00,0.00,4.00,,,
SAC,2024-2025,Number of Deaths,Homicide,1.00,,,,,,,,,,,
SAC,2024-2025,Number of Deaths,Unexpected,,,,,,,,,,,,
SAC,2024-2025,Overtime Hours,Custody (Overtime),"18,875.34","22,883.11","30,184.46","24,165.15","39,049.31","20,778.26","18,658.95","19,942.33","25,834.28","17,617.10",,
SAC,2024-2025,Overtime Hours,Quarter,Q1,Q1,Q1,Q2,Q2,Q2,Q3,Q3,Q3,Q4,,
SAC,2024-2025,Overtime Hours,Metric,Jul-24,Aug-24,Sep-24,Oct-24,Nov-24,Dec-24,Jan-25,Feb-25,Mar-25,Apr-25,,
SAC,2024-2025,Overtime Hours,Dental + Mental Health (Overtime),286.00,244.00,287.00,226.50,115.00,142.00,140.00,135.50,207.00,137.00,,
SAC,2024-2025,Overtime Hours,Non-Custody (Overtime),"2,045.67","2,137.50","2,299.50","1,259.40","1,158.00","1,498.40","1,192.50","1,284.42","1,250.75",996.50,,
SAC,2024-2025,Overtime Hours,Total Overtime Hours,"21,207.01","25,264.61","32,770.96","25,651.05","40,322.31","22,418.66","19,991.45","21,362.25","27,292.03","18,750.50",,
SATF,2024-2025,Lockdowns and Modified Programs,Incarcerated Persons-Days on Modified Programs,0.00,1.50,1.86,3.92,0.98,2.42,0.32,3.27,4.86,0.08,,
SATF,2024-2025,Lockdowns and Modified Programs,Lockdowns,0.00,0.00,0.00,0.00,0.00,0.00,0.00,4.00,2.00,,,
SATF,2024-2025,Number of Deaths,Expected,1.00,6.00,,,,,,,,,,
SATF,2024-2025,Number of Deaths,Homicide,,3.00,,,,,,,,,,
SATF,2024-2025,Number of Deaths,Missing,,,,1.00,,1.00,,,,,,
SATF,2024-2025,Number of Deaths,Suicide,,,,,,,1.00,,,,,
SATF,2024-2025,Number of Deaths,Quarter,Q1,Q1,Q1,Q2,Q2,Q2,Q3,Q3,Q3,Q4,,
SATF,2024-2025,Number of Deaths,Metric,Jul-24,Aug-24,Sep-24,Oct-24,Nov-24,Dec-24,Jan-25,Feb-25,Mar-25,Apr-25,,
SATF,2024-2025,Number of Deaths,Unexpected,1.00,,,3.00,,,,,,,,
SATF,2024-2025,Overtime Hours,Custody (Overtime),"31,260.76","28,714.58","32,452.07","28,062.64","26,446.12","34,304.44","26,583.23","29,222.11","39,534.68","27,723.90",,
SATF,2024-2025,Overtime Hours,Dental + Mental Health (Overtime),946.00,859.00,988.00,809.00,"1,077.25","1,017.50","1,079.50",980.25,"1,289.00","1,081.50",,
SATF,2024-2025,Overtime Hours,Non-Custody (Overtime),"2,060.50","4,246.75","1,755.00","1,929.50","2,174.25","1,290.25","3,505.00","1,677.00","1,353.25","1,039.30",,
SATF,2024-2025,Overtime Hours,Total Overtime Hours,"34,267.26","33,820.33","35,195.07","30,801.14","29,697.62","36,612.19","31,167.73","31,879.36","42,176.93","29,844.60",,
SATF,2024-2025,Overtime Hours,Quarter,Q1,Q1,Q1,Q2,Q2,Q2,Q3,Q3,Q3,Q4,,
SATF,2024-2025,Overtime Hours,Metric,Jul-24,Aug-24,Sep-24,Oct-24,Nov-24,Dec-24,Jan-25,Feb-25,Mar-25,Apr-25,,
SCC,2024-2025,Lockdowns and Modified Programs,Incarcerated Persons-Days on Modified Programs,0.00,0.00,0.00,0.00,0.00,0.00,0.00,0.00,0.76,1.15,,
SCC,2024-2025,Lockdowns and Modified Programs,Lockdowns,0.00,0.00,0.00,0.00,0.00,0.00,0.00,0.00,1.00,,,
SCC,2024-2025,Number of Deaths,Expected,,,,,,,,,,,,
SCC,2024-2025,Overtime Hours,Custody (Overtime),"81,260.61","78,040.18","70,734.30","33,286.85","27,457.29","33,284.49","73,415.67","32,758.73","28,090.98","23,655.10",,
SCC,2024-2025,Overtime Hours,Quarter,Q1,Q1,Q1,Q2,Q2,Q2,Q3,Q3,Q3,Q4,,
SCC,2024-2025,Overtime Hours,Metric,Jul-24,Aug-24,Sep-24,Oct-24,Nov-24,Dec-24,Jan-25,Feb-25,Mar-25,Apr-25,,
SCC,2024-2025,Overtime Hours,Dental + Mental Health (Overtime),51.00,215.00,15.00,46.00,38.00,45.00,44.00,29.50,24.00,25.00,,
SCC,2024-2025,Overtime Hours,Non-Custody (Overtime),"6,764.25","3,635.75","3,111.25","3,291.50","2,487.25","4,155.75","3,956.25","3,301.00","5,019.50","2,609.80",,
SCC,2024-2025,Overtime Hours,Total Overtime Hours,"88,075.86","81,890.93","73,860.55","36,624.35","29,982.54","37,485.24","77,415.92","36,089.23","33,134.48","26,289.90",,
SOL,2024-2025,Lockdowns and Modified Programs,Incarcerated Persons-Days on Modified Programs,0.00,0.00,0.00,0.00,0.00,0.00,0.00,0.12,0.00,6.15,,
SOL,2024-2025,Lockdowns and Modified Programs,Lockdowns,0.00,0.00,0.00,0.00,0.00,0.00,0.00,1.00,0.00,,,
SOL,2024-2025,Number of Deaths,Unexpected,,1.00,,,1.00,,,,,,,
SOL,2024-2025,Overtime Hours,Custody (Overtime),"19,529.45","18,798.58","18,892.25","18,162.75","15,395.48","20,772.34","12,905.27","15,352.81","20,027.08","14,340.70",,
SOL,2024-2025,Overtime Hours,Quarter,Q1,Q1,Q1,Q2,Q2,Q2,Q3,Q3,Q3,Q4,,
SOL,2024-2025,Overtime Hours,Metric,Jul-24,Aug-24,Sep-24,Oct-24,Nov-24,Dec-24,Jan-25,Feb-25,Mar-25,Apr-25,,
SOL,2024-2025,Overtime Hours,Dental + Mental Health (Overtime),54.00,83.25,73.25,5.00,0.00,29.00,278.54,18.25,0.00,0.00,,
SOL,2024-2025,Overtime Hours,Non-Custody (Overtime),"2,585.00","4,622.50","3,034.92","1,950.70","1,763.25","2,205.50","4,459.00","2,203.25","2,923.75","2,299.50",,
SOL,2024-2025,Overtime Hours,Total Overtime Hours,"22,168.45","23,504.33","22,000.42","20,118.45","17,158.73","23,006.84","17,642.81","17,574.31","22,950.83","16,640.20",,
SQ,2024-2025,Lockdowns and Modified Programs,Incarcerated Persons-Days on Modified Programs,4.89,0.00,0.00,0.00,0.00,0.00,0.00,0.00,0.00,0.00,,
SQ,2024-2025,Lockdowns and Modified Programs,Lockdowns,0.00,0.00,0.00,0.00,0.00,0.00,0.00,0.00,0.00,,,
SQ,2024-2025,Number of Deaths,Expected,,1.00,,,,,,,,,,
SQ,2024-2025,Number of Deaths,Missing,,,1.00,,,1.00,,,,,,
SQ,2024-2025,Number of Deaths,Suicide,,,,,,,,,1.00,,,
SQ,2024-2025,Number of Deaths,Quarter,Q1,Q1,Q1,Q2,Q2,Q2,Q3,Q3,Q3,Q4,,
SQ,2024-2025,Number of Deaths,Metric,Jul-24,Aug-24,Sep-24,Oct-24,Nov-24,Dec-24,Jan-25,Feb-25,Mar-25,Apr-25,,
SQ,2024-2025,Number of Deaths,Unexpected,,,,,,1.00,,,1.00,,,
SQ,2024-2025,Overtime Hours,Custody (Overtime),"6,966.27","7,104.59","9,284.93","5,399.24","10,283.67","6,082.60","3,764.77","4,147.41","4,353.42","3,171.70",,
SQ,2024-2025,Overtime Hours,Dental + Mental Health (Overtime),110.00,200.00,172.75,23.00,237.00,51.75,99.50,96.50,214.50,62.50,,
SQ,2024-2025,Overtime Hours,Non-Custody (Overtime),"2,555.75","5,920.00","2,297.75","2,377.00","2,106.25","2,005.00","6,108.95","3,066.50","2,387.25","1,701.50",,
SQ,2024-2025,Overtime Hours,Total Overtime Hours,"9,632.02","13,224.59","11,755.43","7,799.24","12,626.92","8,139.35","9,973.22","7,310.41","6,955.17","4,935.70",,
SQ,2024-2025,Overtime Hours,Quarter,Q1,Q1,Q1,Q2,Q2,Q2,Q3,Q3,Q3,Q4,,
SQ,2024-2025,Overtime Hours,Metric,Jul-24,Aug-24,Sep-24,Oct-24,Nov-24,Dec-24,Jan-25,Feb-25,Mar-25,Apr-25,,
SVSP,2024-2025,Lockdowns and Modified Programs,Incarcerated Persons-Days on Modified Programs,1.60,2.10,2.07,2.24,2.64,3.94,0.52,1.06,16.55,3.57,,
SVSP,2024-2025,Lockdowns and Modified Programs,Lockdowns,0.00,0.00,0.00,0.00,0.00,0.00,0.00,0.00,2.00,,,
SVSP,2024-2025,Number of Deaths,Expected,,,1.00,,,,,,,,,
SVSP,2024-2025,Number of Deaths,Homicide,,1.00,,,,,,,,,,
SVSP,2024-2025,Number of Deaths,Quarter,Q1,Q1,Q1,Q2,Q2,Q2,Q3,Q3,Q3,Q4,,
SVSP,2024-2025,Number of Deaths,Metric,Jul-24,Aug-24,Sep-24,Oct-24,Nov-24,Dec-24,Jan-25,Feb-25,Mar-25,Apr-25,,
SVSP,2024-2025,Number of Deaths,Missing,,,,,,,,1.00,,1.00,,
SVSP,2024-2025,Number of Deaths,Suicide,,,,,,1.00,,,,,,
SVSP,2024-2025,Number of Deaths,Unexpected,,,,,,,1.00,,,,,
SVSP,2024-2025,Overtime Hours,Custody (Overtime),"27,624.66","28,329.84","33,995.47","26,285.75","25,542.55","31,221.57","23,383.68","23,303.74","26,608.04","19,557.50",,
SVSP,2024-2025,Overtime Hours,Dental + Mental Health (Overtime),417.75,467.75,536.00,407.00,409.00,506.25,348.43,336.75,310.75,154.80,,
SVSP,2024-2025,Overtime Hours,Quarter,Q1,Q1,Q1,Q2,Q2,Q2,Q3,Q3,Q3,Q4,,
SVSP,2024-2025,Overtime Hours,Metric,Jul-24,Aug-24,Sep-24,Oct-24,Nov-24,Dec-24,Jan-25,Feb-25,Mar-25,Apr-25,,
SVSP,2024-2025,Overtime Hours,Non-Custody (Overtime),"3,030.25","6,135.00","3,314.25","2,678.25","2,743.09","3,270.00","6,007.51","2,487.25","3,162.67","2,134.50",,
SVSP,2024-2025,Overtime Hours,Total Overtime Hours,"31,072.66","34,932.59","37,845.72","29,371.00","28,694.64","34,997.82","29,739.62","26,127.74","30,081.46","21,846.80",,
VSP,2024-2025,Lockdowns and Modified Programs,Incarcerated Persons-Days on Modified Programs,0.00,0.00,0.00,11.01,0.00,0.28,0.00,0.00,0.00,0.00,,
VSP,2024-2025,Lockdowns and Modified Programs,Lockdowns,0.00,0.00,0.00,0.00,0.00,0.00,0.00,0.00,0.00,,,
VSP,2024-2025,Number of Deaths,Expected,1.00,4.00,,,,1.00,1.00,,,,,
VSP,2024-2025,Number of Deaths,Homicide,,1.00,1.00,,,,,,,,,
VSP,2024-2025,Number of Deaths,Quarter,Q1,Q1,Q1,Q2,Q2,Q2,Q3,Q3,Q3,Q4,,
VSP,2024-2025,Number of Deaths,Metric,Jul-24,Aug-24,Sep-24,Oct-24,Nov-24,Dec-24,Jan-25,Feb-25,Mar-25,Apr-25,,
VSP,2024-2025,Number of Deaths,Suicide,,,,,,,1.00,,,,,
VSP,2024-2025,Number of Deaths,Unexpected,,,1.00,,,,,,,,,
VSP,2024-2025,Overtime Hours,Custody (Overtime),"10,214.62","14,228.59","13,674.90","8,161.85","7,767.20","10,372.67","6,711.49","5,849.98","10,720.63","10,133.60",,
VSP,2024-2025,Overtime Hours,Dental + Mental Health (Overtime),0.00,0.00,38.75,67.25,41.75,19.00,65.25,34.50,35.25,4.30,,
VSP,2024-2025,Overtime Hours,Non-Custody (Overtime),969.25,"1,554.26","1,138.75",764.00,873.25,806.25,"1,917.50",837.50,"1,267.25",559.50,,
VSP,2024-2025,Overtime Hours,Quarter,Q1,Q1,Q1,Q2,Q2,Q2,Q3,Q3,Q3,Q4,,
VSP,2024-2025,Overtime Hours,Metric,Jul-24,Aug-24,Sep-24,Oct-24,Nov-24,Dec-24,Jan-25,Feb-25,Mar-25,Apr-25,,
VSP,2024-2025,Overtime Hours,Total Overtime Hours,"11,183.87","15,782.85","14,852.40","8,993.10","8,682.20","11,197.92","8,694.24","6,721.98","12,023.13","10,697.30",,
WSP,2024-2025,Lockdowns and Modified Programs,Incarcerated Persons-Days on Modified Programs,0.00,0.00,0.00,0.00,0.00,0.00,0.00,0.00,2.42,0.00,,
WSP,2024-2025,Lockdowns and Modified Programs,Lockdowns,0.00,0.00,0.00,0.00,0.00,0.00,0.00,0.00,0.00,,,
WSP,2024-2025,Number of Deaths,Unexpected,,,,,,,,,1.00,,,
WSP,2024-2025,Overtime Hours,Custody (Overtime),"9,325.20","10,455.29","8,947.24","7,440.37","6,301.48","10,491.53","3,600.40","4,456.70","5,225.36","3,956.10",,
WSP,2024-2025,Overtime Hours,Dental + Mental Health (Overtime),220.25,113.42,166.42,130.25,151.50,129.50,125.75,110.50,122.75,82.30,,
WSP,2024-2025,Overtime Hours,Quarter,Q1,Q1,Q1,Q2,Q2,Q2,Q3,Q3,Q3,Q4,,
WSP,2024-2025,Overtime Hours,Metric,Jul-24,Aug-24,Sep-24,Oct-24,Nov-24,Dec-24,Jan-25,Feb-25,Mar-25,Apr-25,,
WSP,2024-2025,Overtime Hours,Non-Custody (Overtime),"1,605.25","2,361.75","1,647.25","1,408.75","1,154.25","1,386.50",651.25,749.25,887.25,761.30,,
WSP,2024-2025,Overtime Hours,Total Overtime Hours,"11,150.70","12,930.46","10,760.91","8,979.37","7,607.23","12,007.53","4,377.40","5,316.45","6,235.36","4,799.60",,