report_date,row_label,population,change_last_period,change_last_year,design_capacity,pct_occupied,staffed_capacity
2015-01-28,"(MEN, Subtotal)",117441,-1408.0,,,,
2015-01-28,"(WOMEN, Subtotal)",5999,-103.0,,,,
2015-01-28,INSTITUTIONS,113463,-4016.0,,82707.0,137.2,123244.0
2015-01-28,"CAMPS(CCC, CIW & SCC)",3765,-272.0,,4480.0,84.0,4350.0
2015-01-28,CCF PRIVATE,1991,-10.0,,,,
2015-01-28,CCF PUBLIC,1691,1183.0,,,,
2015-01-28,PRISONER MOTHER PGM,20,3.0,,,,
2015-01-28,FRCCC(BAKERSFIELD),29,-4.0,,,,
2015-01-28,CALIFORNIA CITY CF,2029,1404.0,,,,
2015-01-28,3. DSH STATE HOSPITALS*,219,-32.0,,,,
2015-01-28,ARIZONA,3617,-112.0,,,,
2015-01-28,MISSISSIPPI,2636,-45.0,,,,
2015-01-28,OKLAHOMA,2549,52.0,,,,
2015-01-28,COMMUNITY SUP(Active),41666,-3417.0,,,,
2015-01-28,COOP CASES (Active) #3,2195,47.0,,,,
2015-01-28,MNRP & NRP (Inactive),5,-266.0,,,,
2015-01-28,OTHER STATE/FED. INST.,527,55.0,,,,
2015-01-28,OUT OF STATE PAROLE,253,-84.0,,,,
2015-01-28,OUT OF STATE PAL,13,-2.0,,,,
2015-01-28,INSTITUTIONS #5,129,-8.0,,,,
2015-01-28,"OUT-TO-COURT, etc.",1302,-53.0,,,,
2015-01-28,ESCAPED,201,-2.0,,,,
2015-01-28,PAROLEES (PAL/RAL),5306,-676.0,,,,
2015-02-25,"(MEN, Subtotal)",116393,-3156.0,,,,
2015-02-25,"(WOMEN, Subtotal)",5900,-242.0,,,,
2015-02-25,INSTITUTIONS,112467,-5034.0,,82707.0,136.0,123244.0
2015-02-25,"CAMPS(CCC, CIW & SCC)",3832,-314.0,,4480.0,85.5,4350.0
2015-02-25,CCF PRIVATE,1951,-103.0,,,,
2015-02-25,CCF PUBLIC,1633,790.0,,,,
2015-02-25,PRISONER MOTHER PGM,17,-2.0,,,,
2015-02-25,FRCCC(BAKERSFIELD),27,-8.0,,,,
2015-02-25,CALIFORNIA CITY CF,1929,1092.0,,,,
2015-02-25,3. DSH STATE HOSPITALS*,220,-36.0,,,,
2015-02-25,ARIZONA,3702,97.0,,,,
2015-02-25,MISSISSIPPI,2634,-14.0,,,,
2015-02-25,OKLAHOMA,2549,17.0,,,,
2015-02-25,COMMUNITY SUP(Active),42315,-1841.0,,,,
2015-02-25,COOP CASES (Active) #3,2262,233.0,,,,
2015-02-25,MNRP & NRP (Inactive),3,-240.0,,,,
2015-02-25,OTHER STATE/FED. INST.,523,48.0,,,,
2015-02-25,OUT OF STATE PAROLE,253,-70.0,,,,
2015-02-25,OUT OF STATE PAL,15,-3.0,,,,
2015-02-25,INSTITUTIONS #5,127,-8.0,,,,
2015-02-25,"OUT-TO-COURT, etc.",1349,94.0,,,,
2015-02-25,ESCAPED,199,-4.0,,,,
2015-02-25,PAROLEES (PAL/RAL),5386,-518.0,,,,
2015-03-25,"(MEN, Subtotal)",116030,-3887.0,,,,
2015-03-25,"(WOMEN, Subtotal)",5852,-348.0,,,,
2015-03-25,INSTITUTIONS,111972,-4884.0,,82707.0,135.4,123244.0
2015-03-25,"CAMPS(CCC, CIW & SCC)",3831,-331.0,,4480.0,85.5,4350.0
2015-03-25,CCF PRIVATE,1942,-120.0,,,,
2015-03-25,CCF PUBLIC,1693,269.0,,,,
2015-03-25,PRISONER MOTHER PGM,17,-1.0,,,,
2015-03-25,CALIFORNIA CITY CF,1951,650.0,,,,
2015-03-25,3. DSH STATE HOSPITALS*,211,-49.0,,,,
2015-03-25,ARIZONA,3627,15.0,,,,
2015-03-25,MISSISSIPPI,2572,-40.0,,,,
2015-03-25,OKLAHOMA,2458,-81.0,,,,
2015-03-25,COMMUNITY SUP(Active),42617,-648.0,,,,
2015-03-25,COOP CASES (Active) #3,2322,315.0,,,,
2015-03-25,MNRP & NRP (Inactive),3,-212.0,,,,
2015-03-25,OTHER STATE/FED. INST.,524,49.0,,,,
2015-03-25,OUT OF STATE PAROLE,258,-54.0,,,,
2015-03-25,INSTITUTIONS #5,129,-4.0,,,,
2015-03-25,"OUT-TO-COURT, etc.",1221,-56.0,,,,
2015-03-25,ESCAPED,199,-4.0,,,,
2015-03-25,PAROLEES (PAL/RAL),5580,-218.0,,,,
2015-04-29,"(MEN, Subtotal)",115856,-4138.0,,,,
2015-04-29,"(WOMEN, Subtotal)",5779,-445.0,,,,
2015-04-29,INSTITUTIONS,111512,-4734.0,,82707.0,134.8,123242.0
2015-04-29,"CAMPS(CCC, CIW & SCC)",3702,-486.0,,4480.0,82.6,4340.0
2015-04-29,CCF PRIVATE,2050,-17.0,,,,
2015-04-29,CCF PUBLIC,1765,80.0,,,,
2015-04-29,CALIFORNIA CITY CF,2127,426.0,,,,
2015-04-29,3. DSH STATE HOSPITALS*,203,-71.0,,,,
2015-04-29,ARIZONA,3547,-34.0,,,,
2015-04-29,MISSISSIPPI,2366,-272.0,,,,
2015-04-29,OKLAHOMA,2267,-184.0,,,,
2015-04-29,COMMUNITY SUP(Active),42820,52.0,,,,
2015-04-29,COOP CASES (Active) #3,2323,324.0,,,,
2015-04-29,MNRP & NRP (Inactive),3,-184.0,,,,
2015-04-29,OTHER STATE/FED. INST.,552,69.0,,,,
2015-04-29,OUT OF STATE PAROLE,266,-20.0,,,,
2015-04-29,OUT OF STATE PAL,14,-1.0,,,,
2015-04-29,INSTITUTIONS #5,137,3.0,,,,
2015-04-29,"OUT-TO-COURT, etc.",1139,-162.0,,,,
2015-04-29,ESCAPED,198,-5.0,,,,
2015-04-29,PAROLEES (PAL/RAL),5785,44.0,,,,
2015-05-27,"(MEN, Subtotal)",115790,-4703.0,,,,
2015-05-27,"(WOMEN, Subtotal)",5690,-564.0,,,,
2015-05-27,INSTITUTIONS,111390,-5271.0,,82707.0,134.7,123023.0
2015-05-27,"CAMPS(CCC, CIW & SCC)",3643,-553.0,,4480.0,81.3,4340.0
2015-05-27,CCF PRIVATE,2041,-22.0,,,,
2015-05-27,CCF PUBLIC,1755,-4.0,,,,
2015-05-27,PRISONER MOTHER PGM,17,-4.0,,,,
2015-05-27,CALIFORNIA CITY CF,2204,466.0,,,,
2015-05-27,3. DSH STATE HOSPITALS*,199,-73.0,,,,
2015-05-27,ARIZONA,3468,-120.0,,,,
2015-05-27,MISSISSIPPI,2131,-447.0,,,,
2015-05-27,OKLAHOMA,2354,-96.0,,,,
2015-05-27,COMMUNITY SUP(Active),43185,590.0,,,,
2015-05-27,COOP CASES (Active) #3,2321,243.0,,,,
2015-05-27,OTHER STATE/FED. INST.,576,88.0,,,,
2015-05-27,OUT OF STATE PAROLE,266,-7.0,,,,
2015-05-27,OUT OF STATE PAL,14,-1.0,,,,
2015-05-27,INSTITUTIONS #5,140,8.0,,,,
2015-05-27,"OUT-TO-COURT, etc.",1162,-144.0,,,,
2015-05-27,ESCAPED,198,-6.0,,,,
2015-05-27,PAROLEES (PAL/RAL),5767,356.0,,,,
2015-06-24,"(MEN, Subtotal)",115909,-4535.0,,,,
2015-06-24,"(WOMEN, Subtotal)",5659,-586.0,,,,
2015-06-24,INSTITUTIONS,111415,-4781.0,,82707.0,134.7,123023.0
2015-06-24,"CAMPS(CCC, CIW & SCC)",3680,-523.0,,4580.0,80.3,4340.0
2015-06-24,CCF PRIVATE,1941,-145.0,,,,
2015-06-24,CCF PUBLIC,1722,-51.0,,,,
2015-06-24,PRISONER MOTHER PGM,19,3.0,,,,
2015-06-24,CALIFORNIA CITY CF,2351,229.0,,,,
2015-06-24,3. DSH STATE HOSPITALS*,211,-41.0,,,,
2015-06-24,ARIZONA,3290,-336.0,,,,
2015-06-24,MISSISSIPPI,2560,-66.0,,,,
2015-06-24,OKLAHOMA,1702,-798.0,,,,
2015-06-24,COMMUNITY SUP(Active),43060,721.0,,,,
2015-06-24,COOP CASES (Active) #3,2328,241.0,,,,
2015-06-24,OTHER STATE/FED. INST.,622,135.0,,,,
2015-06-24,OUT OF STATE PAROLE,280,20.0,,,,
2015-06-24,OUT OF STATE PAL,16,5.0,,,,
2015-06-24,INSTITUTIONS #5,142,9.0,,,,
2015-06-24,"OUT-TO-COURT, etc.",1129,-153.0,,,,
2015-06-24,ESCAPED,198,-5.0,,,,
2015-06-24,PAROLEES (PAL/RAL),5848,594.0,,,,
2015-07-29,"(MEN, Subtotal)",116047,-4316.0,,,,
2015-07-29,"(WOMEN, Subtotal)",5560,-709.0,,,,
2015-07-29,INSTITUTIONS,111448,-4630.0,,82707.0,134.8,123173.0
2015-07-29,"CAMPS(CCC, CIW & SCC)",3763,-346.0,,4580.0,82.2,4340.0
2015-07-29,CCF PRIVATE,1921,-149.0,,,,
2015-07-29,CCF PUBLIC,1774,-19.0,,,,
2015-07-29,PRISONER MOTHER PGM,16,1.0,,,,
2015-07-29,CALIFORNIA CITY CF,2255,-5.0,,,,
2015-07-29,3. DSH STATE HOSPITALS*,206,-49.0,,,,
2015-07-29,ARIZONA,3140,-559.0,,,,
2015-07-29,MISSISSIPPI,2607,-48.0,,,,
2015-07-29,OKLAHOMA,1254,-1287.0,,,,
2015-07-29,COMMUNITY SUP(Active),42673,485.0,,,,
2015-07-29,COOP CASES (Active) #3,2297,257.0,,,,
2015-07-29,OTHER STATE/FED. INST.,662,187.0,,,,
2015-07-29,OUT OF STATE PAROLE,275,25.0,,,,
2015-07-29,OUT OF STATE PAL,15,4.0,,,,
2015-07-29,INSTITUTIONS #5,144,14.0,,,,
2015-07-29,"OUT-TO-COURT, etc.",1139,-54.0,,,,
2015-07-29,ESCAPED,197,-5.0,,,,
2015-07-29,PAROLEES (PAL/RAL),5838,879.0,,,,
2015-08-26,"(MEN, Subtotal)",116007,-4579.0,,,,
2015-08-26,"(WOMEN, Subtotal)",5510,-753.0,,,,
2015-08-26,INSTITUTIONS,111440,-4653.0,,82707.0,134.7,122607.0
2015-08-26,"CAMPS(CCC, CIW & SCC)",3768,-387.0,,4580.0,82.3,4340.0
2015-08-26,CCF PRIVATE,1880,-179.0,,,,
2015-08-26,CCF PUBLIC,1734,-54.0,,,,
2015-08-26,PRISONER MOTHER PGM,18,5.0,,,,
2015-08-26,CALIFORNIA CITY CF,2215,-59.0,,,,
2015-08-26,FCRF(MCFARLAND),261,90.0,,,,
2015-08-26,3. DSH STATE HOSPITALS*,201,-44.0,,,,
2015-08-26,ARIZONA,3300,-359.0,,,,
2015-08-26,MISSISSIPPI,2507,-153.0,,,,
2015-08-26,OKLAHOMA,1045,-1465.0,,,,
2015-08-26,COMMUNITY SUP(Active),42072,482.0,,,,
2015-08-26,COOP CASES (Active) #3,2238,183.0,,,,
2015-08-26,OTHER STATE/FED. INST.,739,239.0,,,,
2015-08-26,OUT OF STATE PAROLE,285,44.0,,,,
2015-08-26,OUT OF STATE PAL,15,3.0,,,,
2015-08-26,INSTITUTIONS #5,139,16.0,,,,
2015-08-26,"OUT-TO-COURT, etc.",1117,-190.0,,,,
2015-08-26,ESCAPED,197,-4.0,,,,
2015-08-26,PAROLEES (PAL/RAL),5824,941.0,,,,
2015-09-30,"(MEN, Subtotal)",116535,-4458.0,,,,
2015-09-30,"(WOMEN, Subtotal)",5506,-746.0,,,,
2015-09-30,INSTITUTIONS,111968,-4462.0,,82707.0,135.4,123192.0
2015-09-30,"CAMPS(CCC, CIW & SCC)",3732,-461.0,,4580.0,81.5,4340.0
2015-09-30,CCF PRIVATE,1926,-141.0,,,,
2015-09-30,CCF PUBLIC,1707,-64.0,,,,
2015-09-30,PRISONER MOTHER PGM,23,7.0,,,,
2015-09-30,CALIFORNIA CITY CF,2203,-37.0,,,,
2015-09-30,FCRF(MCFARLAND),281,34.0,,,,
2015-09-30,3. DSH STATE HOSPITALS*,201,-34.0,,,,
2015-09-30,ARIZONA,3063,-536.0,,,,
2015-09-30,MISSISSIPPI,2293,-341.0,,,,
2015-09-30,OKLAHOMA,767,-1751.0,,,,
2015-09-30,COMMUNITY SUP(Active),41998,1213.0,,,,
2015-09-30,COOP CASES (Active) #3,2282,247.0,,,,
2015-09-30,OTHER STATE/FED. INST.,787,292.0,,,,
2015-09-30,OUT OF STATE PAROLE,307,72.0,,,,
2015-09-30,OUT OF STATE PAL,16,5.0,,,,
2015-09-30,"OUT-TO-COURT, etc.",1055,-239.0,,,,
2015-09-30,ESCAPED,198,-2.0,,,,
2015-09-30,PAROLEES (PAL/RAL),5728,745.0,,,,
2015-10-28,"(MEN, Subtotal)",116830,-4324.0,,,,
2015-10-28,"(WOMEN, Subtotal)",5414,-863.0,,,,
2015-10-28,INSTITUTIONS,112174,-4453.0,,82707.0,135.6,123192.0
2015-10-28,"CAMPS(CCC, CIW & SCC)",3775,-371.0,,4580.0,82.4,4340.0
2015-10-28,CCF PRIVATE,1978,-87.0,,,,
2015-10-28,CCF PUBLIC,1714,-79.0,,,,
2015-10-28,PRISONER MOTHER PGM,23,2.0,,,,
2015-10-28,CALIFORNIA CITY CF,2106,-117.0,,,,
2015-10-28,FCRF(MCFARLAND),264,-12.0,,,,
2015-10-28,3. DSH STATE HOSPITALS*,210,-28.0,,,,
2015-10-28,ARIZONA,2797,-731.0,,,,
2015-10-28,MISSISSIPPI,2217,-414.0,,,,
2015-10-28,OKLAHOMA,611,-1904.0,,,,
2015-10-28,COMMUNITY SUP(Active),42093,1834.0,,,,
2015-10-28,COOP CASES (Active) #3,2174,113.0,,,,
2015-10-28,OTHER STATE/FED. INST.,817,327.0,,,,
2015-10-28,OUT OF STATE PAROLE,342,111.0,,,,
2015-10-28,OUT OF STATE PAL,18,5.0,,,,
2015-10-28,INSTITUTIONS #5,129,-6.0,,,,
2015-10-28,"OUT-TO-COURT, etc.",1109,-220.0,,,,
2015-10-28,ESCAPED,197,-4.0,,,,
2015-10-28,PAROLEES (PAL/RAL),5712,669.0,,,,
2015-11-11,"(MEN, Subtotal)",116883,-4161.0,,,,
2015-11-11,"(WOMEN, Subtotal)",5413,-865.0,,,,
2015-11-11,INSTITUTIONS,112350,-4142.0,,82707.0,135.8,123192.0
2015-11-11,"CAMPS(CCC, CIW & SCC)",3719,-448.0,,4580.0,81.2,4340.0
2015-11-11,CCF PRIVATE,1957,-110.0,,,,
2015-11-11,CCF PUBLIC,1693,-104.0,,,,
2015-11-11,CALIFORNIA CITY CF,2071,-152.0,,,,
2015-11-11,FCRF(MCFARLAND),270,-5.0,,,,
2015-11-11,3. DSH STATE HOSPITALS*,213,-27.0,,,,
2015-11-11,ARIZONA,2952,-597.0,,,,
2015-11-11,MISSISSIPPI,2495,-123.0,,,,
2015-11-11,COMMUNITY SUP(Active),42002,1874.0,,,,
2015-11-11,COOP CASES (Active) #3,2163,98.0,,,,
2015-11-11,OTHER STATE/FED. INST.,820,322.0,,,,
2015-11-11,OUT OF STATE PAROLE,344,108.0,,,,
2015-11-11,OUT OF STATE PAL,19,6.0,,,,
2015-11-11,"OUT-TO-COURT, etc.",1070,-240.0,,,,
2015-11-11,ESCAPED,197,-5.0,,,,
2015-11-11,PAROLEES (PAL/RAL),5898,837.0,,,,
2015-12-30,"(MEN, Subtotal)",117006,-2416.0,,,,
2015-12-30,"(WOMEN, Subtotal)",5443,-687.0,,,,
2015-12-30,INSTITUTIONS,112817,-2272.0,,82707.0,136.4,123142.0
2015-12-30,"CAMPS(CCC, CIW & SCC)",3651,-331.0,,4580.0,79.7,4340.0
2015-12-30,CCF PRIVATE,1918,-151.0,,,,
2015-12-30,CCF PUBLIC,1632,-110.0,,,,
2015-12-30,PRISONER MOTHER PGM,24,2.0,,,,
2015-12-30,CALIFORNIA CITY CF,1921,-208.0,,,,
2015-12-30,FCRF(MCFARLAND),240,-15.0,,,,
2015-12-30,3. DSH STATE HOSPITALS*,246,12.0,,,,
2015-12-30,ARIZONA,2880,-762.0,,,,
2015-12-30,MISSISSIPPI,2346,-336.0,,,,
2015-12-30,COMMUNITY SUP(Active),41433,903.0,,,,
2015-12-30,COOP CASES (Active) #3,2164,30.0,,,,
2015-12-30,OTHER STATE/FED. INST.,790,260.0,,,,
2015-12-30,OUT OF STATE PAROLE,452,204.0,,,,
2015-12-30,OUT OF STATE PAL,27,14.0,,,,
2015-12-30,INSTITUTIONS #5,127,-1.0,,,,
2015-12-30,"OUT-TO-COURT, etc.",1034,-91.0,,,,
2015-12-30,ESCAPED,197,-5.0,,,,
2015-12-30,PAROLEES (PAL/RAL),6163,732.0,,,,
2016-01-27,"(MEN, Subtotal)",116797,-644.0,,,,
2016-01-27,"(WOMEN, Subtotal)",5407,-592.0,,,,
2016-01-27,INSTITUTIONS,112822,-641.0,,82707.0,136.4,123183.0
2016-01-27,"CAMPS(CCC, CIW & SCC)",3565,-200.0,,4680.0,76.2,4340.0
2016-01-27,CCF PRIVATE,1872,-119.0,,,,
2016-01-27,CCF PUBLIC,1589,-102.0,,,,
2016-01-27,PRISONER MOTHER PGM,23,3.0,,,,
2016-01-27,CALIFORNIA CITY CF,1844,-185.0,,,,
2016-01-27,FCRF(MCFARLAND),235,2.0,,,,
2016-01-27,3. DSH STATE HOSPITALS*,254,35.0,,,,
2016-01-27,ARIZONA,2694,-923.0,,,,
2016-01-27,MISSISSIPPI,2394,-242.0,,,,
2016-01-27,COMMUNITY SUP(Active),41725,59.0,,,,
2016-01-27,COOP CASES (Active) #3,2132,-63.0,,,,
2016-01-27,OTHER STATE/FED. INST.,763,236.0,,,,
2016-01-27,OUT OF STATE PAROLE,454,201.0,,,,
2016-01-27,OUT OF STATE PAL,24,11.0,,,,
2016-01-27,INSTITUTIONS #5,130,1.0,,,,
2016-01-27,"OUT-TO-COURT, etc.",1154,-148.0,,,,
2016-01-27,ESCAPED,197,-4.0,,,,
2016-01-27,PAROLEES (PAL/RAL),5672,366.0,,,,
2016-02-24,"(MEN, Subtotal)",116854,461.0,,,,
2016-02-24,"(WOMEN, Subtotal)",5434,-466.0,,,,
2016-02-24,INSTITUTIONS,112927,460.0,,83499.0,135.2,123975.0
2016-02-24,"CAMPS(CCC, CIW & SCC)",3534,-298.0,,4680.0,75.5,4340.0
2016-02-24,CCF PRIVATE,1848,-103.0,,,,
2016-02-24,CCF PUBLIC,1577,-56.0,,,,
2016-02-24,PRISONER MOTHER PGM,23,6.0,,,,
2016-02-24,CALIFORNIA CITY CF,1854,-75.0,,,,
2016-02-24,FCRF(MCFARLAND),225,8.0,,,,
2016-02-24,3. DSH STATE HOSPITALS*,300,80.0,,,,
2016-02-24,ARIZONA,2631,-1071.0,,,,
2016-02-24,MISSISSIPPI,2385,-249.0,,,,
2016-02-24,COMMUNITY SUP(Active),41621,-694.0,,,,
2016-02-24,COOP CASES (Active) #3,2119,-143.0,,,,
2016-02-24,OTHER STATE/FED. INST.,352,-171.0,,,,
2016-02-24,OUT OF STATE PAROLE,477,224.0,,,,
2016-02-24,OUT OF STATE PAL,20,5.0,,,,
2016-02-24,INSTITUTIONS #5,136,9.0,,,,
2016-02-24,"OUT-TO-COURT, etc.",1170,-179.0,,,,
2016-02-24,ESCAPED,197,-2.0,,,,
2016-02-24,PAROLEES (PAL/RAL),5452,66.0,,,,
2016-03-30,"(MEN, Subtotal)",117271,1394.0,,,,
2016-03-30,"(WOMEN, Subtotal)",5461,-329.0,,,,
2016-03-30,INSTITUTIONS,113307,1591.0,,84291.0,134.4,124037.0
2016-03-30,"CAMPS(CCC, CIW & SCC)",3543,-321.0,,4680.0,75.7,4340.0
2016-03-30,CCF PRIVATE,1839,-128.0,,,,
2016-03-30,CCF PUBLIC,1640,-55.0,,,,
2016-03-30,PRISONER MOTHER PGM,23,6.0,,,,
2016-03-30,CALIFORNIA CITY CF,1866,-76.0,,,,
2016-03-30,FCRF(MCFARLAND),211,-46.0,,,,
2016-03-30,3. DSH STATE HOSPITALS*,303,94.0,,,,
2016-03-30,ARIZONA,2689,-1003.0,,,,
2016-03-30,MISSISSIPPI,2331,-218.0,,,,
2016-03-30,COMMUNITY SUP(Active),41370,-1389.0,,,,
2016-03-30,COOP CASES (Active) #3,2094,-221.0,,,,
2016-03-30,OTHER STATE/FED. INST.,349,-174.0,,,,
2016-03-30,OUT OF STATE PAROLE,487,230.0,,,,
2016-03-30,OUT OF STATE PAL,20,8.0,,,,
2016-03-30,INSTITUTIONS #5,131,2.0,,,,
2016-03-30,"OUT-TO-COURT, etc.",1120,-124.0,,,,
2016-03-30,ESCAPED,199,1.0,,,,
2016-03-30,PAROLEES (PAL/RAL),5398,-191.0,,,,
2016-04-13,"(MEN, Subtotal)",117402,1445.0,,,,
2016-04-13,"(WOMEN, Subtotal)",5743,-36.0,,,,
2016-04-13,INSTITUTIONS,113249,1576.0,,84291.0,134.4,124037.0
2016-04-13,"CAMPS(CCC, CIW & SCC)",3510,-253.0,,4680.0,75.0,4340.0
2016-04-13,CCF PRIVATE,1884,-145.0,,,,
2016-04-13,CCF PUBLIC,1654,-89.0,,,,
2016-04-13,PRISONER MOTHER PGM,23,4.0,,,,
2016-04-13,CALIFORNIA CITY CF,1842,-200.0,,,,
2016-04-13,FCRF(MCFARLAND),204,-57.0,,,,
2016-04-13,3. DSH STATE HOSPITALS*,306,100.0,,,,
2016-04-13,ARIZONA,2724,-819.0,,,,
2016-04-13,MISSISSIPPI,2287,-133.0,,,,
2016-04-13,COMMUNITY SUP(Active),41422,-1251.0,,,,
2016-04-13,COOP CASES (Active) #3,2081,-236.0,,,,
2016-04-13,OTHER STATE/FED. INST.,353,-184.0,,,,
2016-04-13,OUT OF STATE PAROLE,489,223.0,,,,
2016-04-13,OUT OF STATE PAL,19,6.0,,,,
2016-04-13,INSTITUTIONS #5,132,1.0,,,,
2016-04-13,"OUT-TO-COURT, etc.",1194,-14.0,,,,
2016-04-13,PAROLEES (PAL/RAL),5373,-446.0,,,,
2016-05-25,"(MEN, Subtotal)",117792,2002.0,,,,
2016-05-25,"(WOMEN, Subtotal)",5755,65.0,,,,
2016-05-25,INSTITUTIONS,113354,1964.0,,84291.0,134.5,124101.0
2016-05-25,"CAMPS(CCC, CIW & SCC)",3611,-32.0,,4680.0,77.2,4340.0
2016-05-25,CCF PRIVATE,2002,-39.0,,,,
2016-05-25,CCF PUBLIC,1745,-10.0,,,,
2016-05-25,PRISONER MOTHER PGM,24,7.0,,,,
2016-05-25,CALIFORNIA CITY CF,1800,-404.0,,,,
2016-05-25,FCRF(MCFARLAND),208,-23.0,,,,
2016-05-25,3. DSH STATE HOSPITALS*,304,105.0,,,,
2016-05-25,ARIZONA,2639,-829.0,,,,
2016-05-25,MISSISSIPPI,2254,123.0,,,,
2016-05-25,COMMUNITY SUP(Active),41642,-1543.0,,,,
2016-05-25,COOP CASES (Active) #3,2061,-260.0,,,,
2016-05-25,OTHER STATE/FED. INST.,349,-227.0,,,,
2016-05-25,OUT OF STATE PAROLE,497,231.0,,,,
2016-05-25,OUT OF STATE PAL,19,5.0,,,,
2016-05-25,INSTITUTIONS #5,135,-5.0,,,,
2016-05-25,"OUT-TO-COURT, etc.",1184,22.0,,,,
2016-05-25,ESCAPED,197,-1.0,,,,
2016-05-25,PAROLEES (PAL/RAL),5280,-487.0,,,,
2016-06-29,"(MEN, Subtotal)",117976,2140.0,,,,
2016-06-29,"(WOMEN, Subtotal)",5769,131.0,,,,
2016-06-29,INSTITUTIONS,113561,2312.0,,84291.0,134.7,124889.0
2016-06-29,"CAMPS(CCC, CIW & SCC)",3643,-96.0,,4680.0,77.8,4340.0
2016-06-29,CCF PRIVATE,1985,42.0,,,,
2016-06-29,CCF PUBLIC,1737,-1.0,,,,
2016-06-29,PRISONER MOTHER PGM,24,4.0,,,,
2016-06-29,CALIFORNIA CITY CF,1790,-555.0,,,,
2016-06-29,FCRF(MCFARLAND),226,-6.0,,,,
2016-06-29,3. DSH STATE HOSPITALS*,273,65.0,,,,
2016-06-29,ARIZONA,2694,-617.0,,,,
2016-06-29,MISSISSIPPI,2181,-410.0,,,,
2016-06-29,COMMUNITY SUP(Active),41820,-1267.0,,,,
2016-06-29,COOP CASES (Active) #3,2030,-301.0,,,,
2016-06-29,OTHER STATE/FED. INST.,347,-272.0,,,,
2016-06-29,OUT OF STATE PAROLE,495,218.0,,,,
2016-06-29,OUT OF STATE PAL,20,4.0,,,,
2016-06-29,"OUT-TO-COURT, etc.",1154,4.0,,,,
2016-06-29,ESCAPED,197,-1.0,,,,
2016-06-29,PAROLEES (PAL/RAL),5162,-658.0,,,,
2016-07-27,"(MEN, Subtotal)",117973,1926.0,,,,
2016-07-27,"(WOMEN, Subtotal)",5781,221.0,,,,
2016-07-27,INSTITUTIONS,113484,2036.0,,84291.0,134.6,124764.0
2016-07-27,"CAMPS(CCC, CIW & SCC)",3628,-135.0,,4680.0,77.5,4340.0
2016-07-27,CCF PRIVATE,1979,58.0,,,,
2016-07-27,CCF PUBLIC,1754,-20.0,,,,
2016-07-27,PRISONER MOTHER PGM,23,7.0,,,,
2016-07-27,CALIFORNIA CITY CF,1829,-426.0,,,,
2016-07-27,FCRF(MCFARLAND),284,60.0,,,,
2016-07-27,3. DSH STATE HOSPITALS*,254,48.0,,,,
2016-07-27,ARIZONA,2722,-418.0,,,,
2016-07-27,MISSISSIPPI,2129,-478.0,,,,
2016-07-27,COMMUNITY SUP(Active),41591,-1082.0,,,,
2016-07-27,COOP CASES (Active) #3,2029,-268.0,,,,
2016-07-27,OTHER STATE/FED. INST.,343,-319.0,,,,
2016-07-27,OUT OF STATE PAROLE,507,232.0,,,,
2016-07-27,OUT OF STATE PAL,16,1.0,,,,
2016-07-27,INSTITUTIONS #5,143,-1.0,,,,
2016-07-27,"OUT-TO-COURT, etc.",1164,25.0,,,,
2016-07-27,PAROLEES (PAL/RAL),5254,-584.0,,,,
2016-08-31,"(MEN, Subtotal)",118255,2056.0,,,,
2016-08-31,"(WOMEN, Subtotal)",5825,291.0,,,,
2016-08-31,INSTITUTIONS,113735,2177.0,,84291.0,134.9,123293.0
2016-08-31,"CAMPS(CCC, CIW & SCC)",3630,-191.0,,4680.0,77.6,4340.0
2016-08-31,CCF PRIVATE,1951,52.0,,,,
2016-08-31,CCF PUBLIC,1736,19.0,,,,
2016-08-31,PRISONER MOTHER PGM,23,3.0,,,,
2016-08-31,CALIFORNIA CITY CF,1894,-348.0,,,,
2016-08-31,FCRF(MCFARLAND),284,12.0,,,,
2016-08-31,3. DSH STATE HOSPITALS*,258,54.0,,,,
2016-08-31,ARIZONA,2753,-448.0,,,,
2016-08-31,MISSISSIPPI,2031,-430.0,,,,
2016-08-31,COMMUNITY SUP(Active),41616,-393.0,,,,
2016-08-31,COOP CASES (Active) #3,2027,-213.0,,,,
2016-08-31,OTHER STATE/FED. INST.,337,-423.0,,,,
2016-08-31,OUT OF STATE PAROLE,518,229.0,,,,
2016-08-31,OUT OF STATE PAL,16,1.0,,,,
2016-08-31,INSTITUTIONS #5,143,5.0,,,,
2016-08-31,"OUT-TO-COURT, etc.",1209,104.0,,,,
2016-08-31,PAROLEES (PAL/RAL),5167,-723.0,,,,
2016-09-28,"(MEN, Subtotal)",118348,1813.0,,,,
2016-09-28,"(WOMEN, Subtotal)",5821,315.0,,,,
2016-09-28,INSTITUTIONS,113709,1741.0,,84291.0,134.9,123297.0
2016-09-28,"CAMPS(CCC, CIW & SCC)",3569,-163.0,,4680.0,76.3,4340.0
2016-09-28,CCF PRIVATE,1995,69.0,,,,
2016-09-28,CCF PUBLIC,1749,42.0,,,,
2016-09-28,CALIFORNIA CITY CF,1947,-256.0,,,,
2016-09-28,FCRF(MCFARLAND),271,-10.0,,,,
2016-09-28,3. DSH STATE HOSPITALS*,248,47.0,,,,
2016-09-28,ARIZONA,2733,-330.0,,,,
2016-09-28,MISSISSIPPI,2051,-242.0,,,,
2016-09-28,COMMUNITY SUP(Active),41685,-313.0,,,,
2016-09-28,COOP CASES (Active) #3,2000,-282.0,,,,
2016-09-28,OTHER STATE/FED. INST.,337,-450.0,,,,
2016-09-28,OUT OF STATE PAROLE,507,200.0,,,,
2016-09-28,INSTITUTIONS #5,136,11.0,,,,
2016-09-28,"OUT-TO-COURT, etc.",1191,136.0,,,,
2016-09-28,ESCAPED,196,-2.0,,,,
2016-09-28,PAROLEES (PAL/RAL),5172,-556.0,,,,
2016-10-26,"(MEN, Subtotal)",118595,1765.0,,,,
2016-10-26,"(WOMEN, Subtotal)",5839,425.0,,,,
2016-10-26,INSTITUTIONS,113779,1605.0,,84291.0,135.0,122304.0
2016-10-26,"CAMPS(CCC, CIW & SCC)",3529,-246.0,,4680.0,75.4,4340.0
2016-10-26,CCF PRIVATE,1997,19.0,,,,
2016-10-26,CCF PUBLIC,1751,37.0,,,,
2016-10-26,CALIFORNIA CITY CF,2079,-27.0,,,,
2016-10-26,FCRF(MCFARLAND),280,16.0,,,,
2016-10-26,3. DSH STATE HOSPITALS*,279,69.0,,,,
2016-10-26,ARIZONA,2704,-93.0,,,,
2016-10-26,MISSISSIPPI,2075,-142.0,,,,
2016-10-26,COMMUNITY SUP(Active),41822,-271.0,,,,
2016-10-26,COOP CASES (Active) #3,1983,-191.0,,,,
2016-10-26,OTHER STATE/FED. INST.,340,-477.0,,,,
2016-10-26,OUT OF STATE PAROLE,527,185.0,,,,
2016-10-26,OUT OF STATE PAL,16,-2.0,,,,
2016-10-26,INSTITUTIONS #5,134,5.0,,,,
2016-10-26,"OUT-TO-COURT, etc.",1214,105.0,,,,
2016-10-26,ESCAPED,196,-1.0,,,,
2016-10-26,PAROLEES (PAL/RAL),5172,-540.0,,,,
2016-11-30,"(MEN, Subtotal)",118628,1782.0,,,,
2016-11-30,"(WOMEN, Subtotal)",5856,447.0,,,,
2016-11-30,INSTITUTIONS,113875,1423.0,,84291.0,135.1,122337.0
2016-11-30,"CAMPS(CCC, CIW & SCC)",3444,-229.0,,4680.0,73.6,4340.0
2016-11-30,CCF PRIVATE,1989,37.0,,,,
2016-11-30,CCF PUBLIC,1696,34.0,,,,
2016-11-30,PRISONER MOTHER PGM,24,2.0,,,,
2016-11-30,CALIFORNIA CITY CF,2157,153.0,,,,
2016-11-30,FCRF(MCFARLAND),278,12.0,,,,
2016-11-30,3. DSH STATE HOSPITALS*,276,52.0,,,,
2016-11-30,ARIZONA,2588,-284.0,,,,
2016-11-30,MISSISSIPPI,2115,-265.0,,,,
2016-11-30,COMMUNITY SUP(Active),41885,-139.0,,,,
2016-11-30,COOP CASES (Active) #3,1974,-207.0,,,,
2016-11-30,OTHER STATE/FED. INST.,340,-461.0,,,,
2016-11-30,OUT OF STATE PAROLE,542,191.0,,,,
2016-11-30,OUT OF STATE PAL,13,-9.0,,,,
2016-11-30,INSTITUTIONS #5,132,4.0,,,,
2016-11-30,"OUT-TO-COURT, etc.",1146,-3.0,,,,
2016-11-30,ESCAPED,196,-1.0,,,,
2016-11-30,PAROLEES (PAL/RAL),5120,-824.0,,,,
2016-12-28,"(MEN, Subtotal)",118863,1857.0,,,,
2016-12-28,"(WOMEN, Subtotal)",5889,446.0,,,,
2016-12-28,INSTITUTIONS,114116,1299.0,,85083.0,134.1,122511.0
2016-12-28,"CAMPS(CCC, CIW & SCC)",3497,-154.0,,4680.0,74.7,4340.0
2016-12-28,CCF PRIVATE,1989,71.0,,,,
2016-12-28,CCF PUBLIC,1664,32.0,,,,
2016-12-28,PRISONER MOTHER PGM,22,-2.0,,,,
2016-12-28,CALIFORNIA CITY CF,2150,229.0,,,,
2016-12-28,FCRF(MCFARLAND),268,28.0,,,,
2016-12-28,3. DSH STATE HOSPITALS*,269,23.0,,,,
2016-12-28,ARIZONA,2581,-299.0,,,,
2016-12-28,MISSISSIPPI,2122,-224.0,,,,
2016-12-28,COMMUNITY SUP(Active),42144,711.0,,,,
2016-12-28,COOP CASES (Active) #3,1966,-198.0,,,,
2016-12-28,OTHER STATE/FED. INST.,337,-453.0,,,,
2016-12-28,OUT OF STATE PAROLE,547,95.0,,,,
2016-12-28,OUT OF STATE PAL,12,-15.0,,,,
2016-12-28,INSTITUTIONS #5,135,8.0,,,,
2016-12-28,"OUT-TO-COURT, etc.",1068,34.0,,,,
2016-12-28,PAROLEES (PAL/RAL),4960,-1203.0,,,,
2017-01-25,"(MEN, Subtotal)",118504,1707.0,,,,
2017-01-25,"(WOMEN, Subtotal)",5849,442.0,,,,
2017-01-25,INSTITUTIONS,113739,917.0,,85083.0,133.7,122439.0
2017-01-25,"CAMPS(CCC, CIW & SCC)",3479,-86.0,,4680.0,74.3,4340.0
2017-01-25,CCF PRIVATE,2000,128.0,,,,
2017-01-25,CCF PUBLIC,1612,23.0,,,,
2017-01-25,PRISONER MOTHER PGM,20,-3.0,,,,
2017-01-25,CALIFORNIA CITY CF,2159,315.0,,,,
2017-01-25,FCRF(MCFARLAND),250,15.0,,,,
2017-01-25,3. DSH STATE HOSPITALS*,271,17.0,,,,
2017-01-25,ARIZONA,2613,-81.0,,,,
2017-01-25,MISSISSIPPI,2127,-267.0,,,,
2017-01-25,COMMUNITY SUP(Active),42534,809.0,,,,
2017-01-25,COOP CASES (Active) #3,1967,-165.0,,,,
2017-01-25,OTHER STATE/FED. INST.,339,-424.0,,,,
2017-01-25,OUT OF STATE PAROLE,547,93.0,,,,
2017-01-25,OUT OF STATE PAL,13,-11.0,,,,
2017-01-25,INSTITUTIONS #5,127,-3.0,,,,
2017-01-25,"OUT-TO-COURT, etc.",1096,-58.0,,,,
2017-01-25,ESCAPED,196,-1.0,,,,
2017-01-25,PAROLEES (PAL/RAL),4747,-925.0,,,,
2017-02-22,"(MEN, Subtotal)",118943,2089.0,,,,
2017-02-22,"(WOMEN, Subtotal)",5877,443.0,,,,
2017-02-22,INSTITUTIONS,114056,1129.0,,85083.0,134.1,122413.0
2017-02-22,"CAMPS(CCC, CIW & SCC)",3549,15.0,,4680.0,75.8,4340.0
2017-02-22,CCF PRIVATE,1958,110.0,,,,
2017-02-22,CCF PUBLIC,1639,62.0,,,,
2017-02-22,PRISONER MOTHER PGM,21,-2.0,,,,
2017-02-22,CALIFORNIA CITY CF,2179,325.0,,,,
2017-02-22,FCRF(MCFARLAND),254,29.0,,,,
2017-02-22,3. DSH STATE HOSPITALS*,272,-28.0,,,,
2017-02-22,ACP,145,105.0,,,,
2017-02-22,CCTRP,294,60.0,,,,
2017-02-22,MCRP,429,292.0,,,,
2017-02-22,MEDICAL PAROLE,24,-4.0,,,,
2017-02-22,ARIZONA,2500,-131.0,,,,
2017-02-22,MISSISSIPPI,2036,-349.0,,,,
2017-02-22,COMMUNITY SUP(Active),43050,1429.0,,,,
2017-02-22,COOP CASES (Active) #3,1953,-166.0,,,,
2017-02-22,OTHER STATE/FED. INST.,337,-15.0,,,,
2017-02-22,OUT OF STATE PAROLE,538,61.0,,,,
2017-02-22,OUT OF STATE PAL,15,-5.0,,,,
2017-02-22,INSTITUTIONS #5,117,-19.0,,,,
2017-02-22,"OUT-TO-COURT, etc.",1165,-5.0,,,,
2017-02-22,ESCAPED,196,-1.0,,,,
2017-02-22,PAROLEES (PAL/RAL),4395,-1057.0,,,,
2017-03-29,"(MEN, Subtotal)",119800,2529.0,,,,
2017-03-29,"(WOMEN, Subtotal)",5892,431.0,,,,
2017-03-29,INSTITUTIONS,114895,1588.0,,85083.0,135.0,121570.0
2017-03-29,"CAMPS(CCC, CIW & SCC)",3474,-69.0,,4680.0,74.2,4340.0
2017-03-29,CCF PRIVATE,1931,92.0,,,,
2017-03-29,CCF PUBLIC,1648,8.0,,,,
2017-03-29,CALIFORNIA CITY CF,2252,386.0,,,,
2017-03-29,FCRF(MCFARLAND),267,56.0,,,,
2017-03-29,3. DSH STATE HOSPITALS*,265,-38.0,,,,
2017-03-29,ACP,163,128.0,,,,
2017-03-29,CCTRP,305,71.0,,,,
2017-03-29,MCRP,445,288.0,,,,
2017-03-29,MEDICAL PAROLE,24,-3.0,,,,
2017-03-29,ARIZONA,2481,-208.0,,,,
2017-03-29,MISSISSIPPI,1714,-617.0,,,,
2017-03-29,COMMUNITY SUP(Active),43296,1926.0,,,,
2017-03-29,COOP CASES (Active) #3,1955,-139.0,,,,
2017-03-29,OTHER STATE/FED. INST.,342,-7.0,,,,
2017-03-29,OUT OF STATE PAROLE,558,71.0,,,,
2017-03-29,OUT OF STATE PAL,16,-4.0,,,,
2017-03-29,INSTITUTIONS #5,117,-14.0,,,,
2017-03-29,"OUT-TO-COURT, etc.",1159,39.0,,,,
2017-03-29,ESCAPED,196,-3.0,,,,
2017-03-29,PAROLEES (PAL/RAL),4185,-1213.0,,,,
2017-04-26,"(MEN, Subtotal)",120087,2474.0,,,,
2017-04-26,"(WOMEN, Subtotal)",5860,104.0,,,,
2017-04-26,INSTITUTIONS,114719,1388.0,,85083.0,134.8,117904.0
2017-04-26,"CAMPS(CCC, CIW & SCC)",3565,31.0,,4680.0,76.2,4334.0
2017-04-26,CCF PRIVATE,2032,107.0,,,,
2017-04-26,CCF PUBLIC,1756,34.0,,,,
2017-04-26,PRISONER MOTHER PGM,23,1.0,,,,
2017-04-26,CALIFORNIA CITY CF,2363,535.0,,,,
2017-04-26,FCRF(MCFARLAND),259,53.0,,,,
2017-04-26,3. DSH STATE HOSPITALS*,245,-62.0,,,,
2017-04-26,ACP,165,127.0,,,,
2017-04-26,CCTRP,310,51.0,,,,
2017-04-26,MCRP,484,313.0,,,,
2017-04-26,ARIZONA,2985,321.0,,,,
2017-04-26,MISSISSIPPI,1262,-946.0,,,,
2017-04-26,COMMUNITY SUP(Active),43505,1940.0,,,,
2017-04-26,COOP CASES (Active) #3,1936,-144.0,,,,
2017-04-26,OTHER STATE/FED. INST.,342,-13.0,,,,
2017-04-26,OUT OF STATE PAROLE,562,74.0,,,,
2017-04-26,OUT OF STATE PAL,17,-1.0,,,,
2017-04-26,INSTITUTIONS #5,107,-26.0,,,,
2017-04-26,"OUT-TO-COURT, etc.",1175,-83.0,,,,
2017-04-26,ESCAPED,196,-1.0,,,,
2017-04-26,PAROLEES (PAL/RAL),3922,-1361.0,,,,
2017-05-31,"(MEN, Subtotal)",120427,2634.0,,,,
2017-05-31,"(WOMEN, Subtotal)",5923,204.0,,,,
2017-05-31,INSTITUTIONS,115077,1759.0,,85083.0,135.3,117019.0
2017-05-31,"CAMPS(CCC, CIW & SCC)",3684,64.0,,4680.0,78.7,4334.0
2017-05-31,CCF PRIVATE,2053,67.0,,,,
2017-05-31,CCF PUBLIC,1768,21.0,,,,
2017-05-31,PRISONER MOTHER PGM,23,-1.0,,,,
2017-05-31,CALIFORNIA CITY CF,2304,498.0,,,,
2017-05-31,FCRF(MCFARLAND),240,26.0,,,,
2017-05-31,3. DSH STATE HOSPITALS*,218,-77.0,,,,
2017-05-31,ACP,174,135.0,,,,
2017-05-31,CCTRP,321,57.0,,,,
2017-05-31,MCRP,463,290.0,,,,
2017-05-31,MEDICAL PAROLE,25,-1.0,,,,
2017-05-31,ARIZONA,3086,480.0,,,,
2017-05-31,MISSISSIPPI,1263,-971.0,,,,
2017-05-31,COMMUNITY SUP(Active),43588,1814.0,,,,
2017-05-31,COOP CASES (Active) #3,1948,-118.0,,,,
2017-05-31,OTHER STATE/FED. INST.,338,-11.0,,,,
2017-05-31,OUT OF STATE PAROLE,573,72.0,,,,
2017-05-31,OUT OF STATE PAL,16,-1.0,,,,
2017-05-31,INSTITUTIONS #5,101,-36.0,,,,
2017-05-31,"OUT-TO-COURT, etc.",1170,-35.0,,,,
2017-05-31,ESCAPED,196,-2.0,,,,
2017-05-31,PAROLEES (PAL/RAL),3831,-1384.0,,,,
2017-06-28,"(MEN, Subtotal)",120780,2804.0,,,,
2017-06-28,"(WOMEN, Subtotal)",5974,205.0,,,,
2017-06-28,INSTITUTIONS,115158,1597.0,,85083.0,135.3,117091.0
2017-06-28,"CAMPS(CCC, CIW & SCC)",3862,219.0,,4680.0,82.5,4334.0
2017-06-28,CCF PRIVATE,2063,78.0,,,,
2017-06-28,CCF PUBLIC,1782,45.0,,,,
2017-06-28,PRISONER MOTHER PGM,20,-4.0,,,,
2017-06-28,CALIFORNIA CITY CF,2374,584.0,,,,
2017-06-28,FCRF(MCFARLAND),264,38.0,,,,
2017-06-28,3. DSH STATE HOSPITALS*,222,-51.0,,,,
2017-06-28,ACP,179,139.0,,,,
2017-06-28,CCTRP,317,43.0,,,,
2017-06-28,MCRP,488,321.0,,,,
2017-06-28,ARIZONA,3140,446.0,,,,
2017-06-28,MISSISSIPPI,1272,-909.0,,,,
2017-06-28,COMMUNITY SUP(Active),43314,1494.0,,,,
2017-06-28,COOP CASES (Active) #3,1953,-77.0,,,,
2017-06-28,OTHER STATE/FED. INST.,337,-10.0,,,,
2017-06-28,OUT OF STATE PAROLE,568,73.0,,,,
2017-06-28,OUT OF STATE PAL,19,-1.0,,,,
2017-06-28,INSTITUTIONS #5,96,-46.0,,,,
2017-06-28,"OUT-TO-COURT, etc.",1115,-39.0,,,,
2017-06-28,ESCAPED,196,-1.0,,,,
2017-06-28,PAROLEES (PAL/RAL),3981,-1181.0,,,,
2017-07-26,"(MEN, Subtotal)",120730,2757.0,,,,
2017-07-26,"(WOMEN, Subtotal)",5943,162.0,,,,
2017-07-26,INSTITUTIONS,115067,1583.0,,85083.0,135.2,117875.0
2017-07-26,"CAMPS(CCC, CIW & SCC)",3819,191.0,,4680.0,81.6,4334.0
2017-07-26,CCF PRIVATE,2081,102.0,,,,
2017-07-26,CCF PUBLIC,1778,24.0,,,,
2017-07-26,PRISONER MOTHER PGM,22,-1.0,,,,
2017-07-26,CALIFORNIA CITY CF,2405,576.0,,,,
2017-07-26,3. DSH STATE HOSPITALS*,225,-29.0,,,,
2017-07-26,ACP,170,123.0,,,,
2017-07-26,CCTRP,307,35.0,,,,
2017-07-26,MCRP,489,314.0,,,,
2017-07-26,MEDICAL PAROLE,26,1.0,,,,
2017-07-26,ARIZONA,3138,416.0,,,,
2017-07-26,MISSISSIPPI,1263,-866.0,,,,
2017-07-26,COMMUNITY SUP(Active),43568,1977.0,,,,
2017-07-26,COOP CASES (Active) #3,1955,-74.0,,,,
2017-07-26,OTHER STATE/FED. INST.,339,-4.0,,,,
2017-07-26,OUT OF STATE PAROLE,584,77.0,,,,
2017-07-26,OUT OF STATE PAL,15,-1.0,,,,
2017-07-26,INSTITUTIONS #5,92,-51.0,,,,
2017-07-26,"OUT-TO-COURT, etc.",1131,-33.0,,,,
2017-07-26,ESCAPED,196,-1.0,,,,
2017-07-26,PAROLEES (PAL/RAL),3897,-1357.0,,,,
2017-08-30,"(MEN, Subtotal)",120984,2729.0,,,,
2017-08-30,"(WOMEN, Subtotal)",5996,171.0,,,,
2017-08-30,INSTITUTIONS,115344,1609.0,,85083.0,135.6,117873.0
2017-08-30,"CAMPS(CCC, CIW & SCC)",3725,95.0,,4680.0,79.6,4334.0
2017-08-30,CCF PRIVATE,2071,120.0,,,,
2017-08-30,CCF PUBLIC,1768,32.0,,,,
2017-08-30,PRISONER MOTHER PGM,22,-1.0,,,,
2017-08-30,CALIFORNIA CITY CF,2449,555.0,,,,
2017-08-30,FCRF(MCFARLAND),286,2.0,,,,
2017-08-30,3. DSH STATE HOSPITALS*,272,14.0,,,,
2017-08-30,ACP,166,99.0,,,,
2017-08-30,CCTRP,311,38.0,,,,
2017-08-30,MCRP,540,336.0,,,,
2017-08-30,MEDICAL PAROLE,26,1.0,,,,
2017-08-30,ARIZONA,3141,388.0,,,,
2017-08-30,MISSISSIPPI,1255,-776.0,,,,
2017-08-30,COMMUNITY SUP(Active),43392,1776.0,,,,
2017-08-30,COOP CASES (Active) #3,1954,-73.0,,,,
2017-08-30,OTHER STATE/FED. INST.,341,4.0,,,,
2017-08-30,OUT OF STATE PAROLE,602,84.0,,,,
2017-08-30,OUT OF STATE PAL,19,3.0,,,,
2017-08-30,INSTITUTIONS #5,83,-60.0,,,,
2017-08-30,"OUT-TO-COURT, etc.",1175,-34.0,,,,
2017-08-30,ESCAPED,196,-1.0,,,,
2017-08-30,PAROLEES (PAL/RAL),4031,-1136.0,,,,
2017-09-27,"(MEN, Subtotal)",121228,2880.0,,,,
2017-09-27,"(WOMEN, Subtotal)",5955,134.0,,,,
2017-09-27,INSTITUTIONS,115572,1863.0,,85083.0,135.8,117105.0
2017-09-27,"CAMPS(CCC, CIW & SCC)",3637,68.0,,4680.0,77.7,4334.0
2017-09-27,CCF PRIVATE,2099,104.0,,,,
2017-09-27,CCF PUBLIC,1782,33.0,,,,
2017-09-27,PRISONER MOTHER PGM,20,-3.0,,,,
2017-09-27,CALIFORNIA CITY CF,2440,493.0,,,,
2017-09-27,FCRF(MCFARLAND),290,19.0,,,,
2017-09-27,3. DSH STATE HOSPITALS,279,31.0,,,,
2017-09-27,ACP,154,72.0,,,,
2017-09-27,CCTRP,312,31.0,,,,
2017-09-27,MCRP,572,304.0,,,,
2017-09-27,MEDICAL PAROLE,26,-1.0,,,,
2017-09-27,ARIZONA,3120,387.0,,,,
2017-09-27,MISSISSIPPI,1260,-791.0,,,,
2017-09-27,COMMUNITY SUP(Active),43446,1761.0,,,,
2017-09-27,COOP CASES (Active) #3,1983,-17.0,,,,
2017-09-27,OTHER STATE/FED. INST.,342,5.0,,,,
2017-09-27,OUT OF STATE PAROLE,602,95.0,,,,
2017-09-27,INSTITUTIONS #5,77,-59.0,,,,
2017-09-27,"OUT-TO-COURT, etc.",1211,20.0,,,,
2017-09-27,ESCAPED,197,1.0,,,,
2017-09-27,PAROLEES (PAL/RAL),4100,-1072.0,,,,
2017-10-25,"(MEN, Subtotal)",120669,2074.0,,,,
2017-10-25,"(WOMEN, Subtotal)",5909,70.0,,,,
2017-10-25,INSTITUTIONS,115145,1366.0,,85083.0,135.3,117105.0
2017-10-25,"CAMPS(CCC, CIW & SCC)",3528,-1.0,,4680.0,75.4,4334.0
2017-10-25,CCF PRIVATE,2072,75.0,,,,
2017-10-25,CCF PUBLIC,1736,-15.0,,,,
2017-10-25,CALIFORNIA CITY CF,2426,347.0,,,,
2017-10-25,FCRF(MCFARLAND),275,-5.0,,,,
2017-10-25,3. DSH STATE HOSPITALS,295,16.0,,,,
2017-10-25,ACP,147,57.0,,,,
2017-10-25,CCTRP,319,47.0,,,,
2017-10-25,MCRP,584,257.0,,,,
2017-10-25,ARIZONA,3111,407.0,,,,
2017-10-25,MISSISSIPPI,1251,-824.0,,,,
2017-10-25,COMMUNITY SUP(Active),43806,1984.0,,,,
2017-10-25,COOP CASES (Active) #3,1994,11.0,,,,
2017-10-25,OTHER STATE/FED. INST.,333,-7.0,,,,
2017-10-25,OUT OF STATE PAROLE,606,79.0,,,,
2017-10-25,OUT OF STATE PAL,17,1.0,,,,
2017-10-25,INSTITUTIONS #5,75,-59.0,,,,
2017-10-25,"OUT-TO-COURT, etc.",1218,4.0,,,,
2017-10-25,ESCAPED,200,4.0,,,,
2017-10-25,PAROLEES (PAL/RAL),4261,-911.0,,,,
2017-11-29,"(MEN, Subtotal)",120450,1822.0,,,,
2017-11-29,"(WOMEN, Subtotal)",5855,-1.0,,,,
2017-11-29,INSTITUTIONS,114908,1033.0,,85083.0,135.1,117050.0
2017-11-29,"CAMPS(CCC, CIW & SCC)",3485,41.0,,4680.0,74.5,4334.0
2017-11-29,CCF PRIVATE,2042,53.0,,,,
2017-11-29,CCF PUBLIC,1756,60.0,,,,
2017-11-29,PRISONER MOTHER PGM,23,-1.0,,,,
2017-11-29,CALIFORNIA CITY CF,2480,323.0,,,,
2017-11-29,FCRF(MCFARLAND),262,-16.0,,,,
2017-11-29,3. DSH STATE HOSPITALS,279,3.0,,,,
2017-11-29,ACP,146,61.0,,,,
2017-11-29,CCTRP,316,42.0,,,,
2017-11-29,MCRP,580,219.0,,,,
2017-11-29,MEDICAL PAROLE,28,3.0,,,,
2017-11-29,ARIZONA,3101,513.0,,,,
2017-11-29,MISSISSIPPI,1256,-859.0,,,,
2017-11-29,COMMUNITY SUP(Active),44050,2165.0,,,,
2017-11-29,COOP CASES (Active) #3,1985,11.0,,,,
2017-11-29,OTHER STATE/FED. INST.,332,-8.0,,,,
2017-11-29,OUT OF STATE PAROLE,620,78.0,,,,
2017-11-29,OUT OF STATE PAL,16,3.0,,,,
2017-11-29,INSTITUTIONS #5,73,-59.0,,,,
2017-11-29,"OUT-TO-COURT, etc.",1183,37.0,,,,
2017-11-29,ESCAPED,197,1.0,,,,
2017-11-29,PAROLEES (PAL/RAL),4274,-846.0,,,,
2017-12-27,"(MEN, Subtotal)",120284,1421.0,,,,
2017-12-27,"(WOMEN, Subtotal)",5842,-47.0,,,,
2017-12-27,INSTITUTIONS,114710,594.0,,85083.0,134.8,117092.0
2017-12-27,"CAMPS(CCC, CIW & SCC)",3522,25.0,,4680.0,75.3,4334.0
2017-12-27,CCF PRIVATE,2056,67.0,,,,
2017-12-27,CCF PUBLIC,1759,95.0,,,,
2017-12-27,CALIFORNIA CITY CF,2441,291.0,,,,
2017-12-27,3. DSH STATE HOSPITALS,267,-2.0,,,,
2017-12-27,ACP,142,50.0,,,,
2017-12-27,CCTRP,311,40.0,,,,
2017-12-27,MCRP,599,208.0,,,,
2017-12-27,MEDICAL PAROLE,29,6.0,,,,
2017-12-27,ARIZONA,3062,481.0,,,,
2017-12-27,MISSISSIPPI,1248,-874.0,,,,
2017-12-27,COMMUNITY SUP(Active),44166,2022.0,,,,
2017-12-27,COOP CASES (Active) #3,1965,-1.0,,,,
2017-12-27,OTHER STATE/FED. INST.,329,-8.0,,,,
2017-12-27,OUT OF STATE PAROLE,624,77.0,,,,
2017-12-27,OUT OF STATE PAL,14,2.0,,,,
2017-12-27,INSTITUTIONS #5,69,-66.0,,,,
2017-12-27,"OUT-TO-COURT, etc.",1086,18.0,,,,
2017-12-27,ESCAPED,198,1.0,,,,
2017-12-27,PAROLEES (PAL/RAL),4365,-595.0,,,,
2018-01-31,I. In-State,125292,-50.0,809.0,,,
2018-01-31,"(Men, Subtotal)",119497,-29.0,896.0,,,
2018-01-31,"(Women, Subtotal)",5795,-21.0,-87.0,,,
2018-01-31,1. Institution/Camps,117427,-84.0,87.0,89763.0,130.8,122152.0
2018-01-31,Institutions,113920,-76.0,70.0,85083.0,133.9,117818.0
2018-01-31,"Camps(CCC, CIW, and SCC)",3507,-8.0,17.0,4680.0,74.9,4334.0
2018-01-31,2. In-State Contract Beds,6514,27.0,484.0,,,
2018-01-31,Private Community Correctional Facilities,2066,6.0,77.0,,,
2018-01-31,Public Community Correctional Facilities,1773,28.0,162.0,,,
2018-01-31,Community Prisoner Mother Program,22,0.0,2.0,,,
2018-01-31,California City Correctional Facility,2401,-8.0,246.0,,,
2018-01-31,"Female Community ReEntry Facility, McFarland",252,1.0,-3.0,,,
2018-01-31,3. Department of State Hospitals,250,0.0,-23.0,,,
2018-01-31,4. CRPP Supervision,1101,7.0,261.0,,,
2018-01-31,Alternative Custody Program,128,2.0,-7.0,,,
2018-01-31,Custody to Community Treatment Reentry Program,316,0.0,45.0,,,
2018-01-31,Male Community Reentry Program,627,5.0,216.0,,,
2018-01-31,Medical Parole,30,0.0,7.0,,,
2018-01-31,II. California Out-of-State Correctional Facility,4265,-16.0,-456.0,,,
2018-01-31,Arizona,3016,-2.0,409.0,,,
2018-01-31,Mississippi,1249,-14.0,-865.0,,,
2018-01-31,B. Parole,46413,76.0,1754.0,,,
2018-01-31,Community Supervision,44465,86.0,1775.0,,,
2018-01-31,Interstate Cooperative Case,1948,-10.0,-21.0,,,
2018-01-31,C. Non-CDCR Jurisdiction,1028,2.0,6.0,,,
2018-01-31,Out of State Parole,624,0.0,79.0,,,
2018-01-31,Out of State Parolee at Large,15,1.0,1.0,,,
2018-01-31,DJJ-W&IC 1731.5(c) Institutions,65,-1.0,-60.0,,,
2018-01-31,D. Other Populations,5765,-20.0,-141.0,,,
2018-01-31,Temporary Release to Court and Hospital,1189,3.0,79.0,,,
2018-01-31,Escaped,197,0.0,1.0,,,
2018-01-31,Parolee at Large,4379,-23.0,-221.0,,,
2018-01-31,Total CDCR Population,182763,-8.0,1972.0,,,
2018-02-28,I. In-State,125258,65.0,245.0,,,
2018-02-28,"(Men, Subtotal)",119444,59.0,292.0,,,
2018-02-28,"(Women, Subtotal)",5814,6.0,-47.0,,,
2018-02-28,1. Institution/Camps,117463,53.0,-288.0,89763.0,130.9,122216.0
2018-02-28,Institutions,113975,63.0,-217.0,85083.0,134.0,117882.0
2018-02-28,"Camps(CCC, CIW, and SCC)",3488,-10.0,-71.0,4680.0,74.5,4334.0
2018-02-28,2. In-State Contract Beds,6423,6.0,352.0,,,
2018-02-28,Private Community Correctional Facilities,2073,1.0,130.0,,,
2018-02-28,Public Community Correctional Facilities,1775,-4.0,111.0,,,
2018-02-28,Community Prisoner Mother Program,21,-1.0,-2.0,,,
2018-02-28,California City Correctional Facility,2297,-7.0,113.0,,,
2018-02-28,"Female Community ReEntry Facility, McFarland",257,17.0,0.0,,,
2018-02-28,3. Department of State Hospitals,268,14.0,-6.0,,,
2018-02-28,4. CRPP Supervision,1104,-8.0,187.0,,,
2018-02-28,Alternative Custody Program,123,-2.0,-34.0,,,
2018-02-28,Custody to Community Treatment Reentry Program,335,3.0,38.0,,,
2018-02-28,Male Community Reentry Program,615,-9.0,176.0,,,
2018-02-28,Medical Parole,31,0.0,7.0,,,
2018-02-28,II. California Out-of-State Correctional Facility,4145,-93.0,-249.0,,,
2018-02-28,Arizona,3090,-57.0,671.0,,,
2018-02-28,Mississippi,1055,-36.0,-920.0,,,
2018-02-28,B. Parole,46463,-100.0,1339.0,,,
2018-02-28,Community Supervision,44522,-99.0,1351.0,,,
2018-02-28,Interstate Cooperative Case,1941,-1.0,-12.0,,,
2018-02-28,C. Non-CDCR Jurisdiction,1030,-3.0,19.0,,,
2018-02-28,Out of State Parole,626,-5.0,83.0,,,
2018-02-28,Out of State Parolee at Large,14,1.0,0.0,,,
2018-02-28,DJJ-W&IC 1731.5(c) Institutions,66,1.0,-51.0,,,
2018-02-28,D. Other Populations,5843,145.0,133.0,,,
2018-02-28,Temporary Release to Court and Hospital,1266,51.0,79.0,,,
2018-02-28,Escaped,198,0.0,2.0,,,
2018-02-28,Parolee at Large,4379,94.0,52.0,,,
2018-02-28,Total CDCR Population,182739,14.0,1487.0,,,
2018-03-28,I. In-State,125654,54.0,-38.0,,,
2018-03-28,"(Men, Subtotal)",119800,46.0,0.0,,,
2018-03-28,"(Women, Subtotal)",5854,8.0,-38.0,,,
2018-03-28,1. Institution/Camps,117929,35.0,-440.0,89763.0,131.4,122216.0
2018-03-28,Institutions,114474,32.0,-421.0,85083.0,134.5,117882.0
2018-03-28,"Camps(CCC, CIW, and SCC)",3455,3.0,-19.0,4680.0,73.8,4334.0
2018-03-28,2. In-State Contract Beds,6338,7.0,217.0,,,
2018-03-28,Private Community Correctional Facilities,2046,0.0,115.0,,,
2018-03-28,Public Community Correctional Facilities,1780,13.0,132.0,,,
2018-03-28,Community Prisoner Mother Program,21,0.0,-2.0,,,
2018-03-28,California City Correctional Facility,2238,-1.0,-14.0,,,
2018-03-28,"Female Community ReEntry Facility, McFarland",253,-5.0,-14.0,,,
2018-03-28,3. Department of State Hospitals,276,7.0,11.0,,,
2018-03-28,4. CRPP Supervision,1111,5.0,174.0,,,
2018-03-28,Alternative Custody Program,115,-1.0,-48.0,,,
2018-03-28,Custody to Community Treatment Reentry Program,342,3.0,37.0,,,
2018-03-28,Male Community Reentry Program,624,3.0,179.0,,,
2018-03-28,Medical Parole,30,0.0,6.0,,,
2018-03-28,II. California Out-of-State Correctional Facility,3901,-35.0,-294.0,,,
2018-03-28,Arizona,3079,23.0,598.0,,,
2018-03-28,Mississippi,822,-58.0,-892.0,,,
2018-03-28,B. Parole,46454,-1.0,1203.0,,,
2018-03-28,Community Supervision,44520,-10.0,1224.0,,,
2018-03-28,Interstate Cooperative Case,1934,9.0,-21.0,,,
2018-03-28,C. Non-CDCR Jurisdiction,1023,-1.0,-10.0,,,
2018-03-28,Out of State Parole,619,-4.0,61.0,,,
2018-03-28,Out of State Parolee at Large,15,0.0,-1.0,,,
2018-03-28,DJJ-W&IC 1731.5(c) Institutions,59,0.0,-58.0,,,
2018-03-28,D. Other Populations,5949,60.0,409.0,,,
2018-03-28,Temporary Release to Court and Hospital,1228,-1.0,69.0,,,
2018-03-28,Escaped,197,0.0,1.0,,,
2018-03-28,Parolee at Large,4524,61.0,339.0,,,
2018-03-28,Total CDCR Population,182981,77.0,1270.0,,,
2018-04-25,I. In-State,125834,0.0,-113.0,,,
2018-04-25,"(Men, Subtotal)",119974,-39.0,-113.0,,,
2018-04-25,"(Women, Subtotal)",5860,39.0,0.0,,,
2018-04-25,1. Institution/Camps,118099,59.0,-185.0,89763.0,131.6,122227.0
2018-04-25,Institutions,114594,51.0,-125.0,85083.0,134.7,117893.0
2018-04-25,"Camps(CCC, CIW, and SCC)",3505,8.0,-60.0,4680.0,74.9,4334.0
2018-04-25,2. In-State Contract Beds,6366,-37.0,-67.0,,,
2018-04-25,Private Community Correctional Facilities,2063,-8.0,31.0,,,
2018-04-25,Public Community Correctional Facilities,1742,-29.0,-14.0,,,
2018-04-25,Community Prisoner Mother Program,22,1.0,-1.0,,,
2018-04-25,California City Correctional Facility,2262,-4.0,-101.0,,,
2018-04-25,"Female Community ReEntry Facility, McFarland",277,3.0,18.0,,,
2018-04-25,3. Department of State Hospitals,262,-5.0,17.0,,,
2018-04-25,4. CRPP Supervision,1107,-17.0,122.0,,,
2018-04-25,Alternative Custody Program,117,0.0,-48.0,,,
2018-04-25,Custody to Community Treatment Reentry Program,342,-5.0,32.0,,,
2018-04-25,Male Community Reentry Program,617,-12.0,133.0,,,
2018-04-25,Medical Parole,31,0.0,5.0,,,
2018-04-25,II. California Out-of-State Correctional Facility,3392,-131.0,-855.0,,,
2018-04-25,Arizona,2795,-76.0,-190.0,,,
2018-04-25,Mississippi,597,-55.0,-665.0,,,
2018-04-25,B. Parole,46931,145.0,1490.0,,,
2018-04-25,Community Supervision,44980,149.0,1475.0,,,
2018-04-25,Interstate Cooperative Case,1951,-4.0,15.0,,,
2018-04-25,C. Non-CDCR Jurisdiction,1022,3.0,-6.0,,,
2018-04-25,Out of State Parole,618,2.0,56.0,,,
2018-04-25,Out of State Parolee at Large,14,1.0,-3.0,,,
2018-04-25,DJJ-W&IC 1731.5(c) Institutions,57,-1.0,-50.0,,,
2018-04-25,D. Other Populations,5795,-19.0,502.0,,,
2018-04-25,Temporary Release to Court and Hospital,1254,82.0,79.0,,,
2018-04-25,Escaped,197,0.0,1.0,,,
2018-04-25,Parolee at Large,4344,-101.0,422.0,,,
2018-04-25,Total CDCR Population,182974,-2.0,1018.0,,,
2018-05-30,I. In-State,126097,-111.0,-253.0,,,
2018-05-30,"(Men, Subtotal)",120225,-121.0,-202.0,,,
2018-05-30,"(Women, Subtotal)",5872,10.0,-51.0,,,
2018-05-30,1. Institution/Camps,118336,-121.0,-425.0,89763.0,131.8,122227.0
2018-05-30,Institutions,114853,-69.0,-224.0,85083.0,135.0,117893.0
2018-05-30,"Camps(CCC, CIW, and SCC)",3483,-52.0,-201.0,4680.0,74.4,4334.0
2018-05-30,2. In-State Contract Beds,6355,-9.0,-33.0,,,
2018-05-30,Private Community Correctional Facilities,2038,-6.0,-15.0,,,
2018-05-30,Public Community Correctional Facilities,1762,4.0,-6.0,,,
2018-05-30,Community Prisoner Mother Program,24,2.0,1.0,,,
2018-05-30,California City Correctional Facility,2254,-8.0,-50.0,,,
2018-05-30,"Female Community ReEntry Facility, McFarland",277,-1.0,37.0,,,
2018-05-30,3. Department of State Hospitals,255,-2.0,37.0,,,
2018-05-30,4. CRPP Supervision,1151,21.0,168.0,,,
2018-05-30,Alternative Custody Program,135,12.0,-39.0,,,
2018-05-30,Custody to Community Treatment Reentry Program,363,9.0,42.0,,,
2018-05-30,Male Community Reentry Program,623,0.0,160.0,,,
2018-05-30,Medical Parole,30,0.0,5.0,,,
2018-05-30,II. California Out-of-State Correctional Facility,3081,-52.0,-1268.0,,,
2018-05-30,Arizona,2876,33.0,-210.0,,,
2018-05-30,Mississippi,205,-85.0,-1058.0,,,
2018-05-30,B. Parole,47283,190.0,1747.0,,,
2018-05-30,Community Supervision,45322,180.0,1734.0,,,
2018-05-30,Interstate Cooperative Case,1961,10.0,13.0,,,
2018-05-30,C. Non-CDCR Jurisdiction,1011,-5.0,-17.0,,,
2018-05-30,Out of State Parole,617,-2.0,44.0,,,
2018-05-30,Out of State Parolee at Large,13,0.0,-3.0,,,
2018-05-30,DJJ-W&IC 1731.5(c) Institutions,53,-1.0,-48.0,,,
2018-05-30,D. Other Populations,5676,-101.0,479.0,,,
2018-05-30,Temporary Release to Court and Hospital,1255,-17.0,85.0,,,
2018-05-30,Escaped,197,0.0,1.0,,,
2018-05-30,Parolee at Large,4224,-84.0,393.0,,,
2018-05-30,Total CDCR Population,183148,-79.0,688.0,,,
2018-06-27,I. In-State,126380,36.0,-374.0,,,
2018-06-27,"(Men, Subtotal)",120487,28.0,-293.0,,,
2018-06-27,"(Women, Subtotal)",5893,8.0,-81.0,,,
2018-06-27,1. Institution/Camps,118661,33.0,-359.0,89763.0,132.2,122205.0
2018-06-27,Institutions,115065,2.0,-93.0,85083.0,135.2,117871.0
2018-06-27,"Camps(CCC, CIW, and SCC)",3596,31.0,-266.0,4680.0,76.8,4334.0
2018-06-27,2. In-State Contract Beds,6311,13.0,-192.0,,,
2018-06-27,Private Community Correctional Facilities,2015,7.0,-48.0,,,
2018-06-27,Public Community Correctional Facilities,1781,27.0,-1.0,,,
2018-06-27,Community Prisoner Mother Program,22,0.0,2.0,,,
2018-06-27,California City Correctional Facility,2223,-18.0,-151.0,,,
2018-06-27,"Female Community ReEntry Facility, McFarland",270,-3.0,6.0,,,
2018-06-27,3. Department of State Hospitals,235,-7.0,13.0,,,
2018-06-27,4. CRPP Supervision,1173,-3.0,164.0,,,
2018-06-27,Alternative Custody Program,160,9.0,-19.0,,,
2018-06-27,Custody to Community Treatment Reentry Program,378,0.0,61.0,,,
2018-06-27,Male Community Reentry Program,606,-11.0,118.0,,,
2018-06-27,Medical Parole,29,-1.0,4.0,,,
2018-06-27,II. California Out-of-State Correctional Facility,2845,58.0,-1567.0,,,
2018-06-27,Arizona,2845,59.0,-295.0,,,
2018-06-27,B. Parole,47409,34.0,2142.0,,,
2018-06-27,Community Supervision,45448,30.0,2134.0,,,
2018-06-27,Interstate Cooperative Case,1961,4.0,8.0,,,
2018-06-27,C. Non-CDCR Jurisdiction,1006,-4.0,-14.0,,,
2018-06-27,Out of State Parole,611,-5.0,43.0,,,
2018-06-27,Out of State Parolee at Large,15,0.0,-4.0,,,
2018-06-27,DJJ-W&IC 1731.5(c) Institutions,51,0.0,-45.0,,,
2018-06-27,D. Other Populations,5757,-75.0,465.0,,,
2018-06-27,Temporary Release to Court and Hospital,1287,-79.0,172.0,,,
2018-06-27,Escaped,197,0.0,1.0,,,
2018-06-27,Parolee at Large,4273,4.0,292.0,,,
2018-06-27,Total CDCR Population,183397,49.0,652.0,,,
2018-07-25,I. In-State,126897,111.0,224.0,,,
2018-07-25,"(Men, Subtotal)",121015,127.0,285.0,,,
2018-07-25,"(Women, Subtotal)",5882,-16.0,-61.0,,,
2018-07-25,1. Institution/Camps,119285,182.0,399.0,89763.0,132.9,122205.0
2018-07-25,Institutions,115740,156.0,673.0,85083.0,136.0,117871.0
2018-07-25,"Camps(CCC, CIW, and SCC)",3545,26.0,-274.0,4680.0,75.7,4334.0
2018-07-25,2. In-State Contract Beds,6186,-83.0,-384.0,,,
2018-07-25,Private Community Correctional Facilities,2025,-6.0,-56.0,,,
2018-07-25,Public Community Correctional Facilities,1778,-22.0,0.0,,,
2018-07-25,Community Prisoner Mother Program,16,-1.0,-6.0,,,
2018-07-25,California City Correctional Facility,2119,-48.0,-286.0,,,
2018-07-25,"Female Community ReEntry Facility, McFarland",248,-6.0,-36.0,,,
2018-07-25,3. Department of State Hospitals,239,-1.0,14.0,,,
2018-07-25,4. CRPP Supervision,1187,13.0,195.0,,,
2018-07-25,Alternative Custody Program,165,7.0,-5.0,,,
2018-07-25,Custody to Community Treatment Reentry Program,378,-5.0,71.0,,,
2018-07-25,Male Community Reentry Program,616,11.0,127.0,,,
2018-07-25,Medical Parole,28,0.0,2.0,,,
2018-07-25,II. California Out-of-State Correctional Facility,2454,-108.0,-1947.0,,,
2018-07-25,Arizona,2454,-108.0,-684.0,,,
2018-07-25,B. Parole,47560,102.0,2037.0,,,
2018-07-25,Community Supervision,45604,103.0,2036.0,,,
2018-07-25,Interstate Cooperative Case,1956,-1.0,1.0,,,
2018-07-25,C. Non-CDCR Jurisdiction,1024,2.0,-6.0,,,
2018-07-25,Out of State Parole,629,-3.0,45.0,,,
2018-07-25,Out of State Parolee at Large,15,1.0,0.0,,,
2018-07-25,DJJ-W&IC 1731.5(c) Institutions,49,0.0,-43.0,,,
2018-07-25,D. Other Populations,5824,-5.0,600.0,,,
2018-07-25,Temporary Release to Court and Hospital,1311,22.0,180.0,,,
2018-07-25,Escaped,198,1.0,2.0,,,
2018-07-25,Parolee at Large,4315,-28.0,418.0,,,
2018-07-25,Total CDCR Population,183759,102.0,908.0,,,
2018-08-29,I. In-State,127033,216.0,53.0,,,
2018-08-29,"(Men, Subtotal)",121109,218.0,125.0,,,
2018-08-29,"(Women, Subtotal)",5924,-2.0,-72.0,,,
2018-08-29,1. Institution/Camps,119363,226.0,294.0,89763.0,133.0,122205.0
2018-08-29,Institutions,115811,215.0,467.0,85083.0,136.1,117871.0
2018-08-29,"Camps(CCC, CIW, and SCC)",3552,11.0,-173.0,4680.0,75.9,4334.0
2018-08-29,2. In-State Contract Beds,6226,-20.0,-370.0,,,
2018-08-29,Private Community Correctional Facilities,1987,-1.0,-84.0,,,
2018-08-29,Public Community Correctional Facilities,1749,-15.0,-19.0,,,
2018-08-29,Community Prisoner Mother Program,17,0.0,-5.0,,,
2018-08-29,California City Correctional Facility,2229,0.0,-220.0,,,
2018-08-29,"Female Community ReEntry Facility, McFarland",244,-4.0,-42.0,,,
2018-08-29,3. Department of State Hospitals,223,0.0,-49.0,,,
2018-08-29,4. CRPP Supervision,1221,10.0,178.0,,,
2018-08-29,Alternative Custody Program,178,2.0,12.0,,,
2018-08-29,Custody to Community Treatment Reentry Program,382,-4.0,71.0,,,
2018-08-29,Male Community Reentry Program,634,12.0,94.0,,,
2018-08-29,Medical Parole,27,0.0,1.0,,,
2018-08-29,II. California Out-of-State Correctional Facility,1831,-183.0,-2565.0,,,
2018-08-29,Arizona,1831,-183.0,-1310.0,,,
2018-08-29,B. Parole,47784,27.0,2438.0,,,
2018-08-29,Community Supervision,45860,36.0,2468.0,,,
2018-08-29,Interstate Cooperative Case,1924,-9.0,-30.0,,,
2018-08-29,C. Non-CDCR Jurisdiction,1033,10.0,-12.0,,,
2018-08-29,Out of State Parole,644,12.0,42.0,,,
2018-08-29,Out of State Parolee at Large,15,-1.0,-4.0,,,
2018-08-29,DJJ-W&IC 1731.5(c) Institutions,48,0.0,-35.0,,,
2018-08-29,D. Other Populations,5984,40.0,582.0,,,
2018-08-29,Temporary Release to Court and Hospital,1390,46.0,215.0,,,
2018-08-29,Escaped,197,0.0,1.0,,,
2018-08-29,Parolee at Large,4397,-6.0,366.0,,,
2018-08-29,Total CDCR Population,183665,110.0,496.0,,,
2018-09-26,I. In-State,126947,-384.0,-236.0,,,
2018-09-26,"(Men, Subtotal)",121014,-387.0,-214.0,,,
2018-09-26,"(Women, Subtotal)",5933,3.0,-22.0,,,
2018-09-26,1. Institution/Camps,119146,-438.0,-63.0,89763.0,132.7,122148.0
2018-09-26,Institutions,115615,-494.0,43.0,85083.0,135.9,117914.0
2018-09-26,"Camps(CCC, CIW, and SCC)",3531,56.0,-106.0,4680.0,75.4,4234.0
2018-09-26,2. In-State Contract Beds,6343,40.0,-288.0,,,
2018-09-26,Private Community Correctional Facilities,1993,-1.0,-106.0,,,
2018-09-26,Public Community Correctional Facilities,1748,-14.0,-34.0,,,
2018-09-26,Community Prisoner Mother Program,17,0.0,-3.0,,,
2018-09-26,California City Correctional Facility,2309,18.0,-131.0,,,
2018-09-26,"Female Community ReEntry Facility, McFarland",276,37.0,-14.0,,,
2018-09-26,3. Department of State Hospitals,231,7.0,-48.0,,,
2018-09-26,4. CRPP Supervision,1227,7.0,163.0,,,
2018-09-26,Alternative Custody Program,192,-4.0,38.0,,,
2018-09-26,Custody to Community Treatment Reentry Program,376,2.0,64.0,,,
2018-09-26,Male Community Reentry Program,632,10.0,60.0,,,
2018-09-26,Medical Parole,27,-1.0,1.0,,,
2018-09-26,II. California Out-of-State Correctional Facility,1563,-10.0,-2817.0,,,
2018-09-26,Arizona,1563,-10.0,-1557.0,,,
2018-09-26,B. Parole,48045,165.0,2616.0,,,
2018-09-26,Community Supervision,46130,173.0,2684.0,,,
2018-09-26,Interstate Cooperative Case,1915,-8.0,-68.0,,,
2018-09-26,C. Non-CDCR Jurisdiction,1023,4.0,-14.0,,,
2018-09-26,Out of State Parole,635,3.0,33.0,,,
2018-09-26,Out of State Parolee at Large,19,1.0,3.0,,,
2018-09-26,DJJ-W&IC 1731.5(c) Institutions,47,0.0,-30.0,,,
2018-09-26,D. Other Populations,6319,241.0,811.0,,,
2018-09-26,Temporary Release to Court and Hospital,1776,355.0,565.0,,,
2018-09-26,Escaped,197,-2.0,0.0,,,
2018-09-26,Parolee at Large,4346,-112.0,246.0,,,
2018-09-26,Total CDCR Population,183897,16.0,360.0,,,
2018-10-31,I. In-State,126677,-208.0,-104.0,,,
2018-10-31,"(Men, Subtotal)",120755,-219.0,-132.0,,,
2018-10-31,"(Women, Subtotal)",5922,11.0,28.0,,,
2018-10-31,1. Institution/Camps,118792,-162.0,-33.0,89763.0,132.3,122105.0
2018-10-31,Institutions,115260,-178.0,-52.0,85083.0,135.5,117871.0
2018-10-31,"Camps(CCC, CIW, and SCC)",3532,16.0,19.0,4680.0,75.5,4234.0
2018-10-31,2. In-State Contract Beds,6418,-40.0,-153.0,,,
2018-10-31,Private Community Correctional Facilities,1976,-9.0,-99.0,,,
2018-10-31,Public Community Correctional Facilities,1697,-4.0,-53.0,,,
2018-10-31,Community Prisoner Mother Program,17,0.0,-5.0,,,
2018-10-31,California City Correctional Facility,2456,-18.0,6.0,,,
2018-10-31,"Female Community ReEntry Facility, McFarland",272,-9.0,-2.0,,,
2018-10-31,3. Department of State Hospitals,216,1.0,-76.0,,,
2018-10-31,4. CRPP Supervision,1251,-7.0,158.0,,,
2018-10-31,Alternative Custody Program,216,7.0,72.0,,,
2018-10-31,Custody to Community Treatment Reentry Program,381,2.0,56.0,,,
2018-10-31,Male Community Reentry Program,625,-16.0,29.0,,,
2018-10-31,Medical Parole,29,0.0,1.0,,,
2018-10-31,II. California Out-of-State Correctional Facility,1895,133.0,-2472.0,,,
2018-10-31,Arizona,1895,133.0,-1216.0,,,
2018-10-31,B. Parole,48131,33.0,2377.0,,,
2018-10-31,Community Supervision,46219,29.0,2458.0,,,
2018-10-31,Interstate Cooperative Case,1912,4.0,-81.0,,,
2018-10-31,C. Non-CDCR Jurisdiction,1014,-5.0,-20.0,,,
2018-10-31,Out of State Parole,633,-2.0,23.0,,,
2018-10-31,Out of State Parolee at Large,15,-2.0,-1.0,,,
2018-10-31,DJJ-W&IC 1731.5(c) Institutions,45,0.0,-28.0,,,
2018-10-31,D. Other Populations,6211,31.0,525.0,,,
2018-10-31,Temporary Release to Court and Hospital,1420,18.0,228.0,,,
2018-10-31,Escaped,200,1.0,1.0,,,
2018-10-31,Parolee at Large,4591,12.0,296.0,,,
2018-10-31,Total CDCR Population,183928,-16.0,306.0,,,
2018-11-28,I. In-State,126103,-418.0,-202.0,,,
2018-11-28,"(Men, Subtotal)",120238,-391.0,-212.0,,,
2018-11-28,"(Women, Subtotal)",5865,-27.0,10.0,,,
2018-11-28,1. Institution/Camps,118308,-325.0,-85.0,89763.0,131.8,122027.0
2018-11-28,Institutions,114818,-278.0,-90.0,85083.0,134.9,117893.0
2018-11-28,"Camps(CCC, CIW, and SCC)",3490,-47.0,5.0,4680.0,74.6,4134.0
2018-11-28,2. In-State Contract Beds,6334,-82.0,-229.0,,,
2018-11-28,Private Community Correctional Facilities,1978,-16.0,-64.0,,,
2018-11-28,Public Community Correctional Facilities,1684,-23.0,-72.0,,,
2018-11-28,Community Prisoner Mother Program,17,0.0,-6.0,,,
2018-11-28,California City Correctional Facility,2421,-36.0,-59.0,,,
2018-11-28,"Female Community ReEntry Facility, McFarland",234,-7.0,-28.0,,,
2018-11-28,3. Department of State Hospitals,216,7.0,-63.0,,,
2018-11-28,4. CRPP Supervision,1245,-18.0,175.0,,,
2018-11-28,Alternative Custody Program,208,-5.0,62.0,,,
2018-11-28,Custody to Community Treatment Reentry Program,375,-10.0,59.0,,,
2018-11-28,Male Community Reentry Program,634,-1.0,54.0,,,
2018-11-28,Medical Parole,28,-2.0,0.0,,,
2018-11-28,II. California Out-of-State Correctional Facility,1992,38.0,-2365.0,,,
2018-11-28,Arizona,1992,38.0,-1109.0,,,
2018-11-28,B. Parole,48410,104.0,2375.0,,,
2018-11-28,Community Supervision,46518,114.0,2468.0,,,
2018-11-28,Interstate Cooperative Case,1892,-10.0,-93.0,,,
2018-11-28,C. Non-CDCR Jurisdiction,1023,7.0,-18.0,,,
2018-11-28,Out of State Parole,642,6.0,22.0,,,
2018-11-28,Out of State Parolee at Large,16,0.0,0.0,,,
2018-11-28,DJJ-W&IC 1731.5(c) Institutions,42,1.0,-31.0,,,
2018-11-28,D. Other Populations,6164,-12.0,510.0,,,
2018-11-28,Temporary Release to Court and Hospital,1380,19.0,197.0,,,
2018-11-28,Escaped,198,0.0,1.0,,,
2018-11-28,Parolee at Large,4586,-31.0,312.0,,,
2018-11-28,Total CDCR Population,183692,-281.0,300.0,,,
2018-12-26,I. In-State,125663,-101.0,-463.0,,,
2018-12-26,"(Men, Subtotal)",119887,-69.0,-397.0,,,
2018-12-26,"(Women, Subtotal)",5776,-32.0,-66.0,,,
2018-12-26,1. Institution/Camps,117904,-84.0,-328.0,89763.0,131.4,122283.0
2018-12-26,Institutions,114400,-96.0,-310.0,85083.0,134.5,118039.0
2018-12-26,"Camps(CCC, CIW, and SCC)",3504,12.0,-18.0,4680.0,74.9,4244.0
2018-12-26,2. In-State Contract Beds,6318,-3.0,-228.0,,,
2018-12-26,Private Community Correctional Facilities,1967,-13.0,-89.0,,,
2018-12-26,Public Community Correctional Facilities,1677,3.0,-82.0,,,
2018-12-26,Community Prisoner Mother Program,15,-3.0,-7.0,,,
2018-12-26,California City Correctional Facility,2455,16.0,14.0,,,
2018-12-26,"Female Community ReEntry Facility, McFarland",204,-6.0,-64.0,,,
2018-12-26,3. Department of State Hospitals,197,-4.0,-70.0,,,
2018-12-26,4. CRPP Supervision,1244,-10.0,163.0,,,
2018-12-26,Alternative Custody Program,211,-8.0,69.0,,,
2018-12-26,Custody to Community Treatment Reentry Program,377,-2.0,66.0,,,
2018-12-26,Male Community Reentry Program,631,1.0,32.0,,,
2018-12-26,Medical Parole,25,-1.0,-4.0,,,
2018-12-26,II. California Out-of-State Correctional Facility,1989,-1.0,-2321.0,,,
2018-12-26,Arizona,1989,-1.0,-1073.0,,,
2018-12-26,B. Parole,48607,178.0,2476.0,,,
2018-12-26,Community Supervision,46736,186.0,2570.0,,,
2018-12-26,Interstate Cooperative Case,1871,-8.0,-94.0,,,
2018-12-26,C. Non-CDCR Jurisdiction,1025,0.0,-11.0,,,
2018-12-26,Out of State Parole,644,-2.0,20.0,,,
2018-12-26,Out of State Parolee at Large,14,0.0,0.0,,,
2018-12-26,DJJ-W&IC 1731.5(c) Institutions,40,0.0,-29.0,,,
2018-12-26,D. Other Populations,6154,-139.0,505.0,,,
2018-12-26,Temporary Release to Court and Hospital,1266,-86.0,180.0,,,
2018-12-26,Escaped,199,1.0,1.0,,,
2018-12-26,Parolee at Large,4689,-54.0,324.0,,,
2018-12-26,Total CDCR Population,183438,-63.0,186.0,,,
2019-01-31,I. In-State,125015,-707.0,-277.0,,,
2019-01-31,"(Men, Subtotal)",119251,-701.0,-246.0,,,
2019-01-31,"(Women, Subtotal)",5764,-6.0,-31.0,,,
2019-01-31,1. Institution/Camps,117230,-707.0,-197.0,89763.0,130.6,122302.0
2019-01-31,Institutions,113861,-579.0,-59.0,85083.0,133.8,118058.0
2019-01-31,"Camps(CCC, CIW, and SCC)",3369,-128.0,-138.0,4680.0,72.0,4244.0
2019-01-31,2. In-State Contract Beds,6371,30.0,-143.0,,,
2019-01-31,Private Community Correctional Facilities,1995,30.0,-71.0,,,
2019-01-31,Public Community Correctional Facilities,1684,17.0,-89.0,,,
2019-01-31,Community Prisoner Mother Program,14,-1.0,-8.0,,,
2019-01-31,California City Correctional Facility,2474,-22.0,73.0,,,
2019-01-31,"Female Community ReEntry Facility, McFarland",204,6.0,-48.0,,,
2019-01-31,3. Department of State Hospitals,178,-20.0,-72.0,,,
2019-01-31,4. CRPP Supervision,1236,-10.0,135.0,,,
2019-01-31,Alternative Custody Program,186,-23.0,58.0,,,
2019-01-31,Custody to Community Treatment Reentry Program,392,11.0,76.0,,,
2019-01-31,Male Community Reentry Program,634,3.0,7.0,,,
2019-01-31,Medical Parole,24,-1.0,-6.0,,,
2019-01-31,II. California Out-of-State Correctional Facility,1821,-166.0,-2444.0,,,
2019-01-31,Arizona,1821,-166.0,-1195.0,,,
2019-01-31,B. Parole,49050,399.0,2637.0,,,
2019-01-31,Community Supervision,47177,395.0,2712.0,,,
2019-01-31,Interstate Cooperative Case,1873,4.0,-75.0,,,
2019-01-31,C. Non-CDCR Jurisdiction,1028,3.0,0.0,,,
2019-01-31,Out of State Parole,654,3.0,30.0,,,
2019-01-31,Out of State Parolee at Large,13,0.0,-2.0,,,
2019-01-31,DJJ-W&IC 1731.5(c) Institutions,40,1.0,-25.0,,,
2019-01-31,D. Other Populations,6189,104.0,424.0,,,
2019-01-31,Temporary Release to Court and Hospital,1346,120.0,157.0,,,
2019-01-31,Escaped,199,-1.0,2.0,,,
2019-01-31,Parolee at Large,4644,-15.0,265.0,,,
2019-01-31,Total CDCR Population,183103,-367.0,340.0,,,
2019-02-28,I. In-State,125074,59.0,-184.0,,,
2019-02-28,"(Men, Subtotal)",119344,93.0,-100.0,,,
2019-02-28,"(Women, Subtotal)",5730,-34.0,-84.0,,,
2019-02-28,1. Institution/Camps,117182,-48.0,-281.0,89763.0,130.5,125575.0
2019-02-28,Institutions,113656,-205.0,-319.0,85083.0,133.6,121331.0
2019-02-28,"Camps(CCC, CIW, and SCC)",3526,157.0,38.0,4680.0,75.3,4244.0
2019-02-28,2. In-State Contract Beds,6458,87.0,35.0,,,
2019-02-28,Private Community Correctional Facilities,2082,87.0,9.0,,,
2019-02-28,Public Community Correctional Facilities,1762,78.0,-13.0,,,
2019-02-28,Community Prisoner Mother Program,13,-1.0,-8.0,,,
2019-02-28,California City Correctional Facility,2400,-74.0,103.0,,,
2019-02-28,"Female Community ReEntry Facility, McFarland",201,-3.0,-56.0,,,
2019-02-28,3. Department of State Hospitals,182,4.0,-86.0,,,
2019-02-28,4. CRPP Supervision,1252,16.0,148.0,,,
2019-02-28,Alternative Custody Program,192,6.0,69.0,,,
2019-02-28,Custody to Community Treatment Reentry Program,392,0.0,57.0,,,
2019-02-28,Male Community Reentry Program,644,10.0,29.0,,,
2019-02-28,Medical Parole,24,0.0,-7.0,,,
2019-02-28,II. California Out-of-State Correctional Facility,1463,-358.0,-2682.0,,,
2019-02-28,Arizona,1463,-358.0,-1627.0,,,
2019-02-28,B. Parole,49377,327.0,2914.0,,,
2019-02-28,Community Supervision,47489,312.0,2967.0,,,
2019-02-28,Interstate Cooperative Case,1888,15.0,-53.0,,,
2019-02-28,C. Non-CDCR Jurisdiction,1036,8.0,6.0,,,
2019-02-28,Out of State Parole,671,17.0,45.0,,,
2019-02-28,Out of State Parolee at Large,11,-2.0,-3.0,,,
2019-02-28,DJJ-W&IC 1731.5(c) Institutions,37,-3.0,-29.0,,,
2019-02-28,D. Other Populations,6107,-82.0,264.0,,,
2019-02-28,Temporary Release to Court and Hospital,1405,59.0,139.0,,,
2019-02-28,Escaped,199,0.0,1.0,,,
2019-02-28,Parolee at Large,4503,-141.0,124.0,,,
2019-02-28,Total CDCR Population,183057,-46.0,318.0,,,
2019-03-31,I. In-State,125425,351.0,-352.0,,,
2019-03-31,"(Men, Subtotal)",119669,325.0,-261.0,,,
2019-03-31,"(Women, Subtotal)",5756,26.0,-91.0,,,
2019-03-31,1. Institution/Camps,117555,373.0,-446.0,89763.0,131.0,125575.0
2019-03-31,Institutions,113964,308.0,-599.0,85083.0,133.9,121331.0
2019-03-31,"Camps(CCC, CIW, and SCC)",3591,65.0,153.0,4680.0,76.7,4244.0
2019-03-31,2. In-State Contract Beds,6471,13.0,77.0,,,
2019-03-31,Private Community Correctional Facilities,2051,-31.0,-12.0,,,
2019-03-31,Public Community Correctional Facilities,1763,1.0,-22.0,,,
2019-03-31,Community Prisoner Mother Program,18,5.0,-3.0,,,
2019-03-31,California City Correctional Facility,2419,19.0,157.0,,,
2019-03-31,"Female Community ReEntry Facility, McFarland",220,19.0,-43.0,,,
2019-03-31,3. Department of State Hospitals,186,4.0,-87.0,,,
2019-03-31,4. CRPP Supervision,1213,-39.0,104.0,,,
2019-03-31,Alternative Custody Program,173,-19.0,59.0,,,
2019-03-31,Custody to Community Treatment Reentry Program,379,-13.0,35.0,,,
2019-03-31,Male Community Reentry Program,636,-8.0,15.0,,,
2019-03-31,Medical Parole,25,1.0,-5.0,,,
2019-03-31,II. California Out-of-State Correctional Facility,1134,-329.0,-2738.0,,,
2019-03-31,Arizona,1134,-329.0,-1914.0,,,
2019-03-31,B. Parole,49437,60.0,2892.0,,,
2019-03-31,Community Supervision,47560,71.0,2950.0,,,
2019-03-31,Interstate Cooperative Case,1877,-11.0,-58.0,,,
2019-03-31,C. Non-CDCR Jurisdiction,1053,17.0,32.0,,,
2019-03-31,Out of State Parole,682,11.0,62.0,,,
2019-03-31,Out of State Parolee at Large,13,2.0,0.0,,,
2019-03-31,DJJ-W&IC 1731.5(c) Institutions,36,-1.0,-23.0,,,
2019-03-31,D. Other Populations,6310,203.0,474.0,,,
2019-03-31,Temporary Release to Court and Hospital,1479,74.0,299.0,,,
2019-03-31,Escaped,199,0.0,2.0,,,
2019-03-31,Parolee at Large,4632,129.0,173.0,,,
2019-03-31,Total CDCR Population,183359,302.0,308.0,,,
2019-04-30,I. In-State,125823,398.0,187.0,,,
2019-04-30,"(Men, Subtotal)",120026,357.0,231.0,,,
2019-04-30,"(Women, Subtotal)",5797,41.0,-44.0,,,
2019-04-30,1. Institution/Camps,117943,388.0,93.0,89763.0,131.4,125575.0
2019-04-30,Institutions,114442,478.0,93.0,85083.0,134.5,121331.0
2019-04-30,"Camps(CCC, CIW, and SCC)",3501,-90.0,0.0,4680.0,74.8,4244.0
2019-04-30,2. In-State Contract Beds,6488,17.0,70.0,,,
2019-04-30,Private Community Correctional Facilities,2039,-12.0,-43.0,,,
2019-04-30,Public Community Correctional Facilities,1772,9.0,4.0,,,
2019-04-30,Community Prisoner Mother Program,23,5.0,0.0,,,
2019-04-30,California City Correctional Facility,2410,-9.0,141.0,,,
2019-04-30,"Female Community ReEntry Facility, McFarland",244,24.0,-32.0,,,
2019-04-30,3. Department of State Hospitals,187,1.0,-75.0,,,
2019-04-30,4. CRPP Supervision,1205,-8.0,99.0,,,
2019-04-30,Alternative Custody Program,166,-7.0,51.0,,,
2019-04-30,Custody to Community Treatment Reentry Program,391,12.0,45.0,,,
2019-04-30,Male Community Reentry Program,623,-13.0,9.0,,,
2019-04-30,Medical Parole,25,0.0,-6.0,,,
2019-04-30,II. California Out-of-State Correctional Facility,777,-357.0,-2585.0,,,
2019-04-30,Arizona,777,-357.0,-2046.0,,,
2019-04-30,B. Parole,49690,253.0,2666.0,,,
2019-04-30,Community Supervision,47806,246.0,2735.0,,,
2019-04-30,Interstate Cooperative Case,1884,7.0,-69.0,,,
2019-04-30,C. Non-CDCR Jurisdiction,1052,-1.0,34.0,,,
2019-04-30,Out of State Parole,682,0.0,61.0,,,
2019-04-30,Out of State Parolee at Large,15,2.0,4.0,,,
2019-04-30,DJJ-W&IC 1731.5(c) Institutions,35,-1.0,-20.0,,,
2019-04-30,D. Other Populations,6198,-112.0,435.0,,,
2019-04-30,Temporary Release to Court and Hospital,1477,-2.0,205.0,,,
2019-04-30,Escaped,199,0.0,2.0,,,
2019-04-30,Parolee at Large,4522,-110.0,228.0,,,
2019-04-30,Total CDCR Population,183540,181.0,737.0,,,
2019-05-31,I. In-State,125459,-364.0,-788.0,,,
2019-05-31,"(Men, Subtotal)",119739,-287.0,-642.0,,,
2019-05-31,"(Women, Subtotal)",5720,-77.0,-146.0,,,
2019-05-31,1. Institution/Camps,117587,-356.0,-887.0,89763.0,131.0,125575.0
2019-05-31,Institutions,114383,-59.0,-580.0,85083.0,134.4,121331.0
2019-05-31,"Camps(CCC, CIW, and SCC)",3204,-297.0,-307.0,4680.0,68.5,4244.0
2019-05-31,2. In-State Contract Beds,6487,-1.0,123.0,,,
2019-05-31,Private Community Correctional Facilities,1984,-55.0,-52.0,,,
2019-05-31,Public Community Correctional Facilities,1772,0.0,-9.0,,,
2019-05-31,Community Prisoner Mother Program,22,-1.0,-2.0,,,
2019-05-31,California City Correctional Facility,2449,39.0,203.0,,,
2019-05-31,"Female Community ReEntry Facility, McFarland",260,16.0,-17.0,,,
2019-05-31,3. Department of State Hospitals,186,-1.0,-71.0,,,
2019-05-31,4. CRPP Supervision,1199,-6.0,47.0,,,
2019-05-31,Alternative Custody Program,157,-9.0,22.0,,,
2019-05-31,Custody to Community Treatment Reentry Program,385,-6.0,21.0,,,
2019-05-31,Male Community Reentry Program,633,10.0,10.0,,,
2019-05-31,Medical Parole,24,-1.0,-6.0,,,
2019-05-31,II. California Out-of-State Correctional Facility,372,-405.0,-2700.0,,,
2019-05-31,Arizona,372,-405.0,-2495.0,,,
2019-05-31,B. Parole,50068,378.0,2830.0,,,
2019-05-31,Community Supervision,48191,385.0,2911.0,,,
2019-05-31,Interstate Cooperative Case,1877,-7.0,-81.0,,,
2019-05-31,C. Non-CDCR Jurisdiction,1073,21.0,58.0,,,
2019-05-31,Out of State Parole,706,24.0,86.0,,,
2019-05-31,Out of State Parolee at Large,14,-1.0,0.0,,,
2019-05-31,DJJ-W&IC 1731.5(c) Institutions,32,-3.0,-21.0,,,
2019-05-31,D. Other Populations,6337,139.0,659.0,,,
2019-05-31,Temporary Release to Court and Hospital,1527,50.0,299.0,,,
2019-05-31,Escaped,199,0.0,2.0,,,
2019-05-31,Parolee at Large,4611,89.0,358.0,,,
2019-05-31,Total CDCR Population,183309,-231.0,59.0,,,
2019-06-30,I. In-State,125472,13.0,-1100.0,,,
2019-06-30,"(Men, Subtotal)",119781,42.0,-885.0,,,
2019-06-30,"(Women, Subtotal)",5691,-29.0,-215.0,,,
2019-06-30,1. Institution/Camps,117682,95.0,-1183.0,89763.0,131.1,125575.0
2019-06-30,Institutions,114831,448.0,-432.0,85083.0,135.0,121331.0
2019-06-30,"Camps(CCC, CIW, and SCC)",2851,-353.0,-751.0,4680.0,60.9,4244.0
2019-06-30,2. In-State Contract Beds,6405,-82.0,108.0,,,
2019-06-30,Private Community Correctional Facilities,1939,-45.0,-66.0,,,
2019-06-30,Public Community Correctional Facilities,1761,-11.0,-16.0,,,
2019-06-30,Community Prisoner Mother Program,22,0.0,0.0,,,
2019-06-30,California City Correctional Facility,2441,-8.0,219.0,,,
2019-06-30,"Female Community ReEntry Facility, McFarland",242,-18.0,-29.0,,,
2019-06-30,3. Department of State Hospitals,190,4.0,-42.0,,,
2019-06-30,4. CRPP Supervision,1195,-4.0,17.0,,,
2019-06-30,Alternative Custody Program,160,3.0,2.0,,,
2019-06-30,Custody to Community Treatment Reentry Program,383,-2.0,3.0,,,
2019-06-30,Male Community Reentry Program,628,-5.0,17.0,,,
2019-06-30,Medical Parole,24,0.0,-5.0,,,
2019-06-30,B. Parole,50822,754.0,3452.0,,,
2019-06-30,Community Supervision,48950,759.0,3544.0,,,
2019-06-30,Interstate Cooperative Case,1872,-5.0,-92.0,,,
2019-06-30,C. Non-CDCR Jurisdiction,1083,10.0,72.0,,,
2019-06-30,Out of State Parole,717,11.0,99.0,,,
2019-06-30,Out of State Parolee at Large,13,-1.0,-1.0,,,
2019-06-30,DJJ-W&IC 1731.5(c) Institutions,30,-2.0,-20.0,,,
2019-06-30,D. Other Populations,6247,-90.0,468.0,,,
2019-06-30,Temporary Release to Court and Hospital,1536,9.0,263.0,,,
2019-06-30,Escaped,199,0.0,2.0,,,
2019-06-30,Parolee at Large,4512,-99.0,203.0,,,
2019-06-30,Total CDCR Population,183624,315.0,47.0,,,
2019-07-31,I. In-State,125295,-177.0,-1627.0,,,
2019-07-31,"(Men, Subtotal)",119597,-184.0,-1451.0,,,
2019-07-31,"(Women, Subtotal)",5698,7.0,-176.0,,,
2019-07-31,1. Institution/Camps,117747,65.0,-1544.0,89763.0,131.2,125538.0
2019-07-31,Institutions,114921,90.0,-833.0,85083.0,135.1,121294.0
2019-07-31,"Camps(CCC, CIW, and SCC)",2826,-25.0,-711.0,4680.0,60.4,4244.0
2019-07-31,2. In-State Contract Beds,6181,-224.0,-22.0,,,
2019-07-31,Private Community Correctional Facilities,1850,-89.0,-181.0,,,
2019-07-31,Public Community Correctional Facilities,1711,-50.0,-54.0,,,
2019-07-31,Community Prisoner Mother Program,22,0.0,6.0,,,
2019-07-31,California City Correctional Facility,2346,-95.0,196.0,,,
2019-07-31,"Female Community ReEntry Facility, McFarland",252,10.0,11.0,,,
2019-07-31,3. Department of State Hospitals,203,13.0,-27.0,,,
2019-07-31,4. CRPP Supervision,1164,-31.0,-34.0,,,
2019-07-31,Alternative Custody Program,151,-9.0,-16.0,,,
2019-07-31,Custody to Community Treatment Reentry Program,365,-18.0,-18.0,,,
2019-07-31,Male Community Reentry Program,623,-5.0,3.0,,,
2019-07-31,Medical Parole,25,1.0,-3.0,,,
2019-07-31,B. Parole,50950,128.0,3373.0,,,
2019-07-31,Community Supervision,49098,148.0,3471.0,,,
2019-07-31,Interstate Cooperative Case,1852,-20.0,-98.0,,,
2019-07-31,C. Non-CDCR Jurisdiction,1069,-14.0,47.0,,,
2019-07-31,Out of State Parole,709,-8.0,79.0,,,
2019-07-31,Out of State Parolee at Large,16,3.0,3.0,,,
2019-07-31,DJJ-W&IC 1731.5(c) Institutions,27,-3.0,-23.0,,,
2019-07-31,D. Other Populations,6448,201.0,576.0,,,
2019-07-31,Temporary Release to Court and Hospital,1593,57.0,309.0,,,
2019-07-31,Escaped,200,1.0,3.0,,,
2019-07-31,Parolee at Large,4655,143.0,264.0,,,
2019-07-31,Total CDCR Population,183762,138.0,-19.0,,,
2019-08-31,I. In-State,125132,-163.0,-2145.0,,,
2019-08-31,"(Men, Subtotal)",119510,-87.0,-1838.0,,,
2019-08-31,"(Women, Subtotal)",5622,-76.0,-307.0,,,
2019-08-31,1. Institution/Camps,117666,-81.0,-1893.0,89763.0,131.1,125448.0
2019-08-31,Institutions,114815,-106.0,-1183.0,85083.0,134.9,121204.0
2019-08-31,"Camps(CCC, CIW, and SCC)",2851,25.0,-710.0,4680.0,60.9,4244.0
2019-08-31,2. In-State Contract Beds,6061,-120.0,-214.0,,,
2019-08-31,Private Community Correctional Facilities,1796,-54.0,-211.0,,,
2019-08-31,Public Community Correctional Facilities,1658,-53.0,-116.0,,,
2019-08-31,Community Prisoner Mother Program,19,-3.0,2.0,,,
2019-08-31,California City Correctional Facility,2311,-35.0,76.0,,,
2019-08-31,"Female Community ReEntry Facility, McFarland",277,25.0,35.0,,,
2019-08-31,3. Department of State Hospitals,264,61.0,41.0,,,
2019-08-31,4. CRPP Supervision,1141,-23.0,-79.0,,,
2019-08-31,Alternative Custody Program,153,2.0,-25.0,,,
2019-08-31,Custody to Community Treatment Reentry Program,353,-12.0,-31.0,,,
2019-08-31,Male Community Reentry Program,610,-13.0,-21.0,,,
2019-08-31,Medical Parole,25,0.0,-2.0,,,
2019-08-31,B. Parole,51522,572.0,3762.0,,,
2019-08-31,Community Supervision,49670,572.0,3827.0,,,
2019-08-31,Interstate Cooperative Case,1852,0.0,-65.0,,,
2019-08-31,C. Non-CDCR Jurisdiction,1081,12.0,50.0,,,
2019-08-31,Out of State Parole,724,15.0,85.0,,,
2019-08-31,Out of State Parolee at Large,13,-3.0,-4.0,,,
2019-08-31,DJJ-W&IC 1731.5(c) Institutions,26,-1.0,-21.0,,,
2019-08-31,D. Other Populations,6249,-199.0,278.0,,,
2019-08-31,Temporary Release to Court and Hospital,1575,-18.0,205.0,,,
2019-08-31,Escaped,199,-1.0,2.0,,,
2019-08-31,Parolee at Large,4475,-180.0,71.0,,,
2019-08-31,Total CDCR Population,183984,222.0,114.0,,,
2019-09-30,I. In-State,125021,-111.0,-2140.0,,,
2019-09-30,"(Men, Subtotal)",119425,-85.0,-1817.0,,,
2019-09-30,"(Women, Subtotal)",5596,-26.0,-323.0,,,
2019-09-30,1. Institution/Camps,117836,170.0,-1385.0,89763.0,131.3,125463.0
2019-09-30,Institutions,114994,179.0,-725.0,85083.0,135.2,121219.0
2019-09-30,"Camps(CCC, CIW, and SCC)",2842,-9.0,-660.0,4680.0,60.7,4244.0
2019-09-30,2. In-State Contract Beds,5754,-307.0,-732.0,,,
2019-09-30,Private Community Correctional Facilities,1380,-416.0,-642.0,,,
2019-09-30,Public Community Correctional Facilities,1715,57.0,-56.0,,,
2019-09-30,Community Prisoner Mother Program,23,4.0,6.0,,,
2019-09-30,California City Correctional Facility,2368,57.0,-12.0,,,
2019-09-30,"Female Community ReEntry Facility, McFarland",268,-9.0,-28.0,,,
2019-09-30,3. Department of State Hospitals,291,27.0,65.0,,,
2019-09-30,4. CRPP Supervision,1140,-1.0,-88.0,,,
2019-09-30,Alternative Custody Program,155,2.0,-35.0,,,
2019-09-30,Custody to Community Treatment Reentry Program,331,-22.0,-53.0,,,
2019-09-30,Male Community Reentry Program,628,18.0,1.0,,,
2019-09-30,Medical Parole,26,1.0,-1.0,,,
2019-09-30,B. Parole,51685,163.0,3625.0,,,
2019-09-30,Community Supervision,49849,179.0,3702.0,,,
2019-09-30,Interstate Cooperative Case,1836,-16.0,-77.0,,,
2019-09-30,C. Non-CDCR Jurisdiction,1081,0.0,60.0,,,
2019-09-30,Out of State Parole,721,-3.0,87.0,,,
2019-09-30,Out of State Parolee at Large,15,2.0,-3.0,,,
2019-09-30,DJJ-W&IC 1731.5(c) Institutions,25,-1.0,-22.0,,,
2019-09-30,D. Other Populations,6228,-21.0,235.0,,,
2019-09-30,Temporary Release to Court and Hospital,1552,-23.0,145.0,,,
2019-09-30,Escaped,198,-1.0,1.0,,,
2019-09-30,Parolee at Large,4478,3.0,89.0,,,
2019-09-30,Total CDCR Population,184015,31.0,217.0,,,
2019-10-31,I. In-State,124944,-188.0,-2217.0,,,
2019-10-31,"(Men, Subtotal)",119327,-183.0,-1915.0,,,
2019-10-31,"(Women, Subtotal)",5617,-5.0,-302.0,,,
2019-10-31,1. Institution/Camps,117889,223.0,-1332.0,89763.0,131.3,125463.0
2019-10-31,Institutions,114907,92.0,-812.0,85083.0,135.1,121219.0
2019-10-31,"Camps(CCC, CIW, and SCC)",2982,131.0,-520.0,4680.0,63.7,4244.0
2019-10-31,2. In-State Contract Beds,5573,-488.0,-913.0,,,
2019-10-31,Private Community Correctional Facilities,1294,-502.0,-728.0,,,
2019-10-31,Public Community Correctional Facilities,1673,15.0,-98.0,,,
2019-10-31,Community Prisoner Mother Program,23,4.0,6.0,,,
2019-10-31,California City Correctional Facility,2338,27.0,-42.0,,,
2019-10-31,"Female Community ReEntry Facility, McFarland",245,-32.0,-51.0,,,
2019-10-31,3. Department of State Hospitals,320,56.0,94.0,,,
2019-10-31,4. CRPP Supervision,1162,21.0,-66.0,,,
2019-10-31,Alternative Custody Program,160,7.0,-30.0,,,
2019-10-31,Custody to Community Treatment Reentry Program,339,-14.0,-45.0,,,
2019-10-31,Male Community Reentry Program,638,28.0,11.0,,,
2019-10-31,Medical Parole,25,0.0,-2.0,,,
2019-10-31,B. Parole,51698,176.0,3638.0,,,
2019-10-31,Community Supervision,49882,212.0,3735.0,,,
2019-10-31,Interstate Cooperative Case,1816,-36.0,-97.0,,,
2019-10-31,C. Non-CDCR Jurisdiction,1082,1.0,61.0,,,
2019-10-31,Out of State Parole,726,2.0,92.0,,,
2019-10-31,Out of State Parolee at Large,14,1.0,-4.0,,,
2019-10-31,DJJ-W&IC 1731.5(c) Institutions,24,-2.0,-23.0,,,
2019-10-31,D. Other Populations,6382,133.0,389.0,,,
2019-10-31,Temporary Release to Court and Hospital,1564,-11.0,157.0,,,
2019-10-31,Escaped,199,0.0,2.0,,,
2019-10-31,Parolee at Large,4619,144.0,230.0,,,
2019-10-31,Total CDCR Population,184106,122.0,308.0,,,
2019-11-30,I. In-State,124500,-444.0,-1736.0,,,
2019-11-30,"(Men, Subtotal)",118926,-401.0,-1432.0,,,
2019-11-30,"(Women, Subtotal)",5574,-43.0,-304.0,,,
2019-11-30,1. Institution/Camps,117636,-253.0,-771.0,89663.0,131.2,125465.0
2019-11-30,Institutions,114623,-284.0,-294.0,85083.0,134.7,121221.0
2019-11-30,"Camps(CCC, CIW, and SCC)",3013,31.0,-477.0,4580.0,65.8,4244.0
2019-11-30,2. In-State Contract Beds,5373,-200.0,-1002.0,,,
2019-11-30,Private Community Correctional Facilities,1229,-65.0,-747.0,,,
2019-11-30,Public Community Correctional Facilities,1645,-28.0,-62.0,,,
2019-11-30,Community Prisoner Mother Program,23,0.0,6.0,,,
2019-11-30,California City Correctional Facility,2244,-94.0,-202.0,,,
2019-11-30,"Female Community ReEntry Facility, McFarland",232,-13.0,3.0,,,
2019-11-30,3. Department of State Hospitals,322,2.0,113.0,,,
2019-11-30,4. CRPP Supervision,1169,7.0,-76.0,,,
2019-11-30,Alternative Custody Program,157,-3.0,-50.0,,,
2019-11-30,Custody to Community Treatment Reentry Program,341,2.0,-41.0,,,
2019-11-30,Male Community Reentry Program,644,6.0,16.0,,,
2019-11-30,Medical Parole,27,2.0,-1.0,,,
2019-11-30,B. Parole,51853,155.0,3429.0,,,
2019-11-30,Community Supervision,50048,166.0,3514.0,,,
2019-11-30,Interstate Cooperative Case,1805,-11.0,-85.0,,,
2019-11-30,C. Non-CDCR Jurisdiction,1087,5.0,63.0,,,
2019-11-30,Out of State Parole,728,2.0,86.0,,,
2019-11-30,Out of State Parolee at Large,13,-1.0,-3.0,,,
2019-11-30,DJJ-W&IC 1731.5(c) Institutions,24,0.0,-17.0,,,
2019-11-30,D. Other Populations,6521,139.0,394.0,,,
2019-11-30,Temporary Release to Court and Hospital,1578,14.0,231.0,,,
2019-11-30,Escaped,198,-1.0,0.0,,,
2019-11-30,Parolee at Large,4745,126.0,163.0,,,
2019-11-30,Total CDCR Population,183961,-145.0,158.0,,,
2019-12-31,I. In-State,124027,-473.0,-1695.0,,,
2019-12-31,"(Men, Subtotal)",118494,-432.0,-1458.0,,,
2019-12-31,"(Women, Subtotal)",5533,-41.0,-237.0,,,
2019-12-31,1. Institution/Camps,117393,-243.0,-544.0,89663.0,130.9,125465.0
2019-12-31,Institutions,114479,-144.0,39.0,85083.0,134.5,121221.0
2019-12-31,"Camps(CCC, CIW, and SCC)",2914,-99.0,-583.0,4580.0,63.6,4244.0
2019-12-31,2. In-State Contract Beds,5168,-205.0,-1173.0,,,
2019-12-31,Private Community Correctional Facilities,1134,-95.0,-831.0,,,
2019-12-31,Public Community Correctional Facilities,1599,-46.0,-68.0,,,
2019-12-31,Community Prisoner Mother Program,24,1.0,9.0,,,
2019-12-31,California City Correctional Facility,2179,-65.0,-317.0,,,
2019-12-31,"Female Community ReEntry Facility, McFarland",232,0.0,34.0,,,
2019-12-31,3. Department of State Hospitals,327,5.0,129.0,,,
2019-12-31,4. CRPP Supervision,1139,-30.0,-107.0,,,
2019-12-31,Alternative Custody Program,145,-12.0,-64.0,,,
2019-12-31,Custody to Community Treatment Reentry Program,343,2.0,-38.0,,,
2019-12-31,Male Community Reentry Program,623,-21.0,-8.0,,,
2019-12-31,Medical Parole,28,1.0,3.0,,,
2019-12-31,B. Parole,51923,70.0,3272.0,,,
2019-12-31,Community Supervision,50117,69.0,3335.0,,,
2019-12-31,Interstate Cooperative Case,1806,1.0,-63.0,,,
2019-12-31,C. Non-CDCR Jurisdiction,1068,-19.0,43.0,,,
2019-12-31,Out of State Parole,721,-7.0,70.0,,,
2019-12-31,Out of State Parolee at Large,13,0.0,0.0,,,
2019-12-31,DJJ-W&IC 1731.5(c) Institutions,23,-1.0,-16.0,,,
2019-12-31,D. Other Populations,6636,115.0,551.0,,,
2019-12-31,Temporary Release to Court and Hospital,1480,-98.0,254.0,,,
2019-12-31,Escaped,200,2.0,0.0,,,
2019-12-31,Parolee at Large,4956,211.0,297.0,,,
2019-12-31,Total CDCR Population,183654,-307.0,184.0,,,
2020-01-31,I. In-State,123649,-378.0,-1366.0,,,
2020-01-31,"(Men, Subtotal)",118187,-307.0,-1064.0,,,
2020-01-31,"(Women, Subtotal)",5462,-71.0,-302.0,,,
2020-01-31,1. Institution/Camps,117454,61.0,224.0,89663.0,131.0,124193.0
2020-01-31,Institutions,114465,-14.0,604.0,85083.0,134.5,119959.0
2020-01-31,"Camps(CCC, CIW, and SCC)",2989,75.0,-380.0,4580.0,65.3,4234.0
2020-01-31,2. In-State Contract Beds,4744,-424.0,-1627.0,,,
2020-01-31,Private Community Correctional Facilities,792,-342.0,-1203.0,,,
2020-01-31,Public Community Correctional Facilities,1600,1.0,-84.0,,,
2020-01-31,Community Prisoner Mother Program,24,0.0,10.0,,,
2020-01-31,California City Correctional Facility,2140,-39.0,-334.0,,,
2020-01-31,"Female Community ReEntry Facility, McFarland",188,-44.0,-16.0,,,
2020-01-31,3. Department of State Hospitals,301,-26.0,123.0,,,
2020-01-31,4. CRPP Supervision,1150,11.0,-86.0,,,
2020-01-31,Alternative Custody Program,133,-12.0,-53.0,,,
2020-01-31,Custody to Community Treatment Reentry Program,369,26.0,-23.0,,,
2020-01-31,Male Community Reentry Program,620,-3.0,-14.0,,,
2020-01-31,Medical Parole,28,0.0,4.0,,,
2020-01-31,B. Parole,52307,384.0,3257.0,,,
2020-01-31,Community Supervision,50506,389.0,3329.0,,,
2020-01-31,Interstate Cooperative Case,1801,-5.0,-72.0,,,
2020-01-31,C. Non-CDCR Jurisdiction,981,-87.0,-47.0,,,
2020-01-31,Out of State Parole,642,-79.0,-12.0,,,
2020-01-31,Out of State Parolee at Large,12,-1.0,-1.0,,,
2020-01-31,DJJ-W&IC 1731.5(c) Institutions,21,-2.0,-19.0,,,
2020-01-31,D. Other Populations,6605,-31.0,416.0,,,
2020-01-31,Temporary Release to Court and Hospital,1561,81.0,215.0,,,
2020-01-31,Escaped,199,-1.0,0.0,,,
2020-01-31,Parolee at Large,4845,-111.0,201.0,,,
2020-01-31,Total CDCR Population,183542,-112.0,439.0,,,
2020-02-29,I. In-State,123123,-526.0,-1951.0,,,
2020-02-29,"(Men, Subtotal)",117712,-475.0,-1632.0,,,
2020-02-29,"(Women, Subtotal)",5411,-51.0,-319.0,,,
2020-02-29,1. Institution/Camps,117344,-110.0,162.0,89663.0,130.9,123895.0
2020-02-29,Institutions,114308,-157.0,652.0,85083.0,134.3,119661.0
2020-02-29,"Camps(CCC, CIW, and SCC)",3036,47.0,-490.0,4580.0,66.3,4234.0
2020-02-29,2. In-State Contract Beds,4315,-429.0,-2143.0,,,
2020-02-29,Private Community Correctional Facilities,412,-380.0,-1670.0,,,
2020-02-29,Public Community Correctional Facilities,1598,-2.0,-164.0,,,
2020-02-29,Community Prisoner Mother Program,24,0.0,11.0,,,
2020-02-29,California City Correctional Facility,2113,-27.0,-287.0,,,
2020-02-29,"Female Community ReEntry Facility, McFarland",168,-20.0,-33.0,,,
2020-02-29,3. Department of State Hospitals,298,-3.0,116.0,,,
2020-02-29,4. CRPP Supervision,1166,16.0,-86.0,,,
2020-02-29,Alternative Custody Program,135,2.0,-57.0,,,
2020-02-29,Custody to Community Treatment Reentry Program,384,15.0,-8.0,,,
2020-02-29,Male Community Reentry Program,620,0.0,-24.0,,,
2020-02-29,Medical Parole,27,-1.0,3.0,,,
2020-02-29,B. Parole,52399,92.0,3022.0,,,
2020-02-29,Community Supervision,50620,114.0,3131.0,,,
2020-02-29,Interstate Cooperative Case,1779,-22.0,-109.0,,,
2020-02-29,C. Non-CDCR Jurisdiction,1077,96.0,41.0,,,
2020-02-29,Out of State Parole,736,94.0,65.0,,,
2020-02-29,Out of State Parolee at Large,16,4.0,5.0,,,
2020-02-29,DJJ-W&IC 1731.5(c) Institutions,20,-1.0,-17.0,,,
2020-02-29,D. Other Populations,6568,-37.0,461.0,,,
2020-02-29,Temporary Release to Court and Hospital,1626,65.0,221.0,,,
2020-02-29,Escaped,198,-1.0,-1.0,,,
2020-02-29,Parolee at Large,4744,-101.0,241.0,,,
2020-02-29,Total CDCR Population,183167,-375.0,110.0,,,
2020-03-31,I. In-State,122409,-714.0,-3016.0,,,
2020-03-31,"(Men, Subtotal)",116992,-720.0,-2677.0,,,
2020-03-31,"(Women, Subtotal)",5417,6.0,-339.0,,,
2020-03-31,1. Institution/Camps,116886,-458.0,-669.0,89663.0,130.4,123895.0
2020-03-31,Institutions,113752,-556.0,-212.0,85083.0,133.7,119661.0
2020-03-31,"Camps(CCC, CIW, and SCC)",3134,98.0,-457.0,4580.0,68.4,4234.0
2020-03-31,2. In-State Contract Beds,4090,-225.0,-2381.0,,,
2020-03-31,Private Community Correctional Facilities,219,-193.0,-1832.0,,,
2020-03-31,Public Community Correctional Facilities,1611,13.0,-152.0,,,
2020-03-31,Community Prisoner Mother Program,24,0.0,6.0,,,
2020-03-31,California City Correctional Facility,2070,-43.0,-349.0,,,
2020-03-31,"Female Community ReEntry Facility, McFarland",166,-2.0,-54.0,,,
2020-03-31,3. Department of State Hospitals,306,8.0,120.0,,,
2020-03-31,4. CRPP Supervision,1127,-39.0,-86.0,,,
2020-03-31,Alternative Custody Program,135,0.0,-38.0,,,
2020-03-31,Custody to Community Treatment Reentry Program,360,-24.0,-19.0,,,
2020-03-31,Male Community Reentry Program,605,-15.0,-31.0,,,
2020-03-31,Medical Parole,27,0.0,2.0,,,
2020-03-31,B. Parole,52542,143.0,3105.0,,,
2020-03-31,Community Supervision,50785,165.0,3225.0,,,
2020-03-31,Interstate Cooperative Case,1757,-22.0,-120.0,,,
2020-03-31,C. Non-CDCR Jurisdiction,1075,-2.0,22.0,,,
2020-03-31,Out of State Parole,738,2.0,56.0,,,
2020-03-31,Out of State Parolee at Large,15,-1.0,2.0,,,
2020-03-31,DJJ-W&IC 1731.5(c) Institutions,19,-1.0,-17.0,,,
2020-03-31,D. Other Populations,6553,-15.0,243.0,,,
2020-03-31,Temporary Release to Court and Hospital,1507,-119.0,28.0,,,
2020-03-31,Escaped,200,2.0,1.0,,,
2020-03-31,Parolee at Large,4846,102.0,214.0,,,
2020-03-31,Total CDCR Population,182579,-588.0,-780.0,,,
2020-04-30,I. In-State,117767,-4642.0,-8056.0,,,
2020-04-30,"(Men, Subtotal)",112713,-4279.0,-7313.0,,,
2020-04-30,"(Women, Subtotal)",5054,-363.0,-743.0,,,
2020-04-30,1. Institution/Camps,112573,-4313.0,-5370.0,89663.0,125.6,124628.0
2020-04-30,Institutions,109466,-4286.0,-4976.0,85083.0,128.7,120394.0
2020-04-30,"Camps(CCC, CIW, and SCC)",3107,-27.0,-394.0,4580.0,67.8,4234.0
2020-04-30,2. In-State Contract Beds,4002,-88.0,-2486.0,,,
2020-04-30,Private Community Correctional Facilities,181,-38.0,-1858.0,,,
2020-04-30,Public Community Correctional Facilities,1499,-112.0,-273.0,,,
2020-04-30,Community Prisoner Mother Program,18,-6.0,-5.0,,,
2020-04-30,California City Correctional Facility,2081,11.0,-329.0,,,
2020-04-30,"Female Community ReEntry Facility, McFarland",223,57.0,-21.0,,,
2020-04-30,3. Department of State Hospitals,297,-9.0,110.0,,,
2020-04-30,4. CRPP Supervision,895,-232.0,-310.0,,,
2020-04-30,Alternative Custody Program,88,-47.0,-78.0,,,
2020-04-30,Custody to Community Treatment Reentry Program,316,-44.0,-75.0,,,
2020-04-30,Male Community Reentry Program,462,-143.0,-161.0,,,
2020-04-30,Medical Parole,29,2.0,4.0,,,
2020-04-30,B. Parole,53421,879.0,3731.0,,,
2020-04-30,Community Supervision,51700,915.0,3894.0,,,
2020-04-30,Interstate Cooperative Case,1721,-36.0,-163.0,,,
2020-04-30,C. Non-CDCR Jurisdiction,1073,-2.0,21.0,,,
2020-04-30,Out of State Parole,735,-3.0,53.0,,,
2020-04-30,Out of State Parolee at Large,17,2.0,2.0,,,
2020-04-30,DJJ-W&IC 1731.5(c) Institutions,18,-1.0,-17.0,,,
2020-04-30,D. Other Populations,6721,168.0,523.0,,,
2020-04-30,Temporary Release to Court and Hospital,1511,4.0,34.0,,,
2020-04-30,Escaped,199,-1.0,0.0,,,
2020-04-30,Parolee at Large,5011,165.0,489.0,,,
2020-04-30,Total CDCR Population,178982,-3597.0,-4558.0,,,
2020-05-31,I. In-State,116197,-1570.0,-9262.0,,,
2020-05-31,"(Men, Subtotal)",111258,-1455.0,-8481.0,,,
2020-05-31,"(Women, Subtotal)",4939,-115.0,-781.0,,,
2020-05-31,1. Institution/Camps,111072,-1501.0,-6515.0,89663.0,123.9,124740.0
2020-05-31,Institutions,107885,-1581.0,-6498.0,85083.0,126.8,120506.0
2020-05-31,"Camps(CCC, CIW, and SCC)",3187,80.0,-17.0,4580.0,69.6,4234.0
2020-05-31,2. In-State Contract Beds,4026,24.0,-2461.0,,,
2020-05-31,Public Community Correctional Facilities,1593,94.0,-179.0,,,
2020-05-31,Community Prisoner Mother Program,17,-1.0,-5.0,,,
2020-05-31,California City Correctional Facility,2201,120.0,-248.0,,,
2020-05-31,"Female Community ReEntry Facility, McFarland",215,-8.0,-45.0,,,
2020-05-31,3. Department of State Hospitals,288,-9.0,102.0,,,
2020-05-31,4. CRPP Supervision,811,-84.0,-388.0,,,
2020-05-31,Alternative Custody Program,88,0.0,-69.0,,,
2020-05-31,Custody to Community Treatment Reentry Program,292,-24.0,-93.0,,,
2020-05-31,Male Community Reentry Program,403,-59.0,-230.0,,,
2020-05-31,Medical Parole,28,-1.0,4.0,,,
2020-05-31,B. Parole,53528,107.0,3460.0,,,
2020-05-31,Community Supervision,51866,166.0,3675.0,,,
2020-05-31,Interstate Cooperative Case,1662,-59.0,-215.0,,,
2020-05-31,C. Non-CDCR Jurisdiction,1093,20.0,20.0,,,
2020-05-31,Out of State Parole,733,-2.0,27.0,,,
2020-05-31,Out of State Parolee at Large,14,-3.0,0.0,,,
2020-05-31,DJJ-W&IC 1731.5(c) Institutions,18,0.0,-14.0,,,
2020-05-31,County Jail,26,,,,,
2020-05-31,D. Other Populations,6698,-23.0,361.0,,,
2020-05-31,Temporary Release to Court and Hospital,1571,60.0,44.0,,,
2020-05-31,Escaped,199,0.0,0.0,,,
2020-05-31,Parolee at Large,4928,-83.0,317.0,,,
2020-05-31,Total CDCR Population,177516,-1466.0,-5793.0,,,
2020-06-30,I. In-State,113403,-2794.0,-12069.0,,,
2020-06-30,"(Men, Subtotal)",108682,-2576.0,-11099.0,,,
2020-06-30,"(Women, Subtotal)",4721,-218.0,-970.0,,,
2020-06-30,1. Institution/Camps,108393,-2679.0,-9289.0,89663.0,120.9,125358.0
2020-06-30,Institutions,105410,-2475.0,-9421.0,85083.0,123.9,121124.0
2020-06-30,"Camps(CCC, CIW, and SCC)",2983,-204.0,132.0,4580.0,65.1,4234.0
2020-06-30,2. In-State Contract Beds,3880,-146.0,-2525.0,,,
2020-06-30,Public Community Correctional Facilities,1508,-85.0,-253.0,,,
2020-06-30,Community Prisoner Mother Program,15,-2.0,-7.0,,,
2020-06-30,California City Correctional Facility,2160,-41.0,-281.0,,,
2020-06-30,"Female Community ReEntry Facility, McFarland",197,-18.0,-45.0,,,
2020-06-30,3. Department of State Hospitals,283,-5.0,93.0,,,
2020-06-30,4. CRPP Supervision,847,36.0,-348.0,,,
2020-06-30,Alternative Custody Program,110,22.0,-50.0,,,
2020-06-30,Custody to Community Treatment Reentry Program,267,-25.0,-116.0,,,
2020-06-30,Male Community Reentry Program,442,39.0,-186.0,,,
2020-06-30,Medical Parole,28,0.0,4.0,,,
2020-06-30,B. Parole,53427,-101.0,2605.0,,,
2020-06-30,Community Supervision,51808,-58.0,2858.0,,,
2020-06-30,Interstate Cooperative Case,1619,-43.0,-253.0,,,
2020-06-30,C. Non-CDCR Jurisdiction,1073,-20.0,-10.0,,,
2020-06-30,Out of State Parole,726,-7.0,9.0,,,
2020-06-30,Out of State Parolee at Large,15,1.0,2.0,,,
2020-06-30,DJJ-W&IC 1731.5(c) Institutions,17,-1.0,-13.0,,,
2020-06-30,County Jail,10,-16.0,,,,
2020-06-30,D. Other Populations,7054,356.0,807.0,,,
2020-06-30,Temporary Release to Court and Hospital,1678,107.0,142.0,,,
2020-06-30,Escaped,199,0.0,0.0,,,
2020-06-30,Parolee at Large,5177,249.0,665.0,,,
2020-06-30,Total CDCR Population,174957,-2559.0,-8667.0,,,
2020-07-31,I. In-State,105875,-7528.0,-19420.0,,,
2020-07-31,"(Men, Subtotal)",101864,-6818.0,-17733.0,,,
2020-07-31,"(Women, Subtotal)",4011,-710.0,-1687.0,,,
2020-07-31,1. Institution/Camps,101523,-6870.0,-16224.0,89663.0,113.2,126240.0
2020-07-31,Institutions,99107,-6303.0,-15814.0,85083.0,116.5,122006.0
2020-07-31,"Camps(CCC, CIW, and SCC)",2416,-567.0,-410.0,4580.0,52.8,4234.0
2020-07-31,2. In-State Contract Beds,3496,-384.0,-2685.0,,,
2020-07-31,Public Community Correctional Facilities,1225,-283.0,-486.0,,,
2020-07-31,Community Prisoner Mother Program,12,-3.0,-10.0,,,
2020-07-31,California City Correctional Facility,2092,-68.0,-254.0,,,
2020-07-31,"Female Community ReEntry Facility, McFarland",167,-30.0,-85.0,,,
2020-07-31,3. Department of State Hospitals,260,-23.0,57.0,,,
2020-07-31,4. CRPP Supervision,596,-251.0,-568.0,,,
2020-07-31,Alternative Custody Program,29,-81.0,-122.0,,,
2020-07-31,Custody to Community Treatment Reentry Program,228,-39.0,-137.0,,,
2020-07-31,Male Community Reentry Program,297,-145.0,-326.0,,,
2020-07-31,Medical Parole,31,3.0,6.0,,,
2020-07-31,Medically Vulnerable Release,9,,,,,
2020-07-31,State Community Custody Program,2,,,,,
2020-07-31,B. Parole,54667,1240.0,3717.0,,,
2020-07-31,Community Supervision,53060,1252.0,3962.0,,,
2020-07-31,Interstate Cooperative Case,1607,-12.0,-245.0,,,
2020-07-31,C. Non-CDCR Jurisdiction,1137,64.0,68.0,,,
2020-07-31,Out of State Parole,730,4.0,21.0,,,
2020-07-31,Out of State Parolee at Large,15,0.0,-1.0,,,
2020-07-31,DJJ-W&IC 1731.5(c) Institutions,17,0.0,-10.0,,,
2020-07-31,County Jail,72,62.0,,,,
2020-07-31,D. Other Populations,7525,471.0,1077.0,,,
2020-07-31,Temporary Release to Court and Hospital,1690,12.0,97.0,,,
2020-07-31,Escaped,200,1.0,0.0,,,
2020-07-31,Parolee at Large,5635,458.0,980.0,,,
2020-07-31,Total CDCR Population,169204,-5753.0,-14558.0,,,
2020-08-31,I. In-State,101260,-4615.0,-23872.0,,,
2020-08-31,"(Men, Subtotal)",97518,-4346.0,-21992.0,,,
2020-08-31,"(Women, Subtotal)",3742,-269.0,-1880.0,,,
2020-08-31,1. Institution/Camps,97266,-4257.0,-20400.0,89663.0,108.5,126848.0
2020-08-31,Institutions,95278,-3829.0,-19537.0,85083.0,112.0,122614.0
2020-08-31,"Camps(CCC, CIW, and SCC)",1988,-428.0,-863.0,4580.0,43.4,4234.0
2020-08-31,2. In-State Contract Beds,3109,-387.0,-2952.0,,,
2020-08-31,Public Community Correctional Facilities,744,-481.0,-914.0,,,
2020-08-31,Community Prisoner Mother Program,12,0.0,-7.0,,,
2020-08-31,California City Correctional Facility,2235,143.0,-76.0,,,
2020-08-31,"Female Community ReEntry Facility, McFarland",118,-49.0,-159.0,,,
2020-08-31,3. Department of State Hospitals,227,-33.0,-37.0,,,
2020-08-31,4. CRPP Supervision,658,62.0,-483.0,,,
2020-08-31,Alternative Custody Program,18,-11.0,-135.0,,,
2020-08-31,Custody to Community Treatment Reentry Program,243,15.0,-110.0,,,
2020-08-31,Male Community Reentry Program,355,58.0,-255.0,,,
2020-08-31,Medical Parole,30,-1.0,5.0,,,
2020-08-31,Medically Vulnerable Release,12,3.0,,,,
2020-08-31,B. Parole,55627,960.0,4105.0,,,
2020-08-31,Community Supervision,54017,957.0,4347.0,,,
2020-08-31,Interstate Cooperative Case,1610,3.0,-242.0,,,
2020-08-31,C. Non-CDCR Jurisdiction,1254,117.0,173.0,,,
2020-08-31,Out of State Parole,742,12.0,18.0,,,
2020-08-31,Out of State Parolee at Large,18,3.0,5.0,,,
2020-08-31,DJJ-W&IC 1731.5(c) Institutions,17,0.0,-9.0,,,
2020-08-31,County Jail,175,103.0,,,,
2020-08-31,D. Other Populations,7700,175.0,1451.0,,,
2020-08-31,Temporary Release to Court and Hospital,1722,32.0,147.0,,,
2020-08-31,Escaped,200,0.0,1.0,,,
2020-08-31,Parolee at Large,5778,143.0,1303.0,,,
2020-08-31,Total CDCR Population,165841,-3363.0,-18143.0,,,
2020-09-30,I. In-State,98144,-3116.0,-26877.0,,,
2020-09-30,"(Men, Subtotal)",94653,-2865.0,-24772.0,,,
2020-09-30,"(Women, Subtotal)",3491,-251.0,-2105.0,,,
2020-09-30,1. Institution/Camps,94628,-2638.0,-23208.0,89663.0,105.5,127293.0
2020-09-30,Institutions,92816,-2462.0,-22178.0,85083.0,109.1,123059.0
2020-09-30,"Camps(CCC, CIW, and SCC)",1812,-176.0,-1030.0,4580.0,39.6,4234.0
2020-09-30,2. In-State Contract Beds,2705,-404.0,-3049.0,,,
2020-09-30,Public Community Correctional Facilities,508,-236.0,-1207.0,,,
2020-09-30,Community Prisoner Mother Program,9,-3.0,-14.0,,,
2020-09-30,California City Correctional Facility,2188,-47.0,-180.0,,,
2020-09-30,3. Department of State Hospitals,224,-3.0,-67.0,,,
2020-09-30,4. CRPP Supervision,587,-71.0,-553.0,,,
2020-09-30,Alternative Custody Program,21,3.0,-134.0,,,
2020-09-30,Custody to Community Treatment Reentry Program,246,3.0,-85.0,,,
2020-09-30,Male Community Reentry Program,280,-75.0,-348.0,,,
2020-09-30,Medical Parole,29,-1.0,3.0,,,
2020-09-30,Medically Vulnerable Release,11,-1.0,,,,
2020-09-30,B. Parole,57029,1402.0,5344.0,,,
2020-09-30,Community Supervision,55439,1422.0,5590.0,,,
2020-09-30,Interstate Cooperative Case,1590,-20.0,-246.0,,,
2020-09-30,C. Non-CDCR Jurisdiction,1411,157.0,330.0,,,
2020-09-30,Out of State Parole,751,9.0,30.0,,,
2020-09-30,Out of State Parolee at Large,17,-1.0,2.0,,,
2020-09-30,DJJ-W&IC 1731.5(c) Institutions,17,0.0,-8.0,,,
2020-09-30,County Jail,328,153.0,,,,
2020-09-30,D. Other Populations,7865,165.0,1637.0,,,
2020-09-30,Temporary Release to Court and Hospital,1779,57.0,227.0,,,
2020-09-30,Escaped,200,0.0,2.0,,,
2020-09-30,Parolee at Large,5886,108.0,1408.0,,,
2020-09-30,Total CDCR Population,164449,-1392.0,-19566.0,,,
2020-10-31,I. In-State,97679,-465.0,-27265.0,,,
2020-10-31,"(Men, Subtotal)",94171,-482.0,-25156.0,,,
2020-10-31,"(Women, Subtotal)",3508,17.0,-2109.0,,,
2020-10-31,1. Institution/Camps,94270,-358.0,-23619.0,89663.0,105.1,126420.0
2020-10-31,Institutions,92468,-348.0,-22439.0,85083.0,108.7,122186.0
2020-10-31,"Camps(CCC, CIW, and SCC)",1802,-10.0,-1180.0,4580.0,39.3,4234.0
2020-10-31,2. In-State Contract Beds,2553,-152.0,-3020.0,,,
2020-10-31,Public Community Correctional Facilities,395,-113.0,-1278.0,,,
2020-10-31,Community Prisoner Mother Program,7,-2.0,-16.0,,,
2020-10-31,California City Correctional Facility,2151,-37.0,-187.0,,,
2020-10-31,3. Department of State Hospitals,244,20.0,-76.0,,,
2020-10-31,4. CRPP Supervision,612,25.0,-550.0,,,
2020-10-31,Alternative Custody Program,17,-4.0,-143.0,,,
2020-10-31,Custody to Community Treatment Reentry Program,264,18.0,-75.0,,,
2020-10-31,Male Community Reentry Program,291,11.0,-347.0,,,
2020-10-31,Medical Parole,31,2.0,6.0,,,
2020-10-31,Medically Vulnerable Release,9,-2.0,,,,
2020-10-31,B. Parole,56488,-541.0,4790.0,,,
2020-10-31,Community Supervision,54889,-550.0,5007.0,,,
2020-10-31,Interstate Cooperative Case,1599,9.0,-217.0,,,
2020-10-31,C. Non-CDCR Jurisdiction,2937,1526.0,1855.0,,,
2020-10-31,Out of State Parole,767,16.0,41.0,,,
2020-10-31,Out of State Parolee at Large,18,1.0,4.0,,,
2020-10-31,DJJ-W&IC 1731.5(c) Institutions,17,0.0,-7.0,,,
2020-10-31,County Jail,1839,1511.0,,,,
2020-10-31,D. Other Populations,8148,283.0,1766.0,,,
2020-10-31,Temporary Release to Court and Hospital,1750,-29.0,186.0,,,
2020-10-31,Escaped,200,0.0,1.0,,,
2020-10-31,Parolee at Large,6198,312.0,1579.0,,,
2020-10-31,Total CDCR Population,165252,803.0,-18854.0,,,
2020-11-30,I. In-State,97529,-615.0,-27415.0,,,
2020-11-30,"(Men, Subtotal)",94015,-638.0,-25312.0,,,
2020-11-30,"(Women, Subtotal)",3514,23.0,-2103.0,,,
2020-11-30,1. Institution/Camps,94146,-482.0,-23743.0,89663.0,105.0,126678.0
2020-11-30,Institutions,92429,-387.0,-22478.0,85083.0,108.6,122764.0
2020-11-30,"Camps(CCC, CIW, and SCC)",1717,-95.0,-1265.0,4580.0,37.5,3914.0
2020-11-30,2. In-State Contract Beds,2481,-224.0,-3092.0,,,
2020-11-30,Public Community Correctional Facilities,391,-117.0,-1282.0,,,
2020-11-30,Community Prisoner Mother Program,8,-1.0,-15.0,,,
2020-11-30,California City Correctional Facility,2082,-106.0,-256.0,,,
2020-11-30,3. Department of State Hospitals,216,-8.0,-104.0,,,
2020-11-30,4. CRPP Supervision,686,99.0,-476.0,,,
2020-11-30,Alternative Custody Program,27,6.0,-133.0,,,
2020-11-30,Custody to Community Treatment Reentry Program,272,26.0,-67.0,,,
2020-11-30,Male Community Reentry Program,340,60.0,-298.0,,,
2020-11-30,Medical Parole,35,6.0,10.0,,,
2020-11-30,Medical Reprieve Program,4,,,,,
2020-11-30,Medically Vulnerable Release,8,-3.0,,,,
2020-11-30,B. Parole,55662,-1367.0,3964.0,,,
2020-11-30,Community Supervision,54081,-1358.0,4199.0,,,
2020-11-30,Interstate Cooperative Case,1581,-9.0,-235.0,,,
2020-11-30,C. Non-CDCR Jurisdiction,3084,1673.0,2002.0,,,
2020-11-30,Out of State Parole,753,2.0,27.0,,,
2020-11-30,Out of State Parolee at Large,18,1.0,4.0,,,
2020-11-30,DJJ-W&IC 1731.5(c) Institutions,17,0.0,-7.0,,,
2020-11-30,County Jail,2022,1694.0,,,,
2020-11-30,D. Other Populations,8097,232.0,1715.0,,,
2020-11-30,Temporary Release to Court and Hospital,1705,-74.0,141.0,,,
2020-11-30,Escaped,197,-3.0,-2.0,,,
2020-11-30,Parolee at Large,6195,309.0,1576.0,,,
2020-11-30,Total CDCR Population,164372,-77.0,-19734.0,,,
2020-12-31,I. In-State,95432,-2097.0,-28595.0,,,
2020-12-31,"(Men, Subtotal)",92003,-2012.0,-26491.0,,,
2020-12-31,"(Women, Subtotal)",3429,-85.0,-2104.0,,,
2020-12-31,1. Institution/Camps,92116,-2030.0,-25277.0,89663.0,102.7,126536.0
2020-12-31,Institutions,90616,-1813.0,-23863.0,85083.0,106.5,123142.0
2020-12-31,"Camps(CCC, CIW, and SCC)",1500,-217.0,-1414.0,4580.0,32.8,3394.0
2020-12-31,2. In-State Contract Beds,2397,-84.0,-2771.0,,,
2020-12-31,Public Community Correctional Facilities,375,-16.0,-1224.0,,,
2020-12-31,Community Prisoner Mother Program,7,-1.0,-17.0,,,
2020-12-31,California City Correctional Facility,2015,-67.0,-164.0,,,
2020-12-31,3. Department of State Hospitals,209,-7.0,-118.0,,,
2020-12-31,4. CRPP Supervision,710,24.0,-429.0,,,
2020-12-31,Alternative Custody Program,33,6.0,-112.0,,,
2020-12-31,Custody to Community Treatment Reentry Program,264,-8.0,-79.0,,,
2020-12-31,Male Community Reentry Program,353,13.0,-270.0,,,
2020-12-31,Medical Parole,49,14.0,21.0,,,
2020-12-31,Medical Reprieve Program,4,0.0,,,,
2020-12-31,Medically Vulnerable Release,7,-1.0,,,,
2020-12-31,B. Parole,55133,-529.0,3210.0,,,
2020-12-31,Community Supervision,53538,-543.0,3421.0,,,
2020-12-31,Interstate Cooperative Case,1595,14.0,-211.0,,,
2020-12-31,C. Non-CDCR Jurisdiction,3931,847.0,2863.0,,,
2020-12-31,Out of State Parole,765,12.0,44.0,,,
2020-12-31,Out of State Parolee at Large,18,0.0,5.0,,,
2020-12-31,DJJ-W&IC 1731.5(c) Institutions,16,-1.0,-7.0,,,
2020-12-31,County Jail,2867,845.0,,,,
2020-12-31,D. Other Populations,8430,333.0,1794.0,,,
2020-12-31,Temporary Release to Court and Hospital,1819,114.0,339.0,,,
2020-12-31,Escaped,197,0.0,-3.0,,,
2020-12-31,Parolee at Large,6414,219.0,1458.0,,,
2020-12-31,Total CDCR Population,162926,-1446.0,-20728.0,,,
2021-01-31,I. In-State,94310,-1122.0,-29339.0,,,
2021-01-31,"(Men, Subtotal)",90934,-1069.0,-27253.0,,,
2021-01-31,"(Women, Subtotal)",3376,-53.0,-2086.0,,,
2021-01-31,1. Institution/Camps,90995,-1121.0,-26459.0,88773.0,102.5,132726.0
2021-01-31,Institutions,89554,-1062.0,-24911.0,85083.0,105.3,129332.0
2021-01-31,"Camps(CCC, CIW, and SCC)",1441,-59.0,-1548.0,3690.0,39.1,3394.0
2021-01-31,2. In-State Contract Beds,2367,-30.0,-2377.0,,,
2021-01-31,Public Community Correctional Facilities,371,-4.0,-1229.0,,,
2021-01-31,Community Prisoner Mother Program,5,-2.0,-19.0,,,
2021-01-31,California City Correctional Facility,1991,-24.0,-149.0,,,
2021-01-31,3. Department of State Hospitals,209,0.0,-92.0,,,
2021-01-31,4. CRPP Supervision,739,29.0,-411.0,,,
2021-01-31,Alternative Custody Program,34,1.0,-99.0,,,
2021-01-31,Custody to Community Treatment Reentry Program,249,-15.0,-120.0,,,
2021-01-31,Male Community Reentry Program,389,36.0,-231.0,,,
2021-01-31,Medical Parole,55,6.0,27.0,,,
2021-01-31,Medical Reprieve Program,6,2.0,,,,
2021-01-31,Medically Vulnerable Release,6,-1.0,,,,
2021-01-31,B. Parole,54599,-534.0,2292.0,,,
2021-01-31,Community Supervision,53002,-536.0,2496.0,,,
2021-01-31,Interstate Cooperative Case,1597,2.0,-204.0,,,
2021-01-31,C. Non-CDCR Jurisdiction,4671,740.0,3690.0,,,
2021-01-31,Out of State Parole,767,2.0,125.0,,,
2021-01-31,Out of State Parolee at Large,20,2.0,8.0,,,
2021-01-31,DJJ-W&IC 1731.5(c) Institutions,12,-4.0,-9.0,,,
2021-01-31,County Jail,3611,744.0,,,,
2021-01-31,D. Other Populations,8297,-133.0,1692.0,,,
2021-01-31,Temporary Release to Court and Hospital,1714,-105.0,153.0,,,
2021-01-31,Escaped,198,1.0,-1.0,,,
2021-01-31,Parolee at Large,6385,-29.0,1540.0,,,
2021-01-31,Total CDCR Population,161877,-1049.0,-21665.0,,,
2021-02-28,I. In-State,94607,297.0,-28516.0,,,
2021-02-28,"(Men, Subtotal)",91221,287.0,-26491.0,,,
2021-02-28,"(Women, Subtotal)",3386,10.0,-2025.0,,,
2021-02-28,1. Institution/Camps,91279,284.0,-26065.0,88773.0,102.8,127417.0
2021-02-28,Institutions,89910,356.0,-24398.0,85083.0,105.7,124217.0
2021-02-28,"Camps(CCC, CIW, and SCC)",1369,-72.0,-1667.0,3690.0,37.1,3200.0
2021-02-28,2. In-State Contract Beds,2281,-86.0,-2034.0,,,
2021-02-28,Public Community Correctional Facilities,358,-13.0,-1240.0,,,
2021-02-28,Community Prisoner Mother Program,4,-1.0,-20.0,,,
2021-02-28,California City Correctional Facility,1919,-72.0,-194.0,,,
2021-02-28,3. Department of State Hospitals,199,-10.0,-99.0,,,
2021-02-28,4. CRPP Supervision,848,109.0,-318.0,,,
2021-02-28,Alternative Custody Program,34,0.0,-101.0,,,
2021-02-28,Custody to Community Treatment Reentry Program,264,15.0,-120.0,,,
2021-02-28,Male Community Reentry Program,474,85.0,-146.0,,,
2021-02-28,Medical Parole,61,6.0,34.0,,,
2021-02-28,Medical Reprieve Program,9,3.0,,,,
2021-02-28,Medically Vulnerable Release,6,0.0,,,,
2021-02-28,B. Parole,53458,-1141.0,1059.0,,,
2021-02-28,Community Supervision,51855,-1147.0,1235.0,,,
2021-02-28,Interstate Cooperative Case,1603,6.0,-176.0,,,
2021-02-28,C. Non-CDCR Jurisdiction,4806,135.0,3729.0,,,
2021-02-28,Out of State Parole,763,-4.0,27.0,,,
2021-02-28,Out of State Parolee at Large,22,2.0,6.0,,,
2021-02-28,DJJ-W&IC 1731.5(c) Institutions,12,0.0,-8.0,,,
2021-02-28,County Jail,3743,132.0,,,,
2021-02-28,D. Other Populations,8172,-125.0,1604.0,,,
2021-02-28,Temporary Release to Court and Hospital,1554,-160.0,-72.0,,,
2021-02-28,Escaped,198,0.0,0.0,,,
2021-02-28,Parolee at Large,6420,35.0,1676.0,,,
2021-02-28,Total CDCR Population,161043,-834.0,-22124.0,,,
2021-03-31,I. In-State,95032,425.0,-27377.0,,,
2021-03-31,"(Men, Subtotal)",91522,301.0,-25470.0,,,
2021-03-31,"(Women, Subtotal)",3510,124.0,-1907.0,,,
2021-03-31,1. Institution/Camps,91903,624.0,-24983.0,88773.0,103.5,126712.0
2021-03-31,Institutions,90458,548.0,-23294.0,85083.0,106.3,123318.0
2021-03-31,"Camps(CCC, CIW, and SCC)",1445,76.0,-1689.0,3690.0,39.2,3394.0
2021-03-31,2. In-State Contract Beds,2051,-230.0,-2039.0,,,
2021-03-31,Public Community Correctional Facilities,208,-150.0,-1403.0,,,
2021-03-31,Community Prisoner Mother Program,3,-1.0,-21.0,,,
2021-03-31,California City Correctional Facility,1840,-79.0,-230.0,,,
2021-03-31,3. Department of State Hospitals,176,-23.0,-130.0,,,
2021-03-31,4. CRPP Supervision,902,54.0,-225.0,,,
2021-03-31,Alternative Custody Program,28,-6.0,-107.0,,,
2021-03-31,Custody to Community Treatment Reentry Program,284,20.0,-76.0,,,
2021-03-31,Male Community Reentry Program,499,25.0,-106.0,,,
2021-03-31,Medical Parole,67,6.0,40.0,,,
2021-03-31,Medical Reprieve Program,18,9.0,,,,
2021-03-31,Medically Vulnerable Release,6,0.0,,,,
2021-03-31,B. Parole,51367,-2091.0,-1175.0,,,
2021-03-31,Community Supervision,49793,-2062.0,-992.0,,,
2021-03-31,Interstate Cooperative Case,1574,-29.0,-183.0,,,
2021-03-31,C. Non-CDCR Jurisdiction,4949,143.0,3874.0,,,
2021-03-31,Out of State Parole,752,-11.0,14.0,,,
2021-03-31,Out of State Parolee at Large,22,0.0,7.0,,,
2021-03-31,DJJ-W&IC 1731.5(c) Institutions,10,-2.0,-9.0,,,
2021-03-31,County Jail,3903,160.0,,,,
2021-03-31,D. Other Populations,8230,58.0,1677.0,,,
2021-03-31,Temporary Release to Court and Hospital,1467,-87.0,-40.0,,,
2021-03-31,Escaped,199,1.0,-1.0,,,
2021-03-31,Parolee at Large,6564,144.0,1718.0,,,
2021-03-31,Total CDCR Population,159578,-1465.0,-23001.0,,,
2021-04-30,I. In-State,95850,818.0,-21917.0,,,
2021-04-30,"(Men, Subtotal)",92138,616.0,-20575.0,,,
2021-04-30,"(Women, Subtotal)",3712,202.0,-1342.0,,,
2021-04-30,1. Institution/Camps,92685,782.0,-19888.0,88773.0,104.4,126574.0
2021-04-30,Institutions,91195,737.0,-18271.0,85083.0,107.2,123180.0
2021-04-30,"Camps(CCC, CIW, and SCC)",1490,45.0,-1617.0,3690.0,40.4,3394.0
2021-04-30,2. In-State Contract Beds,2047,-4.0,-1955.0,,,
2021-04-30,Public Community Correctional Facilities,57,-151.0,-1442.0,,,
2021-04-30,Community Prisoner Mother Program,3,0.0,-15.0,,,
2021-04-30,California City Correctional Facility,1987,147.0,-94.0,,,
2021-04-30,3. Department of State Hospitals,186,10.0,-111.0,,,
2021-04-30,4. CRPP Supervision,932,30.0,37.0,,,
2021-04-30,Alternative Custody Program,32,4.0,-56.0,,,
2021-04-30,Custody to Community Treatment Reentry Program,310,26.0,-6.0,,,
2021-04-30,Male Community Reentry Program,495,-4.0,33.0,,,
2021-04-30,Medical Parole,72,5.0,43.0,,,
2021-04-30,Medical Reprieve Program,17,-1.0,,,,
2021-04-30,Medically Vulnerable Release,6,0.0,,,,
2021-04-30,B. Parole,51027,-340.0,-2394.0,,,
2021-04-30,Community Supervision,49466,-327.0,-2234.0,,,
2021-04-30,Interstate Cooperative Case,1561,-13.0,-160.0,,,
2021-04-30,C. Non-CDCR Jurisdiction,5312,363.0,4239.0,,,
2021-04-30,Out of State Parole,769,17.0,34.0,,,
2021-04-30,Out of State Parolee at Large,22,0.0,5.0,,,
2021-04-30,DJJ-W&IC 1731.5(c) Institutions,9,-1.0,-9.0,,,
2021-04-30,County Jail,4253,350.0,,,,
2021-04-30,D. Other Populations,8209,-21.0,1488.0,,,
2021-04-30,Temporary Release to Court and Hospital,1344,-123.0,-167.0,,,
2021-04-30,Escaped,197,-2.0,-2.0,,,
2021-04-30,Parolee at Large,6668,104.0,1657.0,,,
2021-04-30,Total CDCR Population,160398,820.0,-18584.0,,,
2021-05-31,I. In-State,97200,1350.0,-18997.0,,,
2021-05-31,"(Men, Subtotal)",93365,1227.0,-17893.0,,,
2021-05-31,"(Women, Subtotal)",3835,123.0,-1104.0,,,
2021-05-31,1. Institution/Camps,94103,1418.0,-16969.0,88773.0,106.0,127327.0
2021-05-31,Institutions,92566,1371.0,-15319.0,85083.0,108.8,123933.0
2021-05-31,"Camps(CCC, CIW, and SCC)",1537,47.0,-1650.0,3690.0,41.7,3394.0
2021-05-31,2. In-State Contract Beds,2004,-43.0,-2022.0,,,
2021-05-31,Community Prisoner Mother Program,3,0.0,-14.0,,,
2021-05-31,California City Correctional Facility,2001,14.0,-200.0,,,
2021-05-31,3. Department of State Hospitals,182,-4.0,-106.0,,,
2021-05-31,4. CRPP Supervision,911,-21.0,100.0,,,
2021-05-31,Alternative Custody Program,32,0.0,-56.0,,,
2021-05-31,Custody to Community Treatment Reentry Program,294,-16.0,2.0,,,
2021-05-31,Male Community Reentry Program,485,-10.0,82.0,,,
2021-05-31,Medical Parole,76,4.0,48.0,,,
2021-05-31,Medical Reprieve Program,18,1.0,,,,
2021-05-31,Medically Vulnerable Release,6,0.0,,,,
2021-05-31,B. Parole,50762,-265.0,-2766.0,,,
2021-05-31,Community Supervision,49222,-244.0,-2644.0,,,
2021-05-31,Interstate Cooperative Case,1540,-21.0,-122.0,,,
2021-05-31,C. Non-CDCR Jurisdiction,4497,-815.0,3404.0,,,
2021-05-31,Out of State Parole,769,0.0,36.0,,,
2021-05-31,Out of State Parolee at Large,17,-5.0,3.0,,,
2021-05-31,DJJ-W&IC 1731.5(c) Institutions,9,0.0,-9.0,,,
2021-05-31,County Jail,3442,-811.0,3416.0,,,
2021-05-31,D. Other Populations,8231,22.0,1533.0,,,
2021-05-31,Temporary Release to Court and Hospital,1310,-34.0,-261.0,,,
2021-05-31,Escaped,196,-1.0,-3.0,,,
2021-05-31,Parolee at Large,6725,57.0,1797.0,,,
2021-05-31,Total CDCR Population,160690,292.0,-16826.0,,,
2021-06-30,I. In-State,98472,282.0,-14820.0,,,
2021-06-30,"(Men, Subtotal)",94562,305.0,-14020.0,,,
2021-06-30,"(Women, Subtotal)",3910,-23.0,-800.0,,,
2021-06-30,1. Institution/Camps,95304,252.0,-12995.0,88773.0,107.4,128726.0
2021-06-30,Institutions,93612,220.0,-11716.0,85083.0,110.0,125332.0
2021-06-30,"Camps(CCC, CIW, and SCC)",1692,32.0,-1279.0,3690.0,45.9,3394.0
2021-06-30,2. In-State Contract Beds,2091,35.0,-1778.0,,,
2021-06-30,Community Prisoner Mother Program,3,0.0,-12.0,,,
2021-06-30,California City Correctional Facility,2088,35.0,-67.0,,,
2021-06-30,3. Department of State Hospitals,177,-1.0,-106.0,,,
2021-06-30,4. CRPP Supervision,900,-4.0,59.0,,,
2021-06-30,Alternative Custody Program,37,2.0,-72.0,,,
2021-06-30,Custody to Community Treatment Reentry Program,289,-3.0,24.0,,,
2021-06-30,Male Community Reentry Program,471,-2.0,32.0,,,
2021-06-30,Medical Parole,71,-1.0,43.0,,,
2021-06-30,Medical Reprieve Program,26,0.0,,,,
2021-06-30,Medically Vulnerable Release,6,0.0,,,,
2021-06-30,B. Parole,50322,-28.0,-3059.0,,,
2021-06-30,Community Supervision,48794,-19.0,-2974.0,,,
2021-06-30,Interstate Cooperative Case,1528,-9.0,-85.0,,,
2021-06-30,C. Non-CDCR Jurisdiction,3738,-82.0,2662.0,,,
2021-06-30,Out of State Parole,773,11.0,46.0,,,
2021-06-30,Out of State Parolee at Large,17,0.0,2.0,,,
2021-06-30,DJJ-W&IC 1731.5(c) Institutions,9,0.0,-8.0,,,
2021-06-30,County Jail,2685,-93.0,2673.0,,,
2021-06-30,D. Other Populations,8407,-44.0,1308.0,,,
2021-06-30,Temporary Release to Court and Hospital,1370,10.0,-304.0,,,
2021-06-30,Escaped,196,0.0,-3.0,,,
2021-06-30,Parolee at Large,6841,-54.0,1615.0,,,
2021-06-30,Total CDCR Population,160939,128.0,-13909.0,,,
2021-07-31,I. In-State,98945,1745.0,-14458.0,,,
2021-07-31,"(Men, Subtotal)",95053,1688.0,-13629.0,,,
2021-07-31,"(Women, Subtotal)",3892,57.0,-829.0,,,
2021-07-31,1. Institution/Camps,95809,1706.0,-12584.0,88078.0,108.8,125257.0
2021-07-31,Institutions,94117,1551.0,-11293.0,84710.0,111.1,121863.0
2021-07-31,"Camps(CCC, CIW, and SCC)",1692,155.0,-1291.0,3368.0,50.2,3394.0
2021-07-31,2. In-State Contract Beds,2057,53.0,-1823.0,,,
2021-07-31,Community Prisoner Mother Program,3,0.0,-12.0,,,
2021-07-31,California City Correctional Facility,2054,53.0,-106.0,,,
2021-07-31,3. Department of State Hospitals,180,-2.0,-103.0,,,
2021-07-31,4. CRPP Supervision,899,-12.0,52.0,,,
2021-07-31,Alternative Custody Program,35,3.0,-75.0,,,
2021-07-31,Custody to Community Treatment Reentry Program,294,0.0,27.0,,,
2021-07-31,Male Community Reentry Program,475,-10.0,33.0,,,
2021-07-31,Medical Parole,68,-8.0,40.0,,,
2021-07-31,Medical Reprieve Program,22,4.0,,,,
2021-07-31,Medically Vulnerable Release,5,-1.0,,,,
2021-07-31,B. Parole,49089,-1673.0,-4338.0,,,
2021-07-31,Community Supervision,47544,-1678.0,-4264.0,,,
2021-07-31,Interstate Cooperative Case,1545,5.0,-74.0,,,
2021-07-31,C. Non-CDCR Jurisdiction,3180,-1317.0,2107.0,,,
2021-07-31,Out of State Parole,760,-9.0,34.0,,,
2021-07-31,Out of State Parolee at Large,16,-1.0,1.0,,,
2021-07-31,DJJ-W&IC 1731.5(c) Institutions,9,0.0,-8.0,,,
2021-07-31,County Jail,2141,-1301.0,2131.0,,,
2021-07-31,D. Other Populations,8458,227.0,1404.0,,,
2021-07-31,Temporary Release to Court and Hospital,1399,89.0,-279.0,,,
2021-07-31,Escaped,196,0.0,-3.0,,,
2021-07-31,Parolee at Large,6863,138.0,1686.0,,,
2021-07-31,Total CDCR Population,159672,-1018.0,-15285.0,,,
2021-08-31,I. In-State,99368,423.0,-1892.0,,,
2021-08-31,"(Men, Subtotal)",95477,424.0,-2041.0,,,
2021-08-31,"(Women, Subtotal)",3891,-1.0,149.0,,,
2021-08-31,1. Institution/Camps,96194,385.0,-1072.0,88078.0,109.2,125317.0
2021-08-31,Institutions,94523,406.0,-755.0,84710.0,111.6,121923.0
2021-08-31,"Camps(CCC, CIW, and SCC)",1671,-21.0,-317.0,3368.0,49.6,3394.0
2021-08-31,2. In-State Contract Beds,2116,59.0,-993.0,,,
2021-08-31,Community Prisoner Mother Program,3,0.0,-9.0,,,
2021-08-31,California City Correctional Facility,2113,59.0,-122.0,,,
2021-08-31,3. Department of State Hospitals,180,0.0,-47.0,,,
2021-08-31,4. CRPP Supervision,878,-21.0,220.0,,,
2021-08-31,Alternative Custody Program,34,-1.0,16.0,,,
2021-08-31,Custody to Community Treatment Reentry Program,291,-3.0,48.0,,,
2021-08-31,Male Community Reentry Program,461,-14.0,106.0,,,
2021-08-31,Medical Parole,66,-2.0,36.0,,,
2021-08-31,Medical Reprieve Program,23,1.0,,,,
2021-08-31,Medically Vulnerable Release,3,-2.0,-9.0,,,
2021-08-31,B. Parole,47995,-1094.0,-7632.0,,,
2021-08-31,Community Supervision,46462,-1082.0,-7555.0,,,
2021-08-31,Interstate Cooperative Case,1533,-12.0,-77.0,,,
2021-08-31,C. Non-CDCR Jurisdiction,2755,-425.0,1501.0,,,
2021-08-31,Out of State Parole,742,-18.0,0.0,,,
2021-08-31,Out of State Parolee at Large,17,1.0,-1.0,,,
2021-08-31,DJJ-W&IC 1731.5(c) Institutions,9,0.0,-8.0,,,
2021-08-31,County Jail,1736,-405.0,1561.0,,,
2021-08-31,D. Other Populations,8570,112.0,870.0,,,
2021-08-31,Temporary Release to Court and Hospital,1407,8.0,-315.0,,,
2021-08-31,Escaped,196,0.0,-4.0,,,
2021-08-31,Parolee at Large,6967,104.0,1189.0,,,
2021-08-31,Total CDCR Population,158688,-984.0,-7153.0,,,
2021-09-30,I. In-State,99075,-293.0,931.0,,,
2021-09-30,"(Men, Subtotal)",95241,-236.0,588.0,,,
2021-09-30,"(Women, Subtotal)",3834,-57.0,343.0,,,
2021-09-30,1. Institution/Camps,95950,-244.0,1322.0,86397.0,111.1,123254.0
2021-09-30,Institutions,94292,-231.0,1476.0,83029.0,113.6,119860.0
2021-09-30,"Camps(CCC, CIW, and SCC)",1658,-13.0,-154.0,3368.0,49.2,3394.0
2021-09-30,2. In-State Contract Beds,2122,6.0,-583.0,,,
2021-09-30,Community Prisoner Mother Program,3,0.0,-6.0,,,
2021-09-30,California City Correctional Facility,2119,6.0,-69.0,,,
2021-09-30,3. Department of State Hospitals,189,9.0,-35.0,,,
2021-09-30,4. CRPP Supervision,814,-64.0,227.0,,,
2021-09-30,Alternative Custody Program,27,-7.0,6.0,,,
2021-09-30,Custody to Community Treatment Reentry Program,276,-15.0,30.0,,,
2021-09-30,Male Community Reentry Program,419,-42.0,139.0,,,
2021-09-30,Medical Parole,68,2.0,39.0,,,
2021-09-30,Medical Reprieve Program,21,-2.0,,,,
2021-09-30,Medically Vulnerable Release,3,0.0,-8.0,,,
2021-09-30,B. Parole,47473,-522.0,-9556.0,,,
2021-09-30,Community Supervision,45966,-496.0,-9473.0,,,
2021-09-30,Interstate Cooperative Case,1507,-26.0,-83.0,,,
2021-09-30,C. Non-CDCR Jurisdiction,2315,-440.0,904.0,,,
2021-09-30,Out of State Parole,719,-23.0,-32.0,,,
2021-09-30,Out of State Parolee at Large,21,4.0,4.0,,,
2021-09-30,DJJ-W&IC 1731.5(c) Institutions,10,1.0,-7.0,,,
2021-09-30,County Jail,1317,-419.0,989.0,,,
2021-09-30,D. Other Populations,8682,112.0,817.0,,,
2021-09-30,Temporary Release to Court and Hospital,1397,-10.0,-382.0,,,
2021-09-30,Escaped,196,0.0,-4.0,,,
2021-09-30,Parolee at Large,7089,122.0,1203.0,,,
2021-09-30,Total CDCR Population,157545,-1143.0,-6904.0,,,
2021-10-31,I. In-State,99327,252.0,1648.0,,,
2021-10-31,"(Men, Subtotal)",95489,248.0,1318.0,,,
2021-10-31,"(Women, Subtotal)",3838,4.0,330.0,,,
2021-10-31,1. Institution/Camps,96253,303.0,1983.0,85330.0,112.8,123644.0
2021-10-31,Institutions,94591,299.0,2123.0,81962.0,115.4,120250.0
2021-10-31,"Camps(CCC, CIW, and SCC)",1662,4.0,-140.0,3368.0,49.3,3394.0
2021-10-31,2. In-State Contract Beds,2093,-29.0,-460.0,,,
2021-10-31,Community Prisoner Mother Program,2,-1.0,-5.0,,,
2021-10-31,California City Correctional Facility,2091,-28.0,-60.0,,,
2021-10-31,3. Department of State Hospitals,179,-10.0,-65.0,,,
2021-10-31,4. CRPP Supervision,802,-12.0,190.0,,,
2021-10-31,Alternative Custody Program,39,12.0,22.0,,,
2021-10-31,Custody to Community Treatment Reentry Program,282,6.0,18.0,,,
2021-10-31,Male Community Reentry Program,392,-27.0,101.0,,,
2021-10-31,Medical Parole,65,-3.0,34.0,,,
2021-10-31,Medical Reprieve Program,21,0.0,,,,
2021-10-31,Medically Vulnerable Release,3,0.0,-6.0,,,
2021-10-31,B. Parole,47130,-343.0,-9358.0,,,
2021-10-31,Community Supervision,45620,-346.0,-9269.0,,,
2021-10-31,Interstate Cooperative Case,1510,3.0,-89.0,,,
2021-10-31,C. Non-CDCR Jurisdiction,1802,-513.0,-1135.0,,,
2021-10-31,Out of State Parole,703,-16.0,-64.0,,,
2021-10-31,Out of State Parolee at Large,20,-1.0,2.0,,,
2021-10-31,DJJ-W&IC 1731.5(c) Institutions,10,0.0,-7.0,,,
2021-10-31,County Jail,819,-498.0,-1020.0,,,
2021-10-31,D. Other Populations,8461,-221.0,313.0,,,
2021-10-31,Temporary Release to Court and Hospital,1297,-100.0,-453.0,,,
2021-10-31,Escaped,196,0.0,-4.0,,,
2021-10-31,Parolee at Large,6968,-121.0,770.0,,,
2021-10-31,Total CDCR Population,156720,-825.0,-8532.0,,,
2021-11-30,I. In-State,99510,183.0,1981.0,,,
2021-11-30,"(Men, Subtotal)",95728,239.0,1713.0,,,
2021-11-30,"(Women, Subtotal)",3782,-56.0,268.0,,,
2021-11-30,1. Institution/Camps,96349,96.0,2203.0,85330.0,112.9,117493.0
2021-11-30,Institutions,94691,100.0,2262.0,81962.0,115.5,114099.0
2021-11-30,"Camps(CCC, CIW, and SCC)",1658,-4.0,-59.0,3368.0,49.2,3394.0
2021-11-30,2. In-State Contract Beds,2132,39.0,-349.0,,,
2021-11-30,Community Prisoner Mother Program,2,0.0,-6.0,,,
2021-11-30,California City Correctional Facility,2130,39.0,48.0,,,
2021-11-30,3. Department of State Hospitals,186,7.0,-30.0,,,
2021-11-30,4. CRPP Supervision,843,41.0,157.0,,,
2021-11-30,Alternative Custody Program,39,0.0,12.0,,,
2021-11-30,Custody to Community Treatment Reentry Program,282,0.0,10.0,,,
2021-11-30,Male Community Reentry Program,438,46.0,98.0,,,
2021-11-30,Medical Parole,62,-3.0,27.0,,,
2021-11-30,Medical Reprieve Program,19,-2.0,15.0,,,
2021-11-30,Medically Vulnerable Release,3,0.0,-5.0,,,
2021-11-30,B. Parole,46706,-424.0,-8956.0,,,
2021-11-30,Community Supervision,45197,-423.0,-8884.0,,,
2021-11-30,Interstate Cooperative Case,1509,-1.0,-72.0,,,
2021-11-30,C. Non-CDCR Jurisdiction,1163,-639.0,-1921.0,,,
2021-11-30,Out of State Parole,686,-17.0,-67.0,,,
2021-11-30,Out of State Parolee at Large,20,0.0,2.0,,,
2021-11-30,DJJ-W&IC 1731.5(c) Institutions,10,0.0,-7.0,,,
2021-11-30,County Jail,204,-615.0,-1818.0,,,
2021-11-30,D. Other Populations,8438,-23.0,341.0,,,
2021-11-30,Temporary Release to Court and Hospital,1258,-39.0,-447.0,,,
2021-11-30,Escaped,195,-1.0,-2.0,,,
2021-11-30,Parolee at Large,6985,17.0,790.0,,,
2021-11-30,Total CDCR Population,155817,-903.0,-8555.0,,,
2021-11-30,"RReeppoorrtt ##:: SSOOMMSS--TTPPOOPP--11,, PPaaggee",11,,,,,
2021-12-31,I. In-State,99729,219.0,4297.0,,,
2021-12-31,"(Men, Subtotal)",95890,162.0,3887.0,,,
2021-12-31,"(Women, Subtotal)",3839,57.0,410.0,,,
2021-12-31,1. Institution/Camps,96472,123.0,4356.0,85330.0,113.1,120739.0
2021-12-31,Institutions,94814,123.0,4198.0,81962.0,115.7,117465.0
2021-12-31,"Camps(CCC, CIW, and SCC)",1658,0.0,158.0,3368.0,49.2,3274.0
2021-12-31,2. In-State Contract Beds,2155,23.0,-242.0,,,
2021-12-31,Community Prisoner Mother Program,1,-1.0,-6.0,,,
2021-12-31,California City Correctional Facility,2154,24.0,139.0,,,
2021-12-31,3. Department of State Hospitals,179,-7.0,-30.0,,,
2021-12-31,4. CRPP Supervision,923,80.0,213.0,,,
2021-12-31,Alternative Custody Program,35,-4.0,2.0,,,
2021-12-31,Custody to Community Treatment Reentry Program,308,26.0,44.0,,,
2021-12-31,Male Community Reentry Program,502,64.0,149.0,,,
2021-12-31,Medical Parole,59,-3.0,10.0,,,
2021-12-31,Medical Reprieve Program,17,-2.0,13.0,,,
2021-12-31,Medically Vulnerable Release,2,-1.0,-5.0,,,
2021-12-31,B. Parole,46150,-556.0,-8983.0,,,
2021-12-31,Community Supervision,44647,-550.0,-8891.0,,,
2021-12-31,Interstate Cooperative Case,1503,-6.0,-92.0,,,
2021-12-31,C. Non-CDCR Jurisdiction,1073,-90.0,-2858.0,,,
2021-12-31,Out of State Parole,666,-20.0,-99.0,,,
2021-12-31,Out of State Parolee at Large,22,2.0,4.0,,,
2021-12-31,DJJ-W&IC 1731.5(c) Institutions,9,-1.0,-7.0,,,
2021-12-31,County Jail,131,-73.0,-2736.0,,,
2021-12-31,D. Other Populations,8467,29.0,37.0,,,
2021-12-31,Temporary Release to Court and Hospital,1303,45.0,-516.0,,,
2021-12-31,Escaped,195,0.0,-2.0,,,
2021-12-31,Parolee at Large,6969,-16.0,555.0,,,
2021-12-31,Total CDCR Population,155419,-398.0,-7507.0,,,
2021-12-31,"RReeppoorrtt ##:: SSOOMMSS--TTPPOOPP--11,, PPaaggee",11,,,,,
2022-01-31,I. In-State,96863,-2647.0,1431.0,,,
2022-01-31,"(Men, Subtotal)",93174,-2554.0,1171.0,,,
2022-01-31,"(Women, Subtotal)",3689,-93.0,260.0,,,
2022-01-31,1. Institution/Camps,93770,-2579.0,1654.0,85330.0,109.9,120085.0
2022-01-31,Institutions,92469,-2222.0,1853.0,81962.0,112.8,116106.0
2022-01-31,"Camps(CCC, CIW, and SCC)",1301,-357.0,-199.0,3368.0,38.6,3979.0
2022-01-31,2. In-State Contract Beds,2034,-98.0,-363.0,,,
2022-01-31,California City Correctional Facility,2034,-96.0,19.0,,,
2022-01-31,3. Department of State Hospitals,171,-15.0,-38.0,,,
2022-01-31,4. CRPP Supervision,888,45.0,178.0,,,
2022-01-31,Alternative Custody Program,21,-18.0,-12.0,,,
2022-01-31,Custody to Community Treatment Reentry Program,288,6.0,24.0,,,
2022-01-31,Male Community Reentry Program,504,66.0,151.0,,,
2022-01-31,Medical Parole,57,-5.0,8.0,,,
2022-01-31,Medical Reprieve Program,17,-2.0,13.0,,,
2022-01-31,Medically Vulnerable Release,1,-2.0,-6.0,,,
2022-01-31,B. Parole,46494,-212.0,-8639.0,,,
2022-01-31,Community Supervision,44984,-213.0,-8554.0,,,
2022-01-31,Interstate Cooperative Case,1510,1.0,-85.0,,,
2022-01-31,C. Non-CDCR Jurisdiction,1014,-149.0,-2917.0,,,
2022-01-31,Out of State Parole,634,-52.0,-131.0,,,
2022-01-31,Out of State Parolee at Large,22,2.0,4.0,,,
2022-01-31,DJJ-W&IC 1731.5(c) Institutions,8,-2.0,-8.0,,,
2022-01-31,County Jail,108,-96.0,-2759.0,,,
2022-01-31,D. Other Populations,8174,-264.0,-256.0,,,
2022-01-31,Temporary Release to Court and Hospital,1391,133.0,-428.0,,,
2022-01-31,Escaped,195,0.0,-2.0,,,
2022-01-31,Parolee at Large,6588,-397.0,174.0,,,
2022-01-31,Total CDCR Population,152545,-3272.0,-10381.0,,,
2022-01-31,"RReeppoorrtt ##:: SSOOMMSS--TTPPOOPP--11,, PPaaggee",11,,,,,
2022-02-28,I. In-State,95554,-1309.0,947.0,,,
2022-02-28,"(Men, Subtotal)",91937,-1237.0,716.0,,,
2022-02-28,"(Women, Subtotal)",3617,-72.0,231.0,,,
2022-02-28,1. Institution/Camps,92389,-1381.0,1110.0,85330.0,108.3,119500.0
2022-02-28,Institutions,91031,-1438.0,1121.0,81962.0,111.1,116106.0
2022-02-28,"Camps(CCC, CIW, and SCC)",1358,57.0,-11.0,3368.0,40.3,3394.0
2022-02-28,2. In-State Contract Beds,1976,-58.0,-305.0,,,
2022-02-28,California City Correctional Facility,1976,-58.0,57.0,,,
2022-02-28,3. Department of State Hospitals,184,13.0,-15.0,,,
2022-02-28,4. CRPP Supervision,1005,117.0,157.0,,,
2022-02-28,Alternative Custody Program,16,-5.0,-18.0,,,
2022-02-28,Custody to Community Treatment Reentry Program,309,21.0,45.0,,,
2022-02-28,Male Community Reentry Program,603,99.0,129.0,,,
2022-02-28,Medical Parole,55,-2.0,-6.0,,,
2022-02-28,Medical Reprieve Program,21,4.0,12.0,,,
2022-02-28,Medically Vulnerable Release,1,0.0,-5.0,,,
2022-02-28,B. Parole,45910,-584.0,-7548.0,,,
2022-02-28,Community Supervision,44400,-584.0,-7455.0,,,
2022-02-28,Interstate Cooperative Case,1510,0.0,-93.0,,,
2022-02-28,C. Non-CDCR Jurisdiction,980,-34.0,-3826.0,,,
2022-02-28,Out of State Parole,642,8.0,-121.0,,,
2022-02-28,Out of State Parolee at Large,22,0.0,0.0,,,
2022-02-28,DJJ-W&IC 1731.5(c) Institutions,8,0.0,-4.0,,,
2022-02-28,County Jail,65,-43.0,-3678.0,,,
2022-02-28,D. Other Populations,8357,183.0,185.0,,,
2022-02-28,Temporary Release to Court and Hospital,1489,98.0,-65.0,,,
2022-02-28,Escaped,195,0.0,-3.0,,,
2022-02-28,Parolee at Large,6673,85.0,253.0,,,
2022-02-28,Total CDCR Population,150801,-1744.0,-10242.0,,,
2022-02-28,"RReeppoorrtt ##:: SSOOMMSS--TTPPOOPP--11,, PPaaggee",11,,,,,
2022-03-31,I. In-State,96060,506.0,1028.0,,,
2022-03-31,"(Men, Subtotal)",92352,415.0,830.0,,,
2022-03-31,"(Women, Subtotal)",3708,91.0,198.0,,,
2022-03-31,1. Institution/Camps,92846,457.0,943.0,85330.0,108.8,119484.0
2022-03-31,Institutions,91638,607.0,1180.0,81962.0,111.8,116090.0
2022-03-31,"Camps(CCC, CIW, and SCC)",1208,-150.0,-237.0,3368.0,35.9,3394.0
2022-03-31,2. In-State Contract Beds,2044,68.0,-7.0,,,
2022-03-31,California City Correctional Facility,2044,68.0,204.0,,,
2022-03-31,3. Department of State Hospitals,151,-33.0,-25.0,,,
2022-03-31,4. CRPP Supervision,1019,14.0,117.0,,,
2022-03-31,Alternative Custody Program,41,25.0,13.0,,,
2022-03-31,Custody to Community Treatment Reentry Program,301,-8.0,17.0,,,
2022-03-31,Male Community Reentry Program,603,0.0,104.0,,,
2022-03-31,Medical Parole,54,-1.0,-13.0,,,
2022-03-31,Medical Reprieve Program,19,-2.0,1.0,,,
2022-03-31,Medically Vulnerable Release,1,0.0,-5.0,,,
2022-03-31,B. Parole,45293,-617.0,-6074.0,,,
2022-03-31,Community Supervision,43798,-602.0,-5995.0,,,
2022-03-31,Interstate Cooperative Case,1495,-15.0,-79.0,,,
2022-03-31,C. Non-CDCR Jurisdiction,954,-26.0,-3995.0,,,
2022-03-31,Out of State Parole,637,-5.0,-115.0,,,
2022-03-31,Out of State Parolee at Large,23,1.0,1.0,,,
2022-03-31,DJJ-W&IC 1731.5(c) Institutions,8,0.0,-2.0,,,
2022-03-31,County Jail,41,-24.0,-3862.0,,,
2022-03-31,D. Other Populations,8356,-1.0,126.0,,,
2022-03-31,Temporary Release to Court and Hospital,1433,-56.0,-34.0,,,
2022-03-31,Escaped,195,0.0,-4.0,,,
2022-03-31,Parolee at Large,6728,55.0,164.0,,,
2022-03-31,Total CDCR Population,150663,-138.0,-8915.0,,,
2022-03-31,"RReeppoorrtt ##:: SSOOMMSS--TTPPOOPP--11,, PPaaggee",11,,,,,
2022-04-30,I. In-State,96634,574.0,784.0,,,
2022-04-30,"(Men, Subtotal)",92901,549.0,763.0,,,
2022-04-30,"(Women, Subtotal)",3733,25.0,21.0,,,
2022-04-30,1. Institution/Camps,93394,548.0,709.0,85330.0,109.5,117915.0
2022-04-30,Institutions,92098,460.0,903.0,81962.0,112.4,114521.0
2022-04-30,"Camps(CCC, CIW, and SCC)",1296,88.0,-194.0,3368.0,38.5,3394.0
2022-04-30,2. In-State Contract Beds,2030,-14.0,-17.0,,,
2022-04-30,California City Correctional Facility,2030,-14.0,43.0,,,
2022-04-30,3. Department of State Hospitals,138,-13.0,-48.0,,,
2022-04-30,4. CRPP Supervision,1072,53.0,140.0,,,
2022-04-30,Alternative Custody Program,58,17.0,26.0,,,
2022-04-30,Custody to Community Treatment Reentry Program,319,18.0,9.0,,,
2022-04-30,Male Community Reentry Program,626,23.0,131.0,,,
2022-04-30,Medical Parole,53,-1.0,-19.0,,,
2022-04-30,Medical Reprieve Program,15,-4.0,-2.0,,,
2022-04-30,Medically Vulnerable Release,1,0.0,-5.0,,,
2022-04-30,B. Parole,44907,-386.0,-6120.0,,,
2022-04-30,Community Supervision,43413,-385.0,-6053.0,,,
2022-04-30,Interstate Cooperative Case,1494,-1.0,-67.0,,,
2022-04-30,C. Non-CDCR Jurisdiction,934,-20.0,-4378.0,,,
2022-04-30,Out of State Parole,628,-9.0,-141.0,,,
2022-04-30,Out of State Parolee at Large,22,-1.0,0.0,,,
2022-04-30,DJJ-W&IC 1731.5(c) Institutions,8,0.0,-1.0,,,
2022-04-30,County Jail,35,-6.0,-4218.0,,,
2022-04-30,D. Other Populations,8331,-25.0,122.0,,,
2022-04-30,Temporary Release to Court and Hospital,1405,-28.0,61.0,,,
2022-04-30,Escaped,195,0.0,-2.0,,,
2022-04-30,Parolee at Large,6731,3.0,63.0,,,
2022-04-30,Total CDCR Population,150806,143.0,-9592.0,,,
2022-04-30,"RReeppoorrtt ##:: SSOOMMSS--TTPPOOPP--11,, PPaaggee",11,,,,,
2022-05-31,I. In-State,97154,520.0,-46.0,,,
2022-05-31,"(Men, Subtotal)",93405,504.0,40.0,,,
2022-05-31,"(Women, Subtotal)",3749,16.0,-86.0,,,
2022-05-31,1. Institution/Camps,93931,537.0,-172.0,85330.0,110.1,117206.0
2022-05-31,Institutions,92553,455.0,-13.0,81962.0,112.9,113812.0
2022-05-31,"Camps(CCC, CIW, and SCC)",1378,82.0,-159.0,3368.0,40.9,3394.0
2022-05-31,2. In-State Contract Beds,2030,0.0,26.0,,,
2022-05-31,California City Correctional Facility,2030,0.0,29.0,,,
2022-05-31,3. Department of State Hospitals,124,-14.0,-58.0,,,
2022-05-31,4. CRPP Supervision,1069,-3.0,158.0,,,
2022-05-31,Alternative Custody Program,72,14.0,40.0,,,
2022-05-31,Custody to Community Treatment Reentry Program,322,3.0,28.0,,,
2022-05-31,Male Community Reentry Program,615,-11.0,130.0,,,
2022-05-31,Medical Parole,47,-6.0,-29.0,,,
2022-05-31,Medical Reprieve Program,12,-3.0,-6.0,,,
2022-05-31,Medically Vulnerable Release,1,0.0,-5.0,,,
2022-05-31,B. Parole,44358,-549.0,-6404.0,,,
2022-05-31,Community Supervision,42863,-550.0,-6359.0,,,
2022-05-31,Interstate Cooperative Case,1495,1.0,-45.0,,,
2022-05-31,C. Non-CDCR Jurisdiction,924,-10.0,-3573.0,,,
2022-05-31,Out of State Parole,631,3.0,-138.0,,,
2022-05-31,Out of State Parolee at Large,21,-1.0,4.0,,,
2022-05-31,DJJ-W&IC 1731.5(c) Institutions,8,0.0,-1.0,,,
2022-05-31,County Jail,24,-11.0,-3418.0,,,
2022-05-31,D. Other Populations,8252,-79.0,21.0,,,
2022-05-31,Temporary Release to Court and Hospital,1437,32.0,127.0,,,
2022-05-31,Escaped,195,0.0,-1.0,,,
2022-05-31,Parolee at Large,6620,-111.0,-105.0,,,
2022-05-31,Total CDCR Population,150688,-118.0,-10002.0,,,
2022-05-31,"RReeppoorrtt ##:: SSOOMMSS--TTPPOOPP--11,, PPaaggee",11,,,,,
2022-06-30,I. In-State,97179,25.0,-1293.0,,,
2022-06-30,"(Men, Subtotal)",93510,105.0,-1052.0,,,
2022-06-30,"(Women, Subtotal)",3669,-80.0,-241.0,,,
2022-06-30,1. Institution/Camps,94005,74.0,-1299.0,85330.0,110.2,117341.0
2022-06-30,Institutions,92465,-88.0,-1147.0,81962.0,112.8,113947.0
2022-06-30,"Camps(CCC, CIW, and SCC)",1540,162.0,-152.0,3368.0,45.7,3394.0
2022-06-30,2. In-State Contract Beds,1952,-78.0,-139.0,,,
2022-06-30,Community Prisoner Mother Program,4,1.0,,,,
2022-06-30,California City Correctional Facility,1948,-82.0,-140.0,,,
2022-06-30,3. Department of State Hospitals,118,-6.0,-59.0,,,
2022-06-30,4. CRPP Supervision,1104,35.0,204.0,,,
2022-06-30,Alternative Custody Program,67,-5.0,30.0,,,
2022-06-30,Custody to Community Treatment Reentry Program,350,28.0,61.0,,,
2022-06-30,Male Community Reentry Program,629,14.0,158.0,,,
2022-06-30,Medical Parole,47,0.0,-24.0,,,
2022-06-30,Medical Reprieve Program,11,-1.0,-15.0,,,
2022-06-30,B. Parole,43825,-533.0,-6497.0,,,
2022-06-30,Community Supervision,42331,-532.0,-6463.0,,,
2022-06-30,Interstate Cooperative Case,1494,-1.0,-34.0,,,
2022-06-30,C. Non-CDCR Jurisdiction,929,5.0,-2809.0,,,
2022-06-30,Out of State Parole,636,5.0,-137.0,,,
2022-06-30,Out of State Parolee at Large,21,0.0,4.0,,,
2022-06-30,DJJ-W&IC 1731.5(c) Institutions,8,0.0,-1.0,,,
2022-06-30,County Jail,24,0.0,-2661.0,,,
2022-06-30,D. Other Populations,8285,33.0,-122.0,,,
2022-06-30,Temporary Release to Court and Hospital,1439,2.0,69.0,,,
2022-06-30,Escaped,195,0.0,-1.0,,,
2022-06-30,Parolee at Large,6651,31.0,-190.0,,,
2022-06-30,Total CDCR Population,150218,-470.0,-10721.0,,,
2022-06-30,"RReeppoorrtt ##:: SSOOMMSS--TTPPOOPP--11,, PPaaggee",11,,,,,
2022-07-31,I. In-State,96719,-460.0,-2226.0,,,
2022-07-31,"(Men, Subtotal)",93001,-509.0,-2052.0,,,
2022-07-31,"(Women, Subtotal)",3718,49.0,-174.0,,,
2022-07-31,1. Institution/Camps,93579,-426.0,-2230.0,85330.0,109.7,117288.0
2022-07-31,Institutions,92024,-441.0,-2093.0,81962.0,112.3,113894.0
2022-07-31,"Camps(CCC, CIW, and SCC)",1555,15.0,-137.0,3368.0,46.2,3394.0
2022-07-31,2. In-State Contract Beds,1922,-30.0,-135.0,,,
2022-07-31,Community Prisoner Mother Program,4,0.0,1.0,,,
2022-07-31,California City Correctional Facility,1918,-30.0,-136.0,,,
2022-07-31,3. Department of State Hospitals,120,2.0,-60.0,,,
2022-07-31,4. CRPP Supervision,1098,-6.0,199.0,,,
2022-07-31,Alternative Custody Program,66,-1.0,31.0,,,
2022-07-31,Custody to Community Treatment Reentry Program,360,10.0,66.0,,,
2022-07-31,Male Community Reentry Program,616,-13.0,141.0,,,
2022-07-31,Medical Parole,44,-3.0,-24.0,,,
2022-07-31,Medical Reprieve Program,12,1.0,-10.0,,,
2022-07-31,B. Parole,43056,-769.0,-6033.0,,,
2022-07-31,Community Supervision,41580,-751.0,-5964.0,,,
2022-07-31,Interstate Cooperative Case,1476,-18.0,-69.0,,,
2022-07-31,C. Non-CDCR Jurisdiction,912,-17.0,-2268.0,,,
2022-07-31,Out of State Parole,627,-9.0,-133.0,,,
2022-07-31,Out of State Parolee at Large,17,-4.0,1.0,,,
2022-07-31,DJJ-W&IC 1731.5(c) Institutions,7,-1.0,-2.0,,,
2022-07-31,County Jail,16,-8.0,-2125.0,,,
2022-07-31,D. Other Populations,8417,132.0,-41.0,,,
2022-07-31,Temporary Release to Court and Hospital,1465,26.0,66.0,,,
2022-07-31,Escaped,195,0.0,-1.0,,,
2022-07-31,Parolee at Large,6757,106.0,-106.0,,,
2022-07-31,Total CDCR Population,149104,-1114.0,-10568.0,,,
2022-07-31,"RReeppoorrtt ##:: SSOOMMSS--TTPPOOPP--11,, PPaaggee",11,,,,,
2022-08-31,I. In-State,96551,-168.0,-2817.0,,,
2022-08-31,"(Men, Subtotal)",92826,-175.0,-2651.0,,,
2022-08-31,"(Women, Subtotal)",3725,7.0,-166.0,,,
2022-08-31,1. Institution/Camps,93338,-241.0,-2856.0,85330.0,109.4,116900.0
2022-08-31,Institutions,91753,-271.0,-2770.0,81962.0,111.9,113532.0
2022-08-31,"Camps(CCC, CIW, and SCC)",1585,30.0,-86.0,3368.0,47.1,3368.0
2022-08-31,2. In-State Contract Beds,1942,20.0,-174.0,,,
2022-08-31,Community Prisoner Mother Program,8,4.0,5.0,,,
2022-08-31,California City Correctional Facility,1934,16.0,-179.0,,,
2022-08-31,3. Department of State Hospitals,129,9.0,-51.0,,,
2022-08-31,4. CRPP Supervision,1142,44.0,264.0,,,
2022-08-31,Alternative Custody Program,71,5.0,37.0,,,
2022-08-31,Custody to Community Treatment Reentry Program,402,42.0,111.0,,,
2022-08-31,Male Community Reentry Program,614,-2.0,153.0,,,
2022-08-31,Medical Parole,43,-1.0,-23.0,,,
2022-08-31,Medical Reprieve Program,12,0.0,-11.0,,,
2022-08-31,B. Parole,42107,-949.0,-5888.0,,,
2022-08-31,Community Supervision,40639,-941.0,-5823.0,,,
2022-08-31,Interstate Cooperative Case,1468,-8.0,-65.0,,,
2022-08-31,C. Non-CDCR Jurisdiction,883,-29.0,-1872.0,,,
2022-08-31,Out of State Parole,599,-28.0,-143.0,,,
2022-08-31,Out of State Parolee at Large,18,1.0,1.0,,,
2022-08-31,DJJ-W&IC 1731.5(c) Institutions,7,0.0,-2.0,,,
2022-08-31,County Jail,13,-3.0,-1723.0,,,
2022-08-31,D. Other Populations,8467,50.0,-103.0,,,
2022-08-31,Temporary Release to Court and Hospital,1536,71.0,129.0,,,
2022-08-31,Escaped,195,0.0,-1.0,,,
2022-08-31,Parolee at Large,6736,-21.0,-231.0,,,
2022-08-31,Total CDCR Population,148008,-1096.0,-10680.0,,,
2022-08-31,"RReeppoorrtt ##:: SSOOMMSS--TTPPOOPP--11,, PPaaggee",11,,,,,
2022-09-30,I. In-State,96416,-135.0,-2659.0,,,
2022-09-30,"(Men, Subtotal)",92731,-95.0,-2510.0,,,
2022-09-30,"(Women, Subtotal)",3685,-40.0,-149.0,,,
2022-09-30,1. Institution/Camps,93180,-158.0,-2770.0,85330.0,109.2,116002.0
2022-09-30,Institutions,91456,-297.0,-2836.0,81962.0,111.6,112634.0
2022-09-30,"Camps(CCC, CIW, and SCC)",1724,139.0,66.0,3368.0,51.2,3368.0
2022-09-30,2. In-State Contract Beds,1987,45.0,-135.0,,,
2022-09-30,Community Prisoner Mother Program,8,0.0,5.0,,,
2022-09-30,California City Correctional Facility,1979,45.0,-140.0,,,
2022-09-30,3. Department of State Hospitals,118,-11.0,-71.0,,,
2022-09-30,4. CRPP Supervision,1131,-11.0,317.0,,,
2022-09-30,Alternative Custody Program,75,4.0,48.0,,,
2022-09-30,Custody to Community Treatment Reentry Program,400,-2.0,124.0,,,
2022-09-30,Male Community Reentry Program,601,-13.0,182.0,,,
2022-09-30,Medical Parole,43,0.0,-25.0,,,
2022-09-30,Medical Reprieve Program,12,0.0,-9.0,,,
2022-09-30,B. Parole,40965,-1142.0,-6508.0,,,
2022-09-30,Community Supervision,39504,-1135.0,-6462.0,,,
2022-09-30,Interstate Cooperative Case,1461,-7.0,-46.0,,,
2022-09-30,C. Non-CDCR Jurisdiction,863,-20.0,-1452.0,,,
2022-09-30,Out of State Parole,580,-19.0,-139.0,,,
2022-09-30,Out of State Parolee at Large,17,-1.0,-4.0,,,
2022-09-30,DJJ-W&IC 1731.5(c) Institutions,6,-1.0,-4.0,,,
2022-09-30,County Jail,12,-1.0,-1305.0,,,
2022-09-30,D. Other Populations,8515,48.0,-167.0,,,
2022-09-30,Temporary Release to Court and Hospital,1623,87.0,226.0,,,
2022-09-30,Escaped,195,0.0,-1.0,,,
2022-09-30,Parolee at Large,6697,-39.0,-392.0,,,
2022-09-30,Total CDCR Population,146759,-1249.0,-10786.0,,,
2022-09-30,"RReeppoorrtt ##:: SSOOMMSS--TTPPOOPP--11,, PPaaggee",11,,,,,
2022-10-31,I. In-State,95967,-449.0,-3360.0,,,
2022-10-31,"(Men, Subtotal)",92329,-402.0,-3160.0,,,
2022-10-31,"(Women, Subtotal)",3638,-47.0,-200.0,,,
2022-10-31,1. Institution/Camps,92795,-385.0,-3458.0,85330.0,108.7,114725.0
2022-10-31,Institutions,90891,-565.0,-3700.0,81962.0,110.9,111335.0
2022-10-31,"Camps(CCC, CIW, and SCC)",1904,180.0,242.0,3368.0,56.5,3390.0
2022-10-31,2. In-State Contract Beds,1922,-65.0,-171.0,,,
2022-10-31,Community Prisoner Mother Program,8,0.0,6.0,,,
2022-10-31,California City Correctional Facility,1914,-65.0,-177.0,,,
2022-10-31,3. Department of State Hospitals,104,-14.0,-75.0,,,
2022-10-31,4. CRPP Supervision,1146,15.0,344.0,,,
2022-10-31,Alternative Custody Program,79,4.0,40.0,,,
2022-10-31,Custody to Community Treatment Reentry Program,391,-9.0,109.0,,,
2022-10-31,Male Community Reentry Program,621,20.0,229.0,,,
2022-10-31,Medical Parole,44,1.0,-21.0,,,
2022-10-31,Medical Reprieve Program,11,-1.0,-10.0,,,
2022-10-31,B. Parole,40161,-804.0,-6969.0,,,
2022-10-31,Community Supervision,38697,-807.0,-6923.0,,,
2022-10-31,Interstate Cooperative Case,1464,3.0,-46.0,,,
2022-10-31,C. Non-CDCR Jurisdiction,844,-19.0,-958.0,,,
2022-10-31,Out of State Parole,560,-20.0,-143.0,,,
2022-10-31,Out of State Parolee at Large,19,2.0,-1.0,,,
2022-10-31,DJJ-W&IC 1731.5(c) Institutions,5,-1.0,-5.0,,,
2022-10-31,County Jail,12,0.0,-807.0,,,
2022-10-31,D. Other Populations,8673,158.0,212.0,,,
2022-10-31,Temporary Release to Court and Hospital,1669,46.0,372.0,,,
2022-10-31,Escaped,196,1.0,0.0,,,
2022-10-31,Parolee at Large,6808,111.0,-160.0,,,
2022-10-31,Total CDCR Population,145645,-1114.0,-11075.0,,,
2022-10-31,"RReeppoorrtt ##:: SSOOMMSS--TTPPOOPP--11,, PPaaggee",11,,,,,
2022-11-30,I. In-State,95793,-174.0,-3717.0,,,
2022-11-30,"(Men, Subtotal)",92124,-205.0,-3604.0,,,
2022-11-30,"(Women, Subtotal)",3669,31.0,-113.0,,,
2022-11-30,1. Institution/Camps,92620,-175.0,-3729.0,85330.0,108.5,114898.0
2022-11-30,Institutions,90703,-188.0,-3988.0,81962.0,110.7,111530.0
2022-11-30,"Camps(CCC, CIW, and SCC)",1917,13.0,259.0,3368.0,56.9,3368.0
2022-11-30,2. In-State Contract Beds,1914,-8.0,-218.0,,,
2022-11-30,Community Prisoner Mother Program,8,0.0,6.0,,,
2022-11-30,California City Correctional Facility,1906,-8.0,-224.0,,,
2022-11-30,3. Department of State Hospitals,97,-7.0,-89.0,,,
2022-11-30,4. CRPP Supervision,1162,16.0,319.0,,,
2022-11-30,Alternative Custody Program,86,7.0,47.0,,,
2022-11-30,Custody to Community Treatment Reentry Program,390,-1.0,108.0,,,
2022-11-30,Male Community Reentry Program,631,10.0,193.0,,,
2022-11-30,Medical Parole,44,0.0,-18.0,,,
2022-11-30,Medical Reprieve Program,11,0.0,-8.0,,,
2022-11-30,B. Parole,39554,-607.0,-7152.0,,,
2022-11-30,Community Supervision,38087,-610.0,-7110.0,,,
2022-11-30,Interstate Cooperative Case,1467,3.0,-42.0,,,
2022-11-30,C. Non-CDCR Jurisdiction,813,-31.0,-350.0,,,
2022-11-30,Out of State Parole,538,-22.0,-148.0,,,
2022-11-30,Out of State Parolee at Large,19,0.0,-1.0,,,
2022-11-30,DJJ-W&IC 1731.5(c) Institutions,5,0.0,-5.0,,,
2022-11-30,County Jail,8,-4.0,-196.0,,,
2022-11-30,D. Other Populations,8717,44.0,279.0,,,
2022-11-30,Temporary Release to Court and Hospital,1680,11.0,422.0,,,
2022-11-30,Escaped,196,0.0,1.0,,,
2022-11-30,Parolee at Large,6841,33.0,-144.0,,,
2022-11-30,Total CDCR Population,144877,-768.0,-10940.0,,,
2022-11-30,"RReeppoorrtt ##:: SSOOMMSS--TTPPOOPP--11,, PPaaggee",11,,,,,
2022-12-31,I. In-State,95707,-86.0,-4022.0,,,
2022-12-31,"(Men, Subtotal)",92051,-73.0,-3839.0,,,
2022-12-31,"(Women, Subtotal)",3656,-13.0,-183.0,,,
2022-12-31,1. Institution/Camps,92606,-14.0,-3866.0,85330.0,108.5,114862.0
2022-12-31,Institutions,90779,76.0,-4035.0,81962.0,110.8,111494.0
2022-12-31,"Camps(CCC, CIW, and SCC)",1827,-90.0,169.0,3368.0,54.2,3368.0
2022-12-31,2. In-State Contract Beds,1829,-85.0,-326.0,,,
2022-12-31,Community Prisoner Mother Program,8,0.0,7.0,,,
2022-12-31,California City Correctional Facility,1821,-85.0,-333.0,,,
2022-12-31,3. Department of State Hospitals,101,4.0,-78.0,,,
2022-12-31,4. CRPP Supervision,1171,9.0,248.0,,,
2022-12-31,Alternative Custody Program,99,13.0,64.0,,,
2022-12-31,Custody to Community Treatment Reentry Program,393,3.0,85.0,,,
2022-12-31,Male Community Reentry Program,624,-7.0,122.0,,,
2022-12-31,Medical Parole,44,0.0,-15.0,,,
2022-12-31,Medical Reprieve Program,11,0.0,-6.0,,,
2022-12-31,B. Parole,38891,-663.0,-7259.0,,,
2022-12-31,Community Supervision,37424,-663.0,-7223.0,,,
2022-12-31,Interstate Cooperative Case,1467,0.0,-36.0,,,
2022-12-31,C. Non-CDCR Jurisdiction,826,13.0,-247.0,,,
2022-12-31,Out of State Parole,549,11.0,-117.0,,,
2022-12-31,Out of State Parolee at Large,18,-1.0,-4.0,,,
2022-12-31,DJJ-W&IC 1731.5(c) Institutions,4,-1.0,-5.0,,,
2022-12-31,County Jail,12,4.0,-119.0,,,
2022-12-31,D. Other Populations,8789,72.0,322.0,,,
2022-12-31,Temporary Release to Court and Hospital,1606,-74.0,303.0,,,
2022-12-31,Escaped,196,0.0,1.0,,,
2022-12-31,Parolee at Large,6987,146.0,18.0,,,
2022-12-31,Total CDCR Population,144213,-664.0,-11206.0,,,
2022-12-31,"RReeppoorrtt ##:: SSOOMMSS--TTPPOOPP--11,, PPaaggee",11,,,,,
2023-01-31,I. In-State,95528,-179.0,-1335.0,,,
2023-01-31,"(Men, Subtotal)",91879,-172.0,-1295.0,,,
2023-01-31,"(Women, Subtotal)",3649,-7.0,-40.0,,,
2023-01-31,1. Institution/Camps,92467,-139.0,-1303.0,85330.0,108.4,114432.0
2023-01-31,Institutions,90778,-1.0,-1691.0,81962.0,110.8,110964.0
2023-01-31,"Camps(CCC, CIW, and SCC)",1689,-138.0,388.0,3368.0,50.1,3468.0
2023-01-31,2. In-State Contract Beds,1807,-22.0,-227.0,,,
2023-01-31,Community Prisoner Mother Program,8,0.0,,,,
2023-01-31,California City Correctional Facility,1799,-22.0,-235.0,,,
2023-01-31,3. Department of State Hospitals,101,0.0,-70.0,,,
2023-01-31,4. CRPP Supervision,1153,-18.0,265.0,,,
2023-01-31,Alternative Custody Program,103,4.0,82.0,,,
2023-01-31,Custody to Community Treatment Reentry Program,386,-7.0,98.0,,,
2023-01-31,Male Community Reentry Program,613,-11.0,109.0,,,
2023-01-31,Medical Parole,41,-3.0,-16.0,,,
2023-01-31,Medical Reprieve Program,10,-1.0,-7.0,,,
2023-01-31,B. Parole,38322,-569.0,-8172.0,,,
2023-01-31,Community Supervision,36863,-561.0,-8121.0,,,
2023-01-31,Interstate Cooperative Case,1459,-8.0,-51.0,,,
2023-01-31,C. Non-CDCR Jurisdiction,784,-42.0,-230.0,,,
2023-01-31,Out of State Parole,513,-36.0,-121.0,,,
2023-01-31,Out of State Parolee at Large,19,1.0,-3.0,,,
2023-01-31,DJJ-W&IC 1731.5(c) Institutions,5,1.0,-3.0,,,
2023-01-31,County Jail,6,-6.0,-102.0,,,
2023-01-31,D. Other Populations,8780,-9.0,606.0,,,
2023-01-31,Temporary Release to Court and Hospital,1686,80.0,295.0,,,
2023-01-31,Escaped,196,0.0,1.0,,,
2023-01-31,Parolee at Large,6898,-89.0,310.0,,,
2023-01-31,Total CDCR Population,143414,-799.0,-9131.0,,,
2023-01-31,"RReeppoorrtt ##:: SSOOMMSS--TTPPOOPP--11,, PPaaggee",11,,,,,
2023-02-28,I. In-State,95460,-68.0,-94.0,,,
2023-02-28,"(Men, Subtotal)",91762,-117.0,-175.0,,,
2023-02-28,"(Women, Subtotal)",3698,49.0,81.0,,,
2023-02-28,1. Institution/Camps,92439,-28.0,50.0,85330.0,108.3,114432.0
2023-02-28,Institutions,90824,46.0,-207.0,81962.0,110.8,110964.0
2023-02-28,"Camps(CCC, CIW, and SCC)",1615,-74.0,257.0,3368.0,48.0,3468.0
2023-02-28,2. In-State Contract Beds,1755,-52.0,-221.0,,,
2023-02-28,Community Prisoner Mother Program,8,0.0,,,,
2023-02-28,California City Correctional Facility,1747,-52.0,-229.0,,,
2023-02-28,3. Department of State Hospitals,91,-10.0,-93.0,,,
2023-02-28,4. CRPP Supervision,1175,22.0,170.0,,,
2023-02-28,Alternative Custody Program,117,14.0,101.0,,,
2023-02-28,Custody to Community Treatment Reentry Program,392,6.0,83.0,,,
2023-02-28,Male Community Reentry Program,612,-1.0,9.0,,,
2023-02-28,Medical Parole,44,3.0,-11.0,,,
2023-02-28,Medical Reprieve Program,10,0.0,-11.0,,,
2023-02-28,B. Parole,37900,-422.0,-8010.0,,,
2023-02-28,Community Supervision,36439,-424.0,-7961.0,,,
2023-02-28,Interstate Cooperative Case,1461,2.0,-49.0,,,
2023-02-28,C. Non-CDCR Jurisdiction,767,-17.0,-213.0,,,
2023-02-28,Out of State Parole,501,-12.0,-141.0,,,
2023-02-28,Out of State Parolee at Large,21,2.0,-1.0,,,
2023-02-28,DJJ-W&IC 1731.5(c) Institutions,4,-1.0,-4.0,,,
2023-02-28,County Jail,6,0.0,-59.0,,,
2023-02-28,D. Other Populations,8739,-41.0,382.0,,,
2023-02-28,Temporary Release to Court and Hospital,1714,28.0,225.0,,,
2023-02-28,Escaped,195,-1.0,0.0,,,
2023-02-28,Parolee at Large,6830,-68.0,157.0,,,
2023-02-28,Total CDCR Population,142866,-548.0,-7935.0,,,
2023-02-28,"RReeppoorrtt ##:: SSOOMMSS--TTPPOOPP--11,, PPaaggee",11,,,,,
2023-03-31,I. In-State,95700,172.0,146.0,,,
2023-03-31,"(Men, Subtotal)",92022,143.0,85.0,,,
2023-03-31,"(Women, Subtotal)",3678,29.0,61.0,,,
2023-03-31,1. Institution/Camps,92753,286.0,364.0,85330.0,108.7,114432.0
2023-03-31,Institutions,91181,403.0,150.0,81962.0,111.2,110964.0
2023-03-31,"Camps(CCC, CIW, and SCC)",1572,-117.0,214.0,3368.0,46.7,3468.0
2023-03-31,2. In-State Contract Beds,1641,-166.0,-335.0,,,
2023-03-31,Community Prisoner Mother Program,7,-1.0,,,,
2023-03-31,California City Correctional Facility,1634,-165.0,-342.0,,,
2023-03-31,3. Department of State Hospitals,101,0.0,-83.0,,,
2023-03-31,4. CRPP Supervision,1205,52.0,200.0,,,
2023-03-31,Alternative Custody Program,131,28.0,115.0,,,
2023-03-31,Custody to Community Treatment Reentry Program,388,2.0,79.0,,,
2023-03-31,Male Community Reentry Program,631,18.0,28.0,,,
2023-03-31,Medical Parole,45,4.0,-10.0,,,
2023-03-31,Medical Reprieve Program,10,0.0,-11.0,,,
2023-03-31,B. Parole,37288,-1034.0,-8622.0,,,
2023-03-31,Community Supervision,35829,-1034.0,-8571.0,,,
2023-03-31,Interstate Cooperative Case,1459,0.0,-51.0,,,
2023-03-31,C. Non-CDCR Jurisdiction,748,-36.0,-232.0,,,
2023-03-31,Out of State Parole,485,-28.0,-157.0,,,
2023-03-31,Out of State Parolee at Large,21,2.0,-1.0,,,
2023-03-31,DJJ-W&IC 1731.5(c) Institutions,4,-1.0,-4.0,,,
2023-03-31,County Jail,4,-2.0,-61.0,,,
2023-03-31,D. Other Populations,8687,-93.0,330.0,,,
2023-03-31,Temporary Release to Court and Hospital,1659,-27.0,170.0,,,
2023-03-31,Escaped,195,-1.0,0.0,,,
2023-03-31,Parolee at Large,6833,-65.0,160.0,,,
2023-03-31,Total CDCR Population,142423,-991.0,-8378.0,,,
2023-03-31,"RReeppoorrtt ##:: SSOOMMSS--TTPPOOPP--11,, PPaaggee",11,,,,,
2023-04-30,I. In-State,95938,238.0,-696.0,,,
2023-04-30,"(Men, Subtotal)",92240,218.0,-661.0,,,
2023-04-30,"(Women, Subtotal)",3698,20.0,-35.0,,,
2023-04-30,1. Institution/Camps,93248,495.0,-146.0,83237.0,112.0,112146.0
2023-04-30,Institutions,91588,407.0,-510.0,79869.0,114.7,108678.0
2023-04-30,"Camps(CCC, CIW, and SCC)",1660,88.0,364.0,3368.0,49.3,3468.0
2023-04-30,2. In-State Contract Beds,1375,-266.0,-655.0,,,
2023-04-30,Community Prisoner Mother Program,8,1.0,,,,
2023-04-30,California City Correctional Facility,1367,-267.0,-663.0,,,
2023-04-30,3. Department of State Hospitals,101,0.0,-37.0,,,
2023-04-30,4. CRPP Supervision,1214,9.0,142.0,,,
2023-04-30,Alternative Custody Program,130,-1.0,72.0,,,
2023-04-30,Custody to Community Treatment Reentry Program,394,6.0,75.0,,,
2023-04-30,Male Community Reentry Program,633,2.0,7.0,,,
2023-04-30,Medical Parole,47,2.0,-6.0,,,
2023-04-30,Medical Reprieve Program,10,0.0,-5.0,,,
2023-04-30,B. Parole,36826,-462.0,-8081.0,,,
2023-04-30,Community Supervision,35366,-463.0,-8047.0,,,
2023-04-30,Interstate Cooperative Case,1460,1.0,-34.0,,,
2023-04-30,C. Non-CDCR Jurisdiction,748,0.0,-186.0,,,
2023-04-30,Out of State Parole,474,-11.0,-154.0,,,
2023-04-30,Out of State Parolee at Large,23,2.0,1.0,,,
2023-04-30,DJJ-W&IC 1731.5(c) Institutions,4,0.0,-4.0,,,
2023-04-30,County Jail,4,0.0,-31.0,,,
2023-04-30,D. Other Populations,8597,-90.0,266.0,,,
2023-04-30,Temporary Release to Court and Hospital,1650,-9.0,245.0,,,
2023-04-30,Escaped,195,0.0,0.0,,,
2023-04-30,Parolee at Large,6752,-81.0,21.0,,,
2023-04-30,Total CDCR Population,142109,-314.0,-8697.0,,,
2023-04-30,"RReeppoorrtt ##:: SSOOMMSS--TTPPOOPP--11,, PPaaggee",11,,,,,
2023-05-31,I. In-State,96318,618.0,-316.0,,,
2023-05-31,"(Men, Subtotal)",92581,559.0,-320.0,,,
2023-05-31,"(Women, Subtotal)",3737,59.0,4.0,,,
2023-05-31,1. Institution/Camps,93979,1226.0,585.0,83237.0,112.9,112164.0
2023-05-31,Institutions,92282,1101.0,184.0,79869.0,115.5,108696.0
2023-05-31,"Camps(CCC, CIW, and SCC)",1697,125.0,401.0,3368.0,50.4,3468.0
2023-05-31,2. In-State Contract Beds,1014,-627.0,-1016.0,,,
2023-05-31,Community Prisoner Mother Program,5,-2.0,,,,
2023-05-31,California City Correctional Facility,1009,-625.0,-1021.0,,,
2023-05-31,3. Department of State Hospitals,112,11.0,-26.0,,,
2023-05-31,4. CRPP Supervision,1213,8.0,141.0,,,
2023-05-31,Alternative Custody Program,131,0.0,73.0,,,
2023-05-31,Custody to Community Treatment Reentry Program,387,-1.0,68.0,,,
2023-05-31,Male Community Reentry Program,642,11.0,16.0,,,
2023-05-31,Medical Parole,44,-1.0,-9.0,,,
2023-05-31,Medical Reprieve Program,9,-1.0,-6.0,,,
2023-05-31,B. Parole,36308,-980.0,-8599.0,,,
2023-05-31,Community Supervision,34852,-977.0,-8561.0,,,
2023-05-31,Interstate Cooperative Case,1456,-3.0,-38.0,,,
2023-05-31,C. Non-CDCR Jurisdiction,739,-9.0,-195.0,,,
2023-05-31,Out of State Parole,474,-11.0,-154.0,,,
2023-05-31,Out of State Parolee at Large,19,-2.0,-3.0,,,
2023-05-31,DJJ-W&IC 1731.5(c) Institutions,5,1.0,-3.0,,,
2023-05-31,County Jail,3,-1.0,-32.0,,,
2023-05-31,D. Other Populations,8539,-148.0,208.0,,,
2023-05-31,Temporary Release to Court and Hospital,1627,-32.0,222.0,,,
2023-05-31,Escaped,194,-1.0,-1.0,,,
2023-05-31,Parolee at Large,6718,-115.0,-13.0,,,
2023-05-31,Total CDCR Population,141904,-519.0,-8902.0,,,
2023-05-31,"RReeppoorrtt ##:: SSOOMMSS--TTPPOOPP--11,, PPaaggee",11,,,,,
2023-06-30,I. In-State,96033,-285.0,-1146.0,,,
2023-06-30,"(Men, Subtotal)",92271,-310.0,-1239.0,,,
2023-06-30,"(Women, Subtotal)",3762,25.0,93.0,,,
2023-06-30,1. Institution/Camps,94081,102.0,76.0,80677.0,116.6,111168.0
2023-06-30,Institutions,92392,110.0,-73.0,77309.0,119.5,107700.0
2023-06-30,Camps(CIW and SCC),1689,-8.0,149.0,3368.0,50.1,3468.0
2023-06-30,2. In-State Contract Beds,629,-385.0,-1323.0,,,
2023-06-30,Community Prisoner Mother Program,6,1.0,2.0,,,
2023-06-30,California City Correctional Facility,623,-386.0,-1325.0,,,
2023-06-30,3. Department of State Hospitals,115,3.0,-3.0,,,
2023-06-30,4. CRPP Supervision,1208,-5.0,104.0,,,
2023-06-30,Alternative Custody Program,127,-4.0,60.0,,,
2023-06-30,Custody to Community Treatment Reentry Program,383,-4.0,33.0,,,
2023-06-30,Male Community Reentry Program,644,2.0,15.0,,,
2023-06-30,Medical Parole,45,1.0,-2.0,,,
2023-06-30,Medical Reprieve Program,9,0.0,-2.0,,,
2023-06-30,B. Parole,36195,-113.0,-7630.0,,,
2023-06-30,Community Supervision,34729,-123.0,-7602.0,,,
2023-06-30,Interstate Cooperative Case,1466,10.0,-28.0,,,
2023-06-30,C. Non-CDCR Jurisdiction,736,-3.0,-193.0,,,
2023-06-30,Out of State Parole,475,1.0,-161.0,,,
2023-06-30,Out of State Parolee at Large,19,0.0,-2.0,,,
2023-06-30,DJJ-W&IC 1731.5(c) Institutions,5,0.0,-3.0,,,
2023-06-30,County Jail,3,0.0,-21.0,,,
2023-06-30,D. Other Populations,8416,-123.0,131.0,,,
2023-06-30,Temporary Release to Court and Hospital,1648,21.0,209.0,,,
2023-06-30,Escaped,194,0.0,-1.0,,,
2023-06-30,Parolee at Large,6574,-144.0,-77.0,,,
2023-06-30,Total CDCR Population,141380,-524.0,-8838.0,,,
2023-06-30,"RReeppoorrtt ##:: SSOOMMSS--TTPPOOPP--11,, PPaaggee",11,,,,,
2023-07-31,I. In-State,95736,-297.0,-983.0,,,
2023-07-31,"(Men, Subtotal)",92005,-266.0,-996.0,,,
2023-07-31,"(Women, Subtotal)",3731,-31.0,13.0,,,
2023-07-31,1. Institution/Camps,94015,-66.0,436.0,80777.0,116.4,111489.0
2023-07-31,Institutions,92275,-117.0,251.0,77309.0,119.4,108021.0
2023-07-31,Camps(CIW and SCC),1740,51.0,185.0,3468.0,50.2,3468.0
2023-07-31,2. In-State Contract Beds,432,-197.0,-1490.0,,,
2023-07-31,Community Prisoner Mother Program,7,1.0,3.0,,,
2023-07-31,California City Correctional Facility,425,-198.0,-1493.0,,,
2023-07-31,3. Department of State Hospitals,112,-3.0,-8.0,,,
2023-07-31,4. CRPP Supervision,1177,-31.0,79.0,,,
2023-07-31,Alternative Custody Program,115,-12.0,49.0,,,
2023-07-31,Custody to Community Treatment Reentry Program,371,-12.0,11.0,,,
2023-07-31,Male Community Reentry Program,637,-7.0,21.0,,,
2023-07-31,Medical Parole,45,0.0,1.0,,,
2023-07-31,Medical Reprieve Program,9,0.0,-3.0,,,
2023-07-31,B. Parole,36046,-149.0,-7010.0,,,
2023-07-31,Community Supervision,34575,-154.0,-7005.0,,,
2023-07-31,Interstate Cooperative Case,1471,5.0,-5.0,,,
2023-07-31,C. Non-CDCR Jurisdiction,729,-7.0,-183.0,,,
2023-07-31,Out of State Parole,474,-1.0,-153.0,,,
2023-07-31,Out of State Parolee at Large,18,-1.0,1.0,,,
2023-07-31,DJJ-W&IC 1731.5(c) Institutions,4,-1.0,-3.0,,,
2023-07-31,County Jail,2,-1.0,-14.0,,,
2023-07-31,D. Other Populations,8118,-298.0,-299.0,,,
2023-07-31,Temporary Release to Court and Hospital,1626,-22.0,161.0,,,
2023-07-31,Escaped,195,1.0,0.0,,,
2023-07-31,Parolee at Large,6297,-277.0,-460.0,,,
2023-07-31,Total CDCR Population,140629,-751.0,-8475.0,,,
2023-07-31,"RReeppoorrtt ##:: SSOOMMSS--TTPPOOPP--11,, PPaaggee",11,,,,,
2023-08-31,I. In-State,95418,-318.0,-1133.0,,,
2023-08-31,"(Men, Subtotal)",91646,-359.0,-1180.0,,,
2023-08-31,"(Women, Subtotal)",3772,41.0,47.0,,,
2023-08-31,1. Institution/Camps,93928,-87.0,590.0,80777.0,116.3,111489.0
2023-08-31,Institutions,92164,-111.0,411.0,77309.0,119.2,108021.0
2023-08-31,Camps(CIW and SCC),1764,24.0,179.0,3468.0,50.9,3468.0
2023-08-31,2. In-State Contract Beds,203,-229.0,-1739.0,,,
2023-08-31,Community Prisoner Mother Program,6,-1.0,-2.0,,,
2023-08-31,California City Correctional Facility,197,-228.0,-1737.0,,,
2023-08-31,3. Department of State Hospitals,110,-2.0,-19.0,,,
2023-08-31,4. CRPP Supervision,1177,0.0,35.0,,,
2023-08-31,Alternative Custody Program,120,5.0,49.0,,,
2023-08-31,Custody to Community Treatment Reentry Program,373,2.0,-29.0,,,
2023-08-31,Male Community Reentry Program,630,-7.0,16.0,,,
2023-08-31,Medical Parole,44,-1.0,1.0,,,
2023-08-31,Medical Reprieve Program,10,1.0,-2.0,,,
2023-08-31,B. Parole,35956,-90.0,-6151.0,,,
2023-08-31,Community Supervision,34498,-77.0,-6141.0,,,
2023-08-31,Interstate Cooperative Case,1458,-13.0,-10.0,,,
2023-08-31,C. Non-CDCR Jurisdiction,748,19.0,-135.0,,,
2023-08-31,Out of State Parole,493,19.0,-106.0,,,
2023-08-31,Out of State Parolee at Large,19,1.0,1.0,,,
2023-08-31,DJJ-W&IC 1731.5(c) Institutions,4,0.0,-3.0,,,
2023-08-31,County Jail,2,0.0,-11.0,,,
2023-08-31,D. Other Populations,7767,-351.0,-700.0,,,
2023-08-31,Temporary Release to Court and Hospital,1654,28.0,118.0,,,
2023-08-31,Escaped,195,0.0,0.0,,,
2023-08-31,Parolee at Large,5918,-379.0,-818.0,,,
2023-08-31,Total CDCR Population,139889,-740.0,-8119.0,,,
2023-08-31,"RReeppoorrtt ##:: SSOOMMSS--TTPPOOPP--11,, PPaaggee",11,,,,,
2023-09-30,I. In-State,95147,-271.0,-1269.0,,,
2023-09-30,"(Men, Subtotal)",91347,-299.0,-1384.0,,,
2023-09-30,"(Women, Subtotal)",3800,28.0,115.0,,,
2023-09-30,1. Institution/Camps,93758,-170.0,578.0,80777.0,116.1,111489.0
2023-09-30,Institutions,91944,-220.0,488.0,77309.0,118.9,108021.0
2023-09-30,Camps(CIW and SCC),1814,50.0,90.0,3468.0,52.3,3468.0
2023-09-30,2. In-State Contract Beds,140,-63.0,-1847.0,,,
2023-09-30,Community Prisoner Mother Program,7,1.0,-1.0,,,
2023-09-30,California City Correctional Facility,133,-64.0,-1846.0,,,
2023-09-30,3. Department of State Hospitals,106,-4.0,-12.0,,,
2023-09-30,4. CRPP Supervision,1143,-34.0,12.0,,,
2023-09-30,Alternative Custody Program,112,-8.0,37.0,,,
2023-09-30,Custody to Community Treatment Reentry Program,362,-11.0,-38.0,,,
2023-09-30,Male Community Reentry Program,615,-15.0,14.0,,,
2023-09-30,Medical Parole,44,0.0,1.0,,,
2023-09-30,Medical Reprieve Program,10,0.0,-2.0,,,
2023-09-30,B. Parole,35813,-143.0,-5152.0,,,
2023-09-30,Community Supervision,34354,-144.0,-5150.0,,,
2023-09-30,Interstate Cooperative Case,1459,1.0,-2.0,,,
2023-09-30,C. Non-CDCR Jurisdiction,755,7.0,-108.0,,,
2023-09-30,Out of State Parole,509,16.0,-71.0,,,
2023-09-30,Out of State Parolee at Large,18,-1.0,1.0,,,
2023-09-30,County Jail,2,0.0,-10.0,,,
2023-09-30,D. Other Populations,7611,-156.0,-904.0,,,
2023-09-30,Temporary Release to Court and Hospital,1667,13.0,44.0,,,
2023-09-30,Escaped,195,0.0,0.0,,,
2023-09-30,Parolee at Large,5749,-169.0,-948.0,,,
2023-09-30,Total CDCR Population,139326,-563.0,-7433.0,,,
2023-09-30,"RReeppoorrtt ##:: SSOOMMSS--TTPPOOPP--11,, PPaaggee",11,,,,,
2023-10-31,I. In-State,94838,-309.0,-1129.0,,,
2023-10-31,"(Men, Subtotal)",91022,-325.0,-1307.0,,,
2023-10-31,"(Women, Subtotal)",3816,16.0,178.0,,,
2023-10-31,1. Institution/Camps,93577,-181.0,782.0,80777.0,115.8,110376.0
2023-10-31,Institutions,91772,-172.0,881.0,77309.0,118.7,106908.0
2023-10-31,Camps(CIW and SCC),1805,-9.0,-99.0,3468.0,52.0,3468.0
2023-10-31,2. In-State Contract Beds,8,-132.0,-1914.0,,,
2023-10-31,Community Prisoner Mother Program,8,1.0,0.0,,,
2023-10-31,3. Department of State Hospitals,111,5.0,7.0,,,
2023-10-31,4. CRPP Supervision,1142,-1.0,-4.0,,,
2023-10-31,Alternative Custody Program,118,6.0,39.0,,,
2023-10-31,Custody to Community Treatment Reentry Program,369,7.0,-22.0,,,
2023-10-31,Male Community Reentry Program,600,-15.0,-21.0,,,
2023-10-31,Medical Parole,44,0.0,0.0,,,
2023-10-31,Medical Reprieve Program,11,1.0,0.0,,,
2023-10-31,B. Parole,35537,-276.0,-4624.0,,,
2023-10-31,Community Supervision,34106,-248.0,-4591.0,,,
2023-10-31,Interstate Cooperative Case,1431,-28.0,-33.0,,,
2023-10-31,C. Non-CDCR Jurisdiction,758,3.0,-86.0,,,
2023-10-31,Out of State Parole,512,3.0,-48.0,,,
2023-10-31,Out of State Parolee at Large,21,3.0,2.0,,,
2023-10-31,County Jail,2,0.0,-10.0,,,
2023-10-31,D. Other Populations,7595,-16.0,-1078.0,,,
2023-10-31,Temporary Release to Court and Hospital,1688,21.0,19.0,,,
2023-10-31,Escaped,195,0.0,-1.0,,,
2023-10-31,Parolee at Large,5712,-37.0,-1096.0,,,
2023-10-31,Total CDCR Population,138728,-598.0,-6917.0,,,
2023-10-31,"RReeppoorrtt ##:: SSOOMMSS--TTPPOOPP--11,, PPaaggee",11,,,,,
2023-11-30,I. In-State,94647,-191.0,-1146.0,,,
2023-11-30,"(Men, Subtotal)",90853,-169.0,-1271.0,,,
2023-11-30,"(Women, Subtotal)",3794,-22.0,125.0,,,
2023-11-30,1. Institution/Camps,93371,-206.0,751.0,79574.0,117.3,110376.0
2023-11-30,Institutions,91511,-261.0,808.0,76106.0,120.2,106908.0
2023-11-30,Camps(CIW and SCC),1860,55.0,-57.0,3468.0,53.6,3468.0
2023-11-30,2. In-State Contract Beds,8,0.0,-1906.0,,,
2023-11-30,Community Prisoner Mother Program,8,0.0,0.0,,,
2023-11-30,3. Department of State Hospitals,116,5.0,19.0,,,
2023-11-30,4. CRPP Supervision,1152,10.0,-10.0,,,
2023-11-30,Alternative Custody Program,116,-2.0,30.0,,,
2023-11-30,Custody to Community Treatment Reentry Program,378,9.0,-12.0,,,
2023-11-30,Male Community Reentry Program,604,4.0,-27.0,,,
2023-11-30,Medical Parole,44,0.0,0.0,,,
2023-11-30,Medical Reprieve Program,10,-1.0,-1.0,,,
2023-11-30,B. Parole,35496,-41.0,-4058.0,,,
2023-11-30,Community Supervision,34070,-36.0,-4017.0,,,
2023-11-30,Interstate Cooperative Case,1426,-5.0,-41.0,,,
2023-11-30,C. Non-CDCR Jurisdiction,761,3.0,-52.0,,,
2023-11-30,Out of State Parole,515,3.0,-23.0,,,
2023-11-30,Out of State Parolee at Large,21,0.0,2.0,,,
2023-11-30,County Jail,2,0.0,-6.0,,,
2023-11-30,D. Other Populations,7361,-234.0,-1356.0,,,
2023-11-30,Temporary Release to Court and Hospital,1608,-80.0,-72.0,,,
2023-11-30,Escaped,195,0.0,-1.0,,,
2023-11-30,Parolee at Large,5558,-154.0,-1283.0,,,
2023-11-30,Total CDCR Population,138265,-463.0,-6612.0,,,
2023-11-30,"RReeppoorrtt ##:: SSOOMMSS--TTPPOOPP--11,, PPaaggee",11,,,,,
2023-12-31,I. In-State,94188,-459.0,-1519.0,,,
2023-12-31,"(Men, Subtotal)",90421,-432.0,-1630.0,,,
2023-12-31,"(Women, Subtotal)",3767,-27.0,111.0,,,
2023-12-31,1. Institution/Camps,92897,-474.0,291.0,78998.0,117.6,109678.0
2023-12-31,Institutions,91082,-429.0,303.0,75530.0,120.6,106210.0
2023-12-31,Camps(CIW and SCC),1815,-45.0,-12.0,3468.0,52.3,3468.0
2023-12-31,2. In-State Contract Beds,7,-1.0,-1822.0,,,
2023-12-31,Community Prisoner Mother Program,7,-1.0,-1.0,,,
2023-12-31,3. Department of State Hospitals,119,3.0,18.0,,,
2023-12-31,4. CRPP Supervision,1165,13.0,-6.0,,,
2023-12-31,Alternative Custody Program,107,-9.0,8.0,,,
2023-12-31,Custody to Community Treatment Reentry Program,380,2.0,-13.0,,,
2023-12-31,Male Community Reentry Program,623,19.0,-1.0,,,
2023-12-31,Medical Parole,46,2.0,2.0,,,
2023-12-31,Medical Reprieve Program,9,-1.0,-2.0,,,
2023-12-31,B. Parole,35389,-107.0,-3502.0,,,
2023-12-31,Community Supervision,33948,-122.0,-3476.0,,,
2023-12-31,Interstate Cooperative Case,1441,15.0,-26.0,,,
2023-12-31,C. Non-CDCR Jurisdiction,763,2.0,-63.0,,,
2023-12-31,Out of State Parole,514,-1.0,-35.0,,,
2023-12-31,Out of State Parolee at Large,22,1.0,4.0,,,
2023-12-31,County Jail,1,-1.0,-11.0,,,
2023-12-31,D. Other Populations,7314,-47.0,-1475.0,,,
2023-12-31,Temporary Release to Court and Hospital,1514,-94.0,-92.0,,,
2023-12-31,Escaped,196,1.0,0.0,,,
2023-12-31,Parolee at Large,5604,46.0,-1383.0,,,
2023-12-31,Total CDCR Population,137654,-611.0,-6559.0,,,
2023-12-31,"RReeppoorrtt ##:: SSOOMMSS--TTPPOOPP--11,, PPaaggee",11,,,,,
2024-01-31,I. In-State,93734,-454.0,-1794.0,,,
2024-01-31,"(Men, Subtotal)",89984,-437.0,-1895.0,,,
2024-01-31,"(Women, Subtotal)",3750,-17.0,101.0,,,
2024-01-31,1. Institution/Camps,92431,-466.0,-36.0,78998.0,117.0,109553.0
2024-01-31,Institutions,90643,-439.0,-135.0,75530.0,120.0,106085.0
2024-01-31,Camps(CIW and SCC),1788,-27.0,99.0,3468.0,51.6,3468.0
2024-01-31,2. In-State Contract Beds,7,0.0,-1800.0,,,
2024-01-31,Community Prisoner Mother Program,7,0.0,-1.0,,,
2024-01-31,3. Department of State Hospitals,136,17.0,35.0,,,
2024-01-31,4. CRPP Supervision,1160,-5.0,7.0,,,
2024-01-31,Alternative Custody Program,102,-5.0,-1.0,,,
2024-01-31,Custody to Community Treatment Reentry Program,381,1.0,-5.0,,,
2024-01-31,Male Community Reentry Program,626,3.0,13.0,,,
2024-01-31,Medical Parole,43,-3.0,2.0,,,
2024-01-31,Medical Reprieve Program,8,-1.0,-2.0,,,
2024-01-31,B. Parole,35194,-195.0,-3128.0,,,
2024-01-31,Community Supervision,33753,-195.0,-3110.0,,,
2024-01-31,Interstate Cooperative Case,1441,0.0,-18.0,,,
2024-01-31,C. Non-CDCR Jurisdiction,763,0.0,-21.0,,,
2024-01-31,Out of State Parole,516,2.0,3.0,,,
2024-01-31,Out of State Parolee at Large,20,-2.0,1.0,,,
2024-01-31,D. Other Populations,7309,-5.0,-1471.0,,,
2024-01-31,Temporary Release to Court and Hospital,1565,51.0,-121.0,,,
2024-01-31,Escaped,195,-1.0,-1.0,,,
2024-01-31,Parolee at Large,5549,-55.0,-1349.0,,,
2024-01-31,Total CDCR Population,137000,-654.0,-6414.0,,,
2024-01-31,"RReeppoorrtt ##:: SSOOMMSS--TTPPOOPP--11,, PPaaggee",11,,,,,
2024-02-29,I. In-State,93560,-174.0,-1900.0,,,
2024-02-29,"(Men, Subtotal)",89791,-193.0,-1971.0,,,
2024-02-29,"(Women, Subtotal)",3769,19.0,71.0,,,
2024-02-29,1. Institution/Camps,92268,-163.0,-171.0,78998.0,116.8,109037.0
2024-02-29,Institutions,90452,-191.0,-372.0,75530.0,119.8,105569.0
2024-02-29,Camps(CIW and SCC),1816,28.0,201.0,3468.0,52.4,3468.0
2024-02-29,2. In-State Contract Beds,6,-1.0,-1749.0,,,
2024-02-29,Community Prisoner Mother Program,6,-1.0,-2.0,,,
2024-02-29,3. Department of State Hospitals,136,0.0,45.0,,,
2024-02-29,4. CRPP Supervision,1150,-10.0,-25.0,,,
2024-02-29,Alternative Custody Program,95,-7.0,-22.0,,,
2024-02-29,Custody to Community Treatment Reentry Program,379,-2.0,-13.0,,,
2024-02-29,Male Community Reentry Program,622,-4.0,10.0,,,
2024-02-29,Medical Parole,47,4.0,3.0,,,
2024-02-29,Medical Reprieve Program,7,-1.0,-3.0,,,
2024-02-29,B. Parole,35173,-21.0,-2727.0,,,
2024-02-29,Community Supervision,33713,-40.0,-2726.0,,,
2024-02-29,Interstate Cooperative Case,1460,19.0,-1.0,,,
2024-02-29,C. Non-CDCR Jurisdiction,760,-3.0,-7.0,,,
2024-02-29,Out of State Parole,513,-3.0,12.0,,,
2024-02-29,Out of State Parolee at Large,21,1.0,0.0,,,
2024-02-29,D. Other Populations,7244,-65.0,-1495.0,,,
2024-02-29,Temporary Release to Court and Hospital,1571,6.0,-143.0,,,
2024-02-29,Escaped,196,1.0,1.0,,,
2024-02-29,Parolee at Large,5477,-72.0,-1353.0,,,
2024-02-29,Total CDCR Population,136737,-263.0,-6129.0,,,
2024-02-29,"RReeppoorrtt ##:: SSOOMMSS--TTPPOOPP--11,, PPaaggee",11,,,,,
2024-03-31,I. In-State,93220,-340.0,-2480.0,,,
2024-03-31,"(Men, Subtotal)",89452,-339.0,-2570.0,,,
2024-03-31,"(Women, Subtotal)",3768,-1.0,90.0,,,
2024-03-31,1. Institution/Camps,91972,-296.0,-781.0,78994.0,116.4,108310.0
2024-03-31,Institutions,90234,-218.0,-947.0,75526.0,119.5,104842.0
2024-03-31,Camps(CIW and SCC),1738,-78.0,166.0,3468.0,50.1,3468.0
2024-03-31,2. In-State Contract Beds,7,1.0,-1634.0,,,
2024-03-31,Community Prisoner Mother Program,7,1.0,0.0,,,
2024-03-31,3. Department of State Hospitals,146,10.0,45.0,,,
2024-03-31,4. CRPP Supervision,1095,-55.0,-110.0,,,
2024-03-31,Alternative Custody Program,81,-14.0,-50.0,,,
2024-03-31,Custody to Community Treatment Reentry Program,373,-6.0,-15.0,,,
2024-03-31,Male Community Reentry Program,588,-34.0,-43.0,,,
2024-03-31,Medical Parole,45,-2.0,0.0,,,
2024-03-31,Medical Reprieve Program,8,1.0,-2.0,,,
2024-03-31,B. Parole,35254,81.0,-2034.0,,,
2024-03-31,Community Supervision,33806,93.0,-2023.0,,,
2024-03-31,Interstate Cooperative Case,1448,-12.0,-11.0,,,
2024-03-31,C. Non-CDCR Jurisdiction,758,-2.0,10.0,,,
2024-03-31,Out of State Parole,512,-1.0,27.0,,,
2024-03-31,Out of State Parolee at Large,21,0.0,0.0,,,
2024-03-31,D. Other Populations,7067,-177.0,-1620.0,,,
2024-03-31,Temporary Release to Court and Hospital,1497,-74.0,-162.0,,,
2024-03-31,Escaped,195,-1.0,0.0,,,
2024-03-31,Parolee at Large,5375,-102.0,-1458.0,,,
2024-03-31,Total CDCR Population,136299,-438.0,-6124.0,,,
2024-03-31,"RReeppoorrtt ##:: SSOOMMSS--TTPPOOPP--11,, PPaaggee",11,,,,,
2024-04-30,I. In-State,93015,-205.0,-2923.0,,,
2024-04-30,"(Men, Subtotal)",89247,-205.0,-2993.0,,,
2024-04-30,"(Women, Subtotal)",3768,0.0,70.0,,,
2024-04-30,1. Institution/Camps,91748,-224.0,-1500.0,78994.0,116.1,109480.0
2024-04-30,Institutions,90048,-186.0,-1540.0,75526.0,119.2,106012.0
2024-04-30,Camps(CIW and SCC),1700,-38.0,40.0,3468.0,49.0,3468.0
2024-04-30,2. In-State Contract Beds,6,-1.0,-1369.0,,,
2024-04-30,Community Prisoner Mother Program,6,-1.0,-2.0,,,
2024-04-30,3. Department of State Hospitals,163,17.0,62.0,,,
2024-04-30,4. CRPP Supervision,1098,3.0,-116.0,,,
2024-04-30,Alternative Custody Program,76,-5.0,-54.0,,,
2024-04-30,Custody to Community Treatment Reentry Program,380,7.0,-14.0,,,
2024-04-30,Male Community Reentry Program,588,0.0,-45.0,,,
2024-04-30,Medical Parole,46,1.0,-1.0,,,
2024-04-30,Medical Reprieve Program,8,0.0,-2.0,,,
2024-04-30,B. Parole,35118,-136.0,-1708.0,,,
2024-04-30,Community Supervision,33668,-138.0,-1698.0,,,
2024-04-30,Interstate Cooperative Case,1450,2.0,-10.0,,,
2024-04-30,C. Non-CDCR Jurisdiction,763,5.0,15.0,,,
2024-04-30,Out of State Parole,521,9.0,47.0,,,
2024-04-30,Out of State Parolee at Large,23,2.0,0.0,,,
2024-04-30,D. Other Populations,7059,-8.0,-1538.0,,,
2024-04-30,Temporary Release to Court and Hospital,1516,19.0,-134.0,,,
2024-04-30,Escaped,195,0.0,0.0,,,
2024-04-30,Parolee at Large,5348,-27.0,-1404.0,,,
2024-04-30,Total CDCR Population,135955,-344.0,-6154.0,,,
2024-04-30,"RReeppoorrtt ##:: SSOOMMSS--TTPPOOPP--11,, PPaaggee",11,,,,,
2024-05-31,I. In-State,92955,-60.0,-3363.0,,,
2024-05-31,"(Men, Subtotal)",89187,-60.0,-3394.0,,,
2024-05-31,"(Women, Subtotal)",3768,0.0,31.0,,,
2024-05-31,1. Institution/Camps,91667,-81.0,-2312.0,78994.0,116.0,109480.0
2024-05-31,Institutions,89961,-87.0,-2321.0,75526.0,119.1,106012.0
2024-05-31,Camps(CIW and SCC),1706,6.0,9.0,3468.0,49.2,3468.0
2024-05-31,2. In-State Contract Beds,7,1.0,-1007.0,,,
2024-05-31,Community Prisoner Mother Program,7,1.0,2.0,,,
2024-05-31,3. Department of State Hospitals,158,-5.0,46.0,,,
2024-05-31,4. CRPP Supervision,1123,25.0,-90.0,,,
2024-05-31,Alternative Custody Program,67,-9.0,-64.0,,,
2024-05-31,Female Community Reentry Program,398,18.0,11.0,,,
2024-05-31,Male Community Reentry Program,604,16.0,-38.0,,,
2024-05-31,Medical Parole,47,1.0,3.0,,,
2024-05-31,Medical Reprieve Program,7,-1.0,-2.0,,,
2024-05-31,B. Parole,35022,-96.0,-1286.0,,,
2024-05-31,Community Supervision,33567,-101.0,-1285.0,,,
2024-05-31,Interstate Cooperative Case,1455,5.0,-1.0,,,
2024-05-31,C. Non-CDCR Jurisdiction,758,-5.0,19.0,,,
2024-05-31,Out of State Parole,514,-7.0,40.0,,,
2024-05-31,Out of State Parolee at Large,26,3.0,7.0,,,
2024-05-31,D. Other Populations,7067,8.0,-1472.0,,,
2024-05-31,Temporary Release to Court and Hospital,1495,-21.0,-132.0,,,
2024-05-31,Escaped,194,-1.0,0.0,,,
2024-05-31,Parolee at Large,5378,30.0,-1340.0,,,
2024-05-31,Total CDCR Population,135802,-153.0,-6102.0,,,
2024-05-31,"RReeppoorrtt ##:: SSOOMMSS--TTPPOOPP--11,, PPaaggee",11,,,,,
2024-06-30,I. In-State,92582,-373.0,-3451.0,,,
2024-06-30,"(Men, Subtotal)",88819,-368.0,-3452.0,,,
2024-06-30,"(Women, Subtotal)",3763,-5.0,1.0,,,
2024-06-30,1. Institution/Camps,91330,-337.0,-2751.0,78994.0,115.6,109490.0
2024-06-30,Institutions,89686,-275.0,-2706.0,75526.0,118.7,106022.0
2024-06-30,Camps(CIW and SCC),1644,-62.0,-45.0,3468.0,47.4,3468.0
2024-06-30,2. In-State Contract Beds,5,-2.0,-624.0,,,
2024-06-30,Community Participant Mother Program,5,-2.0,-1.0,,,
2024-06-30,3. Department of State Hospitals,160,2.0,45.0,,,
2024-06-30,4. CRPP Supervision,1087,-36.0,-121.0,,,
2024-06-30,Alternative Custody Program,63,-4.0,-64.0,,,
2024-06-30,Female Community Reentry Program,386,-12.0,3.0,,,
2024-06-30,Male Community Reentry Program,583,-21.0,-61.0,,,
2024-06-30,Medical Parole,48,1.0,3.0,,,
2024-06-30,Medical Reprieve Program,7,0.0,-2.0,,,
2024-06-30,B. Parole,35019,-3.0,-1176.0,,,
2024-06-30,Community Supervision,33558,-9.0,-1171.0,,,
2024-06-30,Interstate Cooperative Case,1461,6.0,-5.0,,,
2024-06-30,C. Non-CDCR Jurisdiction,756,-2.0,20.0,,,
2024-06-30,Out of State Parole,519,5.0,44.0,,,
2024-06-30,Out of State Parolee at Large,22,-4.0,3.0,,,
2024-06-30,D. Other Populations,7039,-28.0,-1377.0,,,
2024-06-30,Temporary Release to Court and Hospital,1479,-16.0,-169.0,,,
2024-06-30,Escaped,193,-1.0,-1.0,,,
2024-06-30,Parolee at Large,5367,-11.0,-1207.0,,,
2024-06-30,Total CDCR Population,135396,-406.0,-5984.0,,,
2024-06-30,"RReeppoorrtt ##:: SSOOMMSS--TTPPOOPP--11,, PPaaggee",11,,,,,
2024-07-31,I. In-State,92251,-331.0,-3485.0,,,
2024-07-31,"(Men, Subtotal)",88500,-319.0,-3505.0,,,
2024-07-31,"(Women, Subtotal)",3751,-12.0,20.0,,,
2024-07-31,1. Institution/Camps,90993,-337.0,-3022.0,78994.0,115.2,102280.0
2024-07-31,Institutions,89348,-338.0,-2927.0,75526.0,118.3,98812.0
2024-07-31,Camps(CIW and SCC),1645,1.0,-95.0,3468.0,47.4,3468.0
2024-07-31,2. In-State Contract Beds,4,-1.0,-428.0,,,
2024-07-31,Community Participant Mother Program,4,-1.0,-3.0,,,
2024-07-31,3. Department of State Hospitals,158,-2.0,46.0,,,
2024-07-31,4. CRPP Supervision,1096,9.0,-81.0,,,
2024-07-31,Alternative Custody Program,62,-1.0,-53.0,,,
2024-07-31,Female Community Reentry Program,389,3.0,18.0,,,
2024-07-31,Male Community Reentry Program,589,6.0,-48.0,,,
2024-07-31,Medical Parole,49,1.0,4.0,,,
2024-07-31,Medical Reprieve Program,7,0.0,-2.0,,,
2024-07-31,B. Parole,34906,-113.0,-1140.0,,,
2024-07-31,Community Supervision,33436,-122.0,-1139.0,,,
2024-07-31,Interstate Cooperative Case,1470,9.0,-1.0,,,
2024-07-31,C. Non-CDCR Jurisdiction,753,-3.0,24.0,,,
2024-07-31,Out of State Parole,512,-7.0,38.0,,,
2024-07-31,Out of State Parolee at Large,22,0.0,4.0,,,
2024-07-31,D. Other Populations,7079,40.0,-1039.0,,,
2024-07-31,Temporary Release to Court and Hospital,1475,-4.0,-151.0,,,
2024-07-31,Escaped,191,-2.0,-4.0,,,
2024-07-31,Parolee at Large,5413,46.0,-884.0,,,
2024-07-31,Total CDCR Population,134989,-407.0,-5640.0,,,
2024-07-31,"RReeppoorrtt ##:: SSOOMMSS--TTPPOOPP--11,, PPaaggee",11,,,,,
2024-08-31,I. In-State,91991,-260.0,-3427.0,,,
2024-08-31,"(Men, Subtotal)",88237,-263.0,-3409.0,,,
2024-08-31,"(Women, Subtotal)",3754,3.0,-18.0,,,
2024-08-31,1. Institution/Camps,90756,-237.0,-3172.0,78994.0,114.9,102280.0
2024-08-31,Institutions,89063,-285.0,-3101.0,75526.0,117.9,98812.0
2024-08-31,Camps(CIW and SCC),1693,48.0,-71.0,3468.0,48.8,3468.0
2024-08-31,2. In-State Contract Beds,3,-1.0,-200.0,,,
2024-08-31,Community Participant Mother Program,3,-1.0,-3.0,,,
2024-08-31,3. Department of State Hospitals,158,0.0,48.0,,,
2024-08-31,4. CRPP Supervision,1074,-22.0,-103.0,,,
2024-08-31,Alternative Custody Program,49,-13.0,-71.0,,,
2024-08-31,Female Community Reentry Program,380,-9.0,7.0,,,
2024-08-31,Male Community Reentry Program,590,1.0,-40.0,,,
2024-08-31,Medical Parole,49,0.0,5.0,,,
2024-08-31,Medical Reprieve Program,6,-1.0,-4.0,,,
2024-08-31,B. Parole,34957,51.0,-999.0,,,
2024-08-31,Community Supervision,33490,54.0,-1008.0,,,
2024-08-31,Interstate Cooperative Case,1467,-3.0,9.0,,,
2024-08-31,C. Non-CDCR Jurisdiction,727,-26.0,-21.0,,,
2024-08-31,Out of State Parole,495,-17.0,2.0,,,
2024-08-31,Out of State Parolee at Large,23,1.0,4.0,,,
2024-08-31,D. Other Populations,6997,-82.0,-770.0,,,
2024-08-31,Temporary Release to Court and Hospital,1529,54.0,-125.0,,,
2024-08-31,Escaped,191,0.0,-4.0,,,
2024-08-31,Parolee at Large,5277,-136.0,-641.0,,,
2024-08-31,Total CDCR Population,134672,-317.0,-5217.0,,,
2024-08-31,"RReeppoorrtt ##:: SSOOMMSS--TTPPOOPP--11,, PPaaggee",11,,,,,
2024-09-30,I. In-State,92021,30.0,-3126.0,,,
2024-09-30,"(Men, Subtotal)",88302,65.0,-3045.0,,,
2024-09-30,"(Women, Subtotal)",3719,-35.0,-81.0,,,
2024-09-30,1. Institution/Camps,90819,63.0,-2939.0,75640.0,120.1,102394.0
2024-09-30,Institutions,89054,-9.0,-2890.0,72172.0,123.4,98826.0
2024-09-30,Camps(CIW and SCC),1765,72.0,-49.0,3468.0,50.9,3568.0
2024-09-30,2. In-State Contract Beds,3,0.0,-137.0,,,
2024-09-30,Community Participant Mother Program,3,0.0,-4.0,,,
2024-09-30,3. Department of State Hospitals,160,2.0,54.0,,,
2024-09-30,4. CRPP Supervision,1039,-35.0,-104.0,,,
2024-09-30,Alternative Custody Program,36,-13.0,-76.0,,,
2024-09-30,Female Community Reentry Program,372,-8.0,10.0,,,
2024-09-30,Male Community Reentry Program,576,-14.0,-39.0,,,
2024-09-30,Medical Parole,49,0.0,5.0,,,
2024-09-30,Medical Reprieve Program,6,0.0,-4.0,,,
2024-09-30,B. Parole,34895,-62.0,-918.0,,,
2024-09-30,Community Supervision,33427,-63.0,-927.0,,,
2024-09-30,Interstate Cooperative Case,1468,1.0,9.0,,,
2024-09-30,C. Non-CDCR Jurisdiction,726,-1.0,-29.0,,,
2024-09-30,Out of State Parole,503,8.0,-6.0,,,
2024-09-30,Out of State Parolee at Large,19,-4.0,1.0,,,
2024-09-30,D. Other Populations,6889,-108.0,-722.0,,,
2024-09-30,Temporary Release to Court and Hospital,1478,-51.0,-189.0,,,
2024-09-30,Escaped,189,-2.0,-6.0,,,
2024-09-30,Parolee at Large,5222,-55.0,-527.0,,,
2024-09-30,Total CDCR Population,134531,-141.0,-4795.0,,,
2024-09-30,"RReeppoorrtt ##:: SSOOMMSS--TTPPOOPP--11,, PPaaggee",11,,,,,
2024-10-31,I. In-State,91906,-85.0,-3241.0,,,
2024-10-31,"(Men, Subtotal)",88223,-14.0,-3124.0,,,
2024-10-31,"(Women, Subtotal)",3683,-71.0,-117.0,,,
2024-10-31,1. Institution/Camps,90660,-96.0,-3098.0,75640.0,119.9,101855.0
2024-10-31,Institutions,88827,-236.0,-3117.0,72172.0,123.1,98387.0
2024-10-31,Camps(CIW and SCC),1833,140.0,19.0,3468.0,52.9,3468.0
2024-10-31,2. In-State Contract Beds,2,-1.0,-138.0,,,
2024-10-31,Community Participant Mother Program,2,-1.0,-5.0,,,
2024-10-31,3. Department of State Hospitals,161,3.0,55.0,,,
2024-10-31,4. CRPP Supervision,1083,9.0,-60.0,,,
2024-10-31,Alternative Custody Program,32,-17.0,-80.0,,,
2024-10-31,Female Community Reentry Program,373,-7.0,11.0,,,
2024-10-31,Male Community Reentry Program,628,38.0,13.0,,,
2024-10-31,Medical Parole,44,-5.0,0.0,,,
2024-10-31,Medical Reprieve Program,6,0.0,-4.0,,,
2024-10-31,B. Parole,34754,-203.0,-1059.0,,,
2024-10-31,Community Supervision,33282,-208.0,-1072.0,,,
2024-10-31,Interstate Cooperative Case,1472,5.0,13.0,,,
2024-10-31,C. Non-CDCR Jurisdiction,732,5.0,-23.0,,,
2024-10-31,Out of State Parole,510,15.0,1.0,,,
2024-10-31,Out of State Parolee at Large,19,-4.0,1.0,,,
2024-10-31,D. Other Populations,6933,-64.0,-678.0,,,
2024-10-31,Temporary Release to Court and Hospital,1443,-86.0,-224.0,,,
2024-10-31,Escaped,188,-3.0,-7.0,,,
2024-10-31,Parolee at Large,5302,25.0,-447.0,,,
2024-10-31,Total CDCR Population,134325,-347.0,-5001.0,,,
2024-10-31,"RReeppoorrtt ##:: SSOOMMSS--TTPPOOPP--11,, PPaaggee",11,,,,,
2024-11-30,I. In-State,91745,-161.0,-2902.0,,,
2024-11-30,"(Men, Subtotal)",88080,-143.0,-2773.0,,,
2024-11-30,"(Women, Subtotal)",3665,-18.0,-129.0,,,
2024-11-30,1. Institution/Camps,90492,-168.0,-2879.0,73910.0,122.4,101855.0
2024-11-30,Institutions,88670,-157.0,-2841.0,70442.0,125.9,98387.0
2024-11-30,Camps(CIW and SCC),1822,-11.0,-38.0,3468.0,52.5,3468.0
2024-11-30,2. In-State Contract Beds,3,1.0,-5.0,,,
2024-11-30,Community Participant Mother Program,3,1.0,-5.0,,,
2024-11-30,3. Department of State Hospitals,169,8.0,53.0,,,
2024-11-30,4. CRPP Supervision,1081,-2.0,-71.0,,,
2024-11-30,Alternative Custody Program,20,-12.0,-96.0,,,
2024-11-30,Female Community Reentry Program,366,-7.0,-12.0,,,
2024-11-30,Male Community Reentry Program,656,28.0,52.0,,,
2024-11-30,Medical Parole,34,-10.0,-10.0,,,
2024-11-30,Medical Reprieve Program,5,-1.0,-5.0,,,
2024-11-30,B. Parole,34845,91.0,-651.0,,,
2024-11-30,Community Supervision,33357,75.0,-713.0,,,
2024-11-30,Interstate Cooperative Case,1488,16.0,62.0,,,
2024-11-30,C. Non-CDCR Jurisdiction,733,1.0,-28.0,,,
2024-11-30,Out of State Parole,503,-7.0,-12.0,,,
2024-11-30,Out of State Parolee at Large,21,2.0,0.0,,,
2024-11-30,D. Other Populations,6813,-120.0,-548.0,,,
2024-11-30,Temporary Release to Court and Hospital,1404,-39.0,-204.0,,,
2024-11-30,Escaped,189,1.0,-6.0,,,
2024-11-30,Parolee at Large,5220,-82.0,-338.0,,,
2024-11-30,Total CDCR Population,134136,-189.0,-4129.0,,,
2024-11-30,"RReeppoorrtt ##:: SSOOMMSS--TTPPOOPP--11,, PPaaggee",11,,,,,
2024-12-31,I. In-State,91358,-387.0,-2830.0,,,
2024-12-31,"(Men, Subtotal)",87721,-359.0,-2700.0,,,
2024-12-31,"(Women, Subtotal)",3637,-28.0,-130.0,,,
2024-12-31,1. Institution/Camps,90173,-319.0,-2724.0,73910.0,122.0,98728.0
2024-12-31,Institutions,88374,-296.0,-2708.0,70442.0,125.5,95260.0
2024-12-31,Camps(CIW and SCC),1799,-23.0,-16.0,3468.0,51.9,3468.0
2024-12-31,2. In-State Contract Beds,3,0.0,-4.0,,,
2024-12-31,Community Participant Mother Program,3,0.0,-4.0,,,
2024-12-31,3. Department of State Hospitals,175,6.0,56.0,,,
2024-12-31,4. CRPP Supervision,1007,-74.0,-158.0,,,
2024-12-31,Alternative Custody Program,15,-5.0,-92.0,,,
2024-12-31,Female Community Reentry Program,351,-15.0,-29.0,,,
2024-12-31,Male Community Reentry Program,635,-21.0,12.0,,,
2024-12-31,Medical Parole,1,-33.0,-45.0,,,
2024-12-31,Medical Reprieve Program,5,0.0,-4.0,,,
2024-12-31,B. Parole,34660,-185.0,-729.0,,,
2024-12-31,Community Supervision,33180,-177.0,-768.0,,,
2024-12-31,Interstate Cooperative Case,1480,-8.0,39.0,,,
2024-12-31,C. Non-CDCR Jurisdiction,740,7.0,-23.0,,,
2024-12-31,Out of State Parole,508,5.0,-6.0,,,
2024-12-31,Out of State Parolee at Large,22,1.0,0.0,,,
2024-12-31,D. Other Populations,6777,-36.0,-537.0,,,
2024-12-31,Temporary Release to Court and Hospital,1345,-59.0,-169.0,,,
2024-12-31,Escaped,190,1.0,-6.0,,,
2024-12-31,Parolee at Large,5242,22.0,-362.0,,,
2024-12-31,Total CDCR Population,133535,-601.0,-4119.0,,,
2024-12-31,"RReeppoorrtt ##:: SSOOMMSS--TTPPOOPP--11,, PPaaggee",11,,,,,
2025-01-31,I. In-State,91073,-672.0,-3115.0,,,
2025-01-31,"(Men, Subtotal)",87439,-641.0,-2982.0,,,
2025-01-31,"(Women, Subtotal)",3634,-31.0,-133.0,,,
2025-01-31,1. Institution/Camps,89859,-633.0,-3038.0,75124.0,119.6,98664.0
2025-01-31,Institutions,88132,-538.0,-2950.0,71656.0,123.0,95196.0
2025-01-31,Camps(CIW and SCC),1727,-95.0,-88.0,3468.0,49.8,3468.0
2025-01-31,3. Department of State Hospitals,179,10.0,60.0,,,
2025-01-31,4. CRPP Supervision,1035,-46.0,-130.0,,,
2025-01-31,Alternative Custody Program,11,-9.0,-96.0,,,
2025-01-31,Female Community Reentry Program,358,-8.0,-22.0,,,
2025-01-31,Male Community Reentry Program,656,0.0,33.0,,,
2025-01-31,Medical Reprieve Program,4,-1.0,-5.0,,,
2025-01-31,Community Participant Mother Program,6,3.0,-1.0,,,
2025-01-31,B. Parole,34628,-217.0,-761.0,,,
2025-01-31,Community Supervision,33138,-219.0,-810.0,,,
2025-01-31,Interstate Cooperative Case,1490,2.0,49.0,,,
2025-01-31,C. Non-CDCR Jurisdiction,762,29.0,-1.0,,,
2025-01-31,Out of State Parole,529,26.0,15.0,,,
2025-01-31,Out of State Parolee at Large,22,1.0,0.0,,,
2025-01-31,D. Other Populations,6807,-6.0,-507.0,,,
2025-01-31,Temporary Release to Court and Hospital,1390,-14.0,-124.0,,,
2025-01-31,Escaped,185,-4.0,-11.0,,,
2025-01-31,Parolee at Large,5232,12.0,-372.0,,,
2025-01-31,Total CDCR Population,133270,-866.0,-4384.0,,,
2025-01-31,"RReeppoorrtt ##:: SSOOMMSS--TTPPOOPP--11,, PPaaggee",11,,,,,
2025-02-28,I. In-State,90934,-424.0,-2800.0,,,
2025-02-28,"(Men, Subtotal)",87285,-436.0,-2699.0,,,
2025-02-28,"(Women, Subtotal)",3649,12.0,-101.0,,,
2025-02-28,1. Institution/Camps,89670,-503.0,-2761.0,75124.0,119.4,103664.0
2025-02-28,Institutions,87907,-467.0,-2736.0,71656.0,122.7,100196.0
2025-02-28,Camps(CIW and SCC),1763,-36.0,-25.0,3468.0,50.8,3468.0
2025-02-28,3. Department of State Hospitals,191,16.0,55.0,,,
2025-02-28,4. CRPP Supervision,1073,66.0,-87.0,,,
2025-02-28,Alternative Custody Program,6,-9.0,-96.0,,,
2025-02-28,Female Community Reentry Program,383,32.0,2.0,,,
2025-02-28,Male Community Reentry Program,674,39.0,48.0,,,
2025-02-28,Medical Reprieve Program,4,-1.0,-4.0,,,
2025-02-28,Community Participant Mother Program,6,3.0,-1.0,,,
2025-02-28,B. Parole,34583,-77.0,-611.0,,,
2025-02-28,Community Supervision,33100,-80.0,-653.0,,,
2025-02-28,Interstate Cooperative Case,1483,3.0,42.0,,,
2025-02-28,C. Non-CDCR Jurisdiction,763,23.0,0.0,,,
2025-02-28,Out of State Parole,527,19.0,11.0,,,
2025-02-28,Out of State Parolee at Large,21,-1.0,1.0,,,
2025-02-28,D. Other Populations,6778,1.0,-531.0,,,
2025-02-28,Temporary Release to Court and Hospital,1367,22.0,-198.0,,,
2025-02-28,Escaped,183,-7.0,-12.0,,,
2025-02-28,Parolee at Large,5228,-14.0,-321.0,,,
2025-02-28,Total CDCR Population,133058,-477.0,-3942.0,,,
2025-02-28,"beds at CAL, HDSP, NKSP and WSP. Previous weekly and monthly publications were republished on February",26,,,,,
2025-02-28,"RReeppoorrtt ##:: SSOOMMSS--TTPPOOPP--11,, PPaaggee",11,,,,,
2025-03-31,I. In-State,90696,-238.0,-2524.0,,,
2025-03-31,"(Men, Subtotal)",87060,-225.0,-2392.0,,,
2025-03-31,"(Women, Subtotal)",3636,-13.0,-132.0,,,
2025-03-31,1. Institution/Camps,89402,-268.0,-2570.0,75124.0,119.0,103639.0
2025-03-31,Institutions,87564,-343.0,-2670.0,71656.0,122.2,100171.0
2025-03-31,Camps(CIW and SCC),1838,75.0,100.0,3468.0,53.0,3468.0
2025-03-31,3. Department of State Hospitals,193,2.0,47.0,,,
2025-03-31,4. CRPP Supervision,1101,28.0,6.0,,,
2025-03-31,Alternative Custody Program,5,-1.0,-76.0,,,
2025-03-31,Female Community Reentry Program,407,24.0,34.0,,,
2025-03-31,Male Community Reentry Program,679,5.0,91.0,,,
2025-03-31,Medical Reprieve Program,4,0.0,-4.0,,,
2025-03-31,Community Participant Mother Program,6,0.0,-1.0,,,
2025-03-31,B. Parole,34714,131.0,-540.0,,,
2025-03-31,Community Supervision,33239,139.0,-567.0,,,
2025-03-31,Interstate Cooperative Case,1475,-8.0,27.0,,,
2025-03-31,C. Non-CDCR Jurisdiction,760,-3.0,2.0,,,
2025-03-31,Out of State Parole,523,-4.0,11.0,,,
2025-03-31,Out of State Parolee at Large,21,0.0,0.0,,,
2025-03-31,D. Other Populations,6587,-191.0,-480.0,,,
2025-03-31,Temporary Release to Court and Hospital,1323,-44.0,-174.0,,,
2025-03-31,Escaped,183,0.0,-12.0,,,
2025-03-31,Parolee at Large,5081,-147.0,-294.0,,,
2025-03-31,Total CDCR Population,132757,-301.0,-3542.0,,,
2025-03-31,"beds at CAL, HDSP, NKSP and WSP. Previous weekly and monthly publications were republished on February",26,,,,,
2025-03-31,"RReeppoorrtt ##:: SSOOMMSS--TTPPOOPP--11,, PPaaggee",11,,,,,
2025-04-30,I. In-State,90775,79.0,-2240.0,,,
2025-04-30,"(Men, Subtotal)",87173,113.0,-2074.0,,,
2025-04-30,"(Women, Subtotal)",3602,-34.0,-166.0,,,
2025-04-30,1. Institution/Camps,89481,79.0,-2267.0,75124.0,119.1,103592.0
2025-04-30,Institutions,87572,8.0,-2476.0,71656.0,122.2,100124.0
2025-04-30,Camps(CIW and SCC),1909,71.0,209.0,3468.0,55.0,3468.0
2025-04-30,3. Department of State Hospitals,195,2.0,32.0,,,
2025-04-30,4. CRPP Supervision,1099,-2.0,1.0,,,
2025-04-30,Alternative Custody Program,1,-4.0,-75.0,,,
2025-04-30,Female Community Reentry Program,404,-3.0,24.0,,,
2025-04-30,Male Community Reentry Program,683,4.0,95.0,,,
2025-04-30,Medical Reprieve Program,4,0.0,-4.0,,,
2025-04-30,Community Participant Mother Program,7,1.0,1.0,,,
2025-04-30,B. Parole,34479,-235.0,-639.0,,,
2025-04-30,Community Supervision,32996,-243.0,-672.0,,,
2025-04-30,Interstate Cooperative Case,1483,8.0,33.0,,,
2025-04-30,C. Non-CDCR Jurisdiction,751,-9.0,-12.0,,,
2025-04-30,Out of State Parole,508,-15.0,-13.0,,,
2025-04-30,Out of State Parolee at Large,24,3.0,1.0,,,
2025-04-30,D. Other Populations,6555,-32.0,-504.0,,,
2025-04-30,Temporary Release to Court and Hospital,1314,-9.0,-202.0,,,
2025-04-30,Escaped,184,1.0,-11.0,,,
2025-04-30,Parolee at Large,5057,-24.0,-291.0,,,
2025-04-30,Total CDCR Population,132560,-197.0,-3395.0,,,
2025-04-30,"beds at CAL, HDSP, NKSP and WSP. Previous weekly and monthly publications were republished on February",26,,,,,
2025-04-30,"RReeppoorrtt ##:: SSOOMMSS--TTPPOOPP--11,, PPaaggee",11,,,,,
2025-05-31,I. In-State,90747,-28.0,-2208.0,,,
2025-05-31,"(Men, Subtotal)",87113,-60.0,-2074.0,,,
2025-05-31,"(Women, Subtotal)",3634,32.0,-134.0,,,
2025-05-31,1. Institution/Camps,89440,-41.0,-2227.0,75124.0,119.1,103596.0
2025-05-31,Institutions,87534,-38.0,-2427.0,71656.0,122.2,100128.0
2025-05-31,Camps(CIW and SCC),1906,-3.0,200.0,3468.0,55.0,3468.0
2025-05-31,3. Department of State Hospitals,191,-4.0,33.0,,,
2025-05-31,4. CRPP Supervision,1116,17.0,-7.0,,,
2025-05-31,Alternative Custody Program,3,2.0,-64.0,,,
2025-05-31,Female Community Reentry Program,411,7.0,13.0,,,
2025-05-31,Male Community Reentry Program,691,8.0,87.0,,,
2025-05-31,Medical Reprieve Program,4,0.0,-3.0,,,
2025-05-31,Community Participant Mother Program,7,0.0,0.0,,,
2025-05-31,B. Parole,34527,48.0,-495.0,,,
2025-05-31,Community Supervision,33045,49.0,-522.0,,,
2025-05-31,Interstate Cooperative Case,1482,-1.0,27.0,,,
2025-05-31,C. Non-CDCR Jurisdiction,750,-1.0,-8.0,,,
2025-05-31,Out of State Parole,501,-7.0,-13.0,,,
2025-05-31,Out of State Parolee at Large,24,0.0,-2.0,,,
2025-05-31,D. Other Populations,6432,-123.0,-635.0,,,
2025-05-31,Temporary Release to Court and Hospital,1315,1.0,-180.0,,,
2025-05-31,Escaped,183,-1.0,-11.0,,,
2025-05-31,Parolee at Large,4934,-123.0,-444.0,,,
2025-05-31,Total CDCR Population,132456,-104.0,-3346.0,,,
2025-05-31,"beds at CAL, HDSP, NKSP and WSP. Previous weekly and monthly publications were republished on February",26,,,,,
2025-05-31,"RReeppoorrtt ##:: SSOOMMSS--TTPPOOPP--11,, PPaaggee",11,,,,,
2025-06-30,I. In-State,90584,-163.0,-1998.0,,,
2025-06-30,"(Men, Subtotal)",86974,-139.0,-1845.0,,,
2025-06-30,"(Women, Subtotal)",3610,-24.0,-153.0,,,
2025-06-30,1. Institution/Camps,89268,-172.0,-2062.0,75124.0,118.8,103560.0
2025-06-30,Institutions,87391,-143.0,-2295.0,71656.0,122.0,100092.0
2025-06-30,Camps(CIW and SCC),1877,-29.0,233.0,3468.0,54.1,3468.0
2025-06-30,3. Department of State Hospitals,191,0.0,31.0,,,
2025-06-30,4. CRPP Supervision,1125,9.0,38.0,,,
2025-06-30,Alternative Custody Program,5,2.0,-58.0,,,
2025-06-30,Female Community Reentry Program,410,-1.0,24.0,,,
2025-06-30,Male Community Reentry Program,699,8.0,116.0,,,
2025-06-30,Medical Reprieve Program,3,-1.0,-4.0,,,
2025-06-30,Community Participant Mother Program,8,1.0,3.0,,,
2025-06-30,B. Parole,34365,-162.0,-654.0,,,
2025-06-30,Community Supervision,32889,-156.0,-669.0,,,
2025-06-30,Interstate Cooperative Case,1476,-6.0,15.0,,,
2025-06-30,C. Non-CDCR Jurisdiction,751,1.0,-5.0,,,
2025-06-30,Out of State Parole,508,7.0,-11.0,,,
2025-06-30,Out of State Parolee at Large,19,-5.0,-3.0,,,
2025-06-30,D. Other Populations,6374,-58.0,-665.0,,,
2025-06-30,Temporary Release to Court and Hospital,1301,-14.0,-178.0,,,
2025-06-30,Escaped,179,-4.0,-14.0,,,
2025-06-30,Parolee at Large,4894,-40.0,-473.0,,,
2025-06-30,Total CDCR Population,132074,-382.0,-3322.0,,,
2025-06-30,"beds at CAL, HDSP, NKSP and WSP. Previous weekly and monthly publications were republished on February",26,,,,,
2025-06-30,"RReeppoorrtt ##:: SSOOMMSS--TTPPOOPP--11,, PPaaggee",11,,,,,
2025-07-31,I. In-State,90548,-36.0,-1703.0,,,
2025-07-31,"(Men, Subtotal)",86947,-27.0,-1553.0,,,
2025-07-31,"(Women, Subtotal)",3601,-9.0,-150.0,,,
2025-07-31,1. Institution/Camps,89221,-47.0,-1772.0,75124.0,118.8,103585.0
2025-07-31,Institutions,87341,-50.0,-2007.0,71656.0,121.9,100117.0
2025-07-31,Camps(CIW and SCC),1880,3.0,235.0,3468.0,54.2,3468.0
2025-07-31,3. Department of State Hospitals,195,4.0,37.0,,,
2025-07-31,4. CRPP Supervision,1132,7.0,36.0,,,
2025-07-31,Alternative Custody Program,4,-1.0,-58.0,,,
2025-07-31,Female Community Reentry Program,410,0.0,21.0,,,
2025-07-31,Male Community Reentry Program,709,10.0,120.0,,,
2025-07-31,Medical Reprieve Program,3,0.0,-4.0,,,
2025-07-31,Community Participant Mother Program,6,-2.0,2.0,,,
2025-07-31,B. Parole,34271,-94.0,-635.0,,,
2025-07-31,Community Supervision,32787,-102.0,-649.0,,,
2025-07-31,Interstate Cooperative Case,1484,8.0,14.0,,,
2025-07-31,C. Non-CDCR Jurisdiction,746,-5.0,-7.0,,,
2025-07-31,Out of State Parole,495,-13.0,-17.0,,,
2025-07-31,Out of State Parolee at Large,22,3.0,0.0,,,
2025-07-31,D. Other Populations,6340,-34.0,-739.0,,,
2025-07-31,Temporary Release to Court and Hospital,1258,-43.0,-217.0,,,
2025-07-31,Escaped,173,-6.0,-18.0,,,
2025-07-31,Parolee at Large,4909,15.0,-504.0,,,
2025-07-31,Total CDCR Population,131905,-169.0,-3084.0,,,
2025-07-31,"beds at CAL, HDSP, NKSP and WSP. Previous weekly and monthly publications were republished on February",26,,,,,
2025-07-31,"RReeppoorrtt ##:: SSOOMMSS--TTPPOOPP--11,, PPaaggee",11,,,,,
2025-08-31,I. In-State,90589,41.0,-1402.0,,,
2025-08-31,"(Men, Subtotal)",87009,62.0,-1228.0,,,
2025-08-31,"(Women, Subtotal)",3580,-21.0,-174.0,,,
2025-08-31,1. Institution/Camps,89242,21.0,-1514.0,75124.0,118.8,103601.0
2025-08-31,Institutions,87347,6.0,-1716.0,71656.0,121.9,100133.0
2025-08-31,Camps(CIW and SCC),1895,15.0,202.0,3468.0,54.6,3468.0
2025-08-31,3. Department of State Hospitals,189,-6.0,31.0,,,
2025-08-31,4. CRPP Supervision,1158,26.0,84.0,,,
2025-08-31,Alternative Custody Program,5,1.0,-44.0,,,
2025-08-31,Female Community Reentry Program,402,-8.0,22.0,,,
2025-08-31,Male Community Reentry Program,742,33.0,152.0,,,
2025-08-31,Medical Reprieve Program,3,0.0,-3.0,,,
2025-08-31,Community Participant Mother Program,6,0.0,3.0,,,
2025-08-31,B. Parole,34221,-50.0,-736.0,,,
2025-08-31,Community Supervision,32761,-26.0,-729.0,,,
2025-08-31,Interstate Cooperative Case,1460,-24.0,-7.0,,,
2025-08-31,C. Non-CDCR Jurisdiction,739,-7.0,12.0,,,
2025-08-31,Out of State Parole,494,-1.0,-1.0,,,
2025-08-31,Out of State Parolee at Large,16,-6.0,-7.0,,,
2025-08-31,D. Other Populations,6302,-38.0,-695.0,,,
2025-08-31,Temporary Release to Court and Hospital,1243,-15.0,-286.0,,,
2025-08-31,Escaped,173,0.0,-18.0,,,
2025-08-31,Parolee at Large,4886,-23.0,-391.0,,,
2025-08-31,Total CDCR Population,131851,-54.0,-2821.0,,,
2025-08-31,"beds at CAL, HDSP, NKSP and WSP. Previous weekly and monthly publications were republished on February",26,,,,,
2025-08-31,"RReeppoorrtt ##:: SSOOMMSS--TTPPOOPP--11,, PPaaggee",11,,,,,
2025-09-30,I. In-State,90696,148.0,-1295.0,,,
2025-09-30,"(Men, Subtotal)",87102,155.0,-1135.0,,,
2025-09-30,"(Women, Subtotal)",3594,-7.0,-160.0,,,
2025-09-30,1. Institution/Camps,89319,98.0,-1437.0,75124.0,118.9,103601.0
2025-09-30,Institutions,87453,112.0,-1610.0,71656.0,122.0,100133.0
2025-09-30,Camps(CIW and SCC),1866,-14.0,173.0,3468.0,53.8,3468.0
2025-09-30,3. Department of State Hospitals,196,1.0,38.0,,,
2025-09-30,4. CRPP Supervision,1181,49.0,107.0,,,
2025-09-30,Alternative Custody Program,3,-1.0,-46.0,,,
2025-09-30,Female Community Reentry Program,404,-6.0,24.0,,,
2025-09-30,Male Community Reentry Program,767,58.0,177.0,,,
2025-09-30,Medical Reprieve Program,3,0.0,-3.0,,,
2025-09-30,Community Participant Mother Program,4,-2.0,1.0,,,
2025-09-30,B. Parole,34016,-255.0,-941.0,,,
2025-09-30,Community Supervision,32555,-232.0,-935.0,,,
2025-09-30,Interstate Cooperative Case,1461,-23.0,-6.0,,,
2025-09-30,C. Non-CDCR Jurisdiction,720,-26.0,-7.0,,,
2025-09-30,Out of State Parole,476,-19.0,-19.0,,,
2025-09-30,Out of State Parolee at Large,17,-5.0,-6.0,,,
2025-09-30,D. Other Populations,6244,-96.0,-753.0,,,
2025-09-30,Temporary Release to Court and Hospital,1256,-2.0,-273.0,,,
2025-09-30,Escaped,173,0.0,-18.0,,,
2025-09-30,Parolee at Large,4815,-94.0,-462.0,,,
2025-09-30,Total CDCR Population,131676,-229.0,-2996.0,,,
2025-09-30,"beds at CAL, HDSP, NKSP and WSP. Previous weekly and monthly publications were republished on February",26,,,,,
2025-09-30,"RReeppoorrtt ##:: SSOOMMSS--TTPPOOPP--11,, PPaaggee",11,,,,,
2025-10-31,I. In-State,90797,101.0,-1109.0,,,
2025-10-31,"(Men, Subtotal)",87174,72.0,-1049.0,,,
2025-10-31,"(Women, Subtotal)",3623,29.0,-60.0,,,
2025-10-31,1. Institution/Camps,89414,95.0,-1246.0,75124.0,119.0,103601.0
2025-10-31,Institutions,87533,80.0,-1294.0,71656.0,122.2,100133.0
2025-10-31,Camps(CIW and SCC),1881,15.0,48.0,3468.0,54.2,3468.0
2025-10-31,3. Department of State Hospitals,195,-1.0,34.0,,,
2025-10-31,4. CRPP Supervision,1188,7.0,105.0,,,
2025-10-31,Alternative Custody Program,4,1.0,-28.0,,,
2025-10-31,Female Community Reentry Program,399,-5.0,26.0,,,
2025-10-31,Male Community Reentry Program,779,12.0,151.0,,,
2025-10-31,Medical Reprieve Program,2,-1.0,-4.0,,,
2025-10-31,Community Participant Mother Program,4,0.0,2.0,,,
2025-10-31,B. Parole,33852,-164.0,-902.0,,,
2025-10-31,Community Supervision,32384,-171.0,-898.0,,,
2025-10-31,Interstate Cooperative Case,1468,7.0,-4.0,,,
2025-10-31,C. Non-CDCR Jurisdiction,724,4.0,-8.0,,,
2025-10-31,Out of State Parole,477,1.0,-33.0,,,
2025-10-31,Out of State Parolee at Large,19,2.0,0.0,,,
2025-10-31,D. Other Populations,6308,64.0,-625.0,,,
2025-10-31,Temporary Release to Court and Hospital,1234,-22.0,-209.0,,,
2025-10-31,Escaped,170,-3.0,-18.0,,,
2025-10-31,Parolee at Large,4904,89.0,-398.0,,,
2025-10-31,Total CDCR Population,131681,5.0,-2644.0,,,
2025-10-31,"beds at CAL, HDSP, NKSP and WSP. Previous weekly and monthly publications were republished on February",26,,,,,
2025-10-31,"RReeppoorrtt ##:: SSOOMMSS--TTPPOOPP--11,, PPaaggee",11,,,,,
2025-11-30,I. In-State,90534,-263.0,-1211.0,,,
2025-11-30,"(Men, Subtotal)",86907,-267.0,-1173.0,,,
2025-11-30,"(Women, Subtotal)",3627,4.0,-38.0,,,
2025-11-30,1. Institution/Camps,89164,-250.0,-1328.0,75124.0,118.7,103601.0
2025-11-30,Institutions,87358,-175.0,-1312.0,71656.0,121.9,100133.0
2025-11-30,Camps(CIW and SCC),1806,-75.0,-16.0,3468.0,52.1,3468.0
2025-11-30,3. Department of State Hospitals,191,-4.0,22.0,,,
2025-11-30,4. CRPP Supervision,1179,-9.0,98.0,,,
2025-11-30,Alternative Custody Program,5,1.0,-15.0,,,
2025-11-30,Female Community Reentry Program,381,-18.0,15.0,,,
2025-11-30,Male Community Reentry Program,787,8.0,131.0,,,
2025-11-30,Medical Reprieve Program,2,0.0,-3.0,,,
2025-11-30,Community Participant Mother Program,4,0.0,1.0,,,
2025-11-30,B. Parole,33926,74.0,-919.0,,,
2025-11-30,Community Supervision,32439,55.0,-918.0,,,
2025-11-30,Interstate Cooperative Case,1487,19.0,-1.0,,,
2025-11-30,C. Non-CDCR Jurisdiction,718,-6.0,-15.0,,,
2025-11-30,Out of State Parole,476,-1.0,-27.0,,,
2025-11-30,Out of State Parolee at Large,16,-3.0,-5.0,,,
2025-11-30,D. Other Populations,6195,-113.0,-618.0,,,
2025-11-30,Temporary Release to Court and Hospital,1186,-48.0,-218.0,,,
2025-11-30,Escaped,166,-4.0,-23.0,,,
2025-11-30,Parolee at Large,4843,-61.0,-377.0,,,
2025-11-30,Total CDCR Population,131373,-308.0,-2763.0,,,
2025-11-30,"beds at CAL, HDSP, NKSP and WSP. Previous weekly and monthly publications were republished on February",26,,,,,
2025-11-30,"RReeppoorrtt ##:: SSOOMMSS--TTPPOOPP--11,, PPaaggee",11,,,,,
2025-12-31,I. In-State,90592,58.0,-766.0,,,
2025-12-31,"(Men, Subtotal)",86950,43.0,-771.0,,,
2025-12-31,"(Women, Subtotal)",3642,15.0,5.0,,,
2025-12-31,1. Institution/Camps,89234,70.0,-939.0,75124.0,118.8,103601.0
2025-12-31,Institutions,87454,96.0,-920.0,71656.0,122.0,100133.0
2025-12-31,Camps(CIW and SCC),1780,-26.0,-19.0,3468.0,51.3,3468.0
2025-12-31,3. Department of State Hospitals,187,-4.0,12.0,,,
2025-12-31,4. CRPP Supervision,1171,-8.0,164.0,,,
2025-12-31,Alternative Custody Program,5,0.0,-10.0,,,
2025-12-31,Female Community Reentry Program,380,-1.0,29.0,,,
2025-12-31,Male Community Reentry Program,778,-9.0,143.0,,,
2025-12-31,Medical Reprieve Program,3,1.0,-2.0,,,
2025-12-31,Community Participant Mother Program,5,1.0,2.0,,,
2025-12-31,B. Parole,33502,-424.0,-1158.0,,,
2025-12-31,Community Supervision,32005,-434.0,-1175.0,,,
2025-12-31,Interstate Cooperative Case,1497,10.0,17.0,,,
2025-12-31,C. Non-CDCR Jurisdiction,712,-6.0,-28.0,,,
2025-12-31,Out of State Parole,469,-7.0,-39.0,,,
2025-12-31,Out of State Parolee at Large,15,-1.0,-7.0,,,
2025-12-31,D. Other Populations,6329,134.0,-448.0,,,
2025-12-31,Temporary Release to Court and Hospital,1158,-28.0,-187.0,,,
2025-12-31,Escaped,166,0.0,-24.0,,,
2025-12-31,Parolee at Large,5005,162.0,-237.0,,,
2025-12-31,Total CDCR Population,131135,-238.0,-2400.0,,,
2025-12-31,"beds at CAL, HDSP, NKSP and WSP. Previous weekly and monthly publications were republished on February",26,,,,,
2025-12-31,"RReeppoorrtt ##:: SSOOMMSS--TTPPOOPP--11,, PPaaggee",11,,,,,
2026-01-31,I. In-State,90029,-563.0,-1044.0,,,
2026-01-31,"(Men, Subtotal)",86402,-548.0,-1037.0,,,
2026-01-31,"(Women, Subtotal)",3627,-15.0,-7.0,,,
2026-01-31,1. Institution/Camps,88713,-521.0,-1146.0,75124.0,118.1,103601.0
2026-01-31,Institutions,86941,-513.0,-1191.0,71656.0,121.3,100133.0
2026-01-31,Camps(CIW and SCC),1772,-8.0,45.0,3468.0,51.1,3468.0
2026-01-31,3. Department of State Hospitals,180,-7.0,1.0,,,
2026-01-31,4. CRPP Supervision,1136,-35.0,101.0,,,
2026-01-31,Alternative Custody Program,6,1.0,-5.0,,,
2026-01-31,Female Community Reentry Program,355,-25.0,-3.0,,,
2026-01-31,Male Community Reentry Program,766,-12.0,110.0,,,
2026-01-31,Medical Reprieve Program,3,0.0,-1.0,,,
2026-01-31,Community Participant Mother Program,6,1.0,0.0,,,
2026-01-31,B. Parole,33682,180.0,-946.0,,,
2026-01-31,Community Supervision,32188,183.0,-950.0,,,
2026-01-31,Interstate Cooperative Case,1494,-3.0,4.0,,,
2026-01-31,C. Non-CDCR Jurisdiction,704,-8.0,-58.0,,,
2026-01-31,Out of State Parole,465,-4.0,-64.0,,,
2026-01-31,Out of State Parolee at Large,14,-1.0,-8.0,,,
2026-01-31,D. Other Populations,6215,-114.0,-592.0,,,
2026-01-31,Temporary Release to Court and Hospital,1244,86.0,-146.0,,,
2026-01-31,Escaped,165,-1.0,-20.0,,,
2026-01-31,Parolee at Large,4806,-199.0,-426.0,,,
2026-01-31,Total CDCR Population,130630,-505.0,-2640.0,,,
2026-01-31,"beds at CAL, HDSP, NKSP and WSP. Previous weekly and monthly publications were republished on February",26,,,,,
2026-01-31,"RReeppoorrtt ##:: SSOOMMSS--TTPPOOPP--11,, PPaaggee",11,,,,,
2026-02-28,I. In-State,89807,-222.0,-1127.0,,,
2026-02-28,"(Men, Subtotal)",86199,-203.0,-1086.0,,,
2026-02-28,"(Women, Subtotal)",3608,-19.0,-41.0,,,
2026-02-28,1. Institution/Camps,88499,-214.0,-1171.0,75117.0,117.8,103590.0
2026-02-28,Institutions,86726,-215.0,-1181.0,71649.0,121.0,100122.0
2026-02-28,Camps(CIW and SCC),1773,1.0,10.0,3468.0,51.1,3468.0
2026-02-28,3. Department of State Hospitals,174,-6.0,-17.0,,,
2026-02-28,4. CRPP Supervision,1134,-2.0,61.0,,,
2026-02-28,Alternative Custody Program,8,2.0,2.0,,,
2026-02-28,Female Community Reentry Program,349,-6.0,-34.0,,,
2026-02-28,Male Community Reentry Program,769,3.0,95.0,,,
2026-02-28,Medical Reprieve Program,2,-1.0,-2.0,,,
2026-02-28,Community Participant Mother Program,6,0.0,0.0,,,
2026-02-28,B. Parole,33571,-111.0,-1012.0,,,
2026-02-28,Community Supervision,32092,-96.0,-1008.0,,,
2026-02-28,Interstate Cooperative Case,1479,-15.0,-4.0,,,
2026-02-28,C. Non-CDCR Jurisdiction,688,-16.0,-75.0,,,
2026-02-28,Out of State Parole,444,-21.0,-83.0,,,
2026-02-28,Out of State Parolee at Large,15,1.0,-6.0,,,
2026-02-28,D. Other Populations,6212,-3.0,-566.0,,,
2026-02-28,Temporary Release to Court and Hospital,1234,-10.0,-133.0,,,
2026-02-28,Escaped,165,0.0,-18.0,,,
2026-02-28,Parolee at Large,4813,7.0,-415.0,,,
2026-02-28,Total CDCR Population,130278,-352.0,-2780.0,,,
2026-02-28,"beds at CAL, HDSP, NKSP and WSP. Previous weekly and monthly publications were republished on February",26,,,,,
2026-02-28,"RReeppoorrtt ##:: SSOOMMSS--TTPPOOPP--11,, PPaaggee",11,,,,,
2026-03-31,I. In-State,89711,-96.0,-985.0,,,
2026-03-31,"(Men, Subtotal)",86084,-115.0,-976.0,,,
2026-03-31,"(Women, Subtotal)",3627,19.0,-9.0,,,
2026-03-31,1. Institution/Camps,88380,-119.0,-1022.0,75117.0,117.7,103110.0
2026-03-31,Institutions,86569,-157.0,-995.0,71649.0,120.8,100022.0
2026-03-31,Camps(CIW and SCC),1811,38.0,-27.0,3468.0,52.2,3088.0
2026-03-31,3. Department of State Hospitals,183,9.0,-10.0,,,
2026-03-31,4. CRPP Supervision,1148,14.0,47.0,,,
2026-03-31,Alternative Custody Program,6,-2.0,1.0,,,
2026-03-31,Female Community Reentry Program,346,-3.0,-61.0,,,
2026-03-31,Male Community Reentry Program,784,15.0,105.0,,,
2026-03-31,Medical Reprieve Program,2,0.0,-2.0,,,
2026-03-31,Community Participant Mother Program,10,4.0,4.0,,,
2026-03-31,B. Parole,33531,-40.0,-1183.0,,,
2026-03-31,Community Supervision,32044,-48.0,-1195.0,,,
2026-03-31,Interstate Cooperative Case,1487,8.0,12.0,,,
2026-03-31,C. Non-CDCR Jurisdiction,683,-5.0,-77.0,,,
2026-03-31,Out of State Parole,436,-8.0,-87.0,,,
2026-03-31,Out of State Parolee at Large,14,-1.0,-7.0,,,
2026-03-31,D. Other Populations,6179,-33.0,-408.0,,,
2026-03-31,Temporary Release to Court and Hospital,1195,-39.0,-128.0,,,
2026-03-31,Escaped,165,0.0,-18.0,,,
2026-03-31,Parolee at Large,4819,6.0,-262.0,,,
2026-03-31,Total CDCR Population,130104,-174.0,-2653.0,,,
2026-03-31,"beds at CAL, HDSP, NKSP and WSP. Previous weekly and monthly publications were republished on February",26,,,,,
2026-03-31,"RReeppoorrtt ##:: SSOOMMSS--TTPPOOPP--11,, PPaaggee",11,,,,,
