report_date,cdcr_code,institution_name,gender,felon_other,design_capacity,pct_occupied,staffed_capacity
2015-01-28,ASP,Avenal SP,Male,4062,2920,139.1,4702
2015-01-28,CAL,Calipatria SP,Male,3747,2308,162.3,3883
2015-01-28,CCC,CA Correctional Center,Male,4499,3883,115.9,4872
2015-01-28,CCI,CA Correctional Institution,Male,4191,2783,150.6,4414
2015-01-28,CEN,Centinela SP,Male,3231,2308,140.0,3433
2015-01-28,CHCF,CA Health Care Fac - Stockton,Male,1950,2951,66.1,2951
2015-01-28,CIM,CA Institution for Men,Male,4295,2976,144.3,4728
2015-01-28,CMC,CA Men's Colony,Male,4053,3838,105.6,4668
2015-01-28,CMF,CA Medical Fac,Male,2125,2361,90.0,2756
2015-01-28,COR,"CA SP, Corcoran",Male,4084,3116,131.1,4445
2015-01-28,CRC,CA Rehabilitation Center,Male,2462,2491,98.8,3487
2015-01-28,CTF,Correctional Training Fac,Male,4611,3312,139.2,5231
2015-01-28,CVSP,Chuckawalla Valley SP,Male,2203,1738,126.8,2641
2015-01-28,DVI,Deuel Vocational Institution,Male,2334,1681,138.8,2586
2015-01-28,FOL,Folsom SP,Male,2510,2066,121.5,2895
2015-01-28,HDSP,High Desert SP,Male,3512,2324,151.1,3461
2015-01-28,ISP,Ironwood SP,Male,3065,2200,139.3,3175
2015-01-28,KVSP,Kern Valley SP,Male,3757,2448,153.5,3910
2015-01-28,LAC,"CA SP, Los Angeles County",Male,3507,2300,152.5,3600
2015-01-28,MCSP,Mule Creek SP,Male,2838,1700,166.9,2807
2015-01-28,NKSP,North Kern SP,Male,4096,2694,152.0,4529
2015-01-28,PBSP,Pelican Bay SP,Male,2655,2380,111.6,3032
2015-01-28,PVSP,Pleasant Valley SP,Male,3229,2308,139.9,3533
2015-01-28,RJD,RJ Donovan Correctional Fac,Male,3059,2200,139.0,3305
2015-01-28,SAC,"CA SP, Sacramento",Male,2179,1828,119.2,2312
2015-01-28,SATF,CA Substance Abuse Treat Fac,Male,5371,3424,156.9,5474
2015-01-28,SCC,Sierra Conservation Center,Male,4381,3736,117.3,4784
2015-01-28,SOL,"CA SP, Solano",Male,3868,2610,148.2,3890
2015-01-28,SQ,San Quentin SP,Male,4106,3082,133.2,4006
2015-01-28,SVSP,Salinas Valley SP,Male,3573,2452,145.7,3657
2015-01-28,VSP,Valley SP,Male,3119,1980,157.5,3390
2015-01-28,WSP,Wasco SP,Male,4843,2984,162.3,4997
2015-01-28,CCWF,Central CA Women's Fac,Female,3383,2004,168.8,3515
2015-01-28,CIW,CA Institution for Women,Female,1824,1398,130.5,2042
2015-01-28,FOL,Folsom SP,Female,504,403,125.1,483
2015-02-25,ASP,Avenal SP,Male,4007,2920,137.2,4702
2015-02-25,CAL,Calipatria SP,Male,3712,2308,160.8,3883
2015-02-25,CCC,CA Correctional Center,Male,4386,3883,113.0,4872
2015-02-25,CCI,CA Correctional Institution,Male,4193,2783,150.7,4414
2015-02-25,CEN,Centinela SP,Male,3244,2308,140.6,3433
2015-02-25,CHCF,CA Health Care Fac - Stockton,Male,1942,2951,65.8,2951
2015-02-25,CIM,CA Institution for Men,Male,4147,2976,139.3,4728
2015-02-25,CMC,CA Men's Colony,Male,3985,3838,103.9,4668
2015-02-25,CMF,CA Medical Fac,Male,2108,2361,89.3,2756
2015-02-25,COR,"CA SP, Corcoran",Male,4012,3116,128.8,4445
2015-02-25,CRC,CA Rehabilitation Center,Male,2453,2491,98.5,3487
2015-02-25,CTF,Correctional Training Fac,Male,4674,3312,141.1,5231
2015-02-25,CVSP,Chuckawalla Valley SP,Male,2157,1738,124.1,2641
2015-02-25,DVI,Deuel Vocational Institution,Male,2407,1681,143.2,2586
2015-02-25,FOL,Folsom SP,Male,2445,2066,118.3,2895
2015-02-25,HDSP,High Desert SP,Male,3515,2324,151.2,3461
2015-02-25,ISP,Ironwood SP,Male,3142,2200,142.8,3175
2015-02-25,KVSP,Kern Valley SP,Male,3720,2448,152.0,3910
2015-02-25,LAC,"CA SP, Los Angeles County",Male,3470,2300,150.9,3600
2015-02-25,MCSP,Mule Creek SP,Male,2828,1700,166.4,2807
2015-02-25,NKSP,North Kern SP,Male,3960,2694,147.0,4529
2015-02-25,PBSP,Pelican Bay SP,Male,2621,2380,110.1,3032
2015-02-25,PVSP,Pleasant Valley SP,Male,3207,2308,139.0,3533
2015-02-25,RJD,RJ Donovan Correctional Fac,Male,3009,2200,136.8,3305
2015-02-25,SAC,"CA SP, Sacramento",Male,2165,1828,118.4,2312
2015-02-25,SATF,CA Substance Abuse Treat Fac,Male,5409,3424,158.0,5474
2015-02-25,SCC,Sierra Conservation Center,Male,4353,3736,116.5,4784
2015-02-25,SOL,"CA SP, Solano",Male,3866,2610,148.1,3890
2015-02-25,SQ,San Quentin SP,Male,3958,3082,128.4,4006
2015-02-25,SVSP,Salinas Valley SP,Male,3564,2452,145.4,3657
2015-02-25,VSP,Valley SP,Male,3037,1980,153.4,3390
2015-02-25,WSP,Wasco SP,Male,4968,2984,166.5,4997
2015-02-25,CCWF,Central CA Women's Fac,Female,3321,2004,165.7,3515
2015-02-25,CIW,CA Institution for Women,Female,1804,1398,129.0,2042
2015-02-25,FOL,Folsom SP,Female,508,403,126.1,483
2015-03-25,ASP,Avenal SP,Male,3872,2920,132.6,4702
2015-03-25,CAL,Calipatria SP,Male,3664,2308,158.8,3883
2015-03-25,CCC,CA Correctional Center,Male,4288,3883,110.5,4872
2015-03-25,CCI,CA Correctional Institution,Male,4119,2783,148.0,4414
2015-03-25,CEN,Centinela SP,Male,3331,2308,144.3,3433
2015-03-25,CHCF,CA Health Care Fac - Stockton,Male,1943,2951,65.8,2951
2015-03-25,CIM,CA Institution for Men,Male,4008,2976,134.7,4728
2015-03-25,CMC,CA Men's Colony,Male,3921,3838,102.2,4668
2015-03-25,CMF,CA Medical Fac,Male,2116,2361,89.6,2756
2015-03-25,COR,"CA SP, Corcoran",Male,4034,3116,129.5,4445
2015-03-25,CRC,CA Rehabilitation Center,Male,2453,2491,98.5,3487
2015-03-25,CTF,Correctional Training Fac,Male,4666,3312,140.9,5231
2015-03-25,CVSP,Chuckawalla Valley SP,Male,2195,1738,126.3,2641
2015-03-25,DVI,Deuel Vocational Institution,Male,2334,1681,138.8,2586
2015-03-25,FOL,Folsom SP,Male,2421,2066,117.2,2895
2015-03-25,HDSP,High Desert SP,Male,3411,2324,146.8,3461
2015-03-25,ISP,Ironwood SP,Male,3166,2200,143.9,3175
2015-03-25,KVSP,Kern Valley SP,Male,3726,2448,152.2,3910
2015-03-25,LAC,"CA SP, Los Angeles County",Male,3484,2300,151.5,3600
2015-03-25,MCSP,Mule Creek SP,Male,2838,1700,166.9,2807
2015-03-25,NKSP,North Kern SP,Male,4221,2694,156.7,4529
2015-03-25,PBSP,Pelican Bay SP,Male,2639,2380,110.9,3032
2015-03-25,PVSP,Pleasant Valley SP,Male,3169,2308,137.3,3533
2015-03-25,RJD,RJ Donovan Correctional Fac,Male,3015,2200,137.0,3305
2015-03-25,SAC,"CA SP, Sacramento",Male,2226,1828,121.8,2312
2015-03-25,SATF,CA Substance Abuse Treat Fac,Male,5423,3424,158.4,5474
2015-03-25,SCC,Sierra Conservation Center,Male,4312,3736,115.4,4784
2015-03-25,SOL,"CA SP, Solano",Male,3813,2610,146.1,3890
2015-03-25,SQ,San Quentin SP,Male,3862,3082,125.3,4006
2015-03-25,SVSP,Salinas Valley SP,Male,3585,2452,146.2,3657
2015-03-25,VSP,Valley SP,Male,3016,1980,152.3,3390
2015-03-25,WSP,Wasco SP,Male,4965,2984,166.4,4997
2015-03-25,CCWF,Central CA Women's Fac,Female,3289,2004,164.1,3515
2015-03-25,CIW,CA Institution for Women,Female,1769,1398,126.5,2042
2015-03-25,FOL,Folsom SP,Female,507,403,125.8,483
2015-04-29,ASP,Avenal SP,Male,3392,2920,116.2,4702
2015-04-29,CAL,Calipatria SP,Male,3659,2308,158.5,3883
2015-04-29,CCC,CA Correctional Center,Male,4138,3883,106.6,4872
2015-04-29,CCI,CA Correctional Institution,Male,3901,2783,140.2,4414
2015-04-29,CEN,Centinela SP,Male,3334,2308,144.5,3433
2015-04-29,CHCF,CA Health Care Fac - Stockton,Male,1941,2951,65.8,2951
2015-04-29,CIM,CA Institution for Men,Male,4029,2976,135.4,4728
2015-04-29,CMC,CA Men's Colony,Male,3909,3838,101.9,4668
2015-04-29,CMF,CA Medical Fac,Male,2147,2361,90.9,2756
2015-04-29,COR,"CA SP, Corcoran",Male,4278,3116,137.3,4445
2015-04-29,CRC,CA Rehabilitation Center,Male,2393,2491,96.1,3487
2015-04-29,CTF,Correctional Training Fac,Male,4890,3312,147.6,5231
2015-04-29,CVSP,Chuckawalla Valley SP,Male,2228,1738,128.2,2641
2015-04-29,DVI,Deuel Vocational Institution,Male,2245,1681,133.6,2586
2015-04-29,FOL,Folsom SP,Male,2397,2066,116.0,2895
2015-04-29,HDSP,High Desert SP,Male,3320,2324,142.9,3461
2015-04-29,ISP,Ironwood SP,Male,3100,2200,140.9,3175
2015-04-29,KVSP,Kern Valley SP,Male,3735,2448,152.6,3910
2015-04-29,LAC,"CA SP, Los Angeles County",Male,3479,2300,151.3,3600
2015-04-29,MCSP,Mule Creek SP,Male,2856,1700,168.0,2807
2015-04-29,NKSP,North Kern SP,Male,4374,2694,162.4,4529
2015-04-29,PBSP,Pelican Bay SP,Male,2686,2380,112.9,3032
2015-04-29,PVSP,Pleasant Valley SP,Male,2745,2308,118.9,3533
2015-04-29,RJD,RJ Donovan Correctional Fac,Male,3035,2200,138.0,3305
2015-04-29,SAC,"CA SP, Sacramento",Male,2224,1828,121.7,2312
2015-04-29,SATF,CA Substance Abuse Treat Fac,Male,5491,3424,160.4,5474
2015-04-29,SCC,Sierra Conservation Center,Male,4248,3736,113.7,4774
2015-04-29,SOL,"CA SP, Solano",Male,3835,2610,146.9,3890
2015-04-29,SQ,San Quentin SP,Male,3923,3082,127.3,4006
2015-04-29,SVSP,Salinas Valley SP,Male,3667,2452,149.6,3657
2015-04-29,VSP,Valley SP,Male,3147,1980,158.9,3390
2015-04-29,WSP,Wasco SP,Male,4968,2984,166.5,4997
2015-04-29,CCWF,Central CA Women's Fac,Female,3164,2004,157.9,3513
2015-04-29,CIW,CA Institution for Women,Female,1822,1398,130.3,2042
2015-04-29,FOL,Folsom SP,Female,512,403,127.0,483
2015-05-27,ASP,Avenal SP,Male,3016,2920,103.3,4702
2015-05-27,CAL,Calipatria SP,Male,3729,2308,161.6,3883
2015-05-27,CCC,CA Correctional Center,Male,4156,3883,107.1,4872
2015-05-27,CCI,CA Correctional Institution,Male,3800,2783,136.5,4414
2015-05-27,CEN,Centinela SP,Male,3469,2308,150.3,3433
2015-05-27,CHCF,CA Health Care Fac - Stockton,Male,1927,2951,65.3,2951
2015-05-27,CIM,CA Institution for Men,Male,3947,2976,132.6,4728
2015-05-27,CMC,CA Men's Colony,Male,3867,3838,100.8,4668
2015-05-27,CMF,CA Medical Fac,Male,2176,2361,92.2,2756
2015-05-27,COR,"CA SP, Corcoran",Male,4328,3116,138.9,4445
2015-05-27,CRC,CA Rehabilitation Center,Male,2419,2491,97.1,3487
2015-05-27,CTF,Correctional Training Fac,Male,4986,3312,150.5,5231
2015-05-27,CVSP,Chuckawalla Valley SP,Male,2246,1738,129.2,2641
2015-05-27,DVI,Deuel Vocational Institution,Male,2149,1681,127.8,2586
2015-05-27,FOL,Folsom SP,Male,2420,2066,117.1,2895
2015-05-27,HDSP,High Desert SP,Male,3336,2324,143.5,3461
2015-05-27,ISP,Ironwood SP,Male,3135,2200,142.5,3175
2015-05-27,KVSP,Kern Valley SP,Male,3734,2448,152.5,3760
2015-05-27,LAC,"CA SP, Los Angeles County",Male,3512,2300,152.7,3600
2015-05-27,MCSP,Mule Creek SP,Male,2876,1700,169.2,2807
2015-05-27,NKSP,North Kern SP,Male,4265,2694,158.3,4529
2015-05-27,PBSP,Pelican Bay SP,Male,2698,2380,113.4,3032
2015-05-27,PVSP,Pleasant Valley SP,Male,2522,2308,109.3,3533
2015-05-27,RJD,RJ Donovan Correctional Fac,Male,3070,2200,139.5,3305
2015-05-27,SAC,"CA SP, Sacramento",Male,2248,1828,123.0,2312
2015-05-27,SATF,CA Substance Abuse Treat Fac,Male,5568,3424,162.6,5449
2015-05-27,SCC,Sierra Conservation Center,Male,4239,3736,113.5,4774
2015-05-27,SOL,"CA SP, Solano",Male,3839,2610,147.1,3890
2015-05-27,SQ,San Quentin SP,Male,3809,3082,123.6,4006
2015-05-27,SVSP,Salinas Valley SP,Male,3719,2452,151.7,3657
2015-05-27,VSP,Valley SP,Male,3315,1980,167.4,3346
2015-05-27,WSP,Wasco SP,Male,5074,2984,170.0,4997
2015-05-27,CCWF,Central CA Women's Fac,Female,3126,2004,156.0,3513
2015-05-27,CIW,CA Institution for Women,Female,1821,1398,130.3,2042
2015-05-27,FOL,Folsom SP,Female,490,403,121.6,483
2015-06-24,ASP,Avenal SP,Male,2813,2920,96.3,4702
2015-06-24,CAL,Calipatria SP,Male,3747,2308,162.3,3883
2015-06-24,CCC,CA Correctional Center,Male,4094,3883,105.5,4872
2015-06-24,CCI,CA Correctional Institution,Male,3922,2783,140.9,4414
2015-06-24,CEN,Centinela SP,Male,3480,2308,150.8,3433
2015-06-24,CHCF,CA Health Care Fac - Stockton,Male,1963,2951,66.5,2951
2015-06-24,CIM,CA Institution for Men,Male,3768,2976,126.6,4728
2015-06-24,CMC,CA Men's Colony,Male,3858,3838,100.5,4668
2015-06-24,CMF,CA Medical Fac,Male,2279,2361,96.5,2756
2015-06-24,COR,"CA SP, Corcoran",Male,4377,3116,140.5,4445
2015-06-24,CRC,CA Rehabilitation Center,Male,2432,2491,97.6,3487
2015-06-24,CTF,Correctional Training Fac,Male,5144,3312,155.3,5231
2015-06-24,CVSP,Chuckawalla Valley SP,Male,2279,1738,131.1,2641
2015-06-24,DVI,Deuel Vocational Institution,Male,2121,1681,126.2,2586
2015-06-24,FOL,Folsom SP,Male,2400,2066,116.2,2895
2015-06-24,HDSP,High Desert SP,Male,3320,2324,142.9,3461
2015-06-24,ISP,Ironwood SP,Male,3361,2200,152.8,3175
2015-06-24,KVSP,Kern Valley SP,Male,3665,2448,149.7,3760
2015-06-24,LAC,"CA SP, Los Angeles County",Male,3489,2300,151.7,3600
2015-06-24,MCSP,Mule Creek SP,Male,2912,1700,171.3,2807
2015-06-24,NKSP,North Kern SP,Male,4379,2694,162.5,4529
2015-06-24,PBSP,Pelican Bay SP,Male,2739,2380,115.1,3032
2015-06-24,PVSP,Pleasant Valley SP,Male,2290,2308,99.2,3533
2015-06-24,RJD,RJ Donovan Correctional Fac,Male,3135,2200,142.5,3305
2015-06-24,SAC,"CA SP, Sacramento",Male,2299,1828,125.8,2312
2015-06-24,SATF,CA Substance Abuse Treat Fac,Male,5604,3424,163.7,5449
2015-06-24,SCC,Sierra Conservation Center,Male,4300,3836,112.1,4774
2015-06-24,SOL,"CA SP, Solano",Male,3843,2610,147.2,3890
2015-06-24,SQ,San Quentin SP,Male,3698,3082,120.0,4006
2015-06-24,SVSP,Salinas Valley SP,Male,3679,2452,150.0,3657
2015-06-24,VSP,Valley SP,Male,3324,1980,167.9,3346
2015-06-24,WSP,Wasco SP,Male,4973,2984,166.7,4997
2015-06-24,CCWF,Central CA Women's Fac,Female,3108,2004,155.1,3513
2015-06-24,CIW,CA Institution for Women,Female,1829,1398,130.8,2042
2015-06-24,FOL,Folsom SP,Female,469,403,116.4,483
2015-07-29,ASP,Avenal SP,Male,2570,2920,88.0,4702
2015-07-29,CAL,Calipatria SP,Male,3771,2308,163.4,3883
2015-07-29,CCC,CA Correctional Center,Male,4001,3883,103.1,4872
2015-07-29,CCI,CA Correctional Institution,Male,3925,2783,141.0,4414
2015-07-29,CEN,Centinela SP,Male,3521,2308,152.6,3433
2015-07-29,CHCF,CA Health Care Fac - Stockton,Male,2032,2951,68.9,2951
2015-07-29,CIM,CA Institution for Men,Male,3764,2976,126.5,4728
2015-07-29,CMC,CA Men's Colony,Male,3774,3838,98.4,4668
2015-07-29,CMF,CA Medical Fac,Male,2396,2361,101.5,2756
2015-07-29,COR,"CA SP, Corcoran",Male,4423,3116,141.9,4445
2015-07-29,CRC,CA Rehabilitation Center,Male,2379,2491,95.5,3487
2015-07-29,CTF,Correctional Training Fac,Male,5149,3312,155.5,5231
2015-07-29,CVSP,Chuckawalla Valley SP,Male,2282,1738,131.3,2641
2015-07-29,DVI,Deuel Vocational Institution,Male,2174,1681,129.3,2586
2015-07-29,FOL,Folsom SP,Male,2333,2066,112.9,2895
2015-07-29,HDSP,High Desert SP,Male,3397,2324,146.2,3461
2015-07-29,ISP,Ironwood SP,Male,3651,2200,166.0,3175
2015-07-29,KVSP,Kern Valley SP,Male,3624,2448,148.0,3910
2015-07-29,LAC,"CA SP, Los Angeles County",Male,3498,2300,152.1,3600
2015-07-29,MCSP,Mule Creek SP,Male,2923,1700,171.9,2807
2015-07-29,NKSP,North Kern SP,Male,4461,2694,165.6,4529
2015-07-29,PBSP,Pelican Bay SP,Male,2720,2380,114.3,3032
2015-07-29,PVSP,Pleasant Valley SP,Male,2273,2308,98.5,3533
2015-07-29,RJD,RJ Donovan Correctional Fac,Male,3160,2200,143.6,3305
2015-07-29,SAC,"CA SP, Sacramento",Male,2308,1828,126.3,2312
2015-07-29,SATF,CA Substance Abuse Treat Fac,Male,5523,3424,161.3,5449
2015-07-29,SCC,Sierra Conservation Center,Male,4305,3836,112.2,4774
2015-07-29,SOL,"CA SP, Solano",Male,3848,2610,147.4,3890
2015-07-29,SQ,San Quentin SP,Male,3594,3082,116.6,4006
2015-07-29,SVSP,Salinas Valley SP,Male,3706,2452,151.1,3657
2015-07-29,VSP,Valley SP,Male,3433,1980,173.4,3346
2015-07-29,WSP,Wasco SP,Male,4976,2984,166.8,4997
2015-07-29,CCWF,Central CA Women's Fac,Female,3029,2004,151.1,3513
2015-07-29,CIW,CA Institution for Women,Female,1833,1398,131.1,2042
2015-07-29,FOL,Folsom SP,Female,453,403,112.4,483
2015-08-26,ASP,Avenal SP,Male,2697,2920,92.4,4727
2015-08-26,CAL,Calipatria SP,Male,3784,2308,164.0,3883
2015-08-26,CCC,CA Correctional Center,Male,4008,3883,103.2,4872
2015-08-26,CCI,CA Correctional Institution,Male,3922,2783,140.9,4414
2015-08-26,CEN,Centinela SP,Male,3444,2308,149.2,3433
2015-08-26,CHCF,CA Health Care Fac - Stockton,Male,2032,2951,68.9,2951
2015-08-26,CIM,CA Institution for Men,Male,3728,2976,125.3,4728
2015-08-26,CMC,CA Men's Colony,Male,3725,3838,97.1,4668
2015-08-26,CMF,CA Medical Fac,Male,2536,2361,107.4,2756
2015-08-26,COR,"CA SP, Corcoran",Male,4350,3116,139.6,4445
2015-08-26,CRC,CA Rehabilitation Center,Male,2452,2491,98.4,3487
2015-08-26,CTF,Correctional Training Fac,Male,5102,3312,154.0,5231
2015-08-26,CVSP,Chuckawalla Valley SP,Male,2110,1738,121.4,2056
2015-08-26,DVI,Deuel Vocational Institution,Male,2203,1681,131.1,2580
2015-08-26,FOL,Folsom SP,Male,2362,2066,114.3,2895
2015-08-26,HDSP,High Desert SP,Male,3320,2324,142.9,3461
2015-08-26,ISP,Ironwood SP,Male,3700,2200,168.2,3175
2015-08-26,KVSP,Kern Valley SP,Male,3690,2448,150.7,3910
2015-08-26,LAC,"CA SP, Los Angeles County",Male,3494,2300,151.9,3600
2015-08-26,MCSP,Mule Creek SP,Male,2904,1700,170.8,2807
2015-08-26,NKSP,North Kern SP,Male,4434,2694,164.6,4529
2015-08-26,PBSP,Pelican Bay SP,Male,2726,2380,114.5,3032
2015-08-26,PVSP,Pleasant Valley SP,Male,2455,2308,106.4,3533
2015-08-26,RJD,RJ Donovan Correctional Fac,Male,3184,2200,144.7,3305
2015-08-26,SAC,"CA SP, Sacramento",Male,2252,1828,123.2,2312
2015-08-26,SATF,CA Substance Abuse Treat Fac,Male,5481,3424,160.1,5449
2015-08-26,SCC,Sierra Conservation Center,Male,4359,3836,113.6,4774
2015-08-26,SOL,"CA SP, Solano",Male,3797,2610,145.5,3890
2015-08-26,SQ,San Quentin SP,Male,3727,3082,120.9,4006
2015-08-26,SVSP,Salinas Valley SP,Male,3691,2452,150.5,3657
2015-08-26,VSP,Valley SP,Male,3556,1980,179.6,3346
2015-08-26,WSP,Wasco SP,Male,4756,2984,159.4,4997
2015-08-26,CCWF,Central CA Women's Fac,Female,2779,2004,138.7,3513
2015-08-26,CIW,CA Institution for Women,Female,1951,1398,139.6,2042
2015-08-26,FOL,Folsom SP,Female,495,403,122.8,483
2015-09-30,ASP,Avenal SP,Male,3046,2920,104.3,4727
2015-09-30,CAL,Calipatria SP,Male,3855,2308,167.0,3883
2015-09-30,CCC,CA Correctional Center,Male,3975,3883,102.4,4872
2015-09-30,CCI,CA Correctional Institution,Male,3847,2783,138.2,4414
2015-09-30,CEN,Centinela SP,Male,3379,2308,146.4,3433
2015-09-30,CHCF,CA Health Care Fac - Stockton,Male,2194,2951,74.3,2951
2015-09-30,CIM,CA Institution for Men,Male,3583,2976,120.4,4728
2015-09-30,CMC,CA Men's Colony,Male,3850,3838,100.3,4668
2015-09-30,CMF,CA Medical Fac,Male,2584,2361,109.4,2756
2015-09-30,COR,"CA SP, Corcoran",Male,4408,3116,141.5,4445
2015-09-30,CRC,CA Rehabilitation Center,Male,2524,2491,101.3,3487
2015-09-30,CTF,Correctional Training Fac,Male,5124,3312,154.7,5231
2015-09-30,CVSP,Chuckawalla Valley SP,Male,1826,1738,105.1,2641
2015-09-30,DVI,Deuel Vocational Institution,Male,2331,1681,138.7,2580
2015-09-30,FOL,Folsom SP,Male,2357,2066,114.1,2895
2015-09-30,HDSP,High Desert SP,Male,3352,2324,144.2,3461
2015-09-30,ISP,Ironwood SP,Male,3605,2200,163.9,3175
2015-09-30,KVSP,Kern Valley SP,Male,3747,2448,153.1,3910
2015-09-30,LAC,"CA SP, Los Angeles County",Male,3514,2300,152.8,3600
2015-09-30,MCSP,Mule Creek SP,Male,2899,1700,170.5,2807
2015-09-30,NKSP,North Kern SP,Male,4444,2694,165.0,4529
2015-09-30,PBSP,Pelican Bay SP,Male,2731,2380,114.7,3032
2015-09-30,PVSP,Pleasant Valley SP,Male,2674,2308,115.9,3533
2015-09-30,RJD,RJ Donovan Correctional Fac,Male,3113,2200,141.5,3305
2015-09-30,SAC,"CA SP, Sacramento",Male,2224,1828,121.7,2312
2015-09-30,SATF,CA Substance Abuse Treat Fac,Male,5540,3424,161.8,5449
2015-09-30,SCC,Sierra Conservation Center,Male,4354,3836,113.5,4774
2015-09-30,SOL,"CA SP, Solano",Male,3843,2610,147.2,3890
2015-09-30,SQ,San Quentin SP,Male,3347,3082,108.6,4006
2015-09-30,SVSP,Salinas Valley SP,Male,3704,2452,151.1,3657
2015-09-30,VSP,Valley SP,Male,3556,1980,179.6,3346
2015-09-30,WSP,Wasco SP,Male,4973,2984,166.7,4997
2015-09-30,CCWF,Central CA Women's Fac,Female,2747,2004,137.1,3513
2015-09-30,CIW,CA Institution for Women,Female,1962,1398,140.3,2042
2015-09-30,FOL,Folsom SP,Female,487,403,120.8,483
2015-10-28,ASP,Avenal SP,Male,3262,2920,111.7,4727
2015-10-28,CAL,Calipatria SP,Male,3897,2308,168.8,3883
2015-10-28,CCC,CA Correctional Center,Male,3965,3883,102.1,4872
2015-10-28,CCI,CA Correctional Institution,Male,3757,2783,135.0,4414
2015-10-28,CEN,Centinela SP,Male,3230,2308,139.9,3433
2015-10-28,CHCF,CA Health Care Fac - Stockton,Male,2184,2951,74.0,2951
2015-10-28,CIM,CA Institution for Men,Male,3470,2976,116.6,4728
2015-10-28,CMC,CA Men's Colony,Male,3941,3838,102.7,4668
2015-10-28,CMF,CA Medical Fac,Male,2567,2361,108.7,2756
2015-10-28,COR,"CA SP, Corcoran",Male,4420,3116,141.8,4445
2015-10-28,CRC,CA Rehabilitation Center,Male,2626,2491,105.4,3487
2015-10-28,CTF,Correctional Training Fac,Male,5061,3312,152.8,5231
2015-10-28,CVSP,Chuckawalla Valley SP,Male,1888,1738,108.6,2641
2015-10-28,DVI,Deuel Vocational Institution,Male,2396,1681,142.5,2580
2015-10-28,FOL,Folsom SP,Male,2419,2066,117.1,2895
2015-10-28,HDSP,High Desert SP,Male,3441,2324,148.1,3461
2015-10-28,ISP,Ironwood SP,Male,3580,2200,162.7,3175
2015-10-28,KVSP,Kern Valley SP,Male,3804,2448,155.4,3910
2015-10-28,LAC,"CA SP, Los Angeles County",Male,3525,2300,153.3,3600
2015-10-28,MCSP,Mule Creek SP,Male,2838,1700,166.9,2807
2015-10-28,NKSP,North Kern SP,Male,4233,2694,157.1,4529
2015-10-28,PBSP,Pelican Bay SP,Male,2623,2380,110.2,3032
2015-10-28,PVSP,Pleasant Valley SP,Male,2972,2308,128.8,3533
2015-10-28,RJD,RJ Donovan Correctional Fac,Male,3042,2200,138.3,3305
2015-10-28,SAC,"CA SP, Sacramento",Male,2183,1828,119.4,2312
2015-10-28,SATF,CA Substance Abuse Treat Fac,Male,5519,3424,161.2,5449
2015-10-28,SCC,Sierra Conservation Center,Male,4424,3836,115.3,4774
2015-10-28,SOL,"CA SP, Solano",Male,3834,2610,146.9,3890
2015-10-28,SQ,San Quentin SP,Male,3404,3082,110.4,4006
2015-10-28,SVSP,Salinas Valley SP,Male,3766,2452,153.6,3657
2015-10-28,VSP,Valley SP,Male,3536,1980,178.6,3346
2015-10-28,WSP,Wasco SP,Male,5019,2984,168.2,4997
2015-10-28,CCWF,Central CA Women's Fac,Female,2657,2004,132.6,3513
2015-10-28,CIW,CA Institution for Women,Female,1969,1398,140.8,2042
2015-10-28,FOL,Folsom SP,Female,495,403,122.8,483
2015-11-11,ASP,Avenal SP,Male,3316,2920,113.6,4727
2015-11-11,CAL,Calipatria SP,Male,3885,2308,168.3,3883
2015-11-11,CCC,CA Correctional Center,Male,3942,3883,101.5,4872
2015-11-11,CCI,CA Correctional Institution,Male,3770,2783,135.5,4414
2015-11-11,CEN,Centinela SP,Male,3097,2308,134.2,3433
2015-11-11,CHCF,CA Health Care Fac - Stockton,Male,2159,2951,73.2,2951
2015-11-11,CIM,CA Institution for Men,Male,3584,2976,120.4,4728
2015-11-11,CMC,CA Men's Colony,Male,3944,3838,102.8,4668
2015-11-11,CMF,CA Medical Fac,Male,2545,2361,107.8,2756
2015-11-11,COR,"CA SP, Corcoran",Male,4388,3116,140.8,4445
2015-11-11,CRC,CA Rehabilitation Center,Male,2690,2491,108.0,3487
2015-11-11,CTF,Correctional Training Fac,Male,5063,3312,152.9,5231
2015-11-11,CVSP,Chuckawalla Valley SP,Male,1911,1738,110.0,2641
2015-11-11,DVI,Deuel Vocational Institution,Male,2553,1681,151.9,2580
2015-11-11,FOL,Folsom SP,Male,2420,2066,117.1,2895
2015-11-11,HDSP,High Desert SP,Male,3452,2324,148.5,3461
2015-11-11,ISP,Ironwood SP,Male,3577,2200,162.6,3175
2015-11-11,KVSP,Kern Valley SP,Male,3818,2448,156.0,3910
2015-11-11,LAC,"CA SP, Los Angeles County",Male,3575,2300,155.4,3600
2015-11-11,MCSP,Mule Creek SP,Male,2828,1700,166.4,2807
2015-11-11,NKSP,North Kern SP,Male,4074,2694,151.2,4529
2015-11-11,PBSP,Pelican Bay SP,Male,2538,2380,106.6,3032
2015-11-11,PVSP,Pleasant Valley SP,Male,3045,2308,131.9,3533
2015-11-11,RJD,RJ Donovan Correctional Fac,Male,3058,2200,139.0,3305
2015-11-11,SAC,"CA SP, Sacramento",Male,2175,1828,119.0,2312
2015-11-11,SATF,CA Substance Abuse Treat Fac,Male,5540,3424,161.8,5449
2015-11-11,SCC,Sierra Conservation Center,Male,4437,3836,115.7,4774
2015-11-11,SOL,"CA SP, Solano",Male,3856,2610,147.7,3890
2015-11-11,SQ,San Quentin SP,Male,3486,3082,113.1,4006
2015-11-11,SVSP,Salinas Valley SP,Male,3740,2452,152.5,3657
2015-11-11,VSP,Valley SP,Male,3565,1980,180.1,3346
2015-11-11,WSP,Wasco SP,Male,4923,2984,165.0,4997
2015-11-11,CCWF,Central CA Women's Fac,Female,2605,2004,130.0,3513
2015-11-11,CIW,CA Institution for Women,Female,2001,1398,143.1,2042
2015-11-11,FOL,Folsom SP,Female,508,403,126.1,483
2015-12-30,ASP,Avenal SP,Male,3375,2920,115.6,4727
2015-12-30,CAL,Calipatria SP,Male,3837,2308,166.2,3883
2015-12-30,CCC,CA Correctional Center,Male,3957,3883,101.9,4872
2015-12-30,CCI,CA Correctional Institution,Male,3644,2783,130.9,4414
2015-12-30,CEN,Centinela SP,Male,3075,2308,133.2,3433
2015-12-30,CHCF,CA Health Care Fac - Stockton,Male,2186,2951,74.1,2951
2015-12-30,CIM,CA Institution for Men,Male,3456,2976,116.1,4728
2015-12-30,CMC,CA Men's Colony,Male,3948,3838,102.9,4668
2015-12-30,CMF,CA Medical Fac,Male,2510,2361,106.3,2756
2015-12-30,COR,"CA SP, Corcoran",Male,4186,3116,134.3,4445
2015-12-30,CRC,CA Rehabilitation Center,Male,2811,2491,112.8,3487
2015-12-30,CTF,Correctional Training Fac,Male,5137,3312,155.1,5231
2015-12-30,CVSP,Chuckawalla Valley SP,Male,2226,1738,128.1,2641
2015-12-30,DVI,Deuel Vocational Institution,Male,2616,1681,155.6,2580
2015-12-30,FOL,Folsom SP,Male,2386,2066,115.5,2895
2015-12-30,HDSP,High Desert SP,Male,3574,2324,153.8,3461
2015-12-30,ISP,Ironwood SP,Male,3553,2200,161.5,3175
2015-12-30,KVSP,Kern Valley SP,Male,3896,2448,159.2,3910
2015-12-30,LAC,"CA SP, Los Angeles County",Male,3575,2300,155.4,3600
2015-12-30,MCSP,Mule Creek SP,Male,2816,1700,165.6,2807
2015-12-30,NKSP,North Kern SP,Male,4135,2694,153.5,4529
2015-12-30,PBSP,Pelican Bay SP,Male,2454,2380,103.1,3032
2015-12-30,PVSP,Pleasant Valley SP,Male,3096,2308,134.1,3533
2015-12-30,RJD,RJ Donovan Correctional Fac,Male,3223,2200,146.5,3305
2015-12-30,SAC,"CA SP, Sacramento",Male,2230,1828,122.0,2312
2015-12-30,SATF,CA Substance Abuse Treat Fac,Male,5501,3424,160.7,5449
2015-12-30,SCC,Sierra Conservation Center,Male,4351,3836,113.4,4774
2015-12-30,SOL,"CA SP, Solano",Male,3856,2610,147.7,3890
2015-12-30,SQ,San Quentin SP,Male,3729,3082,121.0,3956
2015-12-30,SVSP,Salinas Valley SP,Male,3665,2452,149.5,3657
2015-12-30,VSP,Valley SP,Male,3492,1980,176.4,3346
2015-12-30,WSP,Wasco SP,Male,4798,2984,160.8,4997
2015-12-30,CCWF,Central CA Women's Fac,Female,2707,2004,135.1,3513
2015-12-30,CIW,CA Institution for Women,Female,1967,1398,140.7,2042
2015-12-30,FOL,Folsom SP,Female,499,403,123.8,483
2016-01-27,ASP,Avenal SP,Male,3305,2920,113.2,4727
2016-01-27,CAL,Calipatria SP,Male,3816,2308,165.3,3883
2016-01-27,CCC,CA Correctional Center,Male,3906,3883,100.6,4872
2016-01-27,CCI,CA Correctional Institution,Male,3547,2783,127.5,4414
2016-01-27,CEN,Centinela SP,Male,3343,2308,144.8,3433
2016-01-27,CHCF,CA Health Care Fac - Stockton,Male,2174,2951,73.7,2951
2016-01-27,CIM,CA Institution for Men,Male,3424,2976,115.1,4728
2016-01-27,CMC,CA Men's Colony,Male,4058,3838,105.8,4668
2016-01-27,CMF,CA Medical Fac,Male,2536,2361,107.4,2756
2016-01-27,COR,"CA SP, Corcoran",Male,4125,3116,132.4,4445
2016-01-27,CRC,CA Rehabilitation Center,Male,2886,2491,115.9,3487
2016-01-27,CTF,Correctional Training Fac,Male,5099,3312,154.0,5231
2016-01-27,CVSP,Chuckawalla Valley SP,Male,2351,1738,135.3,2641
2016-01-27,DVI,Deuel Vocational Institution,Male,2647,1681,157.5,2580
2016-01-27,FOL,Folsom SP,Male,2354,2066,113.9,2895
2016-01-27,HDSP,High Desert SP,Male,3581,2324,154.1,3461
2016-01-27,ISP,Ironwood SP,Male,3444,2200,156.5,3200
2016-01-27,KVSP,Kern Valley SP,Male,3957,2448,161.6,3910
2016-01-27,LAC,"CA SP, Los Angeles County",Male,3548,2300,154.3,3600
2016-01-27,MCSP,Mule Creek SP,Male,2801,1700,164.8,2807
2016-01-27,NKSP,North Kern SP,Male,4190,2694,155.5,4529
2016-01-27,PBSP,Pelican Bay SP,Male,2284,2380,96.0,3048
2016-01-27,PVSP,Pleasant Valley SP,Male,3112,2308,134.8,3533
2016-01-27,RJD,RJ Donovan Correctional Fac,Male,3189,2200,145.0,3305
2016-01-27,SAC,"CA SP, Sacramento",Male,2244,1828,122.8,2312
2016-01-27,SATF,CA Substance Abuse Treat Fac,Male,5412,3424,158.1,5449
2016-01-27,SCC,Sierra Conservation Center,Male,4321,3936,109.8,4774
2016-01-27,SOL,"CA SP, Solano",Male,3823,2610,146.5,3890
2016-01-27,SQ,San Quentin SP,Male,3795,3082,123.1,3956
2016-01-27,SVSP,Salinas Valley SP,Male,3646,2452,148.7,3657
2016-01-27,VSP,Valley SP,Male,3389,1980,171.2,3346
2016-01-27,WSP,Wasco SP,Male,4936,2984,165.4,4997
2016-01-27,CCWF,Central CA Women's Fac,Female,2739,2004,136.7,3513
2016-01-27,CIW,CA Institution for Women,Female,1898,1398,135.8,2042
2016-01-27,FOL,Folsom SP,Female,506,403,125.6,483
2016-02-24,ASP,Avenal SP,Male,3305,2920,113.2,4727
2016-02-24,CAL,Calipatria SP,Male,3787,2308,164.1,3883
2016-02-24,CCC,CA Correctional Center,Male,3879,3883,99.9,4872
2016-02-24,CCI,CA Correctional Institution,Male,3432,2783,123.3,4414
2016-02-24,CEN,Centinela SP,Male,3533,2308,153.1,3433
2016-02-24,CHCF,CA Health Care Fac - Stockton,Male,2192,2951,74.3,2951
2016-02-24,CIM,CA Institution for Men,Male,3429,2976,115.2,4728
2016-02-24,CMC,CA Men's Colony,Male,4088,3838,106.5,4668
2016-02-24,CMF,CA Medical Fac,Male,2531,2361,107.2,2756
2016-02-24,COR,"CA SP, Corcoran",Male,4151,3116,133.2,4445
2016-02-24,CRC,CA Rehabilitation Center,Male,3006,2491,120.7,3487
2016-02-24,CTF,Correctional Training Fac,Male,5051,3312,152.5,5231
2016-02-24,CVSP,Chuckawalla Valley SP,Male,2434,1738,140.0,2641
2016-02-24,DVI,Deuel Vocational Institution,Male,2397,1681,142.6,2580
2016-02-24,FOL,Folsom SP,Male,2402,2066,116.3,2895
2016-02-24,HDSP,High Desert SP,Male,3608,2324,155.2,3461
2016-02-24,ISP,Ironwood SP,Male,3408,2200,154.9,3200
2016-02-24,KVSP,Kern Valley SP,Male,3932,2448,160.6,3910
2016-02-24,LAC,"CA SP, Los Angeles County",Male,3500,2300,152.2,3600
2016-02-24,MCSP,Mule Creek SP,Male,2805,2492,112.6,3599
2016-02-24,NKSP,North Kern SP,Male,4143,2694,153.8,4529
2016-02-24,PBSP,Pelican Bay SP,Male,2288,2380,96.1,3048
2016-02-24,PVSP,Pleasant Valley SP,Male,3150,2308,136.5,3533
2016-02-24,RJD,RJ Donovan Correctional Fac,Male,3168,2200,144.0,3305
2016-02-24,SAC,"CA SP, Sacramento",Male,2292,1828,125.4,2312
2016-02-24,SATF,CA Substance Abuse Treat Fac,Male,5357,3424,156.5,5449
2016-02-24,SCC,Sierra Conservation Center,Male,4344,3936,110.4,4774
2016-02-24,SOL,"CA SP, Solano",Male,3858,2610,147.8,3890
2016-02-24,SQ,San Quentin SP,Male,3850,3082,124.9,3956
2016-02-24,SVSP,Salinas Valley SP,Male,3645,2452,148.7,3657
2016-02-24,VSP,Valley SP,Male,3340,1980,168.7,3346
2016-02-24,WSP,Wasco SP,Male,4975,2984,166.7,4997
2016-02-24,CCWF,Central CA Women's Fac,Female,2866,2004,143.0,3513
2016-02-24,CIW,CA Institution for Women,Female,1821,1398,130.3,2042
2016-02-24,FOL,Folsom SP,Female,493,403,122.3,483
2016-03-30,ASP,Avenal SP,Male,3207,2920,109.8,4727
2016-03-30,CAL,Calipatria SP,Male,3697,2308,160.2,3883
2016-03-30,CCC,CA Correctional Center,Male,3938,3883,101.4,4872
2016-03-30,CCI,CA Correctional Institution,Male,3281,2783,117.9,4414
2016-03-30,CEN,Centinela SP,Male,3633,2308,157.4,3433
2016-03-30,CHCF,CA Health Care Fac - Stockton,Male,2215,2951,75.1,2951
2016-03-30,CIM,CA Institution for Men,Male,3452,2976,116.0,4728
2016-03-30,CMC,CA Men's Colony,Male,4097,3838,106.8,4668
2016-03-30,CMF,CA Medical Fac,Male,2596,2361,110.0,2756
2016-03-30,COR,"CA SP, Corcoran",Male,4072,3116,130.7,4445
2016-03-30,CRC,CA Rehabilitation Center,Male,3100,2491,124.4,3487
2016-03-30,CTF,Correctional Training Fac,Male,5117,3312,154.5,5231
2016-03-30,CVSP,Chuckawalla Valley SP,Male,2408,1738,138.6,2641
2016-03-30,DVI,Deuel Vocational Institution,Male,2063,1681,122.7,2580
2016-03-30,FOL,Folsom SP,Male,2488,2066,120.4,2895
2016-03-30,HDSP,High Desert SP,Male,3651,2324,157.1,3461
2016-03-30,ISP,Ironwood SP,Male,3503,2200,159.2,3200
2016-03-30,KVSP,Kern Valley SP,Male,3940,2448,160.9,3910
2016-03-30,LAC,"CA SP, Los Angeles County",Male,3540,2300,153.9,3650
2016-03-30,MCSP,Mule Creek SP,Male,2823,3284,86.0,3599
2016-03-30,NKSP,North Kern SP,Male,4358,2694,161.8,4529
2016-03-30,PBSP,Pelican Bay SP,Male,2210,2380,92.9,3048
2016-03-30,PVSP,Pleasant Valley SP,Male,3222,2308,139.6,3533
2016-03-30,RJD,RJ Donovan Correctional Fac,Male,3126,2200,142.1,3305
2016-03-30,SAC,"CA SP, Sacramento",Male,2406,1828,131.6,2312
2016-03-30,SATF,CA Substance Abuse Treat Fac,Male,5099,3424,148.9,5449
2016-03-30,SCC,Sierra Conservation Center,Male,4394,3936,111.6,4774
2016-03-30,SOL,"CA SP, Solano",Male,3825,2610,146.6,3890
2016-03-30,SQ,San Quentin SP,Male,3990,3082,129.5,3956
2016-03-30,SVSP,Salinas Valley SP,Male,3687,2452,150.4,3657
2016-03-30,VSP,Valley SP,Male,3472,1980,175.4,3358
2016-03-30,WSP,Wasco SP,Male,5016,2984,168.1,4997
2016-03-30,CCWF,Central CA Women's Fac,Female,2865,2004,143.0,3513
2016-03-30,CIW,CA Institution for Women,Female,1853,1398,132.5,2042
2016-03-30,FOL,Folsom SP,Female,505,403,125.3,483
2016-04-13,ASP,Avenal SP,Male,3193,2920,109.3,4727
2016-04-13,CAL,Calipatria SP,Male,3671,2308,159.1,3883
2016-04-13,CCC,CA Correctional Center,Male,3902,3883,100.5,4872
2016-04-13,CCI,CA Correctional Institution,Male,3231,2783,116.1,4414
2016-04-13,CEN,Centinela SP,Male,3651,2308,158.2,3433
2016-04-13,CHCF,CA Health Care Fac - Stockton,Male,2211,2951,74.9,2951
2016-04-13,CIM,CA Institution for Men,Male,3427,2976,115.2,4728
2016-04-13,CMC,CA Men's Colony,Male,4132,3838,107.7,4668
2016-04-13,CMF,CA Medical Fac,Male,2603,2361,110.2,2756
2016-04-13,COR,"CA SP, Corcoran",Male,4052,3116,130.0,4445
2016-04-13,CRC,CA Rehabilitation Center,Male,3098,2491,124.4,3487
2016-04-13,CTF,Correctional Training Fac,Male,5143,3312,155.3,5231
2016-04-13,CVSP,Chuckawalla Valley SP,Male,2418,1738,139.1,2641
2016-04-13,DVI,Deuel Vocational Institution,Male,2092,1681,124.4,2580
2016-04-13,FOL,Folsom SP,Male,2513,2066,121.6,2895
2016-04-13,HDSP,High Desert SP,Male,3629,2324,156.2,3461
2016-04-13,ISP,Ironwood SP,Male,3396,2200,154.4,3200
2016-04-13,KVSP,Kern Valley SP,Male,3971,2448,162.2,3910
2016-04-13,LAC,"CA SP, Los Angeles County",Male,3551,2300,154.4,3650
2016-04-13,MCSP,Mule Creek SP,Male,2863,3284,87.2,3599
2016-04-13,NKSP,North Kern SP,Male,4393,2694,163.1,4529
2016-04-13,PBSP,Pelican Bay SP,Male,2210,2380,92.9,3048
2016-04-13,PVSP,Pleasant Valley SP,Male,3266,2308,141.5,3533
2016-04-13,RJD,RJ Donovan Correctional Fac,Male,3122,2200,141.9,3305
2016-04-13,SAC,"CA SP, Sacramento",Male,2391,1828,130.8,2312
2016-04-13,SATF,CA Substance Abuse Treat Fac,Male,5149,3424,150.4,5449
2016-04-13,SCC,Sierra Conservation Center,Male,4318,3936,109.7,4774
2016-04-13,SOL,"CA SP, Solano",Male,3808,2610,145.9,3890
2016-04-13,SQ,San Quentin SP,Male,3992,3082,129.5,3956
2016-04-13,SVSP,Salinas Valley SP,Male,3627,2452,147.9,3657
2016-04-13,VSP,Valley SP,Male,3477,1980,175.6,3358
2016-04-13,WSP,Wasco SP,Male,5026,2984,168.4,4997
2016-04-13,CCWF,Central CA Women's Fac,Female,2914,2004,145.4,3513
2016-04-13,CIW,CA Institution for Women,Female,1832,1398,131.0,2042
2016-04-13,FOL,Folsom SP,Female,486,403,120.6,483
2016-05-25,ASP,Avenal SP,Male,3261,2920,111.7,4727
2016-05-25,CAL,Calipatria SP,Male,3763,2308,163.0,3883
2016-05-25,CCC,CA Correctional Center,Male,3857,3883,99.3,4872
2016-05-25,CCI,CA Correctional Institution,Male,3113,2783,111.9,4414
2016-05-25,CEN,Centinela SP,Male,3564,2308,154.4,3433
2016-05-25,CHCF,CA Health Care Fac - Stockton,Male,2237,2951,75.8,2951
2016-05-25,CIM,CA Institution for Men,Male,3575,2976,120.1,4728
2016-05-25,CMC,CA Men's Colony,Male,4159,3838,108.4,4668
2016-05-25,CMF,CA Medical Fac,Male,2581,2361,109.3,2774
2016-05-25,COR,"CA SP, Corcoran",Male,3751,3116,120.4,4445
2016-05-25,CRC,CA Rehabilitation Center,Male,3135,2491,125.9,3487
2016-05-25,CTF,Correctional Training Fac,Male,5130,3312,154.9,5231
2016-05-25,CVSP,Chuckawalla Valley SP,Male,2403,1738,138.3,2641
2016-05-25,DVI,Deuel Vocational Institution,Male,2265,1681,134.7,2580
2016-05-25,FOL,Folsom SP,Male,2574,2066,124.6,2895
2016-05-25,HDSP,High Desert SP,Male,3695,2324,159.0,3461
2016-05-25,ISP,Ironwood SP,Male,3244,2200,147.5,3200
2016-05-25,KVSP,Kern Valley SP,Male,4028,2448,164.5,3910
2016-05-25,LAC,"CA SP, Los Angeles County",Male,3521,2300,153.1,3650
2016-05-25,MCSP,Mule Creek SP,Male,3094,3284,94.2,3599
2016-05-25,NKSP,North Kern SP,Male,4515,2694,167.6,4529
2016-05-25,PBSP,Pelican Bay SP,Male,2160,2380,90.8,3048
2016-05-25,PVSP,Pleasant Valley SP,Male,3235,2308,140.2,3533
2016-05-25,RJD,RJ Donovan Correctional Fac,Male,3119,2200,141.8,3305
2016-05-25,SAC,"CA SP, Sacramento",Male,2383,1828,130.4,2312
2016-05-25,SATF,CA Substance Abuse Treat Fac,Male,5276,3424,154.1,5495
2016-05-25,SCC,Sierra Conservation Center,Male,4354,3936,110.6,4774
2016-05-25,SOL,"CA SP, Solano",Male,3783,2610,144.9,3890
2016-05-25,SQ,San Quentin SP,Male,4034,3082,130.9,3956
2016-05-25,SVSP,Salinas Valley SP,Male,3723,2452,151.8,3657
2016-05-25,VSP,Valley SP,Male,3381,1980,170.8,3358
2016-05-25,WSP,Wasco SP,Male,4836,2984,162.1,4997
2016-05-25,CCWF,Central CA Women's Fac,Female,2921,2004,145.8,3513
2016-05-25,CIW,CA Institution for Women,Female,1807,1398,129.3,2042
2016-05-25,FOL,Folsom SP,Female,487,403,120.8,483
2016-06-29,ASP,Avenal SP,Male,3225,2920,110.4,4727
2016-06-29,CAL,Calipatria SP,Male,3778,2308,163.7,3883
2016-06-29,CCC,CA Correctional Center,Male,3812,3883,98.2,4872
2016-06-29,CCI,CA Correctional Institution,Male,3140,2783,112.8,4410
2016-06-29,CEN,Centinela SP,Male,3587,2308,155.4,3433
2016-06-29,CHCF,CA Health Care Fac - Stockton,Male,2224,2951,75.4,2951
2016-06-29,CIM,CA Institution for Men,Male,3554,2976,119.4,4728
2016-06-29,CMC,CA Men's Colony,Male,4134,3838,107.7,4668
2016-06-29,CMF,CA Medical Fac,Male,2595,2361,109.9,2774
2016-06-29,COR,"CA SP, Corcoran",Male,3642,3116,116.9,4445
2016-06-29,CRC,CA Rehabilitation Center,Male,3166,2491,127.1,3487
2016-06-29,CTF,Correctional Training Fac,Male,5065,3312,152.9,5231
2016-06-29,CVSP,Chuckawalla Valley SP,Male,2355,1738,135.5,2641
2016-06-29,DVI,Deuel Vocational Institution,Male,2314,1681,137.7,2580
2016-06-29,FOL,Folsom SP,Male,2573,2066,124.5,2895
2016-06-29,HDSP,High Desert SP,Male,3708,2324,159.6,3461
2016-06-29,ISP,Ironwood SP,Male,3226,2200,146.6,3200
2016-06-29,KVSP,Kern Valley SP,Male,3962,2448,161.8,3910
2016-06-29,LAC,"CA SP, Los Angeles County",Male,3528,2300,153.4,3650
2016-06-29,MCSP,Mule Creek SP,Male,3396,3284,103.4,4391
2016-06-29,NKSP,North Kern SP,Male,4267,2694,158.4,4529
2016-06-29,PBSP,Pelican Bay SP,Male,2273,2380,95.5,3048
2016-06-29,PVSP,Pleasant Valley SP,Male,3214,2308,139.3,3533
2016-06-29,RJD,RJ Donovan Correctional Fac,Male,3096,2200,140.7,3305
2016-06-29,SAC,"CA SP, Sacramento",Male,2384,1828,130.4,2312
2016-06-29,SATF,CA Substance Abuse Treat Fac,Male,5276,3424,154.1,5495
2016-06-29,SCC,Sierra Conservation Center,Male,4336,3936,110.2,4774
2016-06-29,SOL,"CA SP, Solano",Male,3848,2610,147.4,3890
2016-06-29,SQ,San Quentin SP,Male,4077,3082,132.3,3956
2016-06-29,SVSP,Salinas Valley SP,Male,3738,2452,152.4,3657
2016-06-29,VSP,Valley SP,Male,3361,1980,169.7,3358
2016-06-29,WSP,Wasco SP,Male,5146,2984,172.5,4997
2016-06-29,CCWF,Central CA Women's Fac,Female,2849,2004,142.2,3513
2016-06-29,CIW,CA Institution for Women,Female,1843,1398,131.8,2042
2016-06-29,FOL,Folsom SP,Female,510,403,126.6,483
2016-07-27,ASP,Avenal SP,Male,3224,2920,110.4,4727
2016-07-27,CAL,Calipatria SP,Male,3762,2308,163.0,3883
2016-07-27,CCC,CA Correctional Center,Male,3807,3883,98.0,4872
2016-07-27,CCI,CA Correctional Institution,Male,3275,2783,117.7,4406
2016-07-27,CEN,Centinela SP,Male,3636,2308,157.5,3433
2016-07-27,CHCF,CA Health Care Fac - Stockton,Male,2293,2951,77.7,2951
2016-07-27,CIM,CA Institution for Men,Male,3628,2976,121.9,4728
2016-07-27,CMC,CA Men's Colony,Male,4152,3838,108.2,4660
2016-07-27,CMF,CA Medical Fac,Male,2591,2361,109.7,2774
2016-07-27,COR,"CA SP, Corcoran",Male,3394,3116,108.9,4483
2016-07-27,CRC,CA Rehabilitation Center,Male,3187,2491,127.9,3487
2016-07-27,CTF,Correctional Training Fac,Male,5084,3312,153.5,5231
2016-07-27,CVSP,Chuckawalla Valley SP,Male,2343,1738,134.8,2641
2016-07-27,DVI,Deuel Vocational Institution,Male,2394,1681,142.4,2580
2016-07-27,FOL,Folsom SP,Male,2596,2066,125.7,2895
2016-07-27,HDSP,High Desert SP,Male,3724,2324,160.2,3461
2016-07-27,ISP,Ironwood SP,Male,3131,2200,142.3,3200
2016-07-27,KVSP,Kern Valley SP,Male,3910,2448,159.7,3910
2016-07-27,LAC,"CA SP, Los Angeles County",Male,3503,2300,152.3,3575
2016-07-27,MCSP,Mule Creek SP,Male,3481,3284,106.0,4343
2016-07-27,NKSP,North Kern SP,Male,4153,2694,154.2,4529
2016-07-27,PBSP,Pelican Bay SP,Male,2333,2380,98.0,3048
2016-07-27,PVSP,Pleasant Valley SP,Male,3258,2308,141.2,3533
2016-07-27,RJD,RJ Donovan Correctional Fac,Male,3027,2200,137.6,3305
2016-07-27,SAC,"CA SP, Sacramento",Male,2341,1828,128.1,2312
2016-07-27,SATF,CA Substance Abuse Treat Fac,Male,5344,3424,156.1,5495
2016-07-27,SCC,Sierra Conservation Center,Male,4293,3936,109.1,4774
2016-07-27,SOL,"CA SP, Solano",Male,3865,2610,148.1,3866
2016-07-27,SQ,San Quentin SP,Male,4113,3082,133.5,3956
2016-07-27,SVSP,Salinas Valley SP,Male,3756,2452,153.2,3657
2016-07-27,VSP,Valley SP,Male,3413,1980,172.4,3358
2016-07-27,WSP,Wasco SP,Male,4942,2984,165.6,4997
2016-07-27,CCWF,Central CA Women's Fac,Female,2846,2004,142.0,3513
2016-07-27,CIW,CA Institution for Women,Female,1847,1398,132.1,2038
2016-07-27,FOL,Folsom SP,Female,465,403,115.4,483
2016-08-31,ASP,Avenal SP,Male,3243,2920,111.1,4727
2016-08-31,CAL,Calipatria SP,Male,3776,2308,163.6,3883
2016-08-31,CCC,CA Correctional Center,Male,3988,3883,102.7,4872
2016-08-31,CCI,CA Correctional Institution,Male,3430,2783,123.2,4406
2016-08-31,CEN,Centinela SP,Male,3641,2308,157.8,3433
2016-08-31,CHCF,CA Health Care Fac - Stockton,Male,2423,2951,82.1,2951
2016-08-31,CIM,CA Institution for Men,Male,3667,2976,123.2,4728
2016-08-31,CMC,CA Men's Colony,Male,4107,3838,107.0,4660
2016-08-31,CMF,CA Medical Fac,Male,2548,2361,107.9,2774
2016-08-31,COR,"CA SP, Corcoran",Male,3275,3116,105.1,3746
2016-08-31,CRC,CA Rehabilitation Center,Male,3053,2491,122.6,3487
2016-08-31,CTF,Correctional Training Fac,Male,5170,3312,156.1,5231
2016-08-31,CVSP,Chuckawalla Valley SP,Male,2346,1738,135.0,2478
2016-08-31,DVI,Deuel Vocational Institution,Male,2285,1681,135.9,2580
2016-08-31,FOL,Folsom SP,Male,2543,2066,123.1,2895
2016-08-31,HDSP,High Desert SP,Male,3814,2324,164.1,3461
2016-08-31,ISP,Ironwood SP,Male,3161,2200,143.7,3200
2016-08-31,KVSP,Kern Valley SP,Male,3890,2448,158.9,3910
2016-08-31,LAC,"CA SP, Los Angeles County",Male,3444,2300,149.7,3575
2016-08-31,MCSP,Mule Creek SP,Male,3502,3284,106.6,4343
2016-08-31,NKSP,North Kern SP,Male,4412,2694,163.8,4529
2016-08-31,PBSP,Pelican Bay SP,Male,2349,2380,98.7,2477
2016-08-31,PVSP,Pleasant Valley SP,Male,3217,2308,139.4,3533
2016-08-31,RJD,RJ Donovan Correctional Fac,Male,3015,2200,137.0,3305
2016-08-31,SAC,"CA SP, Sacramento",Male,2311,1828,126.4,2312
2016-08-31,SATF,CA Substance Abuse Treat Fac,Male,5333,3424,155.8,5495
2016-08-31,SCC,Sierra Conservation Center,Male,4201,3936,106.7,4774
2016-08-31,SOL,"CA SP, Solano",Male,3986,2610,152.7,3866
2016-08-31,SQ,San Quentin SP,Male,3892,3082,126.3,3956
2016-08-31,SVSP,Salinas Valley SP,Male,3751,2452,153.0,3657
2016-08-31,VSP,Valley SP,Male,3402,1980,171.8,3358
2016-08-31,WSP,Wasco SP,Male,4989,2984,167.2,4997
2016-08-31,CCWF,Central CA Women's Fac,Female,2847,2004,142.1,3513
2016-08-31,CIW,CA Institution for Women,Female,1855,1398,132.7,2038
2016-08-31,FOL,Folsom SP,Female,498,403,123.6,483
2016-09-28,ASP,Avenal SP,Male,3268,2920,111.9,4727
2016-09-28,CAL,Calipatria SP,Male,3866,2308,167.5,3883
2016-09-28,CCC,CA Correctional Center,Male,4055,3883,104.4,4872
2016-09-28,CCI,CA Correctional Institution,Male,3570,2783,128.3,4406
2016-09-28,CEN,Centinela SP,Male,3616,2308,156.7,3433
2016-09-28,CHCF,CA Health Care Fac - Stockton,Male,2476,2951,83.9,2951
2016-09-28,CIM,CA Institution for Men,Male,3706,2976,124.5,4728
2016-09-28,CMC,CA Men's Colony,Male,4080,3838,106.3,4660
2016-09-28,CMF,CA Medical Fac,Male,2529,2361,107.1,2774
2016-09-28,COR,"CA SP, Corcoran",Male,3257,3116,104.5,3750
2016-09-28,CRC,CA Rehabilitation Center,Male,2923,2491,117.3,3487
2016-09-28,CTF,Correctional Training Fac,Male,5180,3312,156.4,5231
2016-09-28,CVSP,Chuckawalla Valley SP,Male,2366,1738,136.1,2478
2016-09-28,DVI,Deuel Vocational Institution,Male,2248,1681,133.7,2580
2016-09-28,FOL,Folsom SP,Male,2471,2066,119.6,2895
2016-09-28,HDSP,High Desert SP,Male,3785,2324,162.9,3461
2016-09-28,ISP,Ironwood SP,Male,3195,2200,145.2,3200
2016-09-28,KVSP,Kern Valley SP,Male,3904,2448,159.5,3910
2016-09-28,LAC,"CA SP, Los Angeles County",Male,3412,2300,148.4,3575
2016-09-28,MCSP,Mule Creek SP,Male,3504,3284,106.7,4343
2016-09-28,NKSP,North Kern SP,Male,4384,2694,162.7,4529
2016-09-28,PBSP,Pelican Bay SP,Male,2265,2380,95.2,2477
2016-09-28,PVSP,Pleasant Valley SP,Male,3193,2308,138.3,3533
2016-09-28,RJD,RJ Donovan Correctional Fac,Male,2995,2200,136.1,3305
2016-09-28,SAC,"CA SP, Sacramento",Male,2301,1828,125.9,2312
2016-09-28,SATF,CA Substance Abuse Treat Fac,Male,5293,3424,154.6,5495
2016-09-28,SCC,Sierra Conservation Center,Male,4171,3936,106.0,4774
2016-09-28,SOL,"CA SP, Solano",Male,4094,2610,156.9,3866
2016-09-28,SQ,San Quentin SP,Male,3814,3082,123.8,3956
2016-09-28,SVSP,Salinas Valley SP,Male,3743,2452,152.7,3657
2016-09-28,VSP,Valley SP,Male,3487,1980,176.1,3358
2016-09-28,WSP,Wasco SP,Male,4925,2984,165.0,4997
2016-09-28,CCWF,Central CA Women's Fac,Female,2864,2004,142.9,3513
2016-09-28,CIW,CA Institution for Women,Female,1843,1398,131.8,2038
2016-09-28,FOL,Folsom SP,Female,493,403,122.3,483
2016-10-26,ASP,Avenal SP,Male,3253,2920,111.4,4370
2016-10-26,CAL,Calipatria SP,Male,3895,2308,168.8,3333
2016-10-26,CCC,CA Correctional Center,Male,4128,3883,106.3,4872
2016-10-26,CCI,CA Correctional Institution,Male,3628,2783,130.4,4406
2016-10-26,CEN,Centinela SP,Male,3646,2308,158.0,3433
2016-10-26,CHCF,CA Health Care Fac - Stockton,Male,2453,2951,83.1,2951
2016-10-26,CIM,CA Institution for Men,Male,3623,2976,121.7,4667
2016-10-26,CMC,CA Men's Colony,Male,4051,3838,105.5,4660
2016-10-26,CMF,CA Medical Fac,Male,2532,2361,107.2,2774
2016-10-26,COR,"CA SP, Corcoran",Male,3317,3116,106.5,3750
2016-10-26,CRC,CA Rehabilitation Center,Male,2837,2491,113.9,3487
2016-10-26,CTF,Correctional Training Fac,Male,5297,3312,159.9,5231
2016-10-26,CVSP,Chuckawalla Valley SP,Male,2439,1738,140.3,2478
2016-10-26,DVI,Deuel Vocational Institution,Male,2209,1681,131.4,2580
2016-10-26,FOL,Folsom SP,Male,2367,2066,114.6,2895
2016-10-26,HDSP,High Desert SP,Male,3729,2324,160.5,3461
2016-10-26,ISP,Ironwood SP,Male,3138,2200,142.6,3200
2016-10-26,KVSP,Kern Valley SP,Male,3877,2448,158.4,3910
2016-10-26,LAC,"CA SP, Los Angeles County",Male,3258,2300,141.7,3550
2016-10-26,MCSP,Mule Creek SP,Male,3517,3284,107.1,4343
2016-10-26,NKSP,North Kern SP,Male,4450,2694,165.2,4529
2016-10-26,PBSP,Pelican Bay SP,Male,2257,2380,94.8,2477
2016-10-26,PVSP,Pleasant Valley SP,Male,3159,2308,136.9,3533
2016-10-26,RJD,RJ Donovan Correctional Fac,Male,3022,2200,137.4,3305
2016-10-26,SAC,"CA SP, Sacramento",Male,2298,1828,125.7,2312
2016-10-26,SATF,CA Substance Abuse Treat Fac,Male,5326,3424,155.6,5495
2016-10-26,SCC,Sierra Conservation Center,Male,4182,3936,106.3,4774
2016-10-26,SOL,"CA SP, Solano",Male,4191,2610,160.6,3866
2016-10-26,SQ,San Quentin SP,Male,3796,3082,123.2,3956
2016-10-26,SVSP,Salinas Valley SP,Male,3754,2452,153.1,3657
2016-10-26,VSP,Valley SP,Male,3512,1980,177.4,3358
2016-10-26,WSP,Wasco SP,Male,4953,2984,166.0,4997
2016-10-26,CCWF,Central CA Women's Fac,Female,2877,2004,143.6,3513
2016-10-26,CIW,CA Institution for Women,Female,1846,1398,132.0,2038
2016-10-26,FOL,Folsom SP,Female,489,403,121.3,483
2016-11-30,ASP,Avenal SP,Male,3355,2920,114.9,4370
2016-11-30,CAL,Calipatria SP,Male,3880,2308,168.1,3333
2016-11-30,CCC,CA Correctional Center,Male,4172,3883,107.4,4872
2016-11-30,CCI,CA Correctional Institution,Male,3653,2783,131.3,4445
2016-11-30,CEN,Centinela SP,Male,3646,2308,158.0,3433
2016-11-30,CHCF,CA Health Care Fac - Stockton,Male,2478,2951,84.0,2951
2016-11-30,CIM,CA Institution for Men,Male,3639,2976,122.3,4637
2016-11-30,CMC,CA Men's Colony,Male,4042,3838,105.3,4660
2016-11-30,CMF,CA Medical Fac,Male,2479,2361,105.0,2774
2016-11-30,COR,"CA SP, Corcoran",Male,3346,3116,107.4,3750
2016-11-30,CRC,CA Rehabilitation Center,Male,2771,2491,111.2,3487
2016-11-30,CTF,Correctional Training Fac,Male,5423,3312,163.7,5231
2016-11-30,CVSP,Chuckawalla Valley SP,Male,2548,1738,146.6,2478
2016-11-30,DVI,Deuel Vocational Institution,Male,2242,1681,133.4,2580
2016-11-30,FOL,Folsom SP,Male,2351,2066,113.8,2893
2016-11-30,HDSP,High Desert SP,Male,3735,2324,160.7,3461
2016-11-30,ISP,Ironwood SP,Male,3022,2200,137.4,3200
2016-11-30,KVSP,Kern Valley SP,Male,3752,2448,153.3,3910
2016-11-30,LAC,"CA SP, Los Angeles County",Male,3310,2300,144.0,3550
2016-11-30,MCSP,Mule Creek SP,Male,3522,3284,107.2,4343
2016-11-30,NKSP,North Kern SP,Male,4319,2694,160.3,4529
2016-11-30,PBSP,Pelican Bay SP,Male,2209,2380,92.8,2477
2016-11-30,PVSP,Pleasant Valley SP,Male,3157,2308,136.8,3533
2016-11-30,RJD,RJ Donovan Correctional Fac,Male,3046,2200,138.5,3305
2016-11-30,SAC,"CA SP, Sacramento",Male,2267,1828,124.0,2338
2016-11-30,SATF,CA Substance Abuse Treat Fac,Male,5315,3424,155.2,5495
2016-11-30,SCC,Sierra Conservation Center,Male,4286,3936,108.9,4774
2016-11-30,SOL,"CA SP, Solano",Male,4227,2610,162.0,3866
2016-11-30,SQ,San Quentin SP,Male,3816,3082,123.8,3956
2016-11-30,SVSP,Salinas Valley SP,Male,3634,2452,148.2,3657
2016-11-30,VSP,Valley SP,Male,3564,1980,180.0,3358
2016-11-30,WSP,Wasco SP,Male,4880,2984,163.5,4997
2016-11-30,CCWF,Central CA Women's Fac,Female,2908,2004,145.1,3513
2016-11-30,CIW,CA Institution for Women,Female,1879,1398,134.4,2038
2016-11-30,FOL,Folsom SP,Female,445,403,110.4,483
2016-12-28,ASP,Avenal SP,Male,3345,2920,114.6,4370
2016-12-28,CAL,Calipatria SP,Male,3872,2308,167.8,3333
2016-12-28,CCC,CA Correctional Center,Male,4204,3883,108.3,4667
2016-12-28,CCI,CA Correctional Institution,Male,3671,2783,131.9,4120
2016-12-28,CEN,Centinela SP,Male,3624,2308,157.0,3433
2016-12-28,CHCF,CA Health Care Fac - Stockton,Male,2471,2951,83.7,2951
2016-12-28,CIM,CA Institution for Men,Male,3533,2976,118.7,4637
2016-12-28,CMC,CA Men's Colony,Male,4045,3838,105.4,4660
2016-12-28,CMF,CA Medical Fac,Male,2491,2361,105.5,2774
2016-12-28,COR,"CA SP, Corcoran",Male,3392,3116,108.9,3750
2016-12-28,CRC,CA Rehabilitation Center,Male,2712,2491,108.9,3487
2016-12-28,CTF,Correctional Training Fac,Male,5352,3312,161.6,5231
2016-12-28,CVSP,Chuckawalla Valley SP,Male,2571,1738,147.9,2478
2016-12-28,DVI,Deuel Vocational Institution,Male,2244,1681,133.5,2580
2016-12-28,FOL,Folsom SP,Male,2445,2066,118.3,2893
2016-12-28,HDSP,High Desert SP,Male,3733,2324,160.6,3461
2016-12-28,ISP,Ironwood SP,Male,3020,2200,137.3,3200
2016-12-28,KVSP,Kern Valley SP,Male,3704,2448,151.3,3910
2016-12-28,LAC,"CA SP, Los Angeles County",Male,3354,2300,145.9,3550
2016-12-28,MCSP,Mule Creek SP,Male,3536,3284,107.7,4343
2016-12-28,NKSP,North Kern SP,Male,4535,2694,168.3,4529
2016-12-28,PBSP,Pelican Bay SP,Male,2169,2380,91.1,2477
2016-12-28,PVSP,Pleasant Valley SP,Male,3178,2308,137.7,3533
2016-12-28,RJD,RJ Donovan Correctional Fac,Male,3038,2992,101.5,4097
2016-12-28,SAC,"CA SP, Sacramento",Male,2234,1828,122.2,2338
2016-12-28,SATF,CA Substance Abuse Treat Fac,Male,5406,3424,157.9,5407
2016-12-28,SCC,Sierra Conservation Center,Male,4265,3936,108.4,4774
2016-12-28,SOL,"CA SP, Solano",Male,4203,2610,161.0,3866
2016-12-28,SQ,San Quentin SP,Male,3835,3082,124.4,3956
2016-12-28,SVSP,Salinas Valley SP,Male,3702,2452,151.0,3657
2016-12-28,VSP,Valley SP,Male,3511,1980,177.3,3358
2016-12-28,WSP,Wasco SP,Male,4937,2984,165.4,4997
2016-12-28,CCWF,Central CA Women's Fac,Female,2934,2004,146.4,3513
2016-12-28,CIW,CA Institution for Women,Female,1910,1398,136.6,2038
2016-12-28,FOL,Folsom SP,Female,436,403,108.2,483
2017-01-25,ASP,Avenal SP,Male,3343,2920,114.5,4370
2017-01-25,CAL,Calipatria SP,Male,3827,2308,165.8,3333
2017-01-25,CCC,CA Correctional Center,Male,4218,3883,108.6,4667
2017-01-25,CCI,CA Correctional Institution,Male,3698,2783,132.9,4120
2017-01-25,CEN,Centinela SP,Male,3592,2308,155.6,3433
2017-01-25,CHCF,CA Health Care Fac - Stockton,Male,2487,2951,84.3,2951
2017-01-25,CIM,CA Institution for Men,Male,3528,2976,118.5,4504
2017-01-25,CMC,CA Men's Colony,Male,3983,3838,103.8,4660
2017-01-25,CMF,CA Medical Fac,Male,2465,2361,104.4,2774
2017-01-25,COR,"CA SP, Corcoran",Male,3442,3116,110.5,3769
2017-01-25,CRC,CA Rehabilitation Center,Male,2705,2491,108.6,3487
2017-01-25,CTF,Correctional Training Fac,Male,5302,3312,160.1,5231
2017-01-25,CVSP,Chuckawalla Valley SP,Male,2539,1738,146.1,2478
2017-01-25,DVI,Deuel Vocational Institution,Male,2154,1681,128.1,2580
2017-01-25,FOL,Folsom SP,Male,2450,2066,118.6,2893
2017-01-25,HDSP,High Desert SP,Male,3724,2324,160.2,3461
2017-01-25,ISP,Ironwood SP,Male,3022,2200,137.4,3200
2017-01-25,KVSP,Kern Valley SP,Male,3756,2448,153.4,3910
2017-01-25,LAC,"CA SP, Los Angeles County",Male,3424,2300,148.9,3550
2017-01-25,MCSP,Mule Creek SP,Male,3587,3284,109.2,4343
2017-01-25,NKSP,North Kern SP,Male,4351,2694,161.5,4529
2017-01-25,PBSP,Pelican Bay SP,Male,2127,2380,89.4,2519
2017-01-25,PVSP,Pleasant Valley SP,Male,3198,2308,138.6,3533
2017-01-25,RJD,RJ Donovan Correctional Fac,Male,3182,2992,106.4,4097
2017-01-25,SAC,"CA SP, Sacramento",Male,2218,1828,121.3,2338
2017-01-25,SATF,CA Substance Abuse Treat Fac,Male,5481,3424,160.1,5407
2017-01-25,SCC,Sierra Conservation Center,Male,4233,3936,107.5,4774
2017-01-25,SOL,"CA SP, Solano",Male,4184,2610,160.3,3866
2017-01-25,SQ,San Quentin SP,Male,3867,3082,125.5,3956
2017-01-25,SVSP,Salinas Valley SP,Male,3440,2452,140.3,3657
2017-01-25,VSP,Valley SP,Male,3454,1980,174.4,3358
2017-01-25,WSP,Wasco SP,Male,4973,2984,166.7,4997
2017-01-25,CCWF,Central CA Women's Fac,Female,2921,2004,145.8,3513
2017-01-25,CIW,CA Institution for Women,Female,1935,1398,138.4,2038
2017-01-25,FOL,Folsom SP,Female,407,403,101.0,483
2017-02-22,ASP,Avenal SP,Male,3387,2920,116.0,4370
2017-02-22,CAL,Calipatria SP,Male,3786,2308,164.0,3333
2017-02-22,CCC,CA Correctional Center,Male,4305,3883,110.9,4667
2017-02-22,CCI,CA Correctional Institution,Male,3782,2783,135.9,4120
2017-02-22,CEN,Centinela SP,Male,3563,2308,154.4,3433
2017-02-22,CHCF,CA Health Care Fac - Stockton,Male,2462,2951,83.4,2951
2017-02-22,CIM,CA Institution for Men,Male,3493,2976,117.4,4504
2017-02-22,CMC,CA Men's Colony,Male,3906,3838,101.8,4660
2017-02-22,CMF,CA Medical Fac,Male,2533,2361,107.3,2774
2017-02-22,COR,"CA SP, Corcoran",Male,3456,3116,110.9,3769
2017-02-22,CRC,CA Rehabilitation Center,Male,2729,2491,109.6,3487
2017-02-22,CTF,Correctional Training Fac,Male,5265,3312,159.0,5231
2017-02-22,CVSP,Chuckawalla Valley SP,Male,2554,1738,147.0,2478
2017-02-22,DVI,Deuel Vocational Institution,Male,2170,1681,129.1,2580
2017-02-22,FOL,Folsom SP,Male,2429,2066,117.6,2893
2017-02-22,HDSP,High Desert SP,Male,3703,2324,159.3,3461
2017-02-22,ISP,Ironwood SP,Male,3052,2200,138.7,3200
2017-02-22,KVSP,Kern Valley SP,Male,3772,2448,154.1,3884
2017-02-22,LAC,"CA SP, Los Angeles County",Male,3411,2300,148.3,3550
2017-02-22,MCSP,Mule Creek SP,Male,3613,3284,110.0,4343
2017-02-22,NKSP,North Kern SP,Male,4641,2694,172.3,4529
2017-02-22,PBSP,Pelican Bay SP,Male,2110,2380,88.7,2519
2017-02-22,PVSP,Pleasant Valley SP,Male,3190,2308,138.2,3533
2017-02-22,RJD,RJ Donovan Correctional Fac,Male,3459,2992,115.6,4097
2017-02-22,SAC,"CA SP, Sacramento",Male,2210,1828,120.9,2338
2017-02-22,SATF,CA Substance Abuse Treat Fac,Male,5540,3424,161.8,5407
2017-02-22,SCC,Sierra Conservation Center,Male,4153,3936,105.5,4774
2017-02-22,SOL,"CA SP, Solano",Male,4139,2610,158.6,3866
2017-02-22,SQ,San Quentin SP,Male,3688,3082,119.7,3956
2017-02-22,SVSP,Salinas Valley SP,Male,3372,2452,137.6,3657
2017-02-22,VSP,Valley SP,Male,3359,1980,169.6,3358
2017-02-22,WSP,Wasco SP,Male,5111,2984,171.3,4997
2017-02-22,CCWF,Central CA Women's Fac,Female,2925,2004,146.0,3513
2017-02-22,CIW,CA Institution for Women,Female,1926,1398,137.8,2038
2017-02-22,FOL,Folsom SP,Female,409,403,101.5,483
2017-03-29,ASP,Avenal SP,Male,3618,2920,123.9,4370
2017-03-29,CAL,Calipatria SP,Male,3795,2308,164.4,3333
2017-03-29,CCC,CA Correctional Center,Male,4287,3883,110.4,4667
2017-03-29,CCI,CA Correctional Institution,Male,3857,2783,138.6,4120
2017-03-29,CEN,Centinela SP,Male,3619,2308,156.8,3333
2017-03-29,CHCF,CA Health Care Fac - Stockton,Male,2405,2951,81.5,2951
2017-03-29,CIM,CA Institution for Men,Male,3527,2976,118.5,4254
2017-03-29,CMC,CA Men's Colony,Male,3843,3838,100.1,4660
2017-03-29,CMF,CA Medical Fac,Male,2567,2361,108.7,2774
2017-03-29,COR,"CA SP, Corcoran",Male,3346,3116,107.4,3769
2017-03-29,CRC,CA Rehabilitation Center,Male,2723,2491,109.3,3487
2017-03-29,CTF,Correctional Training Fac,Male,5216,3312,157.5,5231
2017-03-29,CVSP,Chuckawalla Valley SP,Male,2671,1738,153.7,2478
2017-03-29,DVI,Deuel Vocational Institution,Male,2254,1681,134.1,2579
2017-03-29,FOL,Folsom SP,Male,2443,2066,118.2,2893
2017-03-29,HDSP,High Desert SP,Male,3653,2324,157.2,3461
2017-03-29,ISP,Ironwood SP,Male,3029,2200,137.7,3200
2017-03-29,KVSP,Kern Valley SP,Male,3708,2448,151.5,3884
2017-03-29,LAC,"CA SP, Los Angeles County",Male,3422,2300,148.8,3550
2017-03-29,MCSP,Mule Creek SP,Male,3635,3284,110.7,4343
2017-03-29,NKSP,North Kern SP,Male,4773,2694,177.2,4529
2017-03-29,PBSP,Pelican Bay SP,Male,2084,2380,87.6,2519
2017-03-29,PVSP,Pleasant Valley SP,Male,3155,2308,136.7,3533
2017-03-29,RJD,RJ Donovan Correctional Fac,Male,3638,2992,121.6,4097
2017-03-29,SAC,"CA SP, Sacramento",Male,2266,1828,124.0,2393
2017-03-29,SATF,CA Substance Abuse Treat Fac,Male,5637,3424,164.6,5407
2017-03-29,SCC,Sierra Conservation Center,Male,4107,3936,104.3,4774
2017-03-29,SOL,"CA SP, Solano",Male,4078,2610,156.2,3866
2017-03-29,SQ,San Quentin SP,Male,3815,3082,123.8,3956
2017-03-29,SVSP,Salinas Valley SP,Male,3456,2452,140.9,3657
2017-03-29,VSP,Valley SP,Male,3379,1980,170.7,3358
2017-03-29,WSP,Wasco SP,Male,5120,2984,171.6,4997
2017-03-29,CCWF,Central CA Women's Fac,Female,2873,2004,143.4,2966
2017-03-29,CIW,CA Institution for Women,Female,1955,1398,139.8,2038
2017-03-29,FOL,Folsom SP,Female,414,403,102.7,483
2017-04-26,ASP,Avenal SP,Male,3666,2920,125.5,4370
2017-04-26,CAL,Calipatria SP,Male,3848,2308,166.7,3333
2017-04-26,CCC,CA Correctional Center,Male,4322,3883,111.3,4667
2017-04-26,CCI,CA Correctional Institution,Male,3869,2783,139.0,4120
2017-04-26,CEN,Centinela SP,Male,3586,2308,155.4,3333
2017-04-26,CHCF,CA Health Care Fac - Stockton,Male,2340,2951,79.3,2951
2017-04-26,CIM,CA Institution for Men,Male,3502,2976,117.7,4186
2017-04-26,CMC,CA Men's Colony,Male,3841,3838,100.1,4660
2017-04-26,CMF,CA Medical Fac,Male,2529,2361,107.1,2774
2017-04-26,COR,"CA SP, Corcoran",Male,3276,3116,105.1,4537
2017-04-26,CRC,CA Rehabilitation Center,Male,2707,2491,108.7,3210
2017-04-26,CTF,Correctional Training Fac,Male,5127,3312,154.8,5231
2017-04-26,CVSP,Chuckawalla Valley SP,Male,2641,1738,152.0,2478
2017-04-26,DVI,Deuel Vocational Institution,Male,2238,1681,133.1,2579
2017-04-26,FOL,Folsom SP,Male,2563,2066,124.1,2893
2017-04-26,HDSP,High Desert SP,Male,3706,2324,159.5,3361
2017-04-26,ISP,Ironwood SP,Male,3012,2200,136.9,3200
2017-04-26,KVSP,Kern Valley SP,Male,3700,2448,151.1,3458
2017-04-26,LAC,"CA SP, Los Angeles County",Male,3294,2300,143.2,3300
2017-04-26,MCSP,Mule Creek SP,Male,3603,3284,109.7,4001
2017-04-26,NKSP,North Kern SP,Male,4601,2694,170.8,3911
2017-04-26,PBSP,Pelican Bay SP,Male,2046,2380,86.0,2519
2017-04-26,PVSP,Pleasant Valley SP,Male,3155,2308,136.7,3333
2017-04-26,RJD,RJ Donovan Correctional Fac,Male,3709,2992,124.0,3942
2017-04-26,SAC,"CA SP, Sacramento",Male,2291,1828,125.3,2393
2017-04-26,SATF,CA Substance Abuse Treat Fac,Male,5597,3424,163.5,4979
2017-04-26,SCC,Sierra Conservation Center,Male,4238,3936,107.7,4660
2017-04-26,SOL,"CA SP, Solano",Male,4017,2610,153.9,3882
2017-04-26,SQ,San Quentin SP,Male,3787,3082,122.9,3956
2017-04-26,SVSP,Salinas Valley SP,Male,3601,2452,146.9,3409
2017-04-26,VSP,Valley SP,Male,3444,1980,173.9,2954
2017-04-26,WSP,Wasco SP,Male,5210,2984,174.6,4351
2017-04-26,CCWF,Central CA Women's Fac,Female,2843,2004,141.9,2966
2017-04-26,CIW,CA Institution for Women,Female,1922,1398,137.5,1858
2017-04-26,FOL,Folsom SP,Female,452,403,112.2,483
2017-05-31,ASP,Avenal SP,Male,3675,2920,125.9,4370
2017-05-31,CAL,Calipatria SP,Male,3877,2308,168.0,3333
2017-05-31,CCC,CA Correctional Center,Male,4247,3883,109.4,4667
2017-05-31,CCI,CA Correctional Institution,Male,3771,2783,135.5,4120
2017-05-31,CEN,Centinela SP,Male,3536,2308,153.2,3333
2017-05-31,CHCF,CA Health Care Fac - Stockton,Male,2378,2951,80.6,2951
2017-05-31,CIM,CA Institution for Men,Male,3532,2976,118.7,4186
2017-05-31,CMC,CA Men's Colony,Male,3882,3838,101.1,4440
2017-05-31,CMF,CA Medical Fac,Male,2520,2361,106.7,2810
2017-05-31,COR,"CA SP, Corcoran",Male,3028,3116,97.2,4264
2017-05-31,CRC,CA Rehabilitation Center,Male,2648,2491,106.3,3210
2017-05-31,CTF,Correctional Training Fac,Male,5081,3312,153.4,4887
2017-05-31,CVSP,Chuckawalla Valley SP,Male,2734,1738,157.3,2478
2017-05-31,DVI,Deuel Vocational Institution,Male,2416,1681,143.7,2353
2017-05-31,FOL,Folsom SP,Male,2612,2066,126.4,2895
2017-05-31,HDSP,High Desert SP,Male,3791,2324,163.1,3361
2017-05-31,ISP,Ironwood SP,Male,3030,2200,137.7,3200
2017-05-31,KVSP,Kern Valley SP,Male,3713,2448,151.7,3458
2017-05-31,LAC,"CA SP, Los Angeles County",Male,3320,2300,144.3,3300
2017-05-31,MCSP,Mule Creek SP,Male,3597,3284,109.5,4001
2017-05-31,NKSP,North Kern SP,Male,4618,2694,171.4,3911
2017-05-31,PBSP,Pelican Bay SP,Male,2023,2380,85.0,2530
2017-05-31,PVSP,Pleasant Valley SP,Male,3192,2308,138.3,3333
2017-05-31,RJD,RJ Donovan Correctional Fac,Male,3826,2992,127.9,3942
2017-05-31,SAC,"CA SP, Sacramento",Male,2322,1828,127.0,2393
2017-05-31,SATF,CA Substance Abuse Treat Fac,Male,5654,3424,165.1,4979
2017-05-31,SCC,Sierra Conservation Center,Male,4150,3936,105.4,4660
2017-05-31,SOL,"CA SP, Solano",Male,3916,2610,150.0,3882
2017-05-31,SQ,San Quentin SP,Male,3954,3082,128.3,4038
2017-05-31,SVSP,Salinas Valley SP,Male,3619,2452,147.6,3409
2017-05-31,VSP,Valley SP,Male,3543,1980,178.9,2954
2017-05-31,WSP,Wasco SP,Male,5281,2984,177.0,4351
2017-05-31,CCWF,Central CA Women's Fac,Female,2972,2004,148.3,2966
2017-05-31,CIW,CA Institution for Women,Female,1860,1398,133.0,1858
2017-05-31,FOL,Folsom SP,Female,442,403,109.7,530
2017-06-28,ASP,Avenal SP,Male,3702,2920,126.8,4370
2017-06-28,CAL,Calipatria SP,Male,3821,2308,165.6,3333
2017-06-28,CCC,CA Correctional Center,Male,4180,3883,107.6,4667
2017-06-28,CCI,CA Correctional Institution,Male,3774,2783,135.6,4120
2017-06-28,CEN,Centinela SP,Male,3555,2308,154.0,3333
2017-06-28,CHCF,CA Health Care Fac - Stockton,Male,2404,2951,81.5,2951
2017-06-28,CIM,CA Institution for Men,Male,3586,2976,120.5,4186
2017-06-28,CMC,CA Men's Colony,Male,4019,3838,104.7,4401
2017-06-28,CMF,CA Medical Fac,Male,2499,2361,105.8,2789
2017-06-28,COR,"CA SP, Corcoran",Male,3112,3116,99.9,4264
2017-06-28,CRC,CA Rehabilitation Center,Male,2657,2491,106.7,3210
2017-06-28,CTF,Correctional Training Fac,Male,5083,3312,153.5,4887
2017-06-28,CVSP,Chuckawalla Valley SP,Male,2782,1738,160.1,2478
2017-06-28,DVI,Deuel Vocational Institution,Male,2366,1681,140.7,2353
2017-06-28,FOL,Folsom SP,Male,2645,2066,128.0,2895
2017-06-28,HDSP,High Desert SP,Male,3748,2324,161.3,3361
2017-06-28,ISP,Ironwood SP,Male,3042,2200,138.3,3200
2017-06-28,KVSP,Kern Valley SP,Male,3672,2448,150.0,3458
2017-06-28,LAC,"CA SP, Los Angeles County",Male,3355,2300,145.9,3300
2017-06-28,MCSP,Mule Creek SP,Male,3615,3284,110.1,4001
2017-06-28,NKSP,North Kern SP,Male,4638,2694,172.2,3911
2017-06-28,PBSP,Pelican Bay SP,Male,2070,2380,87.0,2530
2017-06-28,PVSP,Pleasant Valley SP,Male,3126,2308,135.4,3333
2017-06-28,RJD,RJ Donovan Correctional Fac,Male,3824,2992,127.8,3942
2017-06-28,SAC,"CA SP, Sacramento",Male,2299,1828,125.8,2393
2017-06-28,SATF,CA Substance Abuse Treat Fac,Male,5672,3424,165.7,5111
2017-06-28,SCC,Sierra Conservation Center,Male,4196,3936,106.6,4660
2017-06-28,SOL,"CA SP, Solano",Male,3877,2610,148.5,3882
2017-06-28,SQ,San Quentin SP,Male,3999,3082,129.8,4038
2017-06-28,SVSP,Salinas Valley SP,Male,3602,2452,146.9,3409
2017-06-28,VSP,Valley SP,Male,3535,1980,178.5,2954
2017-06-28,WSP,Wasco SP,Male,5259,2984,176.2,4351
2017-06-28,CCWF,Central CA Women's Fac,Female,2980,2004,148.7,2966
2017-06-28,CIW,CA Institution for Women,Female,1886,1398,134.9,1858
2017-06-28,FOL,Folsom SP,Female,440,403,109.2,530
2017-07-26,ASP,Avenal SP,Male,3698,2920,126.6,4370
2017-07-26,CAL,Calipatria SP,Male,3775,2308,163.6,3333
2017-07-26,CCC,CA Correctional Center,Male,4116,3883,106.0,4667
2017-07-26,CCI,CA Correctional Institution,Male,3771,2783,135.5,4120
2017-07-26,CEN,Centinela SP,Male,3455,2308,149.7,3333
2017-07-26,CHCF,CA Health Care Fac - Stockton,Male,2404,2951,81.5,2951
2017-07-26,CIM,CA Institution for Men,Male,3633,2976,122.1,4186
2017-07-26,CMC,CA Men's Colony,Male,4092,3838,106.6,4401
2017-07-26,CMF,CA Medical Fac,Male,2512,2361,106.4,2789
2017-07-26,COR,"CA SP, Corcoran",Male,3258,3116,104.6,4264
2017-07-26,CRC,CA Rehabilitation Center,Male,2642,2491,106.1,3210
2017-07-26,CTF,Correctional Training Fac,Male,5095,3312,153.8,4887
2017-07-26,CVSP,Chuckawalla Valley SP,Male,2823,1738,162.4,2478
2017-07-26,DVI,Deuel Vocational Institution,Male,2440,1681,145.2,2353
2017-07-26,FOL,Folsom SP,Male,2596,2066,125.7,2895
2017-07-26,HDSP,High Desert SP,Male,3605,2324,155.1,3361
2017-07-26,ISP,Ironwood SP,Male,3125,2200,142.0,3200
2017-07-26,KVSP,Kern Valley SP,Male,3634,2448,148.4,3458
2017-07-26,LAC,"CA SP, Los Angeles County",Male,3378,2300,146.9,3300
2017-07-26,MCSP,Mule Creek SP,Male,3600,3284,109.6,4001
2017-07-26,NKSP,North Kern SP,Male,4611,2694,171.2,3911
2017-07-26,PBSP,Pelican Bay SP,Male,2064,2380,86.7,3250
2017-07-26,PVSP,Pleasant Valley SP,Male,3022,2308,130.9,3333
2017-07-26,RJD,RJ Donovan Correctional Fac,Male,3798,2992,126.9,3942
2017-07-26,SAC,"CA SP, Sacramento",Male,2307,1828,126.2,2457
2017-07-26,SATF,CA Substance Abuse Treat Fac,Male,5734,3424,167.5,5111
2017-07-26,SCC,Sierra Conservation Center,Male,4199,3936,106.7,4660
2017-07-26,SOL,"CA SP, Solano",Male,3866,2610,148.1,3882
2017-07-26,SQ,San Quentin SP,Male,4078,3082,132.3,4038
2017-07-26,SVSP,Salinas Valley SP,Male,3560,2452,145.2,3409
2017-07-26,VSP,Valley SP,Male,3505,1980,177.0,2954
2017-07-26,WSP,Wasco SP,Male,5229,2984,175.2,4351
2017-07-26,CCWF,Central CA Women's Fac,Female,2949,2004,147.2,2966
2017-07-26,CIW,CA Institution for Women,Female,1881,1398,134.5,1858
2017-07-26,FOL,Folsom SP,Female,431,403,106.9,530
2017-08-30,ASP,Avenal SP,Male,3832,2920,131.2,4370
2017-08-30,CAL,Calipatria SP,Male,3719,2308,161.1,3333
2017-08-30,CCC,CA Correctional Center,Male,4197,3883,108.1,4667
2017-08-30,CCI,CA Correctional Institution,Male,3840,2783,138.0,4120
2017-08-30,CEN,Centinela SP,Male,3427,2308,148.5,3333
2017-08-30,CHCF,CA Health Care Fac - Stockton,Male,2372,2951,80.4,2951
2017-08-30,CIM,CA Institution for Men,Male,3609,2976,121.3,4186
2017-08-30,CMC,CA Men's Colony,Male,4159,3838,108.4,4401
2017-08-30,CMF,CA Medical Fac,Male,2541,2361,107.6,2789
2017-08-30,COR,"CA SP, Corcoran",Male,3239,3116,103.9,4264
2017-08-30,CRC,CA Rehabilitation Center,Male,2640,2491,106.0,3210
2017-08-30,CTF,Correctional Training Fac,Male,5135,3312,155.0,4887
2017-08-30,CVSP,Chuckawalla Valley SP,Male,2810,1738,161.7,2478
2017-08-30,DVI,Deuel Vocational Institution,Male,2397,1681,142.6,2353
2017-08-30,FOL,Folsom SP,Male,2579,2066,124.8,2895
2017-08-30,HDSP,High Desert SP,Male,3555,2324,153.0,3361
2017-08-30,ISP,Ironwood SP,Male,3161,2200,143.7,3200
2017-08-30,KVSP,Kern Valley SP,Male,3639,2448,148.7,3458
2017-08-30,LAC,"CA SP, Los Angeles County",Male,3419,2300,148.7,3300
2017-08-30,MCSP,Mule Creek SP,Male,3676,3284,111.9,4001
2017-08-30,NKSP,North Kern SP,Male,4594,2694,170.5,3911
2017-08-30,PBSP,Pelican Bay SP,Male,2198,2380,92.4,3250
2017-08-30,PVSP,Pleasant Valley SP,Male,2970,2308,128.7,3333
2017-08-30,RJD,RJ Donovan Correctional Fac,Male,3867,2992,129.2,3942
2017-08-30,SAC,"CA SP, Sacramento",Male,2197,1828,120.2,2457
2017-08-30,SATF,CA Substance Abuse Treat Fac,Male,5675,3424,165.7,5111
2017-08-30,SCC,Sierra Conservation Center,Male,4337,3936,110.2,4660
2017-08-30,SOL,"CA SP, Solano",Male,3747,2610,143.6,3882
2017-08-30,SQ,San Quentin SP,Male,4058,3082,131.7,4038
2017-08-30,SVSP,Salinas Valley SP,Male,3550,2452,144.8,3409
2017-08-30,VSP,Valley SP,Male,3476,1980,175.6,2954
2017-08-30,WSP,Wasco SP,Male,5155,2984,172.8,4351
2017-08-30,CCWF,Central CA Women's Fac,Female,3017,2004,150.5,2966
2017-08-30,CIW,CA Institution for Women,Female,1848,1398,132.2,1856
2017-08-30,FOL,Folsom SP,Female,434,403,107.7,530
2017-09-27,ASP,Avenal SP,Male,3855,2920,132.0,4370
2017-09-27,CAL,Calipatria SP,Male,3714,2308,160.9,3333
2017-09-27,CCC,CA Correctional Center,Male,4273,3883,110.0,4667
2017-09-27,CCI,CA Correctional Institution,Male,3826,2783,137.5,4120
2017-09-27,CEN,Centinela SP,Male,3474,2308,150.5,3333
2017-09-27,CHCF,CA Health Care Fac - Stockton,Male,2341,2951,79.3,2951
2017-09-27,CIM,CA Institution for Men,Male,3595,2976,120.8,4186
2017-09-27,CMC,CA Men's Colony,Male,4075,3838,106.2,4401
2017-09-27,CMF,CA Medical Fac,Male,2544,2361,107.8,2789
2017-09-27,COR,"CA SP, Corcoran",Male,3187,3116,102.3,3496
2017-09-27,CRC,CA Rehabilitation Center,Male,2647,2491,106.3,3210
2017-09-27,CTF,Correctional Training Fac,Male,5039,3312,152.1,4887
2017-09-27,CVSP,Chuckawalla Valley SP,Male,2797,1738,160.9,2478
2017-09-27,DVI,Deuel Vocational Institution,Male,2412,1681,143.5,2353
2017-09-27,FOL,Folsom SP,Male,2567,2066,124.2,2895
2017-09-27,HDSP,High Desert SP,Male,3616,2324,155.6,3361
2017-09-27,ISP,Ironwood SP,Male,3139,2200,142.7,3200
2017-09-27,KVSP,Kern Valley SP,Male,3701,2448,151.2,3458
2017-09-27,LAC,"CA SP, Los Angeles County",Male,3432,2300,149.2,3300
2017-09-27,MCSP,Mule Creek SP,Male,3675,3284,111.9,4001
2017-09-27,NKSP,North Kern SP,Male,4576,2694,169.9,3911
2017-09-27,PBSP,Pelican Bay SP,Male,2285,2380,96.0,3250
2017-09-27,PVSP,Pleasant Valley SP,Male,2935,2308,127.2,3333
2017-09-27,RJD,RJ Donovan Correctional Fac,Male,3890,2992,130.0,3942
2017-09-27,SAC,"CA SP, Sacramento",Male,2167,1828,118.5,2457
2017-09-27,SATF,CA Substance Abuse Treat Fac,Male,5751,3424,168.0,5111
2017-09-27,SCC,Sierra Conservation Center,Male,4420,3936,112.3,4660
2017-09-27,SOL,"CA SP, Solano",Male,3720,2610,142.5,3882
2017-09-27,SQ,San Quentin SP,Male,4040,3082,131.1,4038
2017-09-27,SVSP,Salinas Valley SP,Male,3539,2452,144.3,3409
2017-09-27,VSP,Valley SP,Male,3561,1980,179.8,2954
2017-09-27,WSP,Wasco SP,Male,5146,2984,172.5,4351
2017-09-27,CCWF,Central CA Women's Fac,Female,2993,2004,149.4,2966
2017-09-27,CIW,CA Institution for Women,Female,1860,1398,133.0,1856
2017-09-27,FOL,Folsom SP,Female,417,403,103.5,530
2017-10-25,ASP,Avenal SP,Male,3869,2920,132.5,4370
2017-10-25,CAL,Calipatria SP,Male,3712,2308,160.8,3333
2017-10-25,CCC,CA Correctional Center,Male,4370,3883,112.5,4667
2017-10-25,CCI,CA Correctional Institution,Male,3812,2783,137.0,4120
2017-10-25,CEN,Centinela SP,Male,3486,2308,151.0,3333
2017-10-25,CHCF,CA Health Care Fac - Stockton,Male,2319,2951,78.6,2951
2017-10-25,CIM,CA Institution for Men,Male,3540,2976,119.0,4186
2017-10-25,CMC,CA Men's Colony,Male,4157,3838,108.3,4401
2017-10-25,CMF,CA Medical Fac,Male,2569,2361,108.8,2789
2017-10-25,COR,"CA SP, Corcoran",Male,3097,3116,99.4,3496
2017-10-25,CRC,CA Rehabilitation Center,Male,2576,2491,103.4,3210
2017-10-25,CTF,Correctional Training Fac,Male,4996,3312,150.8,4887
2017-10-25,CVSP,Chuckawalla Valley SP,Male,2803,1738,161.3,2478
2017-10-25,DVI,Deuel Vocational Institution,Male,2319,1681,138.0,2353
2017-10-25,FOL,Folsom SP,Male,2499,2066,121.0,2895
2017-10-25,HDSP,High Desert SP,Male,3517,2324,151.3,3361
2017-10-25,ISP,Ironwood SP,Male,3017,2200,137.1,3200
2017-10-25,KVSP,Kern Valley SP,Male,3702,2448,151.2,3458
2017-10-25,LAC,"CA SP, Los Angeles County",Male,3428,2300,149.0,3300
2017-10-25,MCSP,Mule Creek SP,Male,3706,3284,112.9,4001
2017-10-25,NKSP,North Kern SP,Male,4523,2694,167.9,3911
2017-10-25,PBSP,Pelican Bay SP,Male,2434,2380,102.3,3250
2017-10-25,PVSP,Pleasant Valley SP,Male,2850,2308,123.5,3333
2017-10-25,RJD,RJ Donovan Correctional Fac,Male,3943,2992,131.8,3942
2017-10-25,SAC,"CA SP, Sacramento",Male,2172,1828,118.8,2457
2017-10-25,SATF,CA Substance Abuse Treat Fac,Male,5816,3424,169.9,5111
2017-10-25,SCC,Sierra Conservation Center,Male,4393,3936,111.6,4660
2017-10-25,SOL,"CA SP, Solano",Male,3735,2610,143.1,3882
2017-10-25,SQ,San Quentin SP,Male,3980,3082,129.1,4038
2017-10-25,SVSP,Salinas Valley SP,Male,3511,2452,143.2,3409
2017-10-25,VSP,Valley SP,Male,3545,1980,179.0,2954
2017-10-25,WSP,Wasco SP,Male,5047,2984,169.1,4351
2017-10-25,CCWF,Central CA Women's Fac,Female,3001,2004,149.8,2966
2017-10-25,CIW,CA Institution for Women,Female,1836,1398,131.3,1856
2017-10-25,FOL,Folsom SP,Female,393,403,97.5,530
2017-11-29,ASP,Avenal SP,Male,3885,2920,133.0,4370
2017-11-29,CAL,Calipatria SP,Male,3722,2308,161.3,3333
2017-11-29,CCC,CA Correctional Center,Male,4454,3883,114.7,4667
2017-11-29,CCI,CA Correctional Institution,Male,3828,2783,137.5,4120
2017-11-29,CEN,Centinela SP,Male,3469,2308,150.3,3333
2017-11-29,CHCF,CA Health Care Fac - Stockton,Male,2373,2951,80.4,2951
2017-11-29,CIM,CA Institution for Men,Male,3486,2976,117.1,4186
2017-11-29,CMC,CA Men's Colony,Male,4098,3838,106.8,4401
2017-11-29,CMF,CA Medical Fac,Male,2563,2361,108.6,2789
2017-11-29,COR,"CA SP, Corcoran",Male,3042,3116,97.6,3499
2017-11-29,CRC,CA Rehabilitation Center,Male,2590,2491,104.0,3210
2017-11-29,CTF,Correctional Training Fac,Male,5071,3312,153.1,4887
2017-11-29,CVSP,Chuckawalla Valley SP,Male,2834,1738,163.1,2478
2017-11-29,DVI,Deuel Vocational Institution,Male,2174,1681,129.3,2353
2017-11-29,FOL,Folsom SP,Male,2455,2066,118.8,2895
2017-11-29,HDSP,High Desert SP,Male,3452,2324,148.5,3361
2017-11-29,ISP,Ironwood SP,Male,2950,2200,134.1,3200
2017-11-29,KVSP,Kern Valley SP,Male,3725,2448,152.2,3458
2017-11-29,LAC,"CA SP, Los Angeles County",Male,3370,2300,146.5,3300
2017-11-29,MCSP,Mule Creek SP,Male,3858,3284,117.5,4001
2017-11-29,NKSP,North Kern SP,Male,4429,2694,164.4,3911
2017-11-29,PBSP,Pelican Bay SP,Male,2510,2380,105.5,3250
2017-11-29,PVSP,Pleasant Valley SP,Male,2808,2308,121.7,3333
2017-11-29,RJD,RJ Donovan Correctional Fac,Male,3923,2992,131.1,3942
2017-11-29,SAC,"CA SP, Sacramento",Male,2089,1828,114.3,2449
2017-11-29,SATF,CA Substance Abuse Treat Fac,Male,5692,3424,166.2,5111
2017-11-29,SCC,Sierra Conservation Center,Male,4376,3936,111.2,4660
2017-11-29,SOL,"CA SP, Solano",Male,3725,2610,142.7,3882
2017-11-29,SQ,San Quentin SP,Male,4010,3082,130.1,3988
2017-11-29,SVSP,Salinas Valley SP,Male,3563,2452,145.3,3409
2017-11-29,VSP,Valley SP,Male,3588,1980,181.2,2954
2017-11-29,WSP,Wasco SP,Male,5083,2984,170.3,4351
2017-11-29,CCWF,Central CA Women's Fac,Female,2949,2004,147.2,2966
2017-11-29,CIW,CA Institution for Women,Female,1827,1398,130.7,1856
2017-11-29,FOL,Folsom SP,Female,422,403,104.7,530
2017-12-27,ASP,Avenal SP,Male,4074,2920,139.5,3644
2017-12-27,CAL,Calipatria SP,Male,3755,2308,162.7,3333
2017-12-27,CCC,CA Correctional Center,Male,4435,3883,114.2,4667
2017-12-27,CCI,CA Correctional Institution,Male,3600,2783,129.4,4120
2017-12-27,CEN,Centinela SP,Male,3431,2308,148.7,3333
2017-12-27,CHCF,CA Health Care Fac - Stockton,Male,2420,2951,82.0,2951
2017-12-27,CIM,CA Institution for Men,Male,3495,2976,117.4,4186
2017-12-27,CMC,CA Men's Colony,Male,3995,3838,104.1,4401
2017-12-27,CMF,CA Medical Fac,Male,2534,2361,107.3,2789
2017-12-27,COR,"CA SP, Corcoran",Male,2980,3116,95.6,4267
2017-12-27,CRC,CA Rehabilitation Center,Male,2570,2491,103.2,3210
2017-12-27,CTF,Correctional Training Fac,Male,5101,3312,154.0,4887
2017-12-27,CVSP,Chuckawalla Valley SP,Male,2862,1738,164.7,2478
2017-12-27,DVI,Deuel Vocational Institution,Male,2181,1681,129.7,2353
2017-12-27,FOL,Folsom SP,Male,2443,2066,118.2,2895
2017-12-27,HDSP,High Desert SP,Male,3429,2324,147.5,3361
2017-12-27,ISP,Ironwood SP,Male,2946,2200,133.9,3200
2017-12-27,KVSP,Kern Valley SP,Male,3696,2448,151.0,3458
2017-12-27,LAC,"CA SP, Los Angeles County",Male,3378,2300,146.9,3300
2017-12-27,MCSP,Mule Creek SP,Male,3997,3284,121.7,4001
2017-12-27,NKSP,North Kern SP,Male,4361,2694,161.9,3911
2017-12-27,PBSP,Pelican Bay SP,Male,2560,2380,107.6,3250
2017-12-27,PVSP,Pleasant Valley SP,Male,2849,2308,123.4,3333
2017-12-27,RJD,RJ Donovan Correctional Fac,Male,3868,2992,129.3,3942
2017-12-27,SAC,"CA SP, Sacramento",Male,2070,1828,113.2,2449
2017-12-27,SATF,CA Substance Abuse Treat Fac,Male,5693,3424,166.3,5111
2017-12-27,SCC,Sierra Conservation Center,Male,4308,3936,109.5,4660
2017-12-27,SOL,"CA SP, Solano",Male,3717,2610,142.4,3882
2017-12-27,SQ,San Quentin SP,Male,3965,3082,128.7,3988
2017-12-27,SVSP,Salinas Valley SP,Male,3599,2452,146.8,3409
2017-12-27,VSP,Valley SP,Male,3611,1980,182.4,2954
2017-12-27,WSP,Wasco SP,Male,5119,2984,171.5,4351
2017-12-27,CCWF,Central CA Women's Fac,Female,2953,2004,147.4,2966
2017-12-27,CIW,CA Institution for Women,Female,1834,1398,131.2,1856
2017-12-27,FOL,Folsom SP,Female,403,403,100.0,530
2018-01-31,ASP,Avenal State Prison,Male,4157,2920,142.4,4370
2018-01-31,CAL,Calipatria State Prison,Male,3699,2308,160.3,3333
2018-01-31,CCC,California Correctional Center,Male,4443,3883,114.4,4667
2018-01-31,CCI,California Correctional Institution,Male,3381,2783,121.5,4120
2018-01-31,CEN,Centinela State Prison,Male,3346,2308,145.0,3333
2018-01-31,CHCF,California Health Care Facility - Stockton,Male,2480,2951,84.0,2951
2018-01-31,CIM,California Institution for Men,Male,3503,2976,117.7,4186
2018-01-31,CMC,California Men's Colony,Male,3936,3838,102.6,4401
2018-01-31,CMF,California Medical Facility,Male,2475,2361,104.8,2789
2018-01-31,COR,"California State Prison, Corcoran",Male,3069,3116,98.5,4267
2018-01-31,CRC,California Rehabilitation Center,Male,2547,2491,102.2,3210
2018-01-31,CTF,Correctional Training Facility,Male,5139,3312,155.2,4887
2018-01-31,CVSP,Chuckawalla Valley State Prison,Male,2885,1738,166.0,2478
2018-01-31,DVI,Deuel Vocational Institution,Male,2166,1681,128.9,2353
2018-01-31,FOL,Folsom State Prison,Male,2426,2066,117.4,2895
2018-01-31,HDSP,High Desert State Prison,Male,3415,2324,146.9,3361
2018-01-31,ISP,Ironwood State Prison,Male,2805,2200,127.5,3200
2018-01-31,KVSP,Kern Valley State Prison,Male,3592,2448,146.7,3458
2018-01-31,LAC,"California State Prison, Los Angeles County",Male,3344,2300,145.4,3300
2018-01-31,MCSP,Mule Creek State Prison,Male,4082,3284,124.3,4001
2018-01-31,NKSP,North Kern State Prison,Male,4320,2694,160.4,3911
2018-01-31,PBSP,Pelican Bay State Prison,Male,2617,2380,110.0,3250
2018-01-31,PVSP,Pleasant Valley State Prison,Male,2867,2308,124.2,3333
2018-01-31,RJD,RJ Donovan Correctional Facility,Male,3874,2992,129.5,3942
2018-01-31,SAC,"California State Prison, Sacramento",Male,2122,1828,116.1,2449
2018-01-31,SATF,California Substance Abuse Treatment Facility,Male,5621,3424,164.2,5111
2018-01-31,SCC,Sierra Conservation Center,Male,4275,3936,108.6,4660
2018-01-31,SOL,"California State Prison, Solano",Male,3765,2610,144.3,3882
2018-01-31,SQ,San Quentin State Prison,Male,3837,3082,124.5,3988
2018-01-31,SVSP,Salinas Valley State Prison,Male,3547,2452,144.7,3409
2018-01-31,VSP,Valley State Prison,Male,3565,1980,180.1,2954
2018-01-31,WSP,Wasco State Prison,Male,4971,2984,166.6,4351
2018-01-31,CCWF,Central California Women's Facility,Female,2941,2004,146.8,2966
2018-01-31,CIW,California Institution for Women,Female,1837,1398,131.4,1856
2018-01-31,FOL,Folsom State Prison,Female,378,403,93.8,530
2018-02-28,ASP,Avenal State Prison,Male,4237,2920,145.1,4370
2018-02-28,CAL,Calipatria State Prison,Male,3685,2308,159.7,3333
2018-02-28,CCC,California Correctional Center,Male,4468,3883,115.1,4667
2018-02-28,CCI,California Correctional Institution,Male,3350,2783,120.4,4120
2018-02-28,CEN,Centinela State Prison,Male,3318,2308,143.8,3333
2018-02-28,CHCF,California Health Care Facility - Stockton,Male,2562,2951,86.8,2951
2018-02-28,CIM,California Institution for Men,Male,3547,2976,119.2,4186
2018-02-28,CMC,California Men's Colony,Male,3894,3838,101.5,4401
2018-02-28,CMF,California Medical Facility,Male,2400,2361,101.7,2789
2018-02-28,COR,"California State Prison, Corcoran",Male,3112,3116,99.9,4267
2018-02-28,CRC,California Rehabilitation Center,Male,2502,2491,100.4,3210
2018-02-28,CTF,Correctional Training Facility,Male,5235,3312,158.1,4887
2018-02-28,CVSP,Chuckawalla Valley State Prison,Male,2902,1738,167.0,2478
2018-02-28,DVI,Deuel Vocational Institution,Male,2219,1681,132.0,2353
2018-02-28,FOL,Folsom State Prison,Male,2396,2066,116.0,2895
2018-02-28,HDSP,High Desert State Prison,Male,3477,2324,149.6,3361
2018-02-28,ISP,Ironwood State Prison,Male,2822,2200,128.3,3200
2018-02-28,KVSP,Kern Valley State Prison,Male,3439,2448,140.5,3522
2018-02-28,LAC,"California State Prison, Los Angeles County",Male,3273,2300,142.3,3300
2018-02-28,MCSP,Mule Creek State Prison,Male,4127,3284,125.7,4001
2018-02-28,NKSP,North Kern State Prison,Male,4261,2694,158.2,3911
2018-02-28,PBSP,Pelican Bay State Prison,Male,2657,2380,111.6,3250
2018-02-28,PVSP,Pleasant Valley State Prison,Male,2887,2308,125.1,3333
2018-02-28,RJD,RJ Donovan Correctional Facility,Male,3885,2992,129.8,3942
2018-02-28,SAC,"California State Prison, Sacramento",Male,2163,1828,118.3,2449
2018-02-28,SATF,California Substance Abuse Treatment Facility,Male,5743,3424,167.7,5111
2018-02-28,SCC,Sierra Conservation Center,Male,4269,3936,108.5,4660
2018-02-28,SOL,"California State Prison, Solano",Male,3766,2610,144.3,3882
2018-02-28,SQ,San Quentin State Prison,Male,3746,3082,121.5,3988
2018-02-28,SVSP,Salinas Valley State Prison,Male,3490,2452,142.3,3409
2018-02-28,VSP,Valley State Prison,Male,3517,1980,177.6,2954
2018-02-28,WSP,Wasco State Prison,Male,4969,2984,166.5,4351
2018-02-28,CCWF,Central California Women's Facility,Female,2927,2004,146.1,2966
2018-02-28,CIW,California Institution for Women,Female,1819,1398,130.1,1856
2018-02-28,FOL,Folsom State Prison,Female,399,403,99.0,530
2018-03-28,ASP,Avenal State Prison,Male,4279,2920,146.5,4370
2018-03-28,CAL,Calipatria State Prison,Male,3652,2308,158.2,3333
2018-03-28,CCC,California Correctional Center,Male,4547,3883,117.1,4667
2018-03-28,CCI,California Correctional Institution,Male,3290,2783,118.2,4120
2018-03-28,CEN,Centinela State Prison,Male,3373,2308,146.1,3333
2018-03-28,CHCF,California Health Care Facility - Stockton,Male,2609,2951,88.4,2951
2018-03-28,CIM,California Institution for Men,Male,3569,2976,119.9,4186
2018-03-28,CMC,California Men's Colony,Male,3849,3838,100.3,4401
2018-03-28,CMF,California Medical Facility,Male,2359,2361,99.9,2789
2018-03-28,COR,"California State Prison, Corcoran",Male,3170,3116,101.7,4267
2018-03-28,CRC,California Rehabilitation Center,Male,2492,2491,100.0,3210
2018-03-28,CTF,Correctional Training Facility,Male,5347,3312,161.4,4887
2018-03-28,CVSP,Chuckawalla Valley State Prison,Male,2974,1738,171.1,2478
2018-03-28,DVI,Deuel Vocational Institution,Male,2186,1681,130.0,2353
2018-03-28,FOL,Folsom State Prison,Male,2390,2066,115.7,2895
2018-03-28,HDSP,High Desert State Prison,Male,3474,2324,149.5,3361
2018-03-28,ISP,Ironwood State Prison,Male,2831,2200,128.7,3200
2018-03-28,KVSP,Kern Valley State Prison,Male,3449,2448,140.9,3522
2018-03-28,LAC,"California State Prison, Los Angeles County",Male,3212,2300,139.7,3300
2018-03-28,MCSP,Mule Creek State Prison,Male,4158,3284,126.6,4001
2018-03-28,NKSP,North Kern State Prison,Male,4292,2694,159.3,3911
2018-03-28,PBSP,Pelican Bay State Prison,Male,2705,2380,113.7,3250
2018-03-28,PVSP,Pleasant Valley State Prison,Male,2872,2308,124.4,3333
2018-03-28,RJD,RJ Donovan Correctional Facility,Male,3884,2992,129.8,3942
2018-03-28,SAC,"California State Prison, Sacramento",Male,2148,1828,117.5,2449
2018-03-28,SATF,California Substance Abuse Treatment Facility,Male,5842,3424,170.6,5111
2018-03-28,SCC,Sierra Conservation Center,Male,4293,3936,109.1,4660
2018-03-28,SOL,"California State Prison, Solano",Male,3836,2610,147.0,3882
2018-03-28,SQ,San Quentin State Prison,Male,3660,3082,118.8,3988
2018-03-28,SVSP,Salinas Valley State Prison,Male,3451,2452,140.7,3409
2018-03-28,VSP,Valley State Prison,Male,3504,1980,177.0,2954
2018-03-28,WSP,Wasco State Prison,Male,5051,2984,169.3,4351
2018-03-28,CCWF,Central California Women's Facility,Female,2984,2004,148.9,2966
2018-03-28,CIW,California Institution for Women,Female,1792,1398,128.2,1856
2018-03-28,FOL,Folsom State Prison,Female,405,403,100.5,530
2018-04-25,ASP,Avenal State Prison,Male,4254,2920,145.7,4370
2018-04-25,CAL,Calipatria State Prison,Male,3640,2308,157.7,3333
2018-04-25,CCC,California Correctional Center,Male,4573,3883,117.8,4667
2018-04-25,CCI,California Correctional Institution,Male,3236,2783,116.3,4120
2018-04-25,CEN,Centinela State Prison,Male,3384,2308,146.6,3333
2018-04-25,CHCF,California Health Care Facility - Stockton,Male,2624,2951,88.9,2951
2018-04-25,CIM,California Institution for Men,Male,3500,2976,117.6,4186
2018-04-25,CMC,California Men's Colony,Male,3825,3838,99.7,4401
2018-04-25,CMF,California Medical Facility,Male,2373,2361,100.5,2789
2018-04-25,COR,"California State Prison, Corcoran",Male,3198,3116,102.6,4270
2018-04-25,CRC,California Rehabilitation Center,Male,2448,2491,98.3,3210
2018-04-25,CTF,Correctional Training Facility,Male,5330,3312,160.9,4887
2018-04-25,CVSP,Chuckawalla Valley State Prison,Male,3014,1738,173.4,2478
2018-04-25,DVI,Deuel Vocational Institution,Male,2273,1681,135.2,2353
2018-04-25,FOL,Folsom State Prison,Male,2364,2066,114.4,2895
2018-04-25,HDSP,High Desert State Prison,Male,3466,2324,149.1,3361
2018-04-25,ISP,Ironwood State Prison,Male,2882,2200,131.0,3200
2018-04-25,KVSP,Kern Valley State Prison,Male,3427,2448,140.0,3522
2018-04-25,LAC,"California State Prison, Los Angeles County",Male,3228,2300,140.3,3300
2018-04-25,MCSP,Mule Creek State Prison,Male,4213,3284,128.3,4009
2018-04-25,NKSP,North Kern State Prison,Male,4538,2694,168.4,3911
2018-04-25,PBSP,Pelican Bay State Prison,Male,2692,2380,113.1,3250
2018-04-25,PVSP,Pleasant Valley State Prison,Male,2891,2308,125.3,3333
2018-04-25,RJD,RJ Donovan Correctional Facility,Male,3891,2992,130.0,3942
2018-04-25,SAC,"California State Prison, Sacramento",Male,2132,1828,116.6,2449
2018-04-25,SATF,California Substance Abuse Treatment Facility,Male,5969,3424,174.3,5111
2018-04-25,SCC,Sierra Conservation Center,Male,4232,3936,107.5,4660
2018-04-25,SOL,"California State Prison, Solano",Male,3917,2610,150.1,3882
2018-04-25,SQ,San Quentin State Prison,Male,3532,3082,114.6,3988
2018-04-25,SVSP,Salinas Valley State Prison,Male,3359,2452,137.0,3409
2018-04-25,VSP,Valley State Prison,Male,3521,1980,177.8,2954
2018-04-25,WSP,Wasco State Prison,Male,5011,2984,167.9,4351
2018-04-25,CCWF,Central California Women's Facility,Female,2934,2004,146.4,2966
2018-04-25,CIW,California Institution for Women,Female,1818,1398,130.0,1856
2018-04-25,FOL,Folsom State Prison,Female,410,403,101.7,530
2018-05-30,ASP,Avenal State Prison,Male,4322,2920,148.0,4370
2018-05-30,CAL,Calipatria State Prison,Male,3628,2308,157.2,3333
2018-05-30,CCC,California Correctional Center,Male,4605,3883,118.6,4667
2018-05-30,CCI,California Correctional Institution,Male,3255,2783,117.0,4120
2018-05-30,CEN,Centinela State Prison,Male,3394,2308,147.1,3333
2018-05-30,CHCF,California Health Care Facility - Stockton,Male,2673,2951,90.6,2951
2018-05-30,CIM,California Institution for Men,Male,3556,2976,119.5,4186
2018-05-30,CMC,California Men's Colony,Male,3826,3838,99.7,4401
2018-05-30,CMF,California Medical Facility,Male,2441,2361,103.4,2789
2018-05-30,COR,"California State Prison, Corcoran",Male,3154,3116,101.2,4270
2018-05-30,CRC,California Rehabilitation Center,Male,2390,2491,95.9,3210
2018-05-30,CTF,Correctional Training Facility,Male,5311,3312,160.4,4887
2018-05-30,CVSP,Chuckawalla Valley State Prison,Male,2984,1738,171.7,2478
2018-05-30,DVI,Deuel Vocational Institution,Male,2153,1681,128.1,2353
2018-05-30,FOL,Folsom State Prison,Male,2353,2066,113.9,2895
2018-05-30,HDSP,High Desert State Prison,Male,3449,2324,148.4,3361
2018-05-30,ISP,Ironwood State Prison,Male,2961,2200,134.6,3200
2018-05-30,KVSP,Kern Valley State Prison,Male,3443,2448,140.6,3522
2018-05-30,LAC,"California State Prison, Los Angeles County",Male,3171,2300,137.9,3300
2018-05-30,MCSP,Mule Creek State Prison,Male,4260,3284,129.7,4009
2018-05-30,NKSP,North Kern State Prison,Male,4491,2694,166.7,3911
2018-05-30,PBSP,Pelican Bay State Prison,Male,2687,2380,112.9,3250
2018-05-30,PVSP,Pleasant Valley State Prison,Male,2883,2308,124.9,3333
2018-05-30,RJD,RJ Donovan Correctional Facility,Male,3839,2992,128.3,3942
2018-05-30,SAC,"California State Prison, Sacramento",Male,2183,1828,119.4,2449
2018-05-30,SATF,California Substance Abuse Treatment Facility,Male,6012,3424,175.6,5111
2018-05-30,SCC,Sierra Conservation Center,Male,4270,3936,108.5,4660
2018-05-30,SOL,"California State Prison, Solano",Male,3931,2610,150.6,3882
2018-05-30,SQ,San Quentin State Prison,Male,3887,3082,126.1,3988
2018-05-30,SVSP,Salinas Valley State Prison,Male,3274,2452,133.5,3409
2018-05-30,VSP,Valley State Prison,Male,3505,1980,177.0,2954
2018-05-30,WSP,Wasco State Prison,Male,4896,2984,164.1,4351
2018-05-30,CCWF,Central California Women's Facility,Female,2937,2004,146.6,2966
2018-05-30,CIW,California Institution for Women,Female,1798,1398,128.6,1856
2018-05-30,FOL,Folsom State Prison,Female,414,403,102.7,530
2018-06-27,ASP,Avenal State Prison,Male,4331,2920,148.3,4370
2018-06-27,CAL,Calipatria State Prison,Male,3603,2308,156.1,3333
2018-06-27,CCC,California Correctional Center,Male,4676,3883,120.4,4667
2018-06-27,CCI,California Correctional Institution,Male,3318,2783,119.2,4120
2018-06-27,CEN,Centinela State Prison,Male,3383,2308,146.6,3333
2018-06-27,CHCF,California Health Care Facility - Stockton,Male,2711,2951,91.9,2951
2018-06-27,CIM,California Institution for Men,Male,3581,2976,120.3,4186
2018-06-27,CMC,California Men's Colony,Male,3911,3838,101.9,4379
2018-06-27,CMF,California Medical Facility,Male,2455,2361,104.0,2789
2018-06-27,COR,"California State Prison, Corcoran",Male,3193,3116,102.5,4270
2018-06-27,CRC,California Rehabilitation Center,Male,2410,2491,96.7,3210
2018-06-27,CTF,Correctional Training Facility,Male,5333,3312,161.0,4887
2018-06-27,CVSP,Chuckawalla Valley State Prison,Male,2949,1738,169.7,2478
2018-06-27,DVI,Deuel Vocational Institution,Male,2191,1681,130.3,2353
2018-06-27,FOL,Folsom State Prison,Male,2305,2066,111.6,2895
2018-06-27,HDSP,High Desert State Prison,Male,3397,2324,146.2,3361
2018-06-27,ISP,Ironwood State Prison,Male,2891,2200,131.4,3200
2018-06-27,KVSP,Kern Valley State Prison,Male,3584,2448,146.4,3522
2018-06-27,LAC,"California State Prison, Los Angeles County",Male,3119,2300,135.6,3300
2018-06-27,MCSP,Mule Creek State Prison,Male,4283,3284,130.4,4009
2018-06-27,NKSP,North Kern State Prison,Male,4276,2694,158.7,3911
2018-06-27,PBSP,Pelican Bay State Prison,Male,2666,2380,112.0,3250
2018-06-27,PVSP,Pleasant Valley State Prison,Male,2966,2308,128.5,3333
2018-06-27,RJD,RJ Donovan Correctional Facility,Male,3866,2992,129.2,3942
2018-06-27,SAC,"California State Prison, Sacramento",Male,2143,1828,117.2,2449
2018-06-27,SATF,California Substance Abuse Treatment Facility,Male,5913,3424,172.7,5111
2018-06-27,SCC,Sierra Conservation Center,Male,4224,3936,107.3,4660
2018-06-27,SOL,"California State Prison, Solano",Male,3975,2610,152.3,3882
2018-06-27,SQ,San Quentin State Prison,Male,4145,3082,134.5,3988
2018-06-27,SVSP,Salinas Valley State Prison,Male,3198,2452,130.4,3409
2018-06-27,VSP,Valley State Prison,Male,3470,1980,175.3,2954
2018-06-27,WSP,Wasco State Prison,Male,5034,2984,168.7,4351
2018-06-27,CCWF,Central California Women's Facility,Female,2946,2004,147.0,2966
2018-06-27,CIW,California Institution for Women,Female,1805,1398,129.1,1856
2018-06-27,FOL,Folsom State Prison,Female,410,403,101.7,530
2018-07-25,ASP,Avenal State Prison,Male,4308,2920,147.5,4370
2018-07-25,CAL,Calipatria State Prison,Male,3568,2308,154.6,3333
2018-07-25,CCC,California Correctional Center,Male,4738,3883,122.0,4667
2018-07-25,CCI,California Correctional Institution,Male,3349,2783,120.3,4120
2018-07-25,CEN,Centinela State Prison,Male,3373,2308,146.1,3333
2018-07-25,CHCF,California Health Care Facility - Stockton,Male,2690,2951,91.2,2951
2018-07-25,CIM,California Institution for Men,Male,3666,2976,123.2,4186
2018-07-25,CMC,California Men's Colony,Male,3922,3838,102.2,4379
2018-07-25,CMF,California Medical Facility,Male,2414,2361,102.2,2789
2018-07-25,COR,"California State Prison, Corcoran",Male,3250,3116,104.3,4270
2018-07-25,CRC,California Rehabilitation Center,Male,2426,2491,97.4,3210
2018-07-25,CTF,Correctional Training Facility,Male,5339,3312,161.2,4887
2018-07-25,CVSP,Chuckawalla Valley State Prison,Male,2864,1738,164.8,2478
2018-07-25,DVI,Deuel Vocational Institution,Male,2073,1681,123.3,2353
2018-07-25,FOL,Folsom State Prison,Male,2352,2066,113.8,2895
2018-07-25,HDSP,High Desert State Prison,Male,3485,2324,150.0,3361
2018-07-25,ISP,Ironwood State Prison,Male,3003,2200,136.5,3200
2018-07-25,KVSP,Kern Valley State Prison,Male,3578,2448,146.2,3522
2018-07-25,LAC,"California State Prison, Los Angeles County",Male,3149,2300,136.9,3300
2018-07-25,MCSP,Mule Creek State Prison,Male,4223,3284,128.6,4009
2018-07-25,NKSP,North Kern State Prison,Male,4399,2694,163.3,3911
2018-07-25,PBSP,Pelican Bay State Prison,Male,2625,2380,110.3,3250
2018-07-25,PVSP,Pleasant Valley State Prison,Male,3038,2308,131.6,3333
2018-07-25,RJD,RJ Donovan Correctional Facility,Male,3900,2992,130.3,3942
2018-07-25,SAC,"California State Prison, Sacramento",Male,2131,1828,116.6,2449
2018-07-25,SATF,California Substance Abuse Treatment Facility,Male,5878,3424,171.7,5111
2018-07-25,SCC,Sierra Conservation Center,Male,4228,3936,107.4,4660
2018-07-25,SOL,"California State Prison, Solano",Male,4013,2610,153.8,3882
2018-07-25,SQ,San Quentin State Prison,Male,4301,3082,139.6,3988
2018-07-25,SVSP,Salinas Valley State Prison,Male,3200,2452,130.5,3409
2018-07-25,VSP,Valley State Prison,Male,3479,1980,175.7,2954
2018-07-25,WSP,Wasco State Prison,Male,5144,2984,172.4,4351
2018-07-25,CCWF,Central California Women's Facility,Female,2898,2004,144.6,2966
2018-07-25,CIW,California Institution for Women,Female,1829,1398,130.8,1856
2018-07-25,FOL,Folsom State Prison,Female,452,403,112.2,530
2018-08-29,ASP,Avenal State Prison,Male,4339,2920,148.6,4370
2018-08-29,CAL,Calipatria State Prison,Male,3451,2308,149.5,3333
2018-08-29,CCC,California Correctional Center,Male,4866,3883,125.3,4667
2018-08-29,CCI,California Correctional Institution,Male,3386,2783,121.7,4120
2018-08-29,CEN,Centinela State Prison,Male,3361,2308,145.6,3333
2018-08-29,CHCF,California Health Care Facility - Stockton,Male,2737,2951,92.7,2951
2018-08-29,CIM,California Institution for Men,Male,3737,2976,125.6,4186
2018-08-29,CMC,California Men's Colony,Male,4017,3838,104.7,4379
2018-08-29,CMF,California Medical Facility,Male,2386,2361,101.1,2789
2018-08-29,COR,"California State Prison, Corcoran",Male,3138,3116,100.7,4270
2018-08-29,CRC,California Rehabilitation Center,Male,2491,2491,100.0,3210
2018-08-29,CTF,Correctional Training Facility,Male,5316,3312,160.5,4887
2018-08-29,CVSP,Chuckawalla Valley State Prison,Male,2927,1738,168.4,2478
2018-08-29,DVI,Deuel Vocational Institution,Male,1885,1681,112.1,2353
2018-08-29,FOL,Folsom State Prison,Male,2426,2066,117.4,2895
2018-08-29,HDSP,High Desert State Prison,Male,3424,2324,147.3,3361
2018-08-29,ISP,Ironwood State Prison,Male,3113,2200,141.5,3200
2018-08-29,KVSP,Kern Valley State Prison,Male,3692,2448,150.8,3522
2018-08-29,LAC,"California State Prison, Los Angeles County",Male,3178,2300,138.2,3300
2018-08-29,MCSP,Mule Creek State Prison,Male,4151,3284,126.4,4009
2018-08-29,NKSP,North Kern State Prison,Male,4105,2694,152.4,3911
2018-08-29,PBSP,Pelican Bay State Prison,Male,2613,2380,109.8,3250
2018-08-29,PVSP,Pleasant Valley State Prison,Male,3111,2308,134.8,3333
2018-08-29,RJD,RJ Donovan Correctional Facility,Male,3980,2992,133.0,3942
2018-08-29,SAC,"California State Prison, Sacramento",Male,2111,1828,115.5,2449
2018-08-29,SATF,California Substance Abuse Treatment Facility,Male,5862,3424,171.2,5111
2018-08-29,SCC,Sierra Conservation Center,Male,4281,3936,108.8,4660
2018-08-29,SOL,"California State Prison, Solano",Male,4078,2610,156.2,3882
2018-08-29,SQ,San Quentin State Prison,Male,4395,3082,142.6,3988
2018-08-29,SVSP,Salinas Valley State Prison,Male,3211,2452,131.0,3409
2018-08-29,VSP,Valley State Prison,Male,3568,1980,180.2,2954
2018-08-29,WSP,Wasco State Prison,Male,4811,2984,161.2,4351
2018-08-29,CCWF,Central California Women's Facility,Female,2903,2004,144.9,2966
2018-08-29,CIW,California Institution for Women,Female,1871,1398,133.8,1856
2018-08-29,FOL,Folsom State Prison,Female,442,403,109.7,530
2018-09-26,ASP,Avenal State Prison,Male,4366,2920,149.5,4370
2018-09-26,CAL,Calipatria State Prison,Male,3424,2308,148.4,3333
2018-09-26,CCC,California Correctional Center,Male,4881,3883,125.7,4667
2018-09-26,CCI,California Correctional Institution,Male,3564,2783,128.1,4120
2018-09-26,CEN,Centinela State Prison,Male,3377,2308,146.3,3333
2018-09-26,CHCF,California Health Care Facility - Stockton,Male,2710,2951,91.8,2951
2018-09-26,CIM,California Institution for Men,Male,3739,2976,125.6,4186
2018-09-26,CMC,California Men's Colony,Male,3963,3838,103.3,4401
2018-09-26,CMF,California Medical Facility,Male,2373,2361,100.5,2789
2018-09-26,COR,"California State Prison, Corcoran",Male,3206,3116,102.9,4270
2018-09-26,CRC,California Rehabilitation Center,Male,2494,2491,100.1,3210
2018-09-26,CTF,Correctional Training Facility,Male,5294,3312,159.8,4887
2018-09-26,CVSP,Chuckawalla Valley State Prison,Male,2907,1738,167.3,2478
2018-09-26,DVI,Deuel Vocational Institution,Male,1824,1681,108.5,2353
2018-09-26,FOL,Folsom State Prison,Male,2532,2066,122.6,2895
2018-09-26,HDSP,High Desert State Prison,Male,3352,2324,144.2,3361
2018-09-26,ISP,Ironwood State Prison,Male,3039,2200,138.1,3200
2018-09-26,KVSP,Kern Valley State Prison,Male,3649,2448,149.1,3522
2018-09-26,LAC,"California State Prison, Los Angeles County",Male,3165,2300,137.6,3300
2018-09-26,MCSP,Mule Creek State Prison,Male,4105,3284,125.0,4009
2018-09-26,NKSP,North Kern State Prison,Male,3983,2694,147.8,3911
2018-09-26,PBSP,Pelican Bay State Prison,Male,2572,2380,108.1,3250
2018-09-26,PVSP,Pleasant Valley State Prison,Male,3193,2308,138.3,3333
2018-09-26,RJD,RJ Donovan Correctional Facility,Male,3937,2992,131.6,3942
2018-09-26,SAC,"California State Prison, Sacramento",Male,2080,1828,113.8,2449
2018-09-26,SATF,California Substance Abuse Treatment Facility,Male,5813,3424,169.8,5111
2018-09-26,SCC,Sierra Conservation Center,Male,4281,3936,108.8,4560
2018-09-26,SOL,"California State Prison, Solano",Male,4089,2610,156.7,3882
2018-09-26,SQ,San Quentin State Prison,Male,4352,3082,141.2,3988
2018-09-26,SVSP,Salinas Valley State Prison,Male,3310,2452,135.0,3409
2018-09-26,VSP,Valley State Prison,Male,3574,1980,180.5,2954
2018-09-26,WSP,Wasco State Prison,Male,4796,2984,160.7,4351
2018-09-26,CCWF,Central California Women's Facility,Female,2900,2004,144.7,2966
2018-09-26,CIW,California Institution for Women,Female,1886,1398,134.9,1877
2018-09-26,FOL,Folsom State Prison,Female,416,403,103.2,530
2018-10-31,ASP,Avenal State Prison,Male,4306,2920,147.5,4370
2018-10-31,CAL,Calipatria State Prison,Male,3440,2308,149.0,3333
2018-10-31,CCC,California Correctional Center,Male,4787,3883,123.3,4667
2018-10-31,CCI,California Correctional Institution,Male,3797,2783,136.4,4120
2018-10-31,CEN,Centinela State Prison,Male,3420,2308,148.2,3333
2018-10-31,CHCF,California Health Care Facility - Stockton,Male,2685,2951,91.0,2951
2018-10-31,CIM,California Institution for Men,Male,3529,2976,118.6,4186
2018-10-31,CMC,California Men's Colony,Male,3853,3838,100.4,4379
2018-10-31,CMF,California Medical Facility,Male,2367,2361,100.3,2789
2018-10-31,COR,"California State Prison, Corcoran",Male,3231,3116,103.7,4270
2018-10-31,CRC,California Rehabilitation Center,Male,2113,2491,84.8,3210
2018-10-31,CTF,Correctional Training Facility,Male,5329,3312,160.9,4887
2018-10-31,CVSP,Chuckawalla Valley State Prison,Male,2759,1738,158.7,2478
2018-10-31,DVI,Deuel Vocational Institution,Male,1926,1681,114.6,2353
2018-10-31,FOL,Folsom State Prison,Male,2685,2066,130.0,2895
2018-10-31,HDSP,High Desert State Prison,Male,3301,2324,142.0,3361
2018-10-31,ISP,Ironwood State Prison,Male,3062,2200,139.2,3200
2018-10-31,KVSP,Kern Valley State Prison,Male,3681,2448,150.4,3522
2018-10-31,LAC,"California State Prison, Los Angeles County",Male,3172,2300,137.9,3300
2018-10-31,MCSP,Mule Creek State Prison,Male,4025,3284,122.6,4009
2018-10-31,NKSP,North Kern State Prison,Male,4105,2694,152.4,3911
2018-10-31,PBSP,Pelican Bay State Prison,Male,2548,2380,107.1,3250
2018-10-31,PVSP,Pleasant Valley State Prison,Male,3266,2308,141.5,3333
2018-10-31,RJD,RJ Donovan Correctional Facility,Male,3912,2992,130.7,3942
2018-10-31,SAC,"California State Prison, Sacramento",Male,2039,1828,111.5,2449
2018-10-31,SATF,California Substance Abuse Treatment Facility,Male,5678,3424,165.8,5111
2018-10-31,SCC,Sierra Conservation Center,Male,4308,3936,109.5,4560
2018-10-31,SOL,"California State Prison, Solano",Male,4055,2610,155.4,3882
2018-10-31,SQ,San Quentin State Prison,Male,4432,3082,143.8,3988
2018-10-31,SVSP,Salinas Valley State Prison,Male,3328,2452,135.7,3409
2018-10-31,VSP,Valley State Prison,Male,3481,1980,175.8,2954
2018-10-31,WSP,Wasco State Prison,Male,4982,2984,167.0,4351
2018-10-31,CCWF,Central California Women's Facility,Female,2888,2004,144.1,2966
2018-10-31,CIW,California Institution for Women,Female,1863,1398,133.3,1856
2018-10-31,FOL,Folsom State Prison,Female,439,403,108.9,530
2018-11-28,ASP,Avenal State Prison,Male,4226,2920,144.7,4370
2018-11-28,CAL,Calipatria State Prison,Male,3478,2308,150.7,3333
2018-11-28,CCC,California Correctional Center,Male,4620,3883,119.0,4667
2018-11-28,CCI,California Correctional Institution,Male,3940,2783,141.6,4120
2018-11-28,CEN,Centinela State Prison,Male,3433,2308,148.7,3333
2018-11-28,CHCF,California Health Care Facility - Stockton,Male,2672,2951,90.5,2951
2018-11-28,CIM,California Institution for Men,Male,3475,2976,116.8,4186
2018-11-28,CMC,California Men's Colony,Male,3730,3838,97.2,4401
2018-11-28,CMF,California Medical Facility,Male,2353,2361,99.7,2789
2018-11-28,COR,"California State Prison, Corcoran",Male,3337,3116,107.1,4270
2018-11-28,CRC,California Rehabilitation Center,Male,2243,2491,90.0,3210
2018-11-28,CTF,Correctional Training Facility,Male,5199,3312,157.0,4887
2018-11-28,CVSP,Chuckawalla Valley State Prison,Male,2721,1738,156.6,2478
2018-11-28,DVI,Deuel Vocational Institution,Male,2083,1681,123.9,2353
2018-11-28,FOL,Folsom State Prison,Male,2820,2066,136.5,2895
2018-11-28,HDSP,High Desert State Prison,Male,3339,2324,143.7,3361
2018-11-28,ISP,Ironwood State Prison,Male,2975,2200,135.2,3200
2018-11-28,KVSP,Kern Valley State Prison,Male,3710,2448,151.6,3522
2018-11-28,LAC,"California State Prison, Los Angeles County",Male,3150,2300,137.0,3300
2018-11-28,MCSP,Mule Creek State Prison,Male,3977,3284,121.1,4009
2018-11-28,NKSP,North Kern State Prison,Male,4151,2694,154.1,3911
2018-11-28,PBSP,Pelican Bay State Prison,Male,2567,2380,107.9,3250
2018-11-28,PVSP,Pleasant Valley State Prison,Male,3234,2308,140.1,3333
2018-11-28,RJD,RJ Donovan Correctional Facility,Male,3902,2992,130.4,3942
2018-11-28,SAC,"California State Prison, Sacramento",Male,2024,1828,110.7,2449
2018-11-28,SATF,California Substance Abuse Treatment Facility,Male,5633,3424,164.5,5111
2018-11-28,SCC,Sierra Conservation Center,Male,4230,3936,107.5,4560
2018-11-28,SOL,"California State Prison, Solano",Male,4134,2610,158.4,3882
2018-11-28,SQ,San Quentin State Prison,Male,4244,3082,137.7,3988
2018-11-28,SVSP,Salinas Valley State Prison,Male,3383,2452,138.0,3409
2018-11-28,VSP,Valley State Prison,Male,3299,1980,166.6,2954
2018-11-28,WSP,Wasco State Prison,Male,4849,2984,162.5,4351
2018-11-28,CCWF,Central California Women's Facility,Female,2871,2004,143.3,2966
2018-11-28,CIW,California Institution for Women,Female,1883,1398,134.7,1756
2018-11-28,FOL,Folsom State Prison,Female,423,403,105.0,530
2018-12-26,ASP,Avenal State Prison,Male,4198,2920,143.8,4370
2018-12-26,CAL,Calipatria State Prison,Male,3492,2308,151.3,3333
2018-12-26,CCC,California Correctional Center,Male,4437,3883,114.3,4762
2018-12-26,CCI,California Correctional Institution,Male,4039,2783,145.1,4120
2018-12-26,CEN,Centinela State Prison,Male,3386,2308,146.7,3333
2018-12-26,CHCF,California Health Care Facility - Stockton,Male,2662,2951,90.2,2951
2018-12-26,CIM,California Institution for Men,Male,3598,2976,120.9,4186
2018-12-26,CMC,California Men's Colony,Male,3702,3838,96.5,4398
2018-12-26,CMF,California Medical Facility,Male,2342,2361,99.2,2847
2018-12-26,COR,"California State Prison, Corcoran",Male,3240,3116,104.0,4270
2018-12-26,CRC,California Rehabilitation Center,Male,2392,2491,96.0,3210
2018-12-26,CTF,Correctional Training Facility,Male,5119,3312,154.6,4887
2018-12-26,CVSP,Chuckawalla Valley State Prison,Male,2711,1738,156.0,2478
2018-12-26,DVI,Deuel Vocational Institution,Male,2230,1681,132.7,2353
2018-12-26,FOL,Folsom State Prison,Male,2848,2066,137.9,2895
2018-12-26,HDSP,High Desert State Prison,Male,3336,2324,143.5,3361
2018-12-26,ISP,Ironwood State Prison,Male,2856,2200,129.8,3200
2018-12-26,KVSP,Kern Valley State Prison,Male,3748,2448,153.1,3522
2018-12-26,LAC,"California State Prison, Los Angeles County",Male,3144,2300,136.7,3300
2018-12-26,MCSP,Mule Creek State Prison,Male,3984,3284,121.3,4009
2018-12-26,NKSP,North Kern State Prison,Male,4096,2694,152.0,3911
2018-12-26,PBSP,Pelican Bay State Prison,Male,2552,2380,107.2,3250
2018-12-26,PVSP,Pleasant Valley State Prison,Male,3114,2308,134.9,3333
2018-12-26,RJD,RJ Donovan Correctional Facility,Male,3853,2992,128.8,3942
2018-12-26,SAC,"California State Prison, Sacramento",Male,2056,1828,112.5,2449
2018-12-26,SATF,California Substance Abuse Treatment Facility,Male,5593,3424,163.3,5111
2018-12-26,SCC,Sierra Conservation Center,Male,4278,3936,108.7,4570
2018-12-26,SOL,"California State Prison, Solano",Male,4199,2610,160.9,3882
2018-12-26,SQ,San Quentin State Prison,Male,4117,3082,133.6,3984
2018-12-26,SVSP,Salinas Valley State Prison,Male,3348,2452,136.5,3409
2018-12-26,VSP,Valley State Prison,Male,3244,1980,163.8,2954
2018-12-26,WSP,Wasco State Prison,Male,4868,2984,163.1,4351
2018-12-26,CCWF,Central California Women's Facility,Female,2821,2004,140.8,2964
2018-12-26,CIW,California Institution for Women,Female,1889,1398,135.1,1858
2018-12-26,FOL,Folsom State Prison,Female,412,403,102.2,530
2019-01-31,ASP,Avenal State Prison,Male,4110,2920,140.8,4370
2019-01-31,CAL,Calipatria State Prison,Male,3490,2308,151.2,3333
2019-01-31,CCC,California Correctional Center,Male,4197,3883,108.1,4762
2019-01-31,CCI,California Correctional Institution,Male,4059,2783,145.8,4120
2019-01-31,CEN,Centinela State Prison,Male,3391,2308,146.9,3333
2019-01-31,CHCF,California Health Care Facility - Stockton,Male,2656,2951,90.0,2951
2019-01-31,CIM,California Institution for Men,Male,3662,2976,123.1,4186
2019-01-31,CMC,California Men's Colony,Male,3665,3838,95.5,4398
2019-01-31,CMF,California Medical Facility,Male,2330,2361,98.7,2847
2019-01-31,COR,"California State Prison, Corcoran",Male,3291,3116,105.6,4270
2019-01-31,CRC,California Rehabilitation Center,Male,2314,2491,92.9,3210
2019-01-31,CTF,Correctional Training Facility,Male,5250,3312,158.5,4887
2019-01-31,CVSP,Chuckawalla Valley State Prison,Male,2733,1738,157.2,2478
2019-01-31,DVI,Deuel Vocational Institution,Male,2491,1681,148.2,2353
2019-01-31,FOL,Folsom State Prison,Male,2925,2066,141.6,2895
2019-01-31,HDSP,High Desert State Prison,Male,3240,2324,139.4,3361
2019-01-31,ISP,Ironwood State Prison,Male,2691,2200,122.3,3200
2019-01-31,KVSP,Kern Valley State Prison,Male,3703,2448,151.3,3522
2019-01-31,LAC,"California State Prison, Los Angeles County",Male,3131,2300,136.1,3300
2019-01-31,MCSP,Mule Creek State Prison,Male,3993,3284,121.6,4009
2019-01-31,NKSP,North Kern State Prison,Male,4130,2694,153.3,3911
2019-01-31,PBSP,Pelican Bay State Prison,Male,2578,2380,108.3,3250
2019-01-31,PVSP,Pleasant Valley State Prison,Male,3129,2308,135.6,3333
2019-01-31,RJD,RJ Donovan Correctional Facility,Male,3841,2992,128.4,3942
2019-01-31,SAC,"California State Prison, Sacramento",Male,2108,1828,115.3,2449
2019-01-31,SATF,California Substance Abuse Treatment Facility,Male,5586,3424,163.1,5111
2019-01-31,SCC,Sierra Conservation Center,Male,4167,3936,105.9,4570
2019-01-31,SOL,"California State Prison, Solano",Male,4223,2610,161.8,3882
2019-01-31,SQ,San Quentin State Prison,Male,3977,3082,129.0,3984
2019-01-31,SVSP,Salinas Valley State Prison,Male,3353,2452,136.7,3409
2019-01-31,VSP,Valley State Prison,Male,3186,1980,160.9,2954
2019-01-31,WSP,Wasco State Prison,Male,4520,2984,151.5,4351
2019-01-31,CCWF,Central California Women's Facility,Female,2812,2004,140.3,2964
2019-01-31,CIW,California Institution for Women,Female,1848,1398,132.2,1877
2019-01-31,FOL,Folsom State Prison,Female,450,403,111.7,530
2019-02-28,ASP,Avenal State Prison,Male,4133,2920,141.5,4370
2019-02-28,CAL,Calipatria State Prison,Male,3551,2308,153.9,3333
2019-02-28,CCC,California Correctional Center,Male,4120,3883,106.1,4762
2019-02-28,CCI,California Correctional Institution,Male,4000,2783,143.7,4120
2019-02-28,CEN,Centinela State Prison,Male,3450,2308,149.5,3333
2019-02-28,CHCF,California Health Care Facility - Stockton,Male,2667,2951,90.4,2951
2019-02-28,CIM,California Institution for Men,Male,3743,2976,125.8,4186
2019-02-28,CMC,California Men's Colony,Male,3647,3838,95.0,4398
2019-02-28,CMF,California Medical Facility,Male,2336,2361,98.9,2847
2019-02-28,COR,"California State Prison, Corcoran",Male,3346,3116,107.4,4270
2019-02-28,CRC,California Rehabilitation Center,Male,2445,2491,98.2,3210
2019-02-28,CTF,Correctional Training Facility,Male,5426,3312,163.8,4887
2019-02-28,CVSP,Chuckawalla Valley State Prison,Male,2738,1738,157.5,2478
2019-02-28,DVI,Deuel Vocational Institution,Male,2573,1681,153.1,2353
2019-02-28,FOL,Folsom State Prison,Male,2972,2066,143.9,2895
2019-02-28,HDSP,High Desert State Prison,Male,3179,2324,136.8,3361
2019-02-28,ISP,Ironwood State Prison,Male,2584,2200,117.5,3200
2019-02-28,KVSP,Kern Valley State Prison,Male,3698,2448,151.1,3522
2019-02-28,LAC,"California State Prison, Los Angeles County",Male,3116,2300,135.5,3300
2019-02-28,MCSP,Mule Creek State Prison,Male,4021,3284,122.4,4009
2019-02-28,NKSP,North Kern State Prison,Male,4057,2694,150.6,3911
2019-02-28,PBSP,Pelican Bay State Prison,Male,2559,2380,107.5,3250
2019-02-28,PVSP,Pleasant Valley State Prison,Male,3185,2308,138.0,3333
2019-02-28,RJD,RJ Donovan Correctional Facility,Male,3765,2992,125.8,3942
2019-02-28,SAC,"California State Prison, Sacramento",Male,2043,1828,111.8,2449
2019-02-28,SATF,California Substance Abuse Treatment Facility,Male,5526,3424,161.4,5111
2019-02-28,SCC,Sierra Conservation Center,Male,4048,3936,102.8,4570
2019-02-28,SOL,"California State Prison, Solano",Male,4263,2610,163.3,3882
2019-02-28,SQ,San Quentin State Prison,Male,3851,3082,125.0,3984
2019-02-28,SVSP,Salinas Valley State Prison,Male,3429,2452,139.8,3409
2019-02-28,VSP,Valley State Prison,Male,3124,1980,157.8,2954
2019-02-28,WSP,Wasco State Prison,Male,4501,2984,150.8,4351
2019-02-28,CCWF,Central California Women's Facility,Female,2835,2004,141.5,2964
2019-02-28,CIW,California Institution for Women,Female,1835,1398,131.3,1877
2019-02-28,FOL,Folsom State Prison,Female,415,403,103.0,530
2019-02-28,SQ,San Quentin State Prison,Female,1,3082,0.0,3273
2019-03-31,ASP,Avenal State Prison,Male,4043,2920,138.5,4370
2019-03-31,CAL,Calipatria State Prison,Male,3546,2308,153.6,3333
2019-03-31,CCC,California Correctional Center,Male,3984,3883,102.6,4762
2019-03-31,CCI,California Correctional Institution,Male,3930,2783,141.2,4120
2019-03-31,CEN,Centinela State Prison,Male,3488,2308,151.1,3333
2019-03-31,CHCF,California Health Care Facility - Stockton,Male,2646,2951,89.7,2951
2019-03-31,CIM,California Institution for Men,Male,3766,2976,126.5,4186
2019-03-31,CMC,California Men's Colony,Male,3524,3838,91.8,4398
2019-03-31,CMF,California Medical Facility,Male,2350,2361,99.5,2847
2019-03-31,COR,"California State Prison, Corcoran",Male,3351,3116,107.5,4270
2019-03-31,CRC,California Rehabilitation Center,Male,2617,2491,105.1,3210
2019-03-31,CTF,Correctional Training Facility,Male,5447,3312,164.5,4887
2019-03-31,CVSP,Chuckawalla Valley State Prison,Male,2755,1738,158.5,2478
2019-03-31,DVI,Deuel Vocational Institution,Male,2569,1681,152.8,2353
2019-03-31,FOL,Folsom State Prison,Male,2983,2066,144.4,2895
2019-03-31,HDSP,High Desert State Prison,Male,3224,2324,138.7,3361
2019-03-31,ISP,Ironwood State Prison,Male,2578,2200,117.2,3200
2019-03-31,KVSP,Kern Valley State Prison,Male,3716,2448,151.8,3522
2019-03-31,LAC,"California State Prison, Los Angeles County",Male,3136,2300,136.3,3300
2019-03-31,MCSP,Mule Creek State Prison,Male,4051,3284,123.4,4009
2019-03-31,NKSP,North Kern State Prison,Male,4148,2694,154.0,3911
2019-03-31,PBSP,Pelican Bay State Prison,Male,2553,2380,107.3,3250
2019-03-31,PVSP,Pleasant Valley State Prison,Male,3260,2308,141.2,3333
2019-03-31,RJD,RJ Donovan Correctional Facility,Male,3763,2992,125.8,3942
2019-03-31,SAC,"California State Prison, Sacramento",Male,2057,1828,112.5,2449
2019-03-31,SATF,California Substance Abuse Treatment Facility,Male,5508,3424,160.9,5111
2019-03-31,SCC,Sierra Conservation Center,Male,4014,3936,102.0,4570
2019-03-31,SOL,"California State Prison, Solano",Male,4294,2610,164.5,3882
2019-03-31,SQ,San Quentin State Prison,Male,3885,3082,126.1,3984
2019-03-31,SVSP,Salinas Valley State Prison,Male,3408,2452,139.0,3409
2019-03-31,VSP,Valley State Prison,Male,3068,1980,154.9,2954
2019-03-31,WSP,Wasco State Prison,Male,4788,2984,160.5,4351
2019-03-31,CCWF,Central California Women's Facility,Female,2861,2004,142.8,2964
2019-03-31,CIW,California Institution for Women,Female,1796,1398,128.5,1877
2019-03-31,FOL,Folsom State Prison,Female,447,403,110.9,530
2019-03-31,SQ,San Quentin State Prison,Female,1,3082,0.0,3273
2019-04-30,ASP,Avenal State Prison,Male,3989,2920,136.6,4370
2019-04-30,CAL,Calipatria State Prison,Male,3538,2308,153.3,3333
2019-04-30,CCC,California Correctional Center,Male,4018,3883,103.5,4762
2019-04-30,CCI,California Correctional Institution,Male,3891,2783,139.8,4120
2019-04-30,CEN,Centinela State Prison,Male,3513,2308,152.2,3333
2019-04-30,CHCF,California Health Care Facility - Stockton,Male,2647,2951,89.7,2951
2019-04-30,CIM,California Institution for Men,Male,3675,2976,123.5,4186
2019-04-30,CMC,California Men's Colony,Male,3427,3838,89.3,4398
2019-04-30,CMF,California Medical Facility,Male,2520,2361,106.7,2847
2019-04-30,COR,"California State Prison, Corcoran",Male,3235,3116,103.8,4270
2019-04-30,CRC,California Rehabilitation Center,Male,2753,2491,110.5,3210
2019-04-30,CTF,Correctional Training Facility,Male,5551,3312,167.6,4887
2019-04-30,CVSP,Chuckawalla Valley State Prison,Male,2789,1738,160.5,2478
2019-04-30,DVI,Deuel Vocational Institution,Male,2368,1681,140.9,2353
2019-04-30,FOL,Folsom State Prison,Male,3015,2066,145.9,2895
2019-04-30,HDSP,High Desert State Prison,Male,3187,2324,137.1,3361
2019-04-30,ISP,Ironwood State Prison,Male,2642,2200,120.1,3200
2019-04-30,KVSP,Kern Valley State Prison,Male,3679,2448,150.3,3522
2019-04-30,LAC,"California State Prison, Los Angeles County",Male,3200,2300,139.1,3300
2019-04-30,MCSP,Mule Creek State Prison,Male,4088,3284,124.5,4009
2019-04-30,NKSP,North Kern State Prison,Male,3954,2694,146.8,3911
2019-04-30,PBSP,Pelican Bay State Prison,Male,2588,2380,108.7,3250
2019-04-30,PVSP,Pleasant Valley State Prison,Male,3357,2308,145.5,3333
2019-04-30,RJD,RJ Donovan Correctional Facility,Male,3773,2992,126.1,3942
2019-04-30,SAC,"California State Prison, Sacramento",Male,2101,1828,114.9,2449
2019-04-30,SATF,California Substance Abuse Treatment Facility,Male,5598,3424,163.5,5111
2019-04-30,SCC,Sierra Conservation Center,Male,4106,3936,104.3,4570
2019-04-30,SOL,"California State Prison, Solano",Male,4373,2610,167.5,3882
2019-04-30,SQ,San Quentin State Prison,Male,3973,3082,128.9,3984
2019-04-30,SVSP,Salinas Valley State Prison,Male,3337,2452,136.1,3409
2019-04-30,VSP,Valley State Prison,Male,2962,1980,149.6,2954
2019-04-30,WSP,Wasco State Prison,Male,4992,2984,167.3,4351
2019-04-30,CCWF,Central California Women's Facility,Female,2894,2004,144.4,2964
2019-04-30,CIW,California Institution for Women,Female,1759,1398,125.8,1877
2019-04-30,FOL,Folsom State Prison,Female,450,403,111.7,530
2019-04-30,SQ,San Quentin State Prison,Female,1,3082,0.0,3273
2019-05-31,ASP,Avenal State Prison,Male,3775,2920,129.3,4370
2019-05-31,CAL,Calipatria State Prison,Male,3506,2308,151.9,3333
2019-05-31,CCC,California Correctional Center,Male,4050,3883,104.3,4762
2019-05-31,CCI,California Correctional Institution,Male,3858,2783,138.6,4120
2019-05-31,CEN,Centinela State Prison,Male,3531,2308,153.0,3333
2019-05-31,CHCF,California Health Care Facility - Stockton,Male,2675,2951,90.6,2951
2019-05-31,CIM,California Institution for Men,Male,3663,2976,123.1,4186
2019-05-31,CMC,California Men's Colony,Male,3463,3838,90.2,4398
2019-05-31,CMF,California Medical Facility,Male,2561,2361,108.5,2847
2019-05-31,COR,"California State Prison, Corcoran",Male,3192,3116,102.4,4270
2019-05-31,CRC,California Rehabilitation Center,Male,2890,2491,116.0,3210
2019-05-31,CTF,Correctional Training Facility,Male,5571,3312,168.2,4887
2019-05-31,CVSP,Chuckawalla Valley State Prison,Male,2746,1738,158.0,2478
2019-05-31,DVI,Deuel Vocational Institution,Male,2343,1681,139.4,2353
2019-05-31,FOL,Folsom State Prison,Male,3006,2066,145.5,2895
2019-05-31,HDSP,High Desert State Prison,Male,3128,2324,134.6,3361
2019-05-31,ISP,Ironwood State Prison,Male,2626,2200,119.4,3200
2019-05-31,KVSP,Kern Valley State Prison,Male,3644,2448,148.9,3522
2019-05-31,LAC,"California State Prison, Los Angeles County",Male,3193,2300,138.8,3300
2019-05-31,MCSP,Mule Creek State Prison,Male,4054,3284,123.4,4009
2019-05-31,NKSP,North Kern State Prison,Male,4033,2694,149.7,3911
2019-05-31,PBSP,Pelican Bay State Prison,Male,2600,2380,109.2,3250
2019-05-31,PVSP,Pleasant Valley State Prison,Male,3460,2308,149.9,3333
2019-05-31,RJD,RJ Donovan Correctional Facility,Male,3876,2992,129.5,3942
2019-05-31,SAC,"California State Prison, Sacramento",Male,2100,1828,114.9,2449
2019-05-31,SATF,California Substance Abuse Treatment Facility,Male,5498,3424,160.6,5111
2019-05-31,SCC,Sierra Conservation Center,Male,3851,3936,97.8,4570
2019-05-31,SOL,"California State Prison, Solano",Male,4478,2610,171.6,3882
2019-05-31,SQ,San Quentin State Prison,Male,4088,3082,132.6,3984
2019-05-31,SVSP,Salinas Valley State Prison,Male,3189,2452,130.1,3409
2019-05-31,VSP,Valley State Prison,Male,2907,1980,146.8,2954
2019-05-31,WSP,Wasco State Prison,Male,5011,2984,167.9,4351
2019-05-31,CCWF,Central California Women's Facility,Female,2784,2004,138.9,2964
2019-05-31,CIW,California Institution for Women,Female,1782,1398,127.5,1877
2019-05-31,FOL,Folsom State Prison,Female,454,403,112.7,530
2019-05-31,SQ,San Quentin State Prison,Female,1,3082,0.0,3273
2019-06-30,ASP,Avenal State Prison,Male,3744,2920,128.2,4370
2019-06-30,CAL,Calipatria State Prison,Male,3493,2308,151.3,3333
2019-06-30,CCC,California Correctional Center,Male,3853,3883,99.2,4762
2019-06-30,CCI,California Correctional Institution,Male,3739,2783,134.4,4120
2019-06-30,CEN,Centinela State Prison,Male,3515,2308,152.3,3333
2019-06-30,CHCF,California Health Care Facility - Stockton,Male,2704,2951,91.6,2951
2019-06-30,CIM,California Institution for Men,Male,3665,2976,123.2,4186
2019-06-30,CMC,California Men's Colony,Male,3540,3838,92.2,4398
2019-06-30,CMF,California Medical Facility,Male,2539,2361,107.5,2847
2019-06-30,COR,"California State Prison, Corcoran",Male,3179,3116,102.0,4270
2019-06-30,CRC,California Rehabilitation Center,Male,2933,2491,117.7,3210
2019-06-30,CTF,Correctional Training Facility,Male,5492,3312,165.8,4887
2019-06-30,CVSP,Chuckawalla Valley State Prison,Male,2741,1738,157.7,2478
2019-06-30,DVI,Deuel Vocational Institution,Male,2249,1681,133.8,2353
2019-06-30,FOL,Folsom State Prison,Male,2995,2066,145.0,2895
2019-06-30,HDSP,High Desert State Prison,Male,3127,2324,134.6,3361
2019-06-30,ISP,Ironwood State Prison,Male,2693,2200,122.4,3200
2019-06-30,KVSP,Kern Valley State Prison,Male,3604,2448,147.2,3522
2019-06-30,LAC,"California State Prison, Los Angeles County",Male,3207,2300,139.4,3300
2019-06-30,MCSP,Mule Creek State Prison,Male,4035,3284,122.9,4009
2019-06-30,NKSP,North Kern State Prison,Male,4246,2694,157.6,3911
2019-06-30,PBSP,Pelican Bay State Prison,Male,2663,2380,111.9,3250
2019-06-30,PVSP,Pleasant Valley State Prison,Male,3416,2308,148.0,3333
2019-06-30,RJD,RJ Donovan Correctional Facility,Male,3980,2992,133.0,3942
2019-06-30,SAC,"California State Prison, Sacramento",Male,2112,1828,115.5,2449
2019-06-30,SATF,California Substance Abuse Treatment Facility,Male,5454,3424,159.3,5111
2019-06-30,SCC,Sierra Conservation Center,Male,3918,3936,99.5,4570
2019-06-30,SOL,"California State Prison, Solano",Male,4533,2610,173.7,3882
2019-06-30,SQ,San Quentin State Prison,Male,4243,3082,137.7,3984
2019-06-30,SVSP,Salinas Valley State Prison,Male,3148,2452,128.4,3409
2019-06-30,VSP,Valley State Prison,Male,2885,1980,145.7,2954
2019-06-30,WSP,Wasco State Prison,Male,5023,2984,168.3,4351
2019-06-30,CCWF,Central California Women's Facility,Female,2781,2004,138.8,2964
2019-06-30,CIW,California Institution for Women,Female,1798,1398,128.6,1877
2019-06-30,FOL,Folsom State Prison,Female,434,403,107.7,530
2019-06-30,SQ,San Quentin State Prison,Female,1,3082,0.0,3273
2019-07-31,ASP,Avenal State Prison,Male,3751,2920,128.5,4370
2019-07-31,CAL,Calipatria State Prison,Male,3474,2308,150.5,3333
2019-07-31,CCC,California Correctional Center,Male,3964,3883,102.1,4762
2019-07-31,CCI,California Correctional Institution,Male,3678,2783,132.2,4120
2019-07-31,CEN,Centinela State Prison,Male,3495,2308,151.4,3333
2019-07-31,CHCF,California Health Care Facility - Stockton,Male,2784,2951,94.3,2951
2019-07-31,CIM,California Institution for Men,Male,3644,2976,122.4,4186
2019-07-31,CMC,California Men's Colony,Male,3682,3838,95.9,4398
2019-07-31,CMF,California Medical Facility,Male,2556,2361,108.3,2847
2019-07-31,COR,"California State Prison, Corcoran",Male,3161,3116,101.4,4233
2019-07-31,CRC,California Rehabilitation Center,Male,2958,2491,118.7,3210
2019-07-31,CTF,Correctional Training Facility,Male,5414,3312,163.5,4887
2019-07-31,CVSP,Chuckawalla Valley State Prison,Male,2709,1738,155.9,2478
2019-07-31,DVI,Deuel Vocational Institution,Male,2169,1681,129.0,2353
2019-07-31,FOL,Folsom State Prison,Male,2994,2066,144.9,2895
2019-07-31,HDSP,High Desert State Prison,Male,3130,2324,134.7,3361
2019-07-31,ISP,Ironwood State Prison,Male,2681,2200,121.9,3200
2019-07-31,KVSP,Kern Valley State Prison,Male,3568,2448,145.8,3522
2019-07-31,LAC,"California State Prison, Los Angeles County",Male,3175,2300,138.0,3300
2019-07-31,MCSP,Mule Creek State Prison,Male,3970,3284,120.9,4009
2019-07-31,NKSP,North Kern State Prison,Male,4195,2694,155.7,3911
2019-07-31,PBSP,Pelican Bay State Prison,Male,2625,2380,110.3,3250
2019-07-31,PVSP,Pleasant Valley State Prison,Male,3332,2308,144.4,3333
2019-07-31,RJD,RJ Donovan Correctional Facility,Male,4099,2992,137.0,3942
2019-07-31,SAC,"California State Prison, Sacramento",Male,2126,1828,116.3,2449
2019-07-31,SATF,California Substance Abuse Treatment Facility,Male,5516,3424,161.1,5111
2019-07-31,SCC,Sierra Conservation Center,Male,4066,3936,103.3,4570
2019-07-31,SOL,"California State Prison, Solano",Male,4575,2610,175.3,3882
2019-07-31,SQ,San Quentin State Prison,Male,4329,3082,140.5,3984
2019-07-31,SVSP,Salinas Valley State Prison,Male,3143,2452,128.2,3409
2019-07-31,VSP,Valley State Prison,Male,2845,1980,143.7,2954
2019-07-31,WSP,Wasco State Prison,Male,4906,2984,164.4,4351
2019-07-31,CCWF,Central California Women's Facility,Female,2826,2004,141.0,2964
2019-07-31,CIW,California Institution for Women,Female,1752,1398,125.3,1877
2019-07-31,FOL,Folsom State Prison,Female,454,403,112.7,530
2019-07-31,SQ,San Quentin State Prison,Female,1,3082,0.0,3273
2019-08-31,ASP,Avenal State Prison,Male,3778,2920,129.4,4370
2019-08-31,CAL,Calipatria State Prison,Male,3449,2308,149.4,3333
2019-08-31,CCC,California Correctional Center,Male,3648,3883,93.9,4762
2019-08-31,CCI,California Correctional Institution,Male,3709,2783,133.3,4120
2019-08-31,CEN,Centinela State Prison,Male,3530,2308,152.9,3333
2019-08-31,CHCF,California Health Care Facility - Stockton,Male,2780,2951,94.2,2951
2019-08-31,CIM,California Institution for Men,Male,3633,2976,122.1,4186
2019-08-31,CMC,California Men's Colony,Male,3833,3838,99.9,4308
2019-08-31,CMF,California Medical Facility,Male,2571,2361,108.9,2847
2019-08-31,COR,"California State Prison, Corcoran",Male,3182,3116,102.1,4233
2019-08-31,CRC,California Rehabilitation Center,Male,3054,2491,122.6,3210
2019-08-31,CTF,Correctional Training Facility,Male,5329,3312,160.9,4887
2019-08-31,CVSP,Chuckawalla Valley State Prison,Male,2692,1738,154.9,2478
2019-08-31,DVI,Deuel Vocational Institution,Male,2336,1681,139.0,2353
2019-08-31,FOL,Folsom State Prison,Male,2953,2066,142.9,2895
2019-08-31,HDSP,High Desert State Prison,Male,3321,2324,142.9,3361
2019-08-31,ISP,Ironwood State Prison,Male,2740,2200,124.5,3200
2019-08-31,KVSP,Kern Valley State Prison,Male,3584,2448,146.4,3522
2019-08-31,LAC,"California State Prison, Los Angeles County",Male,3159,2300,137.3,3300
2019-08-31,MCSP,Mule Creek State Prison,Male,4008,3284,122.0,4009
2019-08-31,NKSP,North Kern State Prison,Male,4058,2694,150.6,3911
2019-08-31,PBSP,Pelican Bay State Prison,Male,2616,2380,109.9,3250
2019-08-31,PVSP,Pleasant Valley State Prison,Male,3233,2308,140.1,3333
2019-08-31,RJD,RJ Donovan Correctional Facility,Male,4071,2992,136.1,3942
2019-08-31,SAC,"California State Prison, Sacramento",Male,2135,1828,116.8,2449
2019-08-31,SATF,California Substance Abuse Treatment Facility,Male,5540,3424,161.8,5111
2019-08-31,SCC,Sierra Conservation Center,Male,4145,3936,105.3,4570
2019-08-31,SOL,"California State Prison, Solano",Male,4559,2610,174.7,3882
2019-08-31,SQ,San Quentin State Prison,Male,4193,3082,136.0,3984
2019-08-31,SVSP,Salinas Valley State Prison,Male,3051,2452,124.4,3409
2019-08-31,VSP,Valley State Prison,Male,2855,1980,144.2,2954
2019-08-31,WSP,Wasco State Prison,Male,4979,2984,166.9,4351
2019-08-31,CCWF,Central California Women's Facility,Female,2752,2004,137.3,2964
2019-08-31,CIW,California Institution for Women,Female,1701,1398,121.7,1877
2019-08-31,FOL,Folsom State Prison,Female,488,403,121.1,530
2019-08-31,SQ,San Quentin State Prison,Female,1,3082,0.0,3273
2019-09-30,ASP,Avenal State Prison,Male,3885,2920,133.0,4370
2019-09-30,CAL,Calipatria State Prison,Male,3442,2308,149.1,3333
2019-09-30,CCC,California Correctional Center,Male,3640,3883,93.7,4762
2019-09-30,CCI,California Correctional Institution,Male,3779,2783,135.8,4120
2019-09-30,CEN,Centinela State Prison,Male,3544,2308,153.6,3333
2019-09-30,CHCF,California Health Care Facility - Stockton,Male,2819,2951,95.5,2951
2019-09-30,CIM,California Institution for Men,Male,3605,2976,121.1,4186
2019-09-30,CMC,California Men's Colony,Male,3836,3838,99.9,4308
2019-09-30,CMF,California Medical Facility,Male,2626,2361,111.2,2847
2019-09-30,COR,"California State Prison, Corcoran",Male,3212,3116,103.1,4233
2019-09-30,CRC,California Rehabilitation Center,Male,3284,2491,131.8,3210
2019-09-30,CTF,Correctional Training Facility,Male,5273,3312,159.2,4887
2019-09-30,CVSP,Chuckawalla Valley State Prison,Male,2716,1738,156.3,2478
2019-09-30,DVI,Deuel Vocational Institution,Male,2511,1681,149.4,2353
2019-09-30,FOL,Folsom State Prison,Male,2875,2066,139.2,2895
2019-09-30,HDSP,High Desert State Prison,Male,3190,2324,137.3,3361
2019-09-30,ISP,Ironwood State Prison,Male,2738,2200,124.5,3200
2019-09-30,KVSP,Kern Valley State Prison,Male,3554,2448,145.2,3522
2019-09-30,LAC,"California State Prison, Los Angeles County",Male,3118,2300,135.6,3300
2019-09-30,MCSP,Mule Creek State Prison,Male,4009,3284,122.1,4009
2019-09-30,NKSP,North Kern State Prison,Male,4317,2694,160.2,3911
2019-09-30,PBSP,Pelican Bay State Prison,Male,2616,2380,109.9,3265
2019-09-30,PVSP,Pleasant Valley State Prison,Male,3143,2308,136.2,3333
2019-09-30,RJD,RJ Donovan Correctional Facility,Male,4015,2992,134.2,3942
2019-09-30,SAC,"California State Prison, Sacramento",Male,2131,1828,116.6,2449
2019-09-30,SATF,California Substance Abuse Treatment Facility,Male,5477,3424,160.0,5111
2019-09-30,SCC,Sierra Conservation Center,Male,4077,3936,103.6,4570
2019-09-30,SOL,"California State Prison, Solano",Male,4538,2610,173.9,3882
2019-09-30,SQ,San Quentin State Prison,Male,4234,3082,137.4,3984
2019-09-30,SVSP,Salinas Valley State Prison,Male,3015,2452,123.0,3409
2019-09-30,VSP,Valley State Prison,Male,2856,1980,144.2,2954
2019-09-30,WSP,Wasco State Prison,Male,4825,2984,161.7,4351
2019-09-30,CCWF,Central California Women's Facility,Female,2775,2004,138.5,2964
2019-09-30,CIW,California Institution for Women,Female,1684,1398,120.5,1877
2019-09-30,FOL,Folsom State Prison,Female,476,403,118.1,530
2019-09-30,SQ,San Quentin State Prison,Female,1,3082,0.0,3273
2019-10-31,ASP,Avenal State Prison,Male,3999,2920,137.0,4370
2019-10-31,CAL,Calipatria State Prison,Male,3384,2308,146.6,3333
2019-10-31,CCC,California Correctional Center,Male,3757,3883,96.8,4762
2019-10-31,CCI,California Correctional Institution,Male,3749,2783,134.7,4120
2019-10-31,CEN,Centinela State Prison,Male,3566,2308,154.5,3333
2019-10-31,CHCF,California Health Care Facility - Stockton,Male,2818,2951,95.5,2951
2019-10-31,CIM,California Institution for Men,Male,3680,2976,123.7,4186
2019-10-31,CMC,California Men's Colony,Male,3811,3838,99.3,4308
2019-10-31,CMF,California Medical Facility,Male,2587,2361,109.6,2847
2019-10-31,COR,"California State Prison, Corcoran",Male,3225,3116,103.5,4233
2019-10-31,CRC,California Rehabilitation Center,Male,3481,2491,139.7,3210
2019-10-31,CTF,Correctional Training Facility,Male,5215,3312,157.5,4887
2019-10-31,CVSP,Chuckawalla Valley State Prison,Male,2745,1738,157.9,2478
2019-10-31,DVI,Deuel Vocational Institution,Male,2268,1681,134.9,2353
2019-10-31,FOL,Folsom State Prison,Male,2890,2066,139.9,2895
2019-10-31,HDSP,High Desert State Prison,Male,3201,2324,137.7,3361
2019-10-31,ISP,Ironwood State Prison,Male,2839,2200,129.0,3200
2019-10-31,KVSP,Kern Valley State Prison,Male,3574,2448,146.0,3522
2019-10-31,LAC,"California State Prison, Los Angeles County",Male,3124,2300,135.8,3300
2019-10-31,MCSP,Mule Creek State Prison,Male,4051,3284,123.4,4009
2019-10-31,NKSP,North Kern State Prison,Male,4061,2694,150.7,3911
2019-10-31,PBSP,Pelican Bay State Prison,Male,2644,2380,111.1,3265
2019-10-31,PVSP,Pleasant Valley State Prison,Male,3150,2308,136.5,3333
2019-10-31,RJD,RJ Donovan Correctional Facility,Male,3946,2992,131.9,3942
2019-10-31,SAC,"California State Prison, Sacramento",Male,2152,1828,117.7,2449
2019-10-31,SATF,California Substance Abuse Treatment Facility,Male,5380,3424,157.1,5111
2019-10-31,SCC,Sierra Conservation Center,Male,4247,3936,107.9,4570
2019-10-31,SOL,"California State Prison, Solano",Male,4574,2610,175.2,3882
2019-10-31,SQ,San Quentin State Prison,Male,4182,3082,135.7,3984
2019-10-31,SVSP,Salinas Valley State Prison,Male,2931,2452,119.5,3409
2019-10-31,VSP,Valley State Prison,Male,2867,1980,144.8,2954
2019-10-31,WSP,Wasco State Prison,Male,4818,2984,161.5,4351
2019-10-31,CCWF,Central California Women's Facility,Female,2832,2004,141.3,2964
2019-10-31,CIW,California Institution for Women,Female,1690,1398,120.9,1877
2019-10-31,FOL,Folsom State Prison,Female,450,403,111.7,530
2019-10-31,SQ,San Quentin State Prison,Female,1,3082,0.0,3273
2019-11-30,ASP,Avenal State Prison,Male,3990,2920,136.6,4370
2019-11-30,CAL,Calipatria State Prison,Male,3292,2308,142.6,3333
2019-11-30,CCC,California Correctional Center,Male,3831,3883,98.7,4762
2019-11-30,CCI,California Correctional Institution,Male,3720,2783,133.7,4120
2019-11-30,CEN,Centinela State Prison,Male,3606,2308,156.2,3333
2019-11-30,CHCF,California Health Care Facility - Stockton,Male,2840,2951,96.2,2951
2019-11-30,CIM,California Institution for Men,Male,3656,2976,122.8,4186
2019-11-30,CMC,California Men's Colony,Male,3813,3838,99.3,4308
2019-11-30,CMF,California Medical Facility,Male,2548,2361,107.9,2847
2019-11-30,COR,"California State Prison, Corcoran",Male,3147,3116,101.0,4233
2019-11-30,CRC,California Rehabilitation Center,Male,3540,2491,142.1,3210
2019-11-30,CTF,Correctional Training Facility,Male,5194,3312,156.8,4887
2019-11-30,CVSP,Chuckawalla Valley State Prison,Male,2763,1738,159.0,2478
2019-11-30,DVI,Deuel Vocational Institution,Male,2209,1681,131.4,2353
2019-11-30,FOL,Folsom State Prison,Male,2838,2066,137.4,2897
2019-11-30,HDSP,High Desert State Prison,Male,3164,2324,136.1,3361
2019-11-30,ISP,Ironwood State Prison,Male,2844,2200,129.3,3200
2019-11-30,KVSP,Kern Valley State Prison,Male,3619,2448,147.8,3522
2019-11-30,LAC,"California State Prison, Los Angeles County",Male,3138,2300,136.4,3300
2019-11-30,MCSP,Mule Creek State Prison,Male,4027,3284,122.6,4009
2019-11-30,NKSP,North Kern State Prison,Male,4002,2694,148.6,3911
2019-11-30,PBSP,Pelican Bay State Prison,Male,2600,2380,109.2,3265
2019-11-30,PVSP,Pleasant Valley State Prison,Male,3159,2308,136.9,3333
2019-11-30,RJD,RJ Donovan Correctional Facility,Male,3925,2992,131.2,3942
2019-11-30,SAC,"California State Prison, Sacramento",Male,2214,1828,121.1,2449
2019-11-30,SATF,California Substance Abuse Treatment Facility,Male,5362,3424,156.6,5111
2019-11-30,SCC,Sierra Conservation Center,Male,4334,3836,113.0,4570
2019-11-30,SOL,"California State Prison, Solano",Male,4457,2610,170.8,3882
2019-11-30,SQ,San Quentin State Prison,Male,4216,3082,136.8,3984
2019-11-30,SVSP,Salinas Valley State Prison,Male,2963,2452,120.8,3409
2019-11-30,VSP,Valley State Prison,Male,2904,1980,146.7,2954
2019-11-30,WSP,Wasco State Prison,Male,4780,2984,160.2,4351
2019-11-30,CCWF,Central California Women's Facility,Female,2801,2004,139.8,2964
2019-11-30,CIW,California Institution for Women,Female,1672,1398,119.6,1877
2019-11-30,FOL,Folsom State Prison,Female,467,403,115.9,530
2019-11-30,SQ,San Quentin State Prison,Female,1,3082,0.0,3273
2019-12-31,ASP,Avenal State Prison,Male,4036,2920,138.2,4370
2019-12-31,CAL,Calipatria State Prison,Male,3189,2308,138.2,3333
2019-12-31,CCC,California Correctional Center,Male,3803,3883,97.9,4762
2019-12-31,CCI,California Correctional Institution,Male,3694,2783,132.7,4120
2019-12-31,CEN,Centinela State Prison,Male,3550,2308,153.8,3333
2019-12-31,CHCF,California Health Care Facility - Stockton,Male,2831,2951,95.9,2951
2019-12-31,CIM,California Institution for Men,Male,3646,2976,122.5,4186
2019-12-31,CMC,California Men's Colony,Male,3755,3838,97.8,4308
2019-12-31,CMF,California Medical Facility,Male,2554,2361,108.2,2847
2019-12-31,COR,"California State Prison, Corcoran",Male,3141,3116,100.8,4233
2019-12-31,CRC,California Rehabilitation Center,Male,3573,2491,143.4,3210
2019-12-31,CTF,Correctional Training Facility,Male,5095,3312,153.8,4887
2019-12-31,CVSP,Chuckawalla Valley State Prison,Male,2756,1738,158.6,2478
2019-12-31,DVI,Deuel Vocational Institution,Male,2142,1681,127.4,2353
2019-12-31,FOL,Folsom State Prison,Male,2839,2066,137.4,2897
2019-12-31,HDSP,High Desert State Prison,Male,3110,2324,133.8,3361
2019-12-31,ISP,Ironwood State Prison,Male,2840,2200,129.1,3200
2019-12-31,KVSP,Kern Valley State Prison,Male,3589,2448,146.6,3522
2019-12-31,LAC,"California State Prison, Los Angeles County",Male,3193,2300,138.8,3300
2019-12-31,MCSP,Mule Creek State Prison,Male,3989,3284,121.5,4009
2019-12-31,NKSP,North Kern State Prison,Male,4344,2694,161.2,3911
2019-12-31,PBSP,Pelican Bay State Prison,Male,2598,2380,109.2,3265
2019-12-31,PVSP,Pleasant Valley State Prison,Male,3159,2308,136.9,3333
2019-12-31,RJD,RJ Donovan Correctional Facility,Male,3874,2992,129.5,3942
2019-12-31,SAC,"California State Prison, Sacramento",Male,2270,1828,124.2,2449
2019-12-31,SATF,California Substance Abuse Treatment Facility,Male,5303,3424,154.9,5111
2019-12-31,SCC,Sierra Conservation Center,Male,4381,3836,114.2,4570
2019-12-31,SOL,"California State Prison, Solano",Male,4356,2610,166.9,3882
2019-12-31,SQ,San Quentin State Prison,Male,4161,3082,135.0,3984
2019-12-31,SVSP,Salinas Valley State Prison,Male,2946,2452,120.1,3409
2019-12-31,VSP,Valley State Prison,Male,2951,1980,149.0,2954
2019-12-31,WSP,Wasco State Prison,Male,4828,2984,161.8,4351
2019-12-31,CCWF,Central California Women's Facility,Female,2779,2004,138.7,2964
2019-12-31,CIW,California Institution for Women,Female,1681,1398,120.2,1877
2019-12-31,FOL,Folsom State Prison,Female,436,403,108.2,530
2019-12-31,SQ,San Quentin State Prison,Female,1,3082,0.0,3273
2020-01-31,ASP,Avenal State Prison,Male,4205,2920,144.0,4387
2020-01-31,CAL,Calipatria State Prison,Male,3113,2308,134.9,3451
2020-01-31,CCC,California Correctional Center,Male,4054,3883,104.4,4752
2020-01-31,CCI,California Correctional Institution,Male,3700,2783,133.0,4085
2020-01-31,CEN,Centinela State Prison,Male,3476,2308,150.6,3446
2020-01-31,CHCF,California Health Care Facility - Stockton,Male,2848,2951,96.5,2951
2020-01-31,CIM,California Institution for Men,Male,3627,2976,121.9,4226
2020-01-31,CMC,California Men's Colony,Male,3764,3838,98.1,4407
2020-01-31,CMF,California Medical Facility,Male,2507,2361,106.2,2861
2020-01-31,COR,"California State Prison, Corcoran",Male,3042,3116,97.6,4476
2020-01-31,CRC,California Rehabilitation Center,Male,3812,2491,153.0,3159
2020-01-31,CTF,Correctional Training Facility,Male,5064,3312,152.9,4887
2020-01-31,CVSP,Chuckawalla Valley State Prison,Male,2771,1738,159.4,2578
2020-01-31,DVI,Deuel Vocational Institution,Male,2053,1681,122.1,2413
2020-01-31,FOL,Folsom State Prison,Male,2872,2066,139.0,2986
2020-01-31,HDSP,High Desert State Prison,Male,3161,2324,136.0,3461
2020-01-31,ISP,Ironwood State Prison,Male,2898,2200,131.7,3300
2020-01-31,KVSP,Kern Valley State Prison,Male,3553,2448,145.1,3622
2020-01-31,LAC,"California State Prison, Los Angeles County",Male,3219,2300,140.0,3400
2020-01-31,MCSP,Mule Creek State Prison,Male,4007,3284,122.0,4105
2020-01-31,NKSP,North Kern State Prison,Male,4356,2694,161.7,4011
2020-01-31,PBSP,Pelican Bay State Prison,Male,2648,2380,111.3,3361
2020-01-31,PVSP,Pleasant Valley State Prison,Male,3131,2308,135.7,3433
2020-01-31,RJD,RJ Donovan Correctional Facility,Male,3845,2992,128.5,4038
2020-01-31,SAC,"California State Prison, Sacramento",Male,2354,1828,128.8,2545
2020-01-31,SATF,California Substance Abuse Treatment Facility,Male,5296,3424,154.7,5111
2020-01-31,SCC,Sierra Conservation Center,Male,4396,3836,114.6,4570
2020-01-31,SOL,"California State Prison, Solano",Male,4308,2610,165.1,3882
2020-01-31,SQ,San Quentin State Prison,Male,4033,3082,130.9,3984
2020-01-31,SVSP,Salinas Valley State Prison,Male,2921,2452,119.1,3509
2020-01-31,VSP,Valley State Prison,Male,3005,1980,151.8,2954
2020-01-31,WSP,Wasco State Prison,Male,4564,2984,152.9,4447
2020-01-31,CCWF,Central California Women's Facility,Female,2816,2004,140.5,2988
2020-01-31,CIW,California Institution for Women,Female,1620,1398,115.9,1877
2020-01-31,FOL,Folsom State Prison,Female,415,403,103.0,530
2020-02-29,ASP,Avenal State Prison,Male,4223,2920,144.6,4387
2020-02-29,CAL,Calipatria State Prison,Male,2977,2308,129.0,3451
2020-02-29,CCC,California Correctional Center,Male,4177,3883,107.6,4752
2020-02-29,CCI,California Correctional Institution,Male,3659,2783,131.5,4085
2020-02-29,CEN,Centinela State Prison,Male,3405,2308,147.5,3446
2020-02-29,CHCF,California Health Care Facility - Stockton,Male,2822,2951,95.6,2951
2020-02-29,CIM,California Institution for Men,Male,3552,2976,119.4,4226
2020-02-29,CMC,California Men's Colony,Male,3782,3838,98.5,4407
2020-02-29,CMF,California Medical Facility,Male,2485,2361,105.3,2861
2020-02-29,COR,"California State Prison, Corcoran",Male,2915,3116,93.5,4476
2020-02-29,CRC,California Rehabilitation Center,Male,3937,2491,158.0,3084
2020-02-29,CTF,Correctional Training Facility,Male,5073,3312,153.2,4887
2020-02-29,CVSP,Chuckawalla Valley State Prison,Male,2904,1738,167.1,2578
2020-02-29,DVI,Deuel Vocational Institution,Male,1994,1681,118.6,2190
2020-02-29,FOL,Folsom State Prison,Male,2871,2066,139.0,2986
2020-02-29,HDSP,High Desert State Prison,Male,3255,2324,140.1,3461
2020-02-29,ISP,Ironwood State Prison,Male,2925,2200,133.0,3300
2020-02-29,KVSP,Kern Valley State Prison,Male,3512,2448,143.5,3622
2020-02-29,LAC,"California State Prison, Los Angeles County",Male,3200,2300,139.1,3400
2020-02-29,MCSP,Mule Creek State Prison,Male,4003,3284,121.9,4105
2020-02-29,NKSP,North Kern State Prison,Male,4249,2694,157.7,4011
2020-02-29,PBSP,Pelican Bay State Prison,Male,2628,2380,110.4,3361
2020-02-29,PVSP,Pleasant Valley State Prison,Male,3203,2308,138.8,3433
2020-02-29,RJD,RJ Donovan Correctional Facility,Male,3893,2992,130.1,4038
2020-02-29,SAC,"California State Prison, Sacramento",Male,2425,1828,132.7,2545
2020-02-29,SATF,California Substance Abuse Treatment Facility,Male,5297,3424,154.7,5111
2020-02-29,SCC,Sierra Conservation Center,Male,4326,3836,112.8,4570
2020-02-29,SOL,"California State Prison, Solano",Male,4243,2610,162.6,3882
2020-02-29,SQ,San Quentin State Prison,Male,4051,3082,131.4,3984
2020-02-29,SVSP,Salinas Valley State Prison,Male,2957,2452,120.6,3509
2020-02-29,VSP,Valley State Prison,Male,2988,1980,150.9,2954
2020-02-29,WSP,Wasco State Prison,Male,4611,2984,154.5,4447
2020-02-29,CCWF,Central California Women's Facility,Female,2760,2004,137.7,2988
2020-02-29,CIW,California Institution for Women,Female,1635,1398,117.0,1877
2020-02-29,FOL,Folsom State Prison,Female,407,403,101.0,530
2020-03-31,ASP,Avenal State Prison,Male,4294,2920,147.1,4387
2020-03-31,CAL,Calipatria State Prison,Male,3055,2308,132.4,3451
2020-03-31,CCC,California Correctional Center,Male,4309,3883,111.0,4752
2020-03-31,CCI,California Correctional Institution,Male,3666,2783,131.7,4085
2020-03-31,CEN,Centinela State Prison,Male,3385,2308,146.7,3446
2020-03-31,CHCF,California Health Care Facility - Stockton,Male,2834,2951,96.0,2951
2020-03-31,CIM,California Institution for Men,Male,3515,2976,118.1,4226
2020-03-31,CMC,California Men's Colony,Male,3823,3838,99.6,4407
2020-03-31,CMF,California Medical Facility,Male,2475,2361,104.8,2861
2020-03-31,COR,"California State Prison, Corcoran",Male,2819,3116,90.5,4476
2020-03-31,CRC,California Rehabilitation Center,Male,4015,2491,161.2,3084
2020-03-31,CTF,Correctional Training Facility,Male,5096,3312,153.9,4887
2020-03-31,CVSP,Chuckawalla Valley State Prison,Male,2948,1738,169.6,2578
2020-03-31,DVI,Deuel Vocational Institution,Male,1910,1681,113.6,2190
2020-03-31,FOL,Folsom State Prison,Male,2818,2066,136.4,2986
2020-03-31,HDSP,High Desert State Prison,Male,3352,2324,144.2,3461
2020-03-31,ISP,Ironwood State Prison,Male,2819,2200,128.1,3300
2020-03-31,KVSP,Kern Valley State Prison,Male,3602,2448,147.1,3622
2020-03-31,LAC,"California State Prison, Los Angeles County",Male,3220,2300,140.0,3400
2020-03-31,MCSP,Mule Creek State Prison,Male,4003,3284,121.9,4105
2020-03-31,NKSP,North Kern State Prison,Male,3866,2694,143.5,4011
2020-03-31,PBSP,Pelican Bay State Prison,Male,2677,2380,112.5,3361
2020-03-31,PVSP,Pleasant Valley State Prison,Male,3169,2308,137.3,3433
2020-03-31,RJD,RJ Donovan Correctional Facility,Male,3873,2992,129.4,4038
2020-03-31,SAC,"California State Prison, Sacramento",Male,2417,1828,132.2,2545
2020-03-31,SATF,California Substance Abuse Treatment Facility,Male,5278,3424,154.1,5111
2020-03-31,SCC,Sierra Conservation Center,Male,4334,3836,113.0,4570
2020-03-31,SOL,"California State Prison, Solano",Male,4179,2610,160.1,3882
2020-03-31,SQ,San Quentin State Prison,Male,3988,3082,129.4,3984
2020-03-31,SVSP,Salinas Valley State Prison,Male,2930,2452,119.5,3509
2020-03-31,VSP,Valley State Prison,Male,3024,1980,152.7,2954
2020-03-31,WSP,Wasco State Prison,Male,4359,2984,146.1,4447
2020-03-31,CCWF,Central California Women's Facility,Female,2795,2004,139.5,2988
2020-03-31,CIW,California Institution for Women,Female,1650,1398,118.0,1877
2020-03-31,FOL,Folsom State Prison,Female,389,403,96.5,530
2020-04-30,ASP,Avenal State Prison,Male,4197,2920,143.7,4387
2020-04-30,CAL,Calipatria State Prison,Male,2935,2308,127.2,3451
2020-04-30,CCC,California Correctional Center,Male,4064,3883,104.7,4752
2020-04-30,CCI,California Correctional Institution,Male,3516,2783,126.3,4085
2020-04-30,CEN,Centinela State Prison,Male,3284,2308,142.3,3446
2020-04-30,CHCF,California Health Care Facility - Stockton,Male,2751,2951,93.2,2951
2020-04-30,CIM,California Institution for Men,Male,3357,2976,112.8,4350
2020-04-30,CMC,California Men's Colony,Male,3727,3838,97.1,4407
2020-04-30,CMF,California Medical Facility,Male,2396,2361,101.5,2861
2020-04-30,COR,"California State Prison, Corcoran",Male,3719,3116,119.4,4476
2020-04-30,CRC,California Rehabilitation Center,Male,3341,2491,134.1,3084
2020-04-30,CTF,Correctional Training Facility,Male,4801,3312,145.0,4941
2020-04-30,CVSP,Chuckawalla Valley State Prison,Male,2324,1738,133.7,2578
2020-04-30,DVI,Deuel Vocational Institution,Male,2047,1681,121.8,2413
2020-04-30,FOL,Folsom State Prison,Male,2694,2066,130.4,2986
2020-04-30,HDSP,High Desert State Prison,Male,3286,2324,141.4,3461
2020-04-30,ISP,Ironwood State Prison,Male,3203,2200,145.6,3300
2020-04-30,KVSP,Kern Valley State Prison,Male,3534,2448,144.4,3622
2020-04-30,LAC,"California State Prison, Los Angeles County",Male,3158,2300,137.3,3400
2020-04-30,MCSP,Mule Creek State Prison,Male,3948,3284,120.2,4207
2020-04-30,NKSP,North Kern State Prison,Male,3630,2694,134.7,4011
2020-04-30,PBSP,Pelican Bay State Prison,Male,2608,2380,109.6,3361
2020-04-30,PVSP,Pleasant Valley State Prison,Male,3062,2308,132.7,3535
2020-04-30,RJD,RJ Donovan Correctional Facility,Male,3806,2992,127.2,4038
2020-04-30,SAC,"California State Prison, Sacramento",Male,2363,1828,129.3,2545
2020-04-30,SATF,California Substance Abuse Treatment Facility,Male,4844,3424,141.5,5111
2020-04-30,SCC,Sierra Conservation Center,Male,4012,3836,104.6,4570
2020-04-30,SOL,"California State Prison, Solano",Male,3752,2610,143.8,4010
2020-04-30,SQ,San Quentin State Prison,Male,3776,3082,122.5,3984
2020-04-30,SVSP,Salinas Valley State Prison,Male,2877,2452,117.3,3509
2020-04-30,VSP,Valley State Prison,Male,2971,1980,150.1,2954
2020-04-30,WSP,Wasco State Prison,Male,4121,2984,138.1,4447
2020-04-30,CCWF,Central California Women's Facility,Female,2640,2004,131.7,2988
2020-04-30,CIW,California Institution for Women,Female,1553,1398,111.1,1877
2020-04-30,FOL,Folsom State Prison,Female,276,403,68.5,530
2020-05-31,ASP,Avenal State Prison,Male,4158,2920,142.4,4499
2020-05-31,CAL,Calipatria State Prison,Male,3084,2308,133.6,3451
2020-05-31,CCC,California Correctional Center,Male,4006,3883,103.2,4752
2020-05-31,CCI,California Correctional Institution,Male,3655,2783,131.3,4085
2020-05-31,CEN,Centinela State Prison,Male,3343,2308,144.8,3446
2020-05-31,CHCF,California Health Care Facility - Stockton,Male,2724,2951,92.3,2951
2020-05-31,CIM,California Institution for Men,Male,3098,2976,104.1,4350
2020-05-31,CMC,California Men's Colony,Male,3711,3838,96.7,4407
2020-05-31,CMF,California Medical Facility,Male,2378,2361,100.7,2861
2020-05-31,COR,"California State Prison, Corcoran",Male,3741,3116,120.1,4476
2020-05-31,CRC,California Rehabilitation Center,Male,3254,2491,130.6,3084
2020-05-31,CTF,Correctional Training Facility,Male,4817,3312,145.4,4941
2020-05-31,CVSP,Chuckawalla Valley State Prison,Male,2261,1738,130.1,2578
2020-05-31,DVI,Deuel Vocational Institution,Male,1898,1681,112.9,2413
2020-05-31,FOL,Folsom State Prison,Male,2819,2066,136.4,2986
2020-05-31,HDSP,High Desert State Prison,Male,3453,2324,148.6,3461
2020-05-31,ISP,Ironwood State Prison,Male,3251,2200,147.8,3300
2020-05-31,KVSP,Kern Valley State Prison,Male,3645,2448,148.9,3622
2020-05-31,LAC,"California State Prison, Los Angeles County",Male,3149,2300,136.9,3400
2020-05-31,MCSP,Mule Creek State Prison,Male,3990,3284,121.5,4207
2020-05-31,NKSP,North Kern State Prison,Male,2892,2694,107.3,4011
2020-05-31,PBSP,Pelican Bay State Prison,Male,2578,2380,108.3,3361
2020-05-31,PVSP,Pleasant Valley State Prison,Male,3233,2308,140.1,3535
2020-05-31,RJD,RJ Donovan Correctional Facility,Male,3792,2992,126.7,4038
2020-05-31,SAC,"California State Prison, Sacramento",Male,2346,1828,128.3,2545
2020-05-31,SATF,California Substance Abuse Treatment Facility,Male,4845,3424,141.5,5111
2020-05-31,SCC,Sierra Conservation Center,Male,4015,3836,104.7,4570
2020-05-31,SOL,"California State Prison, Solano",Male,3720,2610,142.5,4010
2020-05-31,SQ,San Quentin State Prison,Male,3626,3082,117.7,3984
2020-05-31,SVSP,Salinas Valley State Prison,Male,2904,2452,118.4,3509
2020-05-31,VSP,Valley State Prison,Male,3025,1980,152.8,2954
2020-05-31,WSP,Wasco State Prison,Male,3273,2984,109.7,4447
2020-05-31,CCWF,Central California Women's Facility,Female,2609,2004,130.2,2988
2020-05-31,CIW,California Institution for Women,Female,1518,1398,108.6,1877
2020-05-31,FOL,Folsom State Prison,Female,261,403,64.8,530
2020-06-30,ASP,Avenal State Prison,Male,4044,2920,138.5,4719
2020-06-30,CAL,Calipatria State Prison,Male,3113,2308,134.9,3451
2020-06-30,CCC,California Correctional Center,Male,3798,3883,97.8,4752
2020-06-30,CCI,California Correctional Institution,Male,3715,2783,133.5,4085
2020-06-30,CEN,Centinela State Prison,Male,3346,2308,145.0,3446
2020-06-30,CHCF,California Health Care Facility - Stockton,Male,2679,2951,90.8,3111
2020-06-30,CIM,California Institution for Men,Male,2956,2976,99.3,4350
2020-06-30,CMC,California Men's Colony,Male,3637,3838,94.8,4407
2020-06-30,CMF,California Medical Facility,Male,2354,2361,99.7,2861
2020-06-30,COR,"California State Prison, Corcoran",Male,3572,3116,114.6,4476
2020-06-30,CRC,California Rehabilitation Center,Male,3096,2491,124.3,3262
2020-06-30,CTF,Correctional Training Facility,Male,4860,3312,146.7,4941
2020-06-30,CVSP,Chuckawalla Valley State Prison,Male,2213,1738,127.3,2578
2020-06-30,DVI,Deuel Vocational Institution,Male,1675,1681,99.6,2413
2020-06-30,FOL,Folsom State Prison,Male,2839,2066,137.4,2986
2020-06-30,HDSP,High Desert State Prison,Male,3572,2324,153.7,3461
2020-06-30,ISP,Ironwood State Prison,Male,3205,2200,145.7,3300
2020-06-30,KVSP,Kern Valley State Prison,Male,3700,2448,151.1,3622
2020-06-30,LAC,"California State Prison, Los Angeles County",Male,3101,2300,134.8,3400
2020-06-30,MCSP,Mule Creek State Prison,Male,3992,3284,121.6,4207
2020-06-30,NKSP,North Kern State Prison,Male,2229,2694,82.7,4011
2020-06-30,PBSP,Pelican Bay State Prison,Male,2524,2380,106.1,3361
2020-06-30,PVSP,Pleasant Valley State Prison,Male,3200,2308,138.6,3535
2020-06-30,RJD,RJ Donovan Correctional Facility,Male,3804,2992,127.1,4038
2020-06-30,SAC,"California State Prison, Sacramento",Male,2363,1828,129.3,2545
2020-06-30,SATF,California Substance Abuse Treatment Facility,Male,4836,3424,141.2,5111
2020-06-30,SCC,Sierra Conservation Center,Male,4028,3836,105.0,4570
2020-06-30,SOL,"California State Prison, Solano",Male,3698,2610,141.7,4010
2020-06-30,SQ,San Quentin State Prison,Male,3462,3082,112.3,4044
2020-06-30,SVSP,Salinas Valley State Prison,Male,2896,2452,118.1,3509
2020-06-30,VSP,Valley State Prison,Male,3021,1980,152.6,2954
2020-06-30,WSP,Wasco State Prison,Male,2649,2984,88.8,4447
2020-06-30,CCWF,Central California Women's Facility,Female,2519,2004,125.7,2988
2020-06-30,CIW,California Institution for Women,Female,1477,1398,105.7,1877
2020-06-30,FOL,Folsom State Prison,Female,220,403,54.6,530
2020-07-31,ASP,Avenal State Prison,Male,3824,2920,131.0,4719
2020-07-31,CAL,Calipatria State Prison,Male,2955,2308,128.0,3451
2020-07-31,CCC,California Correctional Center,Male,3275,3883,84.3,4752
2020-07-31,CCI,California Correctional Institution,Male,3445,2783,123.8,4115
2020-07-31,CEN,Centinela State Prison,Male,3237,2308,140.3,3446
2020-07-31,CHCF,California Health Care Facility - Stockton,Male,2575,2951,87.3,3111
2020-07-31,CIM,California Institution for Men,Male,2557,2976,85.9,4450
2020-07-31,CMC,California Men's Colony,Male,3486,3838,90.8,4407
2020-07-31,CMF,California Medical Facility,Male,2207,2361,93.5,2981
2020-07-31,COR,"California State Prison, Corcoran",Male,3453,3116,110.8,4476
2020-07-31,CRC,California Rehabilitation Center,Male,2837,2491,113.9,3262
2020-07-31,CTF,Correctional Training Facility,Male,4630,3312,139.8,4941
2020-07-31,CVSP,Chuckawalla Valley State Prison,Male,2116,1738,121.7,2578
2020-07-31,DVI,Deuel Vocational Institution,Male,1517,1681,90.2,2413
2020-07-31,FOL,Folsom State Prison,Male,2499,2066,121.0,3026
2020-07-31,HDSP,High Desert State Prison,Male,3461,2324,148.9,3461
2020-07-31,ISP,Ironwood State Prison,Male,3058,2200,139.0,3300
2020-07-31,KVSP,Kern Valley State Prison,Male,3580,2448,146.2,3622
2020-07-31,LAC,"California State Prison, Los Angeles County",Male,3068,2300,133.4,3400
2020-07-31,MCSP,Mule Creek State Prison,Male,3917,3284,119.3,4207
2020-07-31,NKSP,North Kern State Prison,Male,1799,2694,66.8,4011
2020-07-31,PBSP,Pelican Bay State Prison,Male,2432,2380,102.2,3361
2020-07-31,PVSP,Pleasant Valley State Prison,Male,3016,2308,130.7,3535
2020-07-31,RJD,RJ Donovan Correctional Facility,Male,3645,2992,121.8,4038
2020-07-31,SAC,"California State Prison, Sacramento",Male,2316,1828,126.7,2545
2020-07-31,SATF,California Substance Abuse Treatment Facility,Male,4674,3424,136.5,5111
2020-07-31,SCC,Sierra Conservation Center,Male,3678,3836,95.9,4570
2020-07-31,SOL,"California State Prison, Solano",Male,3575,2610,137.0,4010
2020-07-31,SQ,San Quentin State Prison,Male,3158,3082,102.5,4636
2020-07-31,SVSP,Salinas Valley State Prison,Male,2817,2452,114.9,3509
2020-07-31,VSP,Valley State Prison,Male,2919,1980,147.4,2954
2020-07-31,WSP,Wasco State Prison,Male,2208,2984,74.0,4447
2020-07-31,CCWF,Central California Women's Facility,Female,2155,2004,107.5,2988
2020-07-31,CIW,California Institution for Women,Female,1296,1398,92.7,1877
2020-07-31,FOL,Folsom State Prison,Female,138,403,34.2,530
2020-08-31,ASP,Avenal State Prison,Male,3727,2920,127.6,4719
2020-08-31,CAL,Calipatria State Prison,Male,2893,2308,125.3,3451
2020-08-31,CCC,California Correctional Center,Male,2899,3883,74.7,4752
2020-08-31,CCI,California Correctional Institution,Male,3313,2783,119.0,4175
2020-08-31,CEN,Centinela State Prison,Male,3137,2308,135.9,3446
2020-08-31,CHCF,California Health Care Facility - Stockton,Male,2530,2951,85.7,3211
2020-08-31,CIM,California Institution for Men,Male,2448,2976,82.3,4450
2020-08-31,CMC,California Men's Colony,Male,3316,3838,86.4,4687
2020-08-31,CMF,California Medical Facility,Male,2148,2361,91.0,2981
2020-08-31,COR,"California State Prison, Corcoran",Male,3314,3116,106.4,4476
2020-08-31,CRC,California Rehabilitation Center,Male,2589,2491,103.9,3262
2020-08-31,CTF,Correctional Training Facility,Male,4441,3312,134.1,4997
2020-08-31,CVSP,Chuckawalla Valley State Prison,Male,2051,1738,118.0,2578
2020-08-31,DVI,Deuel Vocational Institution,Male,1504,1681,89.5,2413
2020-08-31,FOL,Folsom State Prison,Male,2408,2066,116.6,3282
2020-08-31,HDSP,High Desert State Prison,Male,3349,2324,144.1,3461
2020-08-31,ISP,Ironwood State Prison,Male,2940,2200,133.6,3300
2020-08-31,KVSP,Kern Valley State Prison,Male,3520,2448,143.8,3622
2020-08-31,LAC,"California State Prison, Los Angeles County",Male,3016,2300,131.1,3424
2020-08-31,MCSP,Mule Creek State Prison,Male,3824,3284,116.4,4207
2020-08-31,NKSP,North Kern State Prison,Male,1639,2694,60.8,4011
2020-08-31,PBSP,Pelican Bay State Prison,Male,2380,2380,100.0,3361
2020-08-31,PVSP,Pleasant Valley State Prison,Male,2876,2308,124.6,3535
2020-08-31,RJD,RJ Donovan Correctional Facility,Male,3616,2992,120.9,4038
2020-08-31,SAC,"California State Prison, Sacramento",Male,2250,1828,123.1,2545
2020-08-31,SATF,California Substance Abuse Treatment Facility,Male,4531,3424,132.3,5157
2020-08-31,SCC,Sierra Conservation Center,Male,3271,3836,85.3,4570
2020-08-31,SOL,"California State Prison, Solano",Male,3429,2610,131.4,4010
2020-08-31,SQ,San Quentin State Prison,Male,3062,3082,99.4,4422
2020-08-31,SVSP,Salinas Valley State Prison,Male,2754,2452,112.3,3509
2020-08-31,VSP,Valley State Prison,Male,2813,1980,142.1,2954
2020-08-31,WSP,Wasco State Prison,Male,1922,2984,64.4,4447
2020-08-31,CCWF,Central California Women's Facility,Female,2037,2004,101.6,2988
2020-08-31,CIW,California Institution for Women,Female,1212,1398,86.7,1877
2020-08-31,FOL,Folsom State Prison,Female,107,403,26.6,530
2020-09-30,ASP,Avenal State Prison,Male,3557,2920,121.8,4719
2020-09-30,CAL,Calipatria State Prison,Male,2898,2308,125.6,3451
2020-09-30,CCC,California Correctional Center,Male,2560,3883,65.9,4752
2020-09-30,CCI,California Correctional Institution,Male,3103,2783,111.5,4175
2020-09-30,CEN,Centinela State Prison,Male,3123,2308,135.3,3446
2020-09-30,CHCF,California Health Care Facility - Stockton,Male,2460,2951,83.4,3211
2020-09-30,CIM,California Institution for Men,Male,2295,2976,77.1,4450
2020-09-30,CMC,California Men's Colony,Male,3202,3838,83.4,4407
2020-09-30,CMF,California Medical Facility,Male,2077,2361,88.0,2981
2020-09-30,COR,"California State Prison, Corcoran",Male,3234,3116,103.8,4476
2020-09-30,CRC,California Rehabilitation Center,Male,2370,2491,95.1,3262
2020-09-30,CTF,Correctional Training Facility,Male,4369,3312,131.9,4997
2020-09-30,CVSP,Chuckawalla Valley State Prison,Male,1925,1738,110.8,2578
2020-09-30,DVI,Deuel Vocational Institution,Male,1577,1681,93.8,2413
2020-09-30,FOL,Folsom State Prison,Male,2258,2066,109.3,3858
2020-09-30,HDSP,High Desert State Prison,Male,3352,2324,144.2,3461
2020-09-30,ISP,Ironwood State Prison,Male,2920,2200,132.7,3300
2020-09-30,KVSP,Kern Valley State Prison,Male,3515,2448,143.6,3622
2020-09-30,LAC,"California State Prison, Los Angeles County",Male,2959,2300,128.7,3424
2020-09-30,MCSP,Mule Creek State Prison,Male,3785,3284,115.3,4207
2020-09-30,NKSP,North Kern State Prison,Male,1857,2694,68.9,4011
2020-09-30,PBSP,Pelican Bay State Prison,Male,2317,2380,97.4,3361
2020-09-30,PVSP,Pleasant Valley State Prison,Male,2841,2308,123.1,3535
2020-09-30,RJD,RJ Donovan Correctional Facility,Male,3566,2992,119.2,4038
2020-09-30,SAC,"California State Prison, Sacramento",Male,2243,1828,122.7,2545
2020-09-30,SATF,California Substance Abuse Treatment Facility,Male,4442,3424,129.7,5157
2020-09-30,SCC,Sierra Conservation Center,Male,3024,3836,78.8,4570
2020-09-30,SOL,"California State Prison, Solano",Male,3337,2610,127.9,4010
2020-09-30,SQ,San Quentin State Prison,Male,2930,3082,95.1,4491
2020-09-30,SVSP,Salinas Valley State Prison,Male,2759,2452,112.5,3509
2020-09-30,VSP,Valley State Prison,Male,2766,1980,139.7,2954
2020-09-30,WSP,Wasco State Prison,Male,1784,2984,59.8,4447
2020-09-30,CCWF,Central California Women's Facility,Female,1957,2004,97.7,3068
2020-09-30,CIW,California Institution for Women,Female,1173,1398,83.9,1877
2020-09-30,FOL,Folsom State Prison,Female,93,403,23.1,530
2020-10-31,ASP,Avenal State Prison,Male,3473,2920,118.9,4719
2020-10-31,CAL,Calipatria State Prison,Male,2987,2308,129.4,3451
2020-10-31,CCC,California Correctional Center,Male,2409,3883,62.0,4752
2020-10-31,CCI,California Correctional Institution,Male,3000,2783,107.8,4175
2020-10-31,CEN,Centinela State Prison,Male,3141,2308,136.1,3446
2020-10-31,CHCF,California Health Care Facility - Stockton,Male,2441,2951,82.7,3051
2020-10-31,CIM,California Institution for Men,Male,2178,2976,73.2,4450
2020-10-31,CMC,California Men's Colony,Male,3118,3838,81.2,4407
2020-10-31,CMF,California Medical Facility,Male,2044,2361,86.6,2981
2020-10-31,COR,"California State Prison, Corcoran",Male,2958,3116,94.9,4476
2020-10-31,CRC,California Rehabilitation Center,Male,2260,2491,90.7,3514
2020-10-31,CTF,Correctional Training Facility,Male,4390,3312,132.5,4997
2020-10-31,CVSP,Chuckawalla Valley State Prison,Male,1936,1738,111.4,2578
2020-10-31,DVI,Deuel Vocational Institution,Male,1476,1681,87.8,2413
2020-10-31,FOL,Folsom State Prison,Male,2189,2066,106.0,3078
2020-10-31,HDSP,High Desert State Prison,Male,3342,2324,143.8,3461
2020-10-31,ISP,Ironwood State Prison,Male,2892,2200,131.5,3300
2020-10-31,KVSP,Kern Valley State Prison,Male,3623,2448,148.0,3622
2020-10-31,LAC,"California State Prison, Los Angeles County",Male,2805,2300,122.0,3424
2020-10-31,MCSP,Mule Creek State Prison,Male,3890,3284,118.5,4207
2020-10-31,NKSP,North Kern State Prison,Male,2192,2694,81.4,4011
2020-10-31,PBSP,Pelican Bay State Prison,Male,2290,2380,96.2,3361
2020-10-31,PVSP,Pleasant Valley State Prison,Male,2833,2308,122.7,3535
2020-10-31,RJD,RJ Donovan Correctional Facility,Male,3608,2992,120.6,4038
2020-10-31,SAC,"California State Prison, Sacramento",Male,2246,1828,122.9,2545
2020-10-31,SATF,California Substance Abuse Treatment Facility,Male,4446,3424,129.8,5157
2020-10-31,SCC,Sierra Conservation Center,Male,3076,3836,80.2,4570
2020-10-31,SOL,"California State Prison, Solano",Male,3299,2610,126.4,4010
2020-10-31,SQ,San Quentin State Prison,Male,2851,3082,92.5,4226
2020-10-31,SVSP,Salinas Valley State Prison,Male,2799,2452,114.2,3509
2020-10-31,VSP,Valley State Prison,Male,2763,1980,139.5,3034
2020-10-31,WSP,Wasco State Prison,Male,2095,2984,70.2,4447
2020-10-31,CCWF,Central California Women's Facility,Female,1998,2004,99.7,3068
2020-10-31,CIW,California Institution for Women,Female,1135,1398,81.2,1877
2020-10-31,FOL,Folsom State Prison,Female,87,403,21.6,530
2020-11-30,ASP,Avenal State Prison,Male,3412,2920,116.8,4719
2020-11-30,CAL,Calipatria State Prison,Male,2963,2308,128.4,3451
2020-11-30,CCC,California Correctional Center,Male,2279,3883,58.7,4492
2020-11-30,CCI,California Correctional Institution,Male,2983,2783,107.2,4175
2020-11-30,CEN,Centinela State Prison,Male,3104,2308,134.5,3446
2020-11-30,CHCF,California Health Care Facility - Stockton,Male,2399,2951,81.3,3051
2020-11-30,CIM,California Institution for Men,Male,2072,2976,69.6,4450
2020-11-30,CMC,California Men's Colony,Male,3137,3838,81.7,4407
2020-11-30,CMF,California Medical Facility,Male,2046,2361,86.7,2981
2020-11-30,COR,"California State Prison, Corcoran",Male,2970,3116,95.3,4476
2020-11-30,CRC,California Rehabilitation Center,Male,2149,2491,86.3,3434
2020-11-30,CTF,Correctional Training Facility,Male,4344,3312,131.2,5049
2020-11-30,CVSP,Chuckawalla Valley State Prison,Male,1885,1738,108.5,2578
2020-11-30,DVI,Deuel Vocational Institution,Male,1379,1681,82.0,2413
2020-11-30,FOL,Folsom State Prison,Male,2107,2066,102.0,3078
2020-11-30,HDSP,High Desert State Prison,Male,3338,2324,143.6,3461
2020-11-30,ISP,Ironwood State Prison,Male,2824,2200,128.4,3300
2020-11-30,KVSP,Kern Valley State Prison,Male,3643,2448,148.8,3622
2020-11-30,LAC,"California State Prison, Los Angeles County",Male,2739,2300,119.1,3424
2020-11-30,MCSP,Mule Creek State Prison,Male,3914,3284,119.2,4207
2020-11-30,NKSP,North Kern State Prison,Male,2642,2694,98.1,4011
2020-11-30,PBSP,Pelican Bay State Prison,Male,2243,2380,94.2,3361
2020-11-30,PVSP,Pleasant Valley State Prison,Male,2795,2308,121.1,3535
2020-11-30,RJD,RJ Donovan Correctional Facility,Male,3605,2992,120.5,4038
2020-11-30,SAC,"California State Prison, Sacramento",Male,2249,1828,123.0,2545
2020-11-30,SATF,California Substance Abuse Treatment Facility,Male,4377,3424,127.8,5657
2020-11-30,SCC,Sierra Conservation Center,Male,3095,3836,80.7,4570
2020-11-30,SOL,"California State Prison, Solano",Male,3230,2610,123.8,4056
2020-11-30,SQ,San Quentin State Prison,Male,2734,3082,88.7,4226
2020-11-30,SVSP,Salinas Valley State Prison,Male,2819,2452,115.0,3509
2020-11-30,VSP,Valley State Prison,Male,2779,1980,140.4,3034
2020-11-30,WSP,Wasco State Prison,Male,2672,2984,89.5,4447
2020-11-30,CCWF,Central California Women's Facility,Female,2048,2004,102.2,3068
2020-11-30,CIW,California Institution for Women,Female,1092,1398,78.1,1877
2020-11-30,FOL,Folsom State Prison,Female,79,403,19.6,530
2020-12-31,ASP,Avenal State Prison,Male,3333,2920,114.1,4719
2020-12-31,CAL,Calipatria State Prison,Male,2926,2308,126.8,3451
2020-12-31,CCC,California Correctional Center,Male,2138,3883,55.1,4392
2020-12-31,CCI,California Correctional Institution,Male,2914,2783,104.7,4175
2020-12-31,CEN,Centinela State Prison,Male,3068,2308,132.9,3446
2020-12-31,CHCF,California Health Care Facility - Stockton,Male,2359,2951,79.9,3051
2020-12-31,CIM,California Institution for Men,Male,2026,2976,68.1,4450
2020-12-31,CMC,California Men's Colony,Male,3076,3838,80.1,4407
2020-12-31,CMF,California Medical Facility,Male,2008,2361,85.0,3021
2020-12-31,COR,"California State Prison, Corcoran",Male,2918,3116,93.6,4476
2020-12-31,CRC,California Rehabilitation Center,Male,2064,2491,82.9,3434
2020-12-31,CTF,Correctional Training Facility,Male,4241,3312,128.0,5311
2020-12-31,CVSP,Chuckawalla Valley State Prison,Male,1852,1738,106.6,2578
2020-12-31,DVI,Deuel Vocational Institution,Male,1332,1681,79.2,2413
2020-12-31,FOL,Folsom State Prison,Male,2060,2066,99.7,3078
2020-12-31,HDSP,High Desert State Prison,Male,3302,2324,142.1,3461
2020-12-31,ISP,Ironwood State Prison,Male,2773,2200,126.0,3300
2020-12-31,KVSP,Kern Valley State Prison,Male,3617,2448,147.8,3622
2020-12-31,LAC,"California State Prison, Los Angeles County",Male,2704,2300,117.6,3424
2020-12-31,MCSP,Mule Creek State Prison,Male,3859,3284,117.5,4455
2020-12-31,NKSP,North Kern State Prison,Male,2522,2694,93.6,4011
2020-12-31,PBSP,Pelican Bay State Prison,Male,2209,2380,92.8,3361
2020-12-31,PVSP,Pleasant Valley State Prison,Male,2753,2308,119.3,3535
2020-12-31,RJD,RJ Donovan Correctional Facility,Male,3561,2992,119.0,4182
2020-12-31,SAC,"California State Prison, Sacramento",Male,2227,1828,121.8,2545
2020-12-31,SATF,California Substance Abuse Treatment Facility,Male,4315,3424,126.0,5202
2020-12-31,SCC,Sierra Conservation Center,Male,2938,3836,76.6,4250
2020-12-31,SOL,"California State Prison, Solano",Male,3174,2610,121.6,4056
2020-12-31,SQ,San Quentin State Prison,Male,2659,3082,86.3,4226
2020-12-31,SVSP,Salinas Valley State Prison,Male,2802,2452,114.3,3509
2020-12-31,VSP,Valley State Prison,Male,2733,1980,138.0,3173
2020-12-31,WSP,Wasco State Prison,Male,2512,2984,84.2,4447
2020-12-31,CCWF,Central California Women's Facility,Female,1999,2004,99.8,3068
2020-12-31,CIW,California Institution for Women,Female,1068,1398,76.4,1777
2020-12-31,FOL,Folsom State Prison,Female,74,403,18.4,530
2021-01-31,ASP,Avenal State Prison,Male,3286,2920,112.5,4719
2021-01-31,CAL,Calipatria State Prison,Male,2916,2308,126.3,3451
2021-01-31,CCC,California Correctional Center,Male,2099,3443,61.0,4392
2021-01-31,CCI,California Correctional Institution,Male,2929,2783,105.2,4175
2021-01-31,CCWF,Central California Women's Facility,Male,5,2004,0.2,1536
2021-01-31,CEN,Centinela State Prison,Male,3080,2308,133.4,3446
2021-01-31,CHCF,California Health Care Facility - Stockton,Male,2379,2951,80.6,3051
2021-01-31,CIM,California Institution for Men,Male,1956,2976,65.7,4450
2021-01-31,CMC,California Men's Colony,Male,3023,3838,78.8,4445
2021-01-31,CMF,California Medical Facility,Male,1963,2361,83.1,3021
2021-01-31,COR,"California State Prison, Corcoran",Male,2917,3116,93.6,4476
2021-01-31,CRC,California Rehabilitation Center,Male,1976,2491,79.3,3274
2021-01-31,CTF,Correctional Training Facility,Male,4200,3312,126.8,5311
2021-01-31,CVSP,Chuckawalla Valley State Prison,Male,1855,1738,106.7,2578
2021-01-31,DVI,Deuel Vocational Institution,Male,1258,1681,74.8,2413
2021-01-31,FOL,Folsom State Prison,Male,2011,2066,97.3,3078
2021-01-31,HDSP,High Desert State Prison,Male,3295,2324,141.8,3461
2021-01-31,ISP,Ironwood State Prison,Male,2741,2200,124.6,3300
2021-01-31,KVSP,Kern Valley State Prison,Male,3629,2448,148.2,3622
2021-01-31,LAC,"California State Prison, Los Angeles County",Male,2680,2300,116.5,3424
2021-01-31,MCSP,Mule Creek State Prison,Male,3850,3284,117.2,4455
2021-01-31,NKSP,North Kern State Prison,Male,2306,2694,85.6,4011
2021-01-31,PBSP,Pelican Bay State Prison,Male,2191,2380,92.1,3361
2021-01-31,PVSP,Pleasant Valley State Prison,Male,2743,2308,118.8,3535
2021-01-31,RJD,RJ Donovan Correctional Facility,Male,3514,2992,117.4,4182
2021-01-31,SAC,"California State Prison, Sacramento",Male,2233,1828,122.2,2545
2021-01-31,SATF,California Substance Abuse Treatment Facility,Male,4321,3424,126.2,5202
2021-01-31,SCC,Sierra Conservation Center,Male,2865,3486,82.2,4250
2021-01-31,SOL,"California State Prison, Solano",Male,3165,2610,121.3,4056
2021-01-31,SQ,San Quentin State Prison,Male,2614,3082,84.8,4157
2021-01-31,SVSP,Salinas Valley State Prison,Male,2885,2452,117.7,3509
2021-01-31,VSP,Valley State Prison,Male,2661,1980,134.4,3069
2021-01-31,WSP,Wasco State Prison,Male,2345,2984,78.6,4447
2021-01-31,CCWF,Central California Women's Facility,Female,1991,2004,99.4,3068
2021-01-31,CIW,California Institution for Women,Female,1042,1298,80.3,1777
2021-01-31,CMF,California Medical Facility,Female,2,2361,0.1,2562
2021-01-31,FOL,Folsom State Prison,Female,65,403,16.1,530
2021-01-31,HDSP,High Desert State Prison,Female,1,2324,0.0,750
2021-01-31,MCSP,Mule Creek State Prison,Female,1,3284,0.0,800
2021-01-31,SATF,California Substance Abuse Treatment Facility,Female,2,3424,0.1,837
2021-02-28,ASP,Avenal State Prison,Male,3232,2920,110.7,4719
2021-02-28,CAL,Calipatria State Prison,Male,2938,2308,127.3,3451
2021-02-28,CCC,California Correctional Center,Male,2093,3443,60.8,4392
2021-02-28,CCI,California Correctional Institution,Male,2912,2783,104.6,4175
2021-02-28,CCWF,Central California Women's Facility,Male,4,2004,0.2,1420
2021-02-28,CEN,Centinela State Prison,Male,3056,2308,132.4,3446
2021-02-28,CHCF,California Health Care Facility - Stockton,Male,2435,2951,82.5,3051
2021-02-28,CIM,California Institution for Men,Male,1905,2976,64.0,4450
2021-02-28,CMC,California Men's Colony,Male,3004,3838,78.3,4445
2021-02-28,CMF,California Medical Facility,Male,1916,2361,81.2,2921
2021-02-28,COR,"California State Prison, Corcoran",Male,2962,3116,95.1,4476
2021-02-28,CRC,California Rehabilitation Center,Male,1881,2491,75.5,3274
2021-02-28,CTF,Correctional Training Facility,Male,4260,3312,128.6,5103
2021-02-28,CVSP,Chuckawalla Valley State Prison,Male,1862,1738,107.1,2578
2021-02-28,DVI,Deuel Vocational Institution,Male,1159,1681,68.9,2181
2021-02-28,FOL,Folsom State Prison,Male,1963,2066,95.0,3078
2021-02-28,HDSP,High Desert State Prison,Male,3290,2324,141.6,3461
2021-02-28,ISP,Ironwood State Prison,Male,2702,2200,122.8,3300
2021-02-28,KVSP,Kern Valley State Prison,Male,3630,2448,148.3,3622
2021-02-28,LAC,"California State Prison, Los Angeles County",Male,2663,2300,115.8,3424
2021-02-28,MCSP,Mule Creek State Prison,Male,3861,3284,117.6,4255
2021-02-28,NKSP,North Kern State Prison,Male,2596,2694,96.4,4011
2021-02-28,PBSP,Pelican Bay State Prison,Male,2182,2380,91.7,3361
2021-02-28,PVSP,Pleasant Valley State Prison,Male,2695,2308,116.8,3535
2021-02-28,RJD,RJ Donovan Correctional Facility,Male,3502,2992,117.0,4182
2021-02-28,SAC,"California State Prison, Sacramento",Male,2233,1828,122.2,2545
2021-02-28,SATF,California Substance Abuse Treatment Facility,Male,4444,3424,129.8,5202
2021-02-28,SCC,Sierra Conservation Center,Male,2926,3486,83.9,4056
2021-02-28,SOL,"California State Prison, Solano",Male,3135,2610,120.1,4056
2021-02-28,SQ,San Quentin State Prison,Male,2530,3082,82.1,4157
2021-02-28,SVSP,Salinas Valley State Prison,Male,2976,2452,121.4,3509
2021-02-28,VSP,Valley State Prison,Male,2753,1980,139.0,3034
2021-02-28,WSP,Wasco State Prison,Male,2480,2984,83.1,4447
2021-02-28,CCWF,Central California Women's Facility,Female,2037,2004,101.6,3068
2021-02-28,CIW,California Institution for Women,Female,1007,1298,77.6,1777
2021-02-28,FOL,Folsom State Prison,Female,54,403,13.4,530
2021-02-28,LAC,"California State Prison, Los Angeles County",Female,1,2300,0.0,725
2021-03-31,ASP,Avenal State Prison,Male,3134,2920,107.3,4719
2021-03-31,CAL,Calipatria State Prison,Male,2965,2308,128.5,3451
2021-03-31,CCC,California Correctional Center,Male,2090,3443,60.7,4392
2021-03-31,CCI,California Correctional Institution,Male,2898,2783,104.1,4175
2021-03-31,CCWF,Central California Women's Facility,Male,3,2004,0.1,1420
2021-03-31,CEN,Centinela State Prison,Male,3056,2308,132.4,3446
2021-03-31,CHCF,California Health Care Facility - Stockton,Male,2447,2951,82.9,3051
2021-03-31,CIM,California Institution for Men,Male,1858,2976,62.4,4450
2021-03-31,CMC,California Men's Colony,Male,2980,3838,77.6,4445
2021-03-31,CMF,California Medical Facility,Male,1924,2361,81.5,2921
2021-03-31,COR,"California State Prison, Corcoran",Male,3011,3116,96.6,4476
2021-03-31,CRC,California Rehabilitation Center,Male,1813,2491,72.8,3274
2021-03-31,CTF,Correctional Training Facility,Male,4341,3312,131.1,4929
2021-03-31,CVSP,Chuckawalla Valley State Prison,Male,1914,1738,110.1,2578
2021-03-31,DVI,Deuel Vocational Institution,Male,925,1681,55.0,2181
2021-03-31,FOL,Folsom State Prison,Male,1929,2066,93.4,3078
2021-03-31,HDSP,High Desert State Prison,Male,3293,2324,141.7,3461
2021-03-31,ISP,Ironwood State Prison,Male,2643,2200,120.1,3300
2021-03-31,KVSP,Kern Valley State Prison,Male,3637,2448,148.6,3622
2021-03-31,LAC,"California State Prison, Los Angeles County",Male,2665,2300,115.9,3424
2021-03-31,MCSP,Mule Creek State Prison,Male,3886,3284,118.3,4255
2021-03-31,NKSP,North Kern State Prison,Male,2957,2694,109.8,4011
2021-03-31,PBSP,Pelican Bay State Prison,Male,2154,2380,90.5,3361
2021-03-31,PVSP,Pleasant Valley State Prison,Male,2680,2308,116.1,3535
2021-03-31,RJD,RJ Donovan Correctional Facility,Male,3463,2992,115.7,4182
2021-03-31,SAC,"California State Prison, Sacramento",Male,2232,1828,122.1,2545
2021-03-31,SATF,California Substance Abuse Treatment Facility,Male,4511,3424,131.7,5202
2021-03-31,SCC,Sierra Conservation Center,Male,2915,3486,83.6,4250
2021-03-31,SOL,"California State Prison, Solano",Male,3090,2610,118.4,4056
2021-03-31,SQ,San Quentin State Prison,Male,2460,3082,79.8,4157
2021-03-31,SVSP,Salinas Valley State Prison,Male,3038,2452,123.9,3509
2021-03-31,VSP,Valley State Prison,Male,2761,1980,139.4,3034
2021-03-31,WSP,Wasco State Prison,Male,3026,2984,101.4,4447
2021-03-31,CCWF,Central California Women's Facility,Female,2169,2004,108.2,3068
2021-03-31,CIW,California Institution for Women,Female,990,1298,76.3,1777
2021-03-31,FOL,Folsom State Prison,Female,45,403,11.2,530
2021-04-30,ASP,Avenal State Prison,Male,3119,2920,106.8,4719
2021-04-30,CAL,Calipatria State Prison,Male,2935,2308,127.2,3451
2021-04-30,CCC,California Correctional Center,Male,2181,3443,63.3,4392
2021-04-30,CCI,California Correctional Institution,Male,2957,2783,106.3,4175
2021-04-30,CCWF,Central California Women's Facility,Male,7,2004,0.3,1420
2021-04-30,CEN,Centinela State Prison,Male,3037,2308,131.6,3446
2021-04-30,CHCF,California Health Care Facility - Stockton,Male,2455,2951,83.2,3051
2021-04-30,CIM,California Institution for Men,Male,1947,2976,65.4,4350
2021-04-30,CMC,California Men's Colony,Male,3006,3838,78.3,4407
2021-04-30,CMF,California Medical Facility,Male,1963,2361,83.1,2921
2021-04-30,COR,"California State Prison, Corcoran",Male,3079,3116,98.8,4476
2021-04-30,CRC,California Rehabilitation Center,Male,1896,2491,76.1,3274
2021-04-30,CTF,Correctional Training Facility,Male,4552,3312,137.4,4929
2021-04-30,CVSP,Chuckawalla Valley State Prison,Male,1911,1738,110.0,2578
2021-04-30,DVI,Deuel Vocational Institution,Male,561,1681,33.4,2181
2021-04-30,FOL,Folsom State Prison,Male,1950,2066,94.4,3078
2021-04-30,HDSP,High Desert State Prison,Male,3303,2324,142.1,3461
2021-04-30,ISP,Ironwood State Prison,Male,2634,2200,119.7,3300
2021-04-30,KVSP,Kern Valley State Prison,Male,3584,2448,146.4,3622
2021-04-30,LAC,"California State Prison, Los Angeles County",Male,2721,2300,118.3,3424
2021-04-30,MCSP,Mule Creek State Prison,Male,3896,3284,118.6,4255
2021-04-30,NKSP,North Kern State Prison,Male,3061,2694,113.6,4011
2021-04-30,PBSP,Pelican Bay State Prison,Male,2135,2380,89.7,3361
2021-04-30,PVSP,Pleasant Valley State Prison,Male,2742,2308,118.8,3535
2021-04-30,RJD,RJ Donovan Correctional Facility,Male,3403,2992,113.7,4182
2021-04-30,SAC,"California State Prison, Sacramento",Male,2217,1828,121.3,2545
2021-04-30,SATF,California Substance Abuse Treatment Facility,Male,4653,3424,135.9,5202
2021-04-30,SCC,Sierra Conservation Center,Male,2883,3486,82.7,4250
2021-04-30,SOL,"California State Prison, Solano",Male,3220,2610,123.4,4056
2021-04-30,SQ,San Quentin State Prison,Male,2387,3082,77.4,4157
2021-04-30,SVSP,Salinas Valley State Prison,Male,3048,2452,124.3,3509
2021-04-30,VSP,Valley State Prison,Male,2884,1980,145.7,3034
2021-04-30,WSP,Wasco State Prison,Male,2980,2984,99.9,4447
2021-04-30,CCWF,Central California Women's Facility,Female,2351,2004,117.3,3068
2021-04-30,CIW,California Institution for Women,Female,973,1298,75.0,1777
2021-04-30,FOL,Folsom State Prison,Female,54,403,13.4,530
2021-05-31,ASP,Avenal State Prison,Male,3167,2920,108.5,4719
2021-05-31,CAL,Calipatria State Prison,Male,2939,2308,127.3,3451
2021-05-31,CCC,California Correctional Center,Male,2294,3443,66.6,4392
2021-05-31,CCI,California Correctional Institution,Male,2952,2783,106.1,4175
2021-05-31,CCWF,Central California Women's Facility,Male,14,2004,0.7,2172
2021-05-31,CEN,Centinela State Prison,Male,2981,2308,129.2,3446
2021-05-31,CHCF,California Health Care Facility - Stockton,Male,2488,2951,84.3,3051
2021-05-31,CIM,California Institution for Men,Male,2090,2976,70.2,4350
2021-05-31,CMC,California Men's Colony,Male,3079,3838,80.2,4407
2021-05-31,CMF,California Medical Facility,Male,2007,2361,85.0,2921
2021-05-31,COR,"California State Prison, Corcoran",Male,3136,3116,100.6,4476
2021-05-31,CRC,California Rehabilitation Center,Male,2032,2491,81.6,3274
2021-05-31,CTF,Correctional Training Facility,Male,4629,3312,139.8,4929
2021-05-31,CVSP,Chuckawalla Valley State Prison,Male,1982,1738,114.0,2579
2021-05-31,DVI,Deuel Vocational Institution,Male,433,1681,25.8,2181
2021-05-31,FOL,Folsom State Prison,Male,2006,2066,97.1,3078
2021-05-31,HDSP,High Desert State Prison,Male,3262,2324,140.4,3461
2021-05-31,ISP,Ironwood State Prison,Male,2589,2200,117.7,3300
2021-05-31,KVSP,Kern Valley State Prison,Male,3497,2448,142.9,3622
2021-05-31,LAC,"California State Prison, Los Angeles County",Male,2753,2300,119.7,3424
2021-05-31,MCSP,Mule Creek State Prison,Male,3911,3284,119.1,4255
2021-05-31,NKSP,North Kern State Prison,Male,3414,2694,126.7,4011
2021-05-31,PBSP,Pelican Bay State Prison,Male,2091,2380,87.9,3361
2021-05-31,PVSP,Pleasant Valley State Prison,Male,2670,2308,115.7,3535
2021-05-31,RJD,RJ Donovan Correctional Facility,Male,3366,2992,112.5,4182
2021-05-31,SAC,"California State Prison, Sacramento",Male,2197,1828,120.2,2545
2021-05-31,SATF,California Substance Abuse Treatment Facility,Male,4790,3424,139.9,5202
2021-05-31,SCC,Sierra Conservation Center,Male,3019,3486,86.6,4250
2021-05-31,SOL,"California State Prison, Solano",Male,3257,2610,124.8,4056
2021-05-31,SQ,San Quentin State Prison,Male,2419,3082,78.5,4157
2021-05-31,SVSP,Salinas Valley State Prison,Male,3021,2452,123.2,3509
2021-05-31,VSP,Valley State Prison,Male,2946,1980,148.8,3034
2021-05-31,WSP,Wasco State Prison,Male,3153,2984,105.7,4447
2021-05-31,CCWF,Central California Women's Facility,Female,2389,2004,119.2,3068
2021-05-31,CIW,California Institution for Women,Female,983,1298,75.7,1777
2021-05-31,FOL,Folsom State Prison,Female,147,403,36.5,530
2021-06-30,ASP,Avenal State Prison,Male,3376,2920,115.6,4719
2021-06-30,CAL,Calipatria State Prison,Male,2915,2308,126.3,3451
2021-06-30,CCC,California Correctional Center,Male,2373,3443,68.9,4392
2021-06-30,CCI,California Correctional Institution,Male,2985,2783,107.3,4175
2021-06-30,CCWF,Central California Women's Facility,Male,15,2004,0.7,2172
2021-06-30,CEN,Centinela State Prison,Male,2787,2308,120.8,3446
2021-06-30,CHCF,California Health Care Facility - Stockton,Male,2482,2951,84.1,2951
2021-06-30,CIM,California Institution for Men,Male,2312,2976,77.7,4350
2021-06-30,CIW,California Institution for Women,Male,6,1298,0.5,1494
2021-06-30,CMC,California Men's Colony,Male,3067,3838,79.9,4407
2021-06-30,CMF,California Medical Facility,Male,1987,2361,84.2,2921
2021-06-30,COR,"California State Prison, Corcoran",Male,3259,3116,104.6,4476
2021-06-30,CRC,California Rehabilitation Center,Male,2240,2491,89.9,3274
2021-06-30,CTF,Correctional Training Facility,Male,4715,3312,142.4,4929
2021-06-30,CVSP,Chuckawalla Valley State Prison,Male,2136,1738,122.9,2579
2021-06-30,DVI,Deuel Vocational Institution,Male,190,1681,11.3,2181
2021-06-30,FOL,Folsom State Prison,Male,2184,2066,105.7,3148
2021-06-30,HDSP,High Desert State Prison,Male,3285,2324,141.4,3461
2021-06-30,ISP,Ironwood State Prison,Male,2569,2200,116.8,3300
2021-06-30,KVSP,Kern Valley State Prison,Male,3447,2448,140.8,3622
2021-06-30,LAC,"California State Prison, Los Angeles County",Male,2729,2300,118.7,3424
2021-06-30,MCSP,Mule Creek State Prison,Male,3903,3284,118.8,4255
2021-06-30,NKSP,North Kern State Prison,Male,3412,2694,126.7,4011
2021-06-30,PBSP,Pelican Bay State Prison,Male,2112,2380,88.7,3361
2021-06-30,PVSP,Pleasant Valley State Prison,Male,2646,2308,114.6,3535
2021-06-30,RJD,RJ Donovan Correctional Facility,Male,3329,2992,111.3,4182
2021-06-30,SAC,"California State Prison, Sacramento",Male,2135,1828,116.8,2545
2021-06-30,SATF,California Substance Abuse Treatment Facility,Male,4969,3424,145.1,5202
2021-06-30,SCC,Sierra Conservation Center,Male,3200,3486,91.8,4250
2021-06-30,SOL,"California State Prison, Solano",Male,3231,2610,123.8,4056
2021-06-30,SQ,San Quentin State Prison,Male,2483,3082,80.6,4092
2021-06-30,SVSP,Salinas Valley State Prison,Male,3009,2452,122.7,3509
2021-06-30,VSP,Valley State Prison,Male,2938,1980,148.4,3034
2021-06-30,WSP,Wasco State Prison,Male,3275,2984,109.8,4447
2021-06-30,CCWF,Central California Women's Facility,Female,2399,2004,119.7,3068
2021-06-30,CIW,California Institution for Women,Female,990,1298,76.3,1777
2021-06-30,FOL,Folsom State Prison,Female,214,403,53.1,530
2021-07-31,ASP,Avenal State Prison,Male,3396,2909,116.7,4387
2021-07-31,CAL,Calipatria State Prison,Male,2907,2308,126.0,3451
2021-07-31,CCC,California Correctional Center,Male,2238,3377,66.3,3427
2021-07-31,CCI,California Correctional Institution,Male,2842,2739,103.8,4145
2021-07-31,CCWF,Central California Women's Facility,Male,14,1990,0.7,2940
2021-07-31,CEN,Centinela State Prison,Male,2868,2308,124.3,3446
2021-07-31,CHCF,California Health Care Facility - Stockton,Male,2437,2953,82.5,2951
2021-07-31,CIM,California Institution for Men,Male,2392,2736,87.4,4226
2021-07-31,CIW,California Institution for Women,Male,7,1281,0.5,1494
2021-07-31,CMC,California Men's Colony,Male,3020,3816,79.1,4407
2021-07-31,CMF,California Medical Facility,Male,2008,2318,86.6,2921
2021-07-31,COR,"California State Prison, Corcoran",Male,3241,3115,104.0,4476
2021-07-31,CRC,California Rehabilitation Center,Male,2394,2380,100.6,3174
2021-07-31,CTF,Correctional Training Facility,Male,4645,3300,140.8,4929
2021-07-31,CVSP,Chuckawalla Valley State Prison,Male,2182,1738,125.5,2579
2021-07-31,FOL,Folsom State Prison,Male,2265,2065,109.7,3148
2021-07-31,HDSP,High Desert State Prison,Male,3222,2324,138.6,3461
2021-07-31,ISP,Ironwood State Prison,Male,2435,2200,110.7,3300
2021-07-31,KVSP,Kern Valley State Prison,Male,3426,2448,140.0,3622
2021-07-31,LAC,"California State Prison, Los Angeles County",Male,2696,2300,117.2,3400
2021-07-31,MCSP,Mule Creek State Prison,Male,3878,3284,118.1,4155
2021-07-31,NKSP,North Kern State Prison,Male,3708,2694,137.6,4011
2021-07-31,PBSP,Pelican Bay State Prison,Male,2127,2380,89.4,3361
2021-07-31,PVSP,Pleasant Valley State Prison,Male,2646,2308,114.6,3433
2021-07-31,RJD,RJ Donovan Correctional Facility,Male,3300,2992,110.3,4182
2021-07-31,SAC,"California State Prison, Sacramento",Male,2077,1828,113.6,2545
2021-07-31,SATF,California Substance Abuse Treatment Facility,Male,5058,3424,147.7,5111
2021-07-31,SCC,Sierra Conservation Center,Male,3314,3404,97.4,4250
2021-07-31,SOL,"California State Prison, Solano",Male,3261,2594,125.7,4056
2021-07-31,SQ,San Quentin State Prison,Male,2549,3084,82.7,3984
2021-07-31,SVSP,Salinas Valley State Prison,Male,3006,2452,122.6,3509
2021-07-31,VSP,Valley State Prison,Male,2956,1961,150.7,2954
2021-07-31,WSP,Wasco State Prison,Male,3717,2984,124.6,4447
2021-07-31,CCWF,Central California Women's Facility,Female,2351,1990,118.1,3068
2021-07-31,CIW,California Institution for Women,Female,982,1281,76.7,1777
2021-07-31,FOL,Folsom State Prison,Female,244,403,60.5,530
2021-08-31,ASP,Avenal State Prison,Male,3550,2909,122.0,4387
2021-08-31,CAL,Calipatria State Prison,Male,2870,2308,124.4,3451
2021-08-31,CCC,California Correctional Center,Male,2097,3377,62.1,3487
2021-08-31,CCI,California Correctional Institution,Male,2786,2739,101.7,4145
2021-08-31,CCWF,Central California Women's Facility,Male,14,1990,0.7,2940
2021-08-31,CEN,Centinela State Prison,Male,2939,2308,127.3,3446
2021-08-31,CHCF,California Health Care Facility - Stockton,Male,2417,2953,81.8,2951
2021-08-31,CIM,California Institution for Men,Male,2484,2736,90.8,4226
2021-08-31,CIW,California Institution for Women,Male,5,1281,0.4,1494
2021-08-31,CMC,California Men's Colony,Male,3089,3816,80.9,4407
2021-08-31,CMF,California Medical Facility,Male,2018,2318,87.1,2921
2021-08-31,COR,"California State Prison, Corcoran",Male,3380,3115,108.5,4476
2021-08-31,CRC,California Rehabilitation Center,Male,2532,2380,106.4,3174
2021-08-31,CTF,Correctional Training Facility,Male,4539,3300,137.5,4929
2021-08-31,CVSP,Chuckawalla Valley State Prison,Male,2274,1738,130.8,2579
2021-08-31,FOL,Folsom State Prison,Male,2440,2065,118.2,3148
2021-08-31,HDSP,High Desert State Prison,Male,3233,2324,139.1,3461
2021-08-31,ISP,Ironwood State Prison,Male,2363,2200,107.4,3300
2021-08-31,KVSP,Kern Valley State Prison,Male,3438,2448,140.4,3622
2021-08-31,LAC,"California State Prison, Los Angeles County",Male,2705,2300,117.6,3400
2021-08-31,MCSP,Mule Creek State Prison,Male,3843,3284,117.0,4155
2021-08-31,NKSP,North Kern State Prison,Male,3651,2694,135.5,4011
2021-08-31,PBSP,Pelican Bay State Prison,Male,2121,2380,89.1,3361
2021-08-31,PVSP,Pleasant Valley State Prison,Male,2705,2308,117.2,3433
2021-08-31,RJD,RJ Donovan Correctional Facility,Male,3288,2992,109.9,4182
2021-08-31,SAC,"California State Prison, Sacramento",Male,2077,1828,113.6,2545
2021-08-31,SATF,California Substance Abuse Treatment Facility,Male,5030,3424,146.9,5111
2021-08-31,SCC,Sierra Conservation Center,Male,3293,3404,96.7,4250
2021-08-31,SOL,"California State Prison, Solano",Male,3298,2594,127.1,4056
2021-08-31,SQ,San Quentin State Prison,Male,2665,3084,86.4,3984
2021-08-31,SVSP,Salinas Valley State Prison,Male,2997,2452,122.2,3509
2021-08-31,VSP,Valley State Prison,Male,2980,1961,152.0,2954
2021-08-31,WSP,Wasco State Prison,Male,3490,2984,117.0,4447
2021-08-31,CCWF,Central California Women's Facility,Female,2379,1990,119.5,3068
2021-08-31,CIW,California Institution for Women,Female,970,1281,75.7,1777
2021-08-31,FOL,Folsom State Prison,Female,234,403,58.1,530
2021-09-30,ASP,Avenal State Prison,Male,3609,2909,124.1,4387
2021-09-30,CAL,Calipatria State Prison,Male,2841,2308,123.1,3451
2021-09-30,CCC,California Correctional Center,Male,1974,3377,58.5,3487
2021-09-30,CCI,California Correctional Institution,Male,2694,2739,98.4,3299
2021-09-30,CCWF,Central California Women's Facility,Male,15,1990,0.8,2940
2021-09-30,CEN,Centinela State Prison,Male,2865,2308,124.1,3446
2021-09-30,CHCF,California Health Care Facility - Stockton,Male,2357,2953,79.8,2951
2021-09-30,CIM,California Institution for Men,Male,2538,2736,92.8,4076
2021-09-30,CIW,California Institution for Women,Male,6,1281,0.5,1494
2021-09-30,CMC,California Men's Colony,Male,3065,3816,80.3,4407
2021-09-30,CMF,California Medical Facility,Male,2000,2318,86.3,2888
2021-09-30,COR,"California State Prison, Corcoran",Male,3433,3115,110.2,4476
2021-09-30,CRC,California Rehabilitation Center,Male,2670,2380,112.2,3174
2021-09-30,CTF,Correctional Training Facility,Male,4439,3300,134.5,4125
2021-09-30,CVSP,Chuckawalla Valley State Prison,Male,2343,1738,134.8,2579
2021-09-30,FOL,Folsom State Prison,Male,2513,2065,121.7,3078
2021-09-30,HDSP,High Desert State Prison,Male,3208,2324,138.0,3461
2021-09-30,ISP,Ironwood State Prison,Male,2279,2200,103.6,3300
2021-09-30,KVSP,Kern Valley State Prison,Male,3414,2448,139.5,3622
2021-09-30,LAC,"California State Prison, Los Angeles County",Male,2748,2300,119.5,3400
2021-09-30,MCSP,Mule Creek State Prison,Male,3743,3284,114.0,4155
2021-09-30,NKSP,North Kern State Prison,Male,3788,2694,140.6,4011
2021-09-30,PBSP,Pelican Bay State Prison,Male,2087,2380,87.7,3361
2021-09-30,PVSP,Pleasant Valley State Prison,Male,2653,2308,114.9,3433
2021-09-30,RJD,RJ Donovan Correctional Facility,Male,3256,2992,108.8,4086
2021-09-30,SAC,"California State Prison, Sacramento",Male,2013,1828,110.1,2545
2021-09-30,SATF,California Substance Abuse Treatment Facility,Male,5007,3424,146.2,5111
2021-09-30,SCC,Sierra Conservation Center,Male,3283,3404,96.4,4250
2021-09-30,SOL,"California State Prison, Solano",Male,3239,2594,124.9,3992
2021-09-30,SQ,San Quentin State Prison,Male,2807,3084,91.0,3984
2021-09-30,SVSP,Salinas Valley State Prison,Male,2978,2452,121.5,3509
2021-09-30,VSP,Valley State Prison,Male,2972,1961,151.6,2954
2021-09-30,WSP,Wasco State Prison,Male,3572,2984,119.7,4447
2021-09-30,CCWF,Central California Women's Facility,Female,2328,1990,117.0,3068
2021-09-30,CIW,California Institution for Women,Female,988,1281,77.1,1777
2021-09-30,FOL,Folsom State Prison,Female,225,403,55.8,530
2021-10-31,ASP,Avenal State Prison,Male,3665,2909,126.0,4387
2021-10-31,CAL,Calipatria State Prison,Male,2912,2308,126.2,3451
2021-10-31,CCC,California Correctional Center,Male,1843,3377,54.6,3487
2021-10-31,CCI,California Correctional Institution,Male,2654,2172,122.2,3299
2021-10-31,CCWF,Central California Women's Facility,Male,15,1990,0.8,2940
2021-10-31,CEN,Centinela State Prison,Male,2864,2308,124.1,3446
2021-10-31,CHCF,California Health Care Facility - Stockton,Male,2261,2953,76.6,2951
2021-10-31,CIM,California Institution for Men,Male,2620,2736,95.8,4226
2021-10-31,CIW,California Institution for Women,Male,6,1281,0.5,1494
2021-10-31,CMC,California Men's Colony,Male,3049,3816,79.9,4407
2021-10-31,CMF,California Medical Facility,Male,1999,2318,86.2,2888
2021-10-31,COR,"California State Prison, Corcoran",Male,3492,3115,112.1,4476
2021-10-31,CRC,California Rehabilitation Center,Male,2786,2380,117.1,3174
2021-10-31,CTF,Correctional Training Facility,Male,4363,2800,155.8,4269
2021-10-31,CVSP,Chuckawalla Valley State Prison,Male,2418,1738,139.1,2579
2021-10-31,FOL,Folsom State Prison,Male,2585,2065,125.2,3078
2021-10-31,HDSP,High Desert State Prison,Male,3193,2324,137.4,3461
2021-10-31,ISP,Ironwood State Prison,Male,2241,2200,101.9,3300
2021-10-31,KVSP,Kern Valley State Prison,Male,3410,2448,139.3,3622
2021-10-31,LAC,"California State Prison, Los Angeles County",Male,2755,2300,119.8,3400
2021-10-31,MCSP,Mule Creek State Prison,Male,3757,3284,114.4,4155
2021-10-31,NKSP,North Kern State Prison,Male,3586,2694,133.1,4011
2021-10-31,PBSP,Pelican Bay State Prison,Male,2044,2380,85.9,3361
2021-10-31,PVSP,Pleasant Valley State Prison,Male,2631,2308,114.0,3433
2021-10-31,RJD,RJ Donovan Correctional Facility,Male,3264,2992,109.1,4182
2021-10-31,SAC,"California State Prison, Sacramento",Male,2005,1828,109.7,2545
2021-10-31,SATF,California Substance Abuse Treatment Facility,Male,5015,3424,146.5,5111
2021-10-31,SCC,Sierra Conservation Center,Male,3275,3404,96.2,4250
2021-10-31,SOL,"California State Prison, Solano",Male,3295,2594,127.0,3992
2021-10-31,SQ,San Quentin State Prison,Male,2950,3084,95.7,3984
2021-10-31,SVSP,Salinas Valley State Prison,Male,2944,2452,120.1,3509
2021-10-31,VSP,Valley State Prison,Male,2975,1961,151.7,2954
2021-10-31,WSP,Wasco State Prison,Male,3842,2984,128.8,4447
2021-10-31,CCWF,Central California Women's Facility,Female,2245,1990,112.8,3068
2021-10-31,CIW,California Institution for Women,Female,1026,1281,80.1,1777
2021-10-31,FOL,Folsom State Prison,Female,268,403,66.5,530
2021-11-30,ASP,Avenal State Prison,,3759,2909,129.2,4387
2021-11-30,CAL,Calipatria State Prison,,2918,2308,126.4,3451
2021-11-30,CCC,California Correctional Center,,1735,3377,51.4,3487
2021-11-30,CCI,California Correctional Institution,,2677,2172,123.3,3299
2021-11-30,CCWF,Central California Women's Facility,,2227,1990,111.9,3068
2021-11-30,CEN,Centinela State Prison,,2851,2308,123.5,3446
2021-11-30,CHCF,California Health Care Facility - Stockton,,2205,2953,74.7,2951
2021-11-30,CIM,California Institution for Men,,2688,2736,98.2,4226
2021-11-30,CIW,California Institution for Women,,1034,1281,80.7,1687
2021-11-30,CMC,California Men's Colony,,3170,3816,83.1,4407
2021-11-30,CMF,California Medical Facility,,1990,2318,85.8,2888
2021-11-30,COR,"California State Prison, Corcoran",,3625,3115,116.4,4476
2021-11-30,CRC,California Rehabilitation Center,,2769,2380,116.3,3174
2021-11-30,CTF,Correctional Training Facility,,4308,2800,153.9,4269
2021-11-30,CVSP,Chuckawalla Valley State Prison,,2494,1738,143.5,2279
2021-11-30,FOL,Folsom State Prison,,2637,2065,127.7,3078
2021-11-30,FWF,Folsom Women’s Facility,,240,403,59.6,530
2021-11-30,HDSP,High Desert State Prison,,2949,2324,126.9,3461
2021-11-30,ISP,Ironwood State Prison,,2227,2200,101.2,3300
2021-11-30,KVSP,Kern Valley State Prison,,3385,2448,138.3,3526
2021-11-30,LAC,"California State Prison, Los Angeles County",,2732,2300,118.8,3400
2021-11-30,MCSP,Mule Creek State Prison,,3762,3284,114.6,4155
2021-11-30,NKSP,North Kern State Prison,,3636,2694,135.0,4011
2021-11-30,PBSP,Pelican Bay State Prison,,2024,2380,85.0,2881
2021-11-30,PVSP,Pleasant Valley State Prison,,2626,2308,113.8,3433
2021-11-30,RJD,RJ Donovan Correctional Facility,,3328,2992,111.2,3894
2021-11-30,SAC,"California State Prison, Sacramento",,1991,1828,108.9,2545
2021-11-30,SATF,California Substance Abuse Treatment Facility,,5005,3424,146.2,5111
2021-11-30,SCC,Sierra Conservation Center,,3231,3404,94.9,4250
2021-11-30,SOL,"California State Prison, Solano",,3310,2594,127.6,3842
2021-11-30,SQ,San Quentin State Prison,,3055,3084,99.1,3671
2021-11-30,SVSP,Salinas Valley State Prison,,2982,2452,121.6,3509
2021-11-30,VSP,Valley State Prison,,2987,1961,152.3,2954
2021-11-30,WSP,Wasco State Prison,,3792,2984,127.1,4447
2021-12-31,ASP,Avenal State Prison,,3840,2909,132.0,4387
2021-12-31,CAL,Calipatria State Prison,,2883,2308,124.9,3451
2021-12-31,CCC,California Correctional Center,,1663,3377,49.2,3367
2021-12-31,CCI,California Correctional Institution,,3073,2172,141.5,3299
2021-12-31,CCWF,Central California Women's Facility,,2278,1990,114.5,3068
2021-12-31,CEN,Centinela State Prison,,2832,2308,122.7,3446
2021-12-31,CHCF,California Health Care Facility - Stockton,,2221,2953,75.2,2951
2021-12-31,CIM,California Institution for Men,,2718,2736,99.3,4226
2021-12-31,CIW,California Institution for Women,,1034,1281,80.7,1777
2021-12-31,CMC,California Men's Colony,,3244,3816,85.0,4407
2021-12-31,CMF,California Medical Facility,,2033,2318,87.7,5267
2021-12-31,COR,"California State Prison, Corcoran",,3615,3115,116.1,4476
2021-12-31,CRC,California Rehabilitation Center,,2690,2380,113.0,3174
2021-12-31,CTF,Correctional Training Facility,,4242,2800,151.5,4269
2021-12-31,CVSP,Chuckawalla Valley State Prison,,2509,1738,144.4,2579
2021-12-31,FOL,Folsom State Prison,,2702,2065,130.8,3078
2021-12-31,FWF,Folsom Women’s Facility,,224,403,55.6,530
2021-12-31,HDSP,High Desert State Prison,,2317,2324,99.7,2711
2021-12-31,ISP,Ironwood State Prison,,2246,2200,102.1,3300
2021-12-31,KVSP,Kern Valley State Prison,,3363,2448,137.4,3622
2021-12-31,LAC,"California State Prison, Los Angeles County",,2771,2300,120.5,3400
2021-12-31,MCSP,Mule Creek State Prison,,3823,3284,116.4,4155
2021-12-31,NKSP,North Kern State Prison,,3743,2694,138.9,4011
2021-12-31,PBSP,Pelican Bay State Prison,,1985,2380,83.4,3361
2021-12-31,PVSP,Pleasant Valley State Prison,,2602,2308,112.7,3433
2021-12-31,RJD,RJ Donovan Correctional Facility,,3371,2992,112.7,4182
2021-12-31,SAC,"California State Prison, Sacramento",,1908,1828,104.4,2577
2021-12-31,SATF,California Substance Abuse Treatment Facility,,4958,3424,144.8,5111
2021-12-31,SCC,Sierra Conservation Center,,3184,3404,93.5,4250
2021-12-31,SOL,"California State Prison, Solano",,3313,2594,127.7,3992
2021-12-31,SQ,San Quentin State Prison,,3142,3084,101.9,3984
2021-12-31,SVSP,Salinas Valley State Prison,,3003,2452,122.5,3509
2021-12-31,VSP,Valley State Prison,,2963,1961,151.1,2942
2021-12-31,WSP,Wasco State Prison,,3979,2984,133.3,4447
2022-01-31,ASP,Avenal State Prison,,3731,2909,128.3,4493
2022-01-31,CAL,Calipatria State Prison,,2799,2308,121.3,3451
2022-01-31,CCC,California Correctional Center,,1495,3377,44.3,4072
2022-01-31,CCI,California Correctional Institution,,3043,2172,140.1,3389
2022-01-31,CCWF,Central California Women's Facility,,2214,1990,111.3,3068
2022-01-31,CEN,Centinela State Prison,,2746,2308,119.0,3446
2022-01-31,CHCF,California Health Care Facility - Stockton,,2182,2953,73.9,2951
2022-01-31,CIM,California Institution for Men,,2554,2736,93.3,4226
2022-01-31,CIW,California Institution for Women,,995,1281,77.7,1777
2022-01-31,CMC,California Men's Colony,,3215,3816,84.3,4407
2022-01-31,CMF,California Medical Facility,,1976,2318,85.2,2888
2022-01-31,COR,"California State Prison, Corcoran",,3498,3115,112.3,4476
2022-01-31,CRC,California Rehabilitation Center,,2517,2380,105.8,3174
2022-01-31,CTF,Correctional Training Facility,,4166,2800,148.8,4323
2022-01-31,CVSP,Chuckawalla Valley State Prison,,2455,1738,141.3,2804
2022-01-31,FOL,Folsom State Prison,,2665,2065,129.1,3078
2022-01-31,FWF,Folsom Women’s Facility,,199,403,49.4,530
2022-01-31,HDSP,High Desert State Prison,,2233,2324,96.1,2711
2022-01-31,ISP,Ironwood State Prison,,2147,2200,97.6,3300
2022-01-31,KVSP,Kern Valley State Prison,,3306,2448,135.0,3622
2022-01-31,LAC,"California State Prison, Los Angeles County",,2753,2300,119.7,3400
2022-01-31,MCSP,Mule Creek State Prison,,3767,3284,114.7,4255
2022-01-31,NKSP,North Kern State Prison,,3794,2694,140.8,4011
2022-01-31,PBSP,Pelican Bay State Prison,,1932,2380,81.2,3361
2022-01-31,PVSP,Pleasant Valley State Prison,,2525,2308,109.4,3433
2022-01-31,RJD,RJ Donovan Correctional Facility,,3353,2992,112.1,4234
2022-01-31,SAC,"California State Prison, Sacramento",,1825,1828,99.8,2577
2022-01-31,SATF,California Substance Abuse Treatment Facility,,4859,3424,141.9,5227
2022-01-31,SCC,Sierra Conservation Center,,3014,3404,88.5,4250
2022-01-31,SOL,"California State Prison, Solano",,3248,2594,125.2,4092
2022-01-31,SQ,San Quentin State Prison,,3066,3084,99.4,4161
2022-01-31,SVSP,Salinas Valley State Prison,,2969,2452,121.1,3509
2022-01-31,VSP,Valley State Prison,,2902,1961,148.0,2942
2022-01-31,WSP,Wasco State Prison,,3627,2984,121.5,4447
2022-02-28,ASP,Avenal State Prison,,3742,2909,128.6,4493
2022-02-28,CAL,Calipatria State Prison,,2719,2308,117.8,3451
2022-02-28,CCC,California Correctional Center,,1630,3377,48.3,3487
2022-02-28,CCI,California Correctional Institution,,3126,2172,143.9,3389
2022-02-28,CCWF,Central California Women's Facility,,2120,1990,106.5,3068
2022-02-28,CEN,Centinela State Prison,,2863,2308,124.0,3446
2022-02-28,CHCF,California Health Care Facility - Stockton,,2140,2953,72.5,2951
2022-02-28,CIM,California Institution for Men,,2523,2736,92.2,4226
2022-02-28,CIW,California Institution for Women,,1006,1281,78.5,1777
2022-02-28,CMC,California Men's Colony,,3198,3816,83.8,4407
2022-02-28,CMF,California Medical Facility,,1918,2318,82.7,2888
2022-02-28,COR,"California State Prison, Corcoran",,3444,3115,110.6,4476
2022-02-28,CRC,California Rehabilitation Center,,2384,2380,100.2,3174
2022-02-28,CTF,Correctional Training Facility,,4081,2800,145.8,4323
2022-02-28,CVSP,Chuckawalla Valley State Prison,,2402,1738,138.2,2804
2022-02-28,FOL,Folsom State Prison,,2682,2065,129.9,3078
2022-02-28,FWF,Folsom Women’s Facility,,189,403,46.9,530
2022-02-28,HDSP,High Desert State Prison,,2225,2324,95.7,2711
2022-02-28,ISP,Ironwood State Prison,,2077,2200,94.4,3300
2022-02-28,KVSP,Kern Valley State Prison,,3328,2448,135.9,3622
2022-02-28,LAC,"California State Prison, Los Angeles County",,2739,2300,119.1,3400
2022-02-28,MCSP,Mule Creek State Prison,,3760,3284,114.5,4255
2022-02-28,NKSP,North Kern State Prison,,3515,2694,130.5,4011
2022-02-28,PBSP,Pelican Bay State Prison,,1916,2380,80.5,3361
2022-02-28,PVSP,Pleasant Valley State Prison,,2519,2308,109.1,3433
2022-02-28,RJD,RJ Donovan Correctional Facility,,3331,2992,111.3,4234
2022-02-28,SAC,"California State Prison, Sacramento",,1786,1828,97.7,2577
2022-02-28,SATF,California Substance Abuse Treatment Facility,,4791,3424,139.9,5227
2022-02-28,SCC,Sierra Conservation Center,,2950,3404,86.7,4250
2022-02-28,SOL,"California State Prison, Solano",,3192,2594,123.1,4092
2022-02-28,SQ,San Quentin State Prison,,3046,3084,98.8,4161
2022-02-28,SVSP,Salinas Valley State Prison,,2958,2452,120.6,3509
2022-02-28,VSP,Valley State Prison,,2908,1961,148.3,2942
2022-02-28,WSP,Wasco State Prison,,3181,2984,106.6,4447
2022-03-31,ASP,Avenal State Prison,,3831,2909,131.7,4492
2022-03-31,CAL,Calipatria State Prison,,2737,2308,118.6,3451
2022-03-31,CCC,California Correctional Center,,1649,3377,48.8,3487
2022-03-31,CCI,California Correctional Institution,,3121,2172,143.7,3389
2022-03-31,CCWF,Central California Women's Facility,,2241,1990,112.6,3068
2022-03-31,CEN,Centinela State Prison,,2952,2308,127.9,3446
2022-03-31,CHCF,California Health Care Facility - Stockton,,2189,2953,74.1,2951
2022-03-31,CIM,California Institution for Men,,2544,2736,93.0,4226
2022-03-31,CIW,California Institution for Women,,990,1281,77.3,1777
2022-03-31,CMC,California Men's Colony,,3197,3816,83.8,4407
2022-03-31,CMF,California Medical Facility,,1910,2318,82.4,2888
2022-03-31,COR,"California State Prison, Corcoran",,3424,3115,109.9,4476
2022-03-31,CRC,California Rehabilitation Center,,2297,2380,96.5,3174
2022-03-31,CTF,Correctional Training Facility,,4039,2800,144.3,4308
2022-03-31,CVSP,Chuckawalla Valley State Prison,,2400,1738,138.1,2804
2022-03-31,FOL,Folsom State Prison,,2743,2065,132.8,3078
2022-03-31,FWF,Folsom Women’s Facility,,182,403,45.2,530
2022-03-31,HDSP,High Desert State Prison,,2253,2324,96.9,2711
2022-03-31,ISP,Ironwood State Prison,,2062,2200,93.7,3300
2022-03-31,KVSP,Kern Valley State Prison,,3252,2448,132.8,3622
2022-03-31,LAC,"California State Prison, Los Angeles County",,2743,2300,119.3,3400
2022-03-31,MCSP,Mule Creek State Prison,,3805,3284,115.9,4255
2022-03-31,NKSP,North Kern State Prison,,3719,2694,138.0,4011
2022-03-31,PBSP,Pelican Bay State Prison,,1852,2380,77.8,3361
2022-03-31,PVSP,Pleasant Valley State Prison,,2635,2308,114.2,3433
2022-03-31,RJD,RJ Donovan Correctional Facility,,3370,2992,112.6,4234
2022-03-31,SAC,"California State Prison, Sacramento",,1743,1828,95.4,2577
2022-03-31,SATF,California Substance Abuse Treatment Facility,,4731,3424,138.2,5227
2022-03-31,SCC,Sierra Conservation Center,,2903,3404,85.3,4250
2022-03-31,SOL,"California State Prison, Solano",,3212,2594,123.8,4092
2022-03-31,SQ,San Quentin State Prison,,3040,3084,98.6,4161
2022-03-31,SVSP,Salinas Valley State Prison,,2859,2452,116.6,3509
2022-03-31,VSP,Valley State Prison,,2941,1961,150.0,2942
2022-03-31,WSP,Wasco State Prison,,3280,2984,109.9,4447
2022-04-30,ASP,Avenal State Prison,,3907,2909,134.3,4387
2022-04-30,CAL,Calipatria State Prison,,2657,2308,115.1,3451
2022-04-30,CCC,California Correctional Center,,1752,3377,51.9,3427
2022-04-30,CCI,California Correctional Institution,,3118,2172,143.6,3299
2022-04-30,CCWF,Central California Women's Facility,,2204,1990,110.8,3068
2022-04-30,CEN,Centinela State Prison,,2903,2308,125.8,3446
2022-04-30,CHCF,California Health Care Facility - Stockton,,2182,2953,73.9,2951
2022-04-30,CIM,California Institution for Men,,2672,2736,97.7,4226
2022-04-30,CIW,California Institution for Women,,1002,1281,78.2,1777
2022-04-30,CMC,California Men's Colony,,3314,3816,86.8,4407
2022-04-30,CMF,California Medical Facility,,1950,2318,84.1,2888
2022-04-30,COR,"California State Prison, Corcoran",,3419,3115,109.8,4476
2022-04-30,CRC,California Rehabilitation Center,,2308,2380,97.0,3162
2022-04-30,CTF,Correctional Training Facility,,3983,2800,142.3,4138
2022-04-30,CVSP,Chuckawalla Valley State Prison,,2348,1738,135.1,2598
2022-04-30,FOL,Folsom State Prison,,2731,2065,132.3,3078
2022-04-30,FWF,Folsom Women’s Facility,,216,403,53.6,530
2022-04-30,HDSP,High Desert State Prison,,2363,2324,101.7,2711
2022-04-30,ISP,Ironwood State Prison,,1992,2200,90.5,3300
2022-04-30,KVSP,Kern Valley State Prison,,3195,2448,130.5,3622
2022-04-30,LAC,"California State Prison, Los Angeles County",,2640,2300,114.8,3275
2022-04-30,MCSP,Mule Creek State Prison,,3842,3284,117.0,4105
2022-04-30,NKSP,North Kern State Prison,,4075,2694,151.3,4011
2022-04-30,PBSP,Pelican Bay State Prison,,1817,2380,76.3,3361
2022-04-30,PVSP,Pleasant Valley State Prison,,2560,2308,110.9,3433
2022-04-30,RJD,RJ Donovan Correctional Facility,,3340,2992,111.6,4086
2022-04-30,SAC,"California State Prison, Sacramento",,1915,1828,104.8,2577
2022-04-30,SATF,California Substance Abuse Treatment Facility,,4443,3424,129.8,5111
2022-04-30,SCC,Sierra Conservation Center,,2659,3404,78.1,4250
2022-04-30,SOL,"California State Prison, Solano",,3243,2594,125.0,3882
2022-04-30,SQ,San Quentin State Prison,,3158,3084,102.4,3984
2022-04-30,SVSP,Salinas Valley State Prison,,2862,2452,116.7,3509
2022-04-30,VSP,Valley State Prison,,2947,1961,150.3,2942
2022-04-30,WSP,Wasco State Prison,,3677,2984,123.2,4447
2022-05-31,ASP,Avenal State Prison,,4030,2909,138.5,4387
2022-05-31,CAL,Calipatria State Prison,,2667,2308,115.6,3451
2022-05-31,CCC,California Correctional Center,,2057,3377,60.9,3487
2022-05-31,CCI,California Correctional Institution,,3033,2172,139.6,3299
2022-05-31,CCWF,Central California Women's Facility,,2166,1990,108.8,3068
2022-05-31,CEN,Centinela State Prison,,2925,2308,126.7,3446
2022-05-31,CHCF,California Health Care Facility - Stockton,,2212,2953,74.9,2951
2022-05-31,CIM,California Institution for Men,,2956,2736,108.0,4226
2022-05-31,CIW,California Institution for Women,,995,1281,77.7,1777
2022-05-31,CMC,California Men's Colony,,3416,3816,89.5,4407
2022-05-31,CMF,California Medical Facility,,1923,2318,83.0,2888
2022-05-31,COR,"California State Prison, Corcoran",,3440,3115,110.4,4476
2022-05-31,CRC,California Rehabilitation Center,,2252,2380,94.6,3162
2022-05-31,CTF,Correctional Training Facility,,4036,2800,144.1,4205
2022-05-31,CVSP,Chuckawalla Valley State Prison,,2298,1738,132.2,2598
2022-05-31,FOL,Folsom State Prison,,2779,2065,134.6,3078
2022-05-31,FWF,Folsom Women’s Facility,,272,403,67.5,530
2022-05-31,HDSP,High Desert State Prison,,2168,2324,93.3,2411
2022-05-31,ISP,Ironwood State Prison,,2051,2200,93.2,3300
2022-05-31,KVSP,Kern Valley State Prison,,3080,2448,125.8,3622
2022-05-31,LAC,"California State Prison, Los Angeles County",,2592,2300,112.7,2975
2022-05-31,MCSP,Mule Creek State Prison,,3816,3284,116.2,4155
2022-05-31,NKSP,North Kern State Prison,,4181,2694,155.2,4011
2022-05-31,PBSP,Pelican Bay State Prison,,1723,2380,72.4,3375
2022-05-31,PVSP,Pleasant Valley State Prison,,2589,2308,112.2,3433
2022-05-31,RJD,RJ Donovan Correctional Facility,,3214,2992,107.4,4086
2022-05-31,SAC,"California State Prison, Sacramento",,1979,1828,108.3,2577
2022-05-31,SATF,California Substance Abuse Treatment Facility,,4435,3424,129.5,5111
2022-05-31,SCC,Sierra Conservation Center,,2600,3404,76.4,4250
2022-05-31,SOL,"California State Prison, Solano",,3280,2594,126.4,3882
2022-05-31,SQ,San Quentin State Prison,,3222,3084,104.5,3984
2022-05-31,SVSP,Salinas Valley State Prison,,2868,2452,117.0,3209
2022-05-31,VSP,Valley State Prison,,2965,1961,151.2,2942
2022-05-31,WSP,Wasco State Prison,,3711,2984,124.4,4447
2022-06-30,ASP,Avenal State Prison,,4072,2909,140.0,4387
2022-06-30,CAL,Calipatria State Prison,,2623,2308,113.6,3451
2022-06-30,CCC,California Correctional Center,,2285,3377,67.7,3487
2022-06-30,CCI,California Correctional Institution,,3012,2172,138.7,3299
2022-06-30,CCWF,Central California Women's Facility,,2097,1990,105.4,3068
2022-06-30,CEN,Centinela State Prison,,2932,2308,127.0,3446
2022-06-30,CHCF,California Health Care Facility - Stockton,,2206,2953,74.7,2951
2022-06-30,CIM,California Institution for Men,,3034,2736,110.9,4226
2022-06-30,CIW,California Institution for Women,,950,1281,74.2,1777
2022-06-30,CMC,California Men's Colony,,3466,3816,90.8,4407
2022-06-30,CMF,California Medical Facility,,1921,2318,82.9,2888
2022-06-30,COR,"California State Prison, Corcoran",,3427,3115,110.0,4476
2022-06-30,CRC,California Rehabilitation Center,,2289,2380,96.2,3162
2022-06-30,CTF,Correctional Training Facility,,4132,2800,147.6,4205
2022-06-30,CVSP,Chuckawalla Valley State Prison,,2230,1738,128.3,2598
2022-06-30,FOL,Folsom State Prison,,2739,2065,132.6,3078
2022-06-30,FWF,Folsom Women’s Facility,,274,403,68.0,530
2022-06-30,HDSP,High Desert State Prison,,1931,2324,83.1,2411
2022-06-30,ISP,Ironwood State Prison,,2341,2200,106.4,3300
2022-06-30,KVSP,Kern Valley State Prison,,2973,2448,121.4,3497
2022-06-30,LAC,"California State Prison, Los Angeles County",,2328,2300,101.2,2975
2022-06-30,MCSP,Mule Creek State Prison,,3827,3284,116.5,4205
2022-06-30,NKSP,North Kern State Prison,,4134,2694,153.5,4011
2022-06-30,PBSP,Pelican Bay State Prison,,1670,2380,70.2,3375
2022-06-30,PVSP,Pleasant Valley State Prison,,2695,2308,116.8,3433
2022-06-30,RJD,RJ Donovan Correctional Facility,,3092,2992,103.3,4186
2022-06-30,SAC,"California State Prison, Sacramento",,2067,1828,113.1,2577
2022-06-30,SATF,California Substance Abuse Treatment Facility,,4542,3424,132.7,5111
2022-06-30,SCC,Sierra Conservation Center,,2603,3404,76.5,4250
2022-06-30,SOL,"California State Prison, Solano",,3334,2594,128.5,3992
2022-06-30,SQ,San Quentin State Prison,,3273,3084,106.1,3984
2022-06-30,SVSP,Salinas Valley State Prison,,2912,2452,118.8,3209
2022-06-30,VSP,Valley State Prison,,3015,1961,153.7,2942
2022-06-30,WSP,Wasco State Prison,,3579,2984,119.9,4447
2022-07-31,ASP,Avenal State Prison,,4062,2909,139.6,4387
2022-07-31,CAL,Calipatria State Prison,,2543,2308,110.2,3451
2022-07-31,CCC,California Correctional Center,,2308,3377,68.3,3487
2022-07-31,CCI,California Correctional Institution,,2962,2172,136.4,3299
2022-07-31,CCWF,Central California Women's Facility,,2178,1990,109.4,3068
2022-07-31,CEN,Centinela State Prison,,2906,2308,125.9,3446
2022-07-31,CHCF,California Health Care Facility - Stockton,,2228,2953,75.4,2951
2022-07-31,CIM,California Institution for Men,,3135,2736,114.6,4076
2022-07-31,CIW,California Institution for Women,,940,1281,73.4,1777
2022-07-31,CMC,California Men's Colony,,3414,3816,89.5,4407
2022-07-31,CMF,California Medical Facility,,1887,2318,81.4,2888
2022-07-31,COR,"California State Prison, Corcoran",,3440,3115,110.4,4476
2022-07-31,CRC,California Rehabilitation Center,,2322,2380,97.6,3162
2022-07-31,CTF,Correctional Training Facility,,4076,2800,145.6,4205
2022-07-31,CVSP,Chuckawalla Valley State Prison,,2176,1738,125.2,2598
2022-07-31,FOL,Folsom State Prison,,2664,2065,129.0,3078
2022-07-31,FWF,Folsom Women’s Facility,,243,403,60.3,530
2022-07-31,HDSP,High Desert State Prison,,1823,2324,78.4,2411
2022-07-31,ISP,Ironwood State Prison,,2464,2200,112.0,3300
2022-07-31,KVSP,Kern Valley State Prison,,2907,2448,118.8,3497
2022-07-31,LAC,"California State Prison, Los Angeles County",,2322,2300,101.0,2975
2022-07-31,MCSP,Mule Creek State Prison,,3785,3284,115.3,4205
2022-07-31,NKSP,North Kern State Prison,,4100,2694,152.2,4011
2022-07-31,PBSP,Pelican Bay State Prison,,1654,2380,69.5,3375
2022-07-31,PVSP,Pleasant Valley State Prison,,2688,2308,116.5,3433
2022-07-31,RJD,RJ Donovan Correctional Facility,,3074,2992,102.7,4234
2022-07-31,SAC,"California State Prison, Sacramento",,2031,1828,111.1,2577
2022-07-31,SATF,California Substance Abuse Treatment Facility,,4603,3424,134.4,5111
2022-07-31,SCC,Sierra Conservation Center,,2528,3404,74.3,4250
2022-07-31,SOL,"California State Prison, Solano",,3255,2594,125.5,3992
2022-07-31,SQ,San Quentin State Prison,,3239,3084,105.0,4033
2022-07-31,SVSP,Salinas Valley State Prison,,2941,2452,119.9,3209
2022-07-31,VSP,Valley State Prison,,3014,1961,153.7,2942
2022-07-31,WSP,Wasco State Prison,,3667,2984,122.9,4447
2022-08-31,ASP,Avenal State Prison,,4082,2909,140.3,4387
2022-08-31,CAL,Calipatria State Prison,,2550,2308,110.5,3451
2022-08-31,CCC,California Correctional Center,,2341,3377,69.3,3475
2022-08-31,CCI,California Correctional Institution,,2918,2172,134.3,3255
2022-08-31,CCWF,Central California Women's Facility,,2211,1990,111.1,3067
2022-08-31,CEN,Centinela State Prison,,2941,2308,127.4,3446
2022-08-31,CHCF,California Health Care Facility - Stockton,,2278,2953,77.1,2953
2022-08-31,CIM,California Institution for Men,,3230,2736,118.1,3773
2022-08-31,CIW,California Institution for Women,,907,1281,70.8,1777
2022-08-31,CMC,California Men's Colony,,3392,3816,88.9,4412
2022-08-31,CMF,California Medical Facility,,1880,2318,81.1,2810
2022-08-31,COR,"California State Prison, Corcoran",,3396,3115,109.0,4501
2022-08-31,CRC,California Rehabilitation Center,,2450,2380,102.9,3501
2022-08-31,CTF,Correctional Training Facility,,4014,2800,143.4,4049
2022-08-31,CVSP,Chuckawalla Valley State Prison,,2163,1738,124.5,2617
2022-08-31,FOL,Folsom State Prison,,2571,2065,124.5,3019
2022-08-31,FWF,Folsom Women’s Facility,,204,403,50.6,530
2022-08-31,HDSP,High Desert State Prison,,1779,2324,76.5,2385
2022-08-31,ISP,Ironwood State Prison,,2561,2200,116.4,3300
2022-08-31,KVSP,Kern Valley State Prison,,2817,2448,115.1,3497
2022-08-31,LAC,"California State Prison, Los Angeles County",,2345,2300,102.0,3100
2022-08-31,MCSP,Mule Creek State Prison,,3767,3284,114.7,4205
2022-08-31,NKSP,North Kern State Prison,,3850,2694,142.9,4011
2022-08-31,PBSP,Pelican Bay State Prison,,1664,2380,69.9,3151
2022-08-31,PVSP,Pleasant Valley State Prison,,2738,2308,118.6,3433
2022-08-31,RJD,RJ Donovan Correctional Facility,,3002,2992,100.3,4234
2022-08-31,SAC,"California State Prison, Sacramento",,2032,1828,111.2,2547
2022-08-31,SATF,California Substance Abuse Treatment Facility,,4671,3424,136.4,5111
2022-08-31,SCC,Sierra Conservation Center,,2666,3404,78.3,4236
2022-08-31,SOL,"California State Prison, Solano",,3265,2594,125.9,3992
2022-08-31,SQ,San Quentin State Prison,,3191,3084,103.5,3997
2022-08-31,SVSP,Salinas Valley State Prison,,2964,2452,120.9,3209
2022-08-31,VSP,Valley State Prison,,3052,1961,155.6,3022
2022-08-31,WSP,Wasco State Prison,,3446,2984,115.5,4447
2022-09-30,ASP,Avenal State Prison,,4140,2909,142.3,4387
2022-09-30,CAL,Calipatria State Prison,,2554,2308,110.7,3451
2022-09-30,CCC,California Correctional Center,,2224,3377,65.9,3415
2022-09-30,CCI,California Correctional Institution,,2917,2172,134.3,3255
2022-09-30,CCWF,Central California Women's Facility,,2209,1990,111.0,2987
2022-09-30,CEN,Centinela State Prison,,3089,2308,133.8,3446
2022-09-30,CHCF,California Health Care Facility - Stockton,,2291,2953,77.6,2953
2022-09-30,CIM,California Institution for Men,,3300,2736,120.6,3773
2022-09-30,CIW,California Institution for Women,,892,1281,69.6,1777
2022-09-30,CMC,California Men's Colony,,3360,3816,88.1,4480
2022-09-30,CMF,California Medical Facility,,1885,2318,81.3,2810
2022-09-30,COR,"California State Prison, Corcoran",,3380,3115,108.5,4502
2022-09-30,CRC,California Rehabilitation Center,,2632,2380,110.6,3501
2022-09-30,CTF,Correctional Training Facility,,3984,2800,142.3,3993
2022-09-30,CVSP,Chuckawalla Valley State Prison,,2113,1738,121.6,2617
2022-09-30,FOL,Folsom State Prison,,2564,2065,124.2,3021
2022-09-30,FWF,Folsom Women’s Facility,,182,403,45.2,530
2022-09-30,HDSP,High Desert State Prison,,1725,2324,74.2,2411
2022-09-30,ISP,Ironwood State Prison,,2591,2200,117.8,3275
2022-09-30,KVSP,Kern Valley State Prison,,2617,2448,106.9,3497
2022-09-30,LAC,"California State Prison, Los Angeles County",,2354,2300,102.3,3100
2022-09-30,MCSP,Mule Creek State Prison,,3773,3284,114.9,4105
2022-09-30,NKSP,North Kern State Prison,,3873,2694,143.8,4011
2022-09-30,PBSP,Pelican Bay State Prison,,1737,2380,73.0,3151
2022-09-30,PVSP,Pleasant Valley State Prison,,2747,2308,119.0,3433
2022-09-30,RJD,RJ Donovan Correctional Facility,,3015,2992,100.8,4038
2022-09-30,SAC,"California State Prison, Sacramento",,1942,1828,106.2,2259
2022-09-30,SATF,California Substance Abuse Treatment Facility,,4725,3424,138.0,5111
2022-09-30,SCC,Sierra Conservation Center,,2771,3404,81.4,4236
2022-09-30,SOL,"California State Prison, Solano",,3314,2594,127.8,3882
2022-09-30,SQ,San Quentin State Prison,,3154,3084,102.3,3997
2022-09-30,SVSP,Salinas Valley State Prison,,2943,2452,120.0,3209
2022-09-30,VSP,Valley State Prison,,3025,1961,154.3,2942
2022-09-30,WSP,Wasco State Prison,,3158,2984,105.8,4447
2022-10-31,ASP,Avenal State Prison,,4080,2909,140.3,4359
2022-10-31,CAL,Calipatria State Prison,,2534,2308,109.8,3433
2022-10-31,CCC,California Correctional Center,,38,3377,1.1,298
2022-10-31,CCI,California Correctional Institution,,2848,2172,131.1,3239
2022-10-31,CCWF,Central California Women's Facility,,2140,1990,107.5,2949
2022-10-31,CEN,Centinela State Prison,,3032,2308,131.4,3433
2022-10-31,CHCF,California Health Care Facility - Stockton,,2311,2953,78.3,2953
2022-10-31,CIM,California Institution for Men,,3157,2736,115.4,3695
2022-10-31,CIW,California Institution for Women,,923,1281,72.1,1743
2022-10-31,CMC,California Men's Colony,,3285,3816,86.1,4430
2022-10-31,CMF,California Medical Facility,,1898,2318,81.9,2760
2022-10-31,COR,"California State Prison, Corcoran",,3286,3115,105.5,4502
2022-10-31,CRC,California Rehabilitation Center,,2637,2380,110.8,3491
2022-10-31,CTF,Correctional Training Facility,,3936,2800,140.6,3981
2022-10-31,CVSP,Chuckawalla Valley State Prison,,2078,1738,119.6,2603
2022-10-31,FOL,Folsom State Prison,,2510,2065,121.5,3021
2022-10-31,FWF,Folsom Women’s Facility,,182,403,45.2,530
2022-10-31,HDSP,High Desert State Prison,,2340,2324,100.7,3161
2022-10-31,ISP,Ironwood State Prison,,2630,2200,119.5,3275
2022-10-31,KVSP,Kern Valley State Prison,,2541,2448,103.8,3497
2022-10-31,LAC,"California State Prison, Los Angeles County",,2377,2300,103.3,3100
2022-10-31,MCSP,Mule Creek State Prison,,3791,3284,115.4,4105
2022-10-31,NKSP,North Kern State Prison,,4121,2694,153.0,4011
2022-10-31,PBSP,Pelican Bay State Prison,,1759,2380,73.9,3151
2022-10-31,PVSP,Pleasant Valley State Prison,,2695,2308,116.8,3433
2022-10-31,RJD,RJ Donovan Correctional Facility,,3022,2992,101.0,4038
2022-10-31,SAC,"California State Prison, Sacramento",,1917,1828,104.9,2259
2022-10-31,SATF,California Substance Abuse Treatment Facility,,4698,3424,137.2,5111
2022-10-31,SCC,Sierra Conservation Center,,3796,3404,111.5,5726
2022-10-31,SOL,"California State Prison, Solano",,3329,2594,128.3,3866
2022-10-31,SQ,San Quentin State Prison,,3256,3084,105.6,3985
2022-10-31,SVSP,Salinas Valley State Prison,,2947,2452,120.2,3209
2022-10-31,VSP,Valley State Prison,,2990,1961,152.5,2931
2022-10-31,WSP,Wasco State Prison,,3711,2984,124.4,4447
2022-11-30,ASP,Avenal State Prison,,4355,2909,149.7,4359
2022-11-30,CAL,Calipatria State Prison,,2505,2308,108.5,3433
2022-11-30,CCI,California Correctional Institution,,2762,2172,127.2,3239
2022-11-30,CCWF,Central California Women's Facility,,2130,1990,107.0,2949
2022-11-30,CEN,Centinela State Prison,,2962,2308,128.3,3433
2022-11-30,CHCF,California Health Care Facility - Stockton,,2331,2953,78.9,2953
2022-11-30,CIM,California Institution for Men,,2979,2736,108.9,3695
2022-11-30,CIW,California Institution for Women,,934,1281,72.9,1743
2022-11-30,CMC,California Men's Colony,,3180,3816,83.3,4430
2022-11-30,CMF,California Medical Facility,,1889,2318,81.5,2760
2022-11-30,COR,"California State Prison, Corcoran",,3229,3115,103.7,4502
2022-11-30,CRC,California Rehabilitation Center,,3024,2380,127.1,3491
2022-11-30,CTF,Correctional Training Facility,,3867,2800,138.1,4161
2022-11-30,CVSP,Chuckawalla Valley State Prison,,2041,1738,117.4,2603
2022-11-30,FOL,Folsom State Prison,,2486,2065,120.4,3021
2022-11-30,FWF,Folsom Women’s Facility,,213,403,52.9,530
2022-11-30,HDSP,High Desert State Prison,,2291,2324,98.6,3474
2022-11-30,ISP,Ironwood State Prison,,2578,2200,117.2,3275
2022-11-30,KVSP,Kern Valley State Prison,,2465,2448,100.7,3497
2022-11-30,LAC,"California State Prison, Los Angeles County",,2421,2300,105.3,3100
2022-11-30,MCSP,Mule Creek State Prison,,3801,3284,115.7,4105
2022-11-30,NKSP,North Kern State Prison,,4071,2694,151.1,4011
2022-11-30,PBSP,Pelican Bay State Prison,,1790,2380,75.2,3151
2022-11-30,PVSP,Pleasant Valley State Prison,,2627,2308,113.8,3433
2022-11-30,RJD,RJ Donovan Correctional Facility,,3008,2992,100.5,4038
2022-11-30,SAC,"California State Prison, Sacramento",,1883,1828,103.0,2259
2022-11-30,SATF,California Substance Abuse Treatment Facility,,4707,3424,137.5,5111
2022-11-30,SCC,Sierra Conservation Center,,3886,3404,114.2,5704
2022-11-30,SOL,"California State Prison, Solano",,3314,2594,127.8,3866
2022-11-30,SQ,San Quentin State Prison,,3274,3084,106.2,3985
2022-11-30,SVSP,Salinas Valley State Prison,,2968,2452,121.0,3209
2022-11-30,VSP,Valley State Prison,,2936,1961,149.7,2931
2022-11-30,WSP,Wasco State Prison,,3713,2984,124.4,4447
2022-12-31,ASP,Avenal State Prison,,4025,2909,138.4,4359
2022-12-31,CAL,Calipatria State Prison,,2531,2308,109.7,3433
2022-12-31,CCI,California Correctional Institution,,2681,2172,123.4,3239
2022-12-31,CCWF,Central California Women's Facility,,2253,1990,113.2,2949
2022-12-31,CEN,Centinela State Prison,,2877,2308,124.7,3433
2022-12-31,CHCF,California Health Care Facility - Stockton,,2373,2953,80.4,2953
2022-12-31,CIM,California Institution for Men,,3007,2736,109.9,3695
2022-12-31,CIW,California Institution for Women,,928,1281,72.4,1743
2022-12-31,CMC,California Men's Colony,,3232,3816,84.7,4430
2022-12-31,CMF,California Medical Facility,,1880,2318,81.1,2760
2022-12-31,COR,"California State Prison, Corcoran",,3348,3115,107.5,4502
2022-12-31,CRC,California Rehabilitation Center,,2809,2380,118.0,3491
2022-12-31,CTF,Correctional Training Facility,,3860,2800,137.9,4125
2022-12-31,CVSP,Chuckawalla Valley State Prison,,2090,1738,120.3,2603
2022-12-31,FOL,Folsom State Prison,,2404,2065,116.4,3021
2022-12-31,FWF,Folsom Women’s Facility,,81,403,20.1,530
2022-12-31,HDSP,High Desert State Prison,,2362,2324,101.6,3474
2022-12-31,ISP,Ironwood State Prison,,2568,2200,116.7,3275
2022-12-31,KVSP,Kern Valley State Prison,,2418,2448,98.8,3497
2022-12-31,LAC,"California State Prison, Los Angeles County",,2472,2300,107.5,3100
2022-12-31,MCSP,Mule Creek State Prison,,3810,3284,116.0,4105
2022-12-31,NKSP,North Kern State Prison,,4304,2694,159.8,4011
2022-12-31,PBSP,Pelican Bay State Prison,,1744,2380,73.3,3151
2022-12-31,PVSP,Pleasant Valley State Prison,,2578,2308,111.7,3433
2022-12-31,RJD,RJ Donovan Correctional Facility,,2975,2992,99.4,4038
2022-12-31,SAC,"California State Prison, Sacramento",,1735,1828,94.9,2259
2022-12-31,SATF,California Substance Abuse Treatment Facility,,4684,3424,136.8,5111
2022-12-31,SCC,Sierra Conservation Center,,4213,3404,123.8,5704
2022-12-31,SOL,"California State Prison, Solano",,3296,2594,127.1,3866
2022-12-31,SQ,San Quentin State Prison,,3295,3084,106.8,3985
2022-12-31,SVSP,Salinas Valley State Prison,,2969,2452,121.1,3209
2022-12-31,VSP,Valley State Prison,,2922,1961,149.0,2931
2022-12-31,WSP,Wasco State Prison,,3882,2984,130.1,4447
2023-01-31,ASP,Avenal State Prison,,4062,2909,139.6,4359
2023-01-31,CAL,Calipatria State Prison,,2500,2308,108.3,3433
2023-01-31,CCI,California Correctional Institution,,2611,2172,120.2,3239
2023-01-31,CCWF,Central California Women's Facility,,2279,1990,114.5,2949
2023-01-31,CEN,Centinela State Prison,,2773,2308,120.1,3433
2023-01-31,CHCF,California Health Care Facility - Stockton,,2401,2953,81.3,2953
2023-01-31,CIM,California Institution for Men,,2867,2736,104.8,3695
2023-01-31,CIW,California Institution for Women,,983,1281,76.7,1743
2023-01-31,CMC,California Men's Colony,,3254,3816,85.3,4430
2023-01-31,CMF,California Medical Facility,,1910,2318,82.4,2760
2023-01-31,COR,"California State Prison, Corcoran",,3443,3115,110.5,4502
2023-01-31,CRC,California Rehabilitation Center,,3029,2380,127.3,3491
2023-01-31,CTF,Correctional Training Facility,,3927,2800,140.3,4125
2023-01-31,CVSP,Chuckawalla Valley State Prison,,1731,1738,99.6,2603
2023-01-31,FOL,Folsom State Prison,,2513,2065,121.7,3021
2023-01-31,HDSP,High Desert State Prison,,2083,2324,89.6,3474
2023-01-31,ISP,Ironwood State Prison,,2601,2200,118.2,3275
2023-01-31,KVSP,Kern Valley State Prison,,2431,2448,99.3,3497
2023-01-31,LAC,"California State Prison, Los Angeles County",,2503,2300,108.8,3100
2023-01-31,MCSP,Mule Creek State Prison,,3824,3284,116.4,4105
2023-01-31,NKSP,North Kern State Prison,,4380,2694,162.6,4011
2023-01-31,PBSP,Pelican Bay State Prison,,1711,2380,71.9,3151
2023-01-31,PVSP,Pleasant Valley State Prison,,2562,2308,111.0,3433
2023-01-31,RJD,RJ Donovan Correctional Facility,,2920,2992,97.6,4038
2023-01-31,SAC,"California State Prison, Sacramento",,1585,1828,86.7,2259
2023-01-31,SATF,California Substance Abuse Treatment Facility,,4650,3424,135.8,5111
2023-01-31,SCC,Sierra Conservation Center,,4461,3404,131.1,5804
2023-01-31,SOL,"California State Prison, Solano",,3326,2594,128.2,3866
2023-01-31,SQ,San Quentin State Prison,,3542,3084,114.9,3985
2023-01-31,SVSP,Salinas Valley State Prison,,2934,2452,119.7,3209
2023-01-31,VSP,Valley State Prison,,2973,1961,151.6,2931
2023-01-31,WSP,Wasco State Prison,,3698,2984,123.9,4447
2023-02-28,ASP,Avenal State Prison,,4195,2909,144.2,4359
2023-02-28,CAL,Calipatria State Prison,,2453,2308,106.3,3433
2023-02-28,CCI,California Correctional Institution,,2533,2172,116.6,3239
2023-02-28,CCWF,Central California Women's Facility,,2334,1990,117.3,2949
2023-02-28,CEN,Centinela State Prison,,2664,2308,115.4,3433
2023-02-28,CHCF,California Health Care Facility - Stockton,,2429,2953,82.3,2953
2023-02-28,CIM,California Institution for Men,,2718,2736,99.3,3695
2023-02-28,CIW,California Institution for Women,,970,1281,75.7,1743
2023-02-28,CMC,California Men's Colony,,3359,3816,88.0,4430
2023-02-28,CMF,California Medical Facility,,1905,2318,82.2,2760
2023-02-28,COR,"California State Prison, Corcoran",,3423,3115,109.9,4502
2023-02-28,CRC,California Rehabilitation Center,,2920,2380,122.7,3491
2023-02-28,CTF,Correctional Training Facility,,3955,2800,141.3,4125
2023-02-28,CVSP,Chuckawalla Valley State Prison,,1834,1738,105.5,2603
2023-02-28,FOL,Folsom State Prison,,2657,2065,128.7,3021
2023-02-28,HDSP,High Desert State Prison,,1981,2324,85.2,3474
2023-02-28,ISP,Ironwood State Prison,,2620,2200,119.1,3275
2023-02-28,KVSP,Kern Valley State Prison,,2420,2448,98.9,3497
2023-02-28,LAC,"California State Prison, Los Angeles County",,2513,2300,109.3,3100
2023-02-28,MCSP,Mule Creek State Prison,,3850,3284,117.2,4105
2023-02-28,NKSP,North Kern State Prison,,4205,2694,156.1,4011
2023-02-28,PBSP,Pelican Bay State Prison,,1686,2380,70.8,3151
2023-02-28,PVSP,Pleasant Valley State Prison,,2514,2308,108.9,3433
2023-02-28,RJD,RJ Donovan Correctional Facility,,2936,2992,98.1,4038
2023-02-28,SAC,"California State Prison, Sacramento",,1535,1828,84.0,2259
2023-02-28,SATF,California Substance Abuse Treatment Facility,,4638,3424,135.5,5111
2023-02-28,SCC,Sierra Conservation Center,,4431,3404,130.2,5804
2023-02-28,SOL,"California State Prison, Solano",,3323,2594,128.1,3866
2023-02-28,SQ,San Quentin State Prison,,3743,3084,121.4,3985
2023-02-28,SVSP,Salinas Valley State Prison,,2958,2452,120.6,3209
2023-02-28,VSP,Valley State Prison,,2987,1961,152.3,2931
2023-02-28,WSP,Wasco State Prison,,3750,2984,125.7,4447
2023-03-31,ASP,Avenal State Prison,,4364,2909,150.0,4359
2023-03-31,CAL,Calipatria State Prison,,2503,2308,108.4,3433
2023-03-31,CCI,California Correctional Institution,,2347,2172,108.1,3239
2023-03-31,CCWF,Central California Women's Facility,,2316,1990,116.4,2949
2023-03-31,CEN,Centinela State Prison,,2553,2308,110.6,3433
2023-03-31,CHCF,California Health Care Facility - Stockton,,2477,2953,83.9,2953
2023-03-31,CIM,California Institution for Men,,2364,2736,86.4,3695
2023-03-31,CIW,California Institution for Women,,965,1281,75.3,1743
2023-03-31,CMC,California Men's Colony,,3316,3816,86.9,4430
2023-03-31,CMF,California Medical Facility,,1919,2318,82.8,2760
2023-03-31,COR,"California State Prison, Corcoran",,3406,3115,109.3,4502
2023-03-31,CRC,California Rehabilitation Center,,2931,2380,123.2,3491
2023-03-31,CTF,Correctional Training Facility,,3995,2800,142.7,4125
2023-03-31,CVSP,Chuckawalla Valley State Prison,,1858,1738,106.9,2603
2023-03-31,FOL,Folsom State Prison,,2837,2065,137.4,3021
2023-03-31,HDSP,High Desert State Prison,,2317,2324,99.7,3474
2023-03-31,ISP,Ironwood State Prison,,2695,2200,122.5,3275
2023-03-31,KVSP,Kern Valley State Prison,,2525,2448,103.1,3497
2023-03-31,LAC,"California State Prison, Los Angeles County",,2568,2300,111.7,3100
2023-03-31,MCSP,Mule Creek State Prison,,3835,3284,116.8,4105
2023-03-31,NKSP,North Kern State Prison,,4221,2694,156.7,4011
2023-03-31,PBSP,Pelican Bay State Prison,,1643,2380,69.0,3151
2023-03-31,PVSP,Pleasant Valley State Prison,,2638,2308,114.3,3433
2023-03-31,RJD,RJ Donovan Correctional Facility,,2903,2992,97.0,4038
2023-03-31,SAC,"California State Prison, Sacramento",,1460,1828,79.9,2259
2023-03-31,SATF,California Substance Abuse Treatment Facility,,4692,3424,137.0,5111
2023-03-31,SCC,Sierra Conservation Center,,4182,3404,122.9,5804
2023-03-31,SOL,"California State Prison, Solano",,3299,2594,127.2,3866
2023-03-31,SQ,San Quentin State Prison,,4024,3084,130.5,3985
2023-03-31,SVSP,Salinas Valley State Prison,,2895,2452,118.1,3209
2023-03-31,VSP,Valley State Prison,,2963,1961,151.1,2931
2023-03-31,WSP,Wasco State Prison,,3742,2984,125.4,4447
2023-04-30,ASP,Avenal State Prison,,4494,2909,154.5,4359
2023-04-30,CAL,Calipatria State Prison,,2488,2308,107.8,3433
2023-04-30,CCI,California Correctional Institution,,2149,2172,98.9,3239
2023-04-30,CCWF,Central California Women's Facility,,2342,1990,117.7,2952
2023-04-30,CEN,Centinela State Prison,,2539,2308,110.0,3433
2023-04-30,CHCF,California Health Care Facility - Stockton,,2407,2953,81.5,2953
2023-04-30,CIM,California Institution for Men,,2223,1604,138.6,2225
2023-04-30,CIW,California Institution for Women,,949,1281,74.1,1743
2023-04-30,CMC,California Men's Colony,,3237,3816,84.8,4430
2023-04-30,CMF,California Medical Facility,,1926,2318,83.1,2777
2023-04-30,COR,"California State Prison, Corcoran",,3346,3115,107.4,4503
2023-04-30,CRC,California Rehabilitation Center,,2916,1822,160.0,2654
2023-04-30,CTF,Correctional Training Facility,,4070,2800,145.4,4125
2023-04-30,CVSP,Chuckawalla Valley State Prison,,1926,1738,110.8,2603
2023-04-30,FOL,Folsom State Prison,,2955,2065,143.1,3021
2023-04-30,HDSP,High Desert State Prison,,2529,2324,108.8,3474
2023-04-30,ISP,Ironwood State Prison,,2987,2200,135.8,3275
2023-04-30,KVSP,Kern Valley State Prison,,2616,2448,106.9,3497
2023-04-30,LAC,"California State Prison, Los Angeles County",,2569,2300,111.7,3100
2023-04-30,MCSP,Mule Creek State Prison,,3851,3284,117.3,4105
2023-04-30,NKSP,North Kern State Prison,,4270,2694,158.5,4011
2023-04-30,PBSP,Pelican Bay State Prison,,1599,2380,67.2,3151
2023-04-30,PVSP,Pleasant Valley State Prison,,2800,2308,121.3,3433
2023-04-30,RJD,RJ Donovan Correctional Facility,,2904,2992,97.1,4038
2023-04-30,SAC,"California State Prison, Sacramento",,1468,1828,80.3,2259
2023-04-30,SATF,California Substance Abuse Treatment Facility,,4608,3424,134.6,5111
2023-04-30,SCC,Sierra Conservation Center,,4003,3404,117.6,5804
2023-04-30,SOL,"California State Prison, Solano",,3321,2594,128.0,3866
2023-04-30,SQ,San Quentin State Prison,,4034,3084,130.8,3985
2023-04-30,SVSP,Salinas Valley State Prison,,2901,2452,118.3,3209
2023-04-30,VSP,Valley State Prison,,3017,1961,153.9,2931
2023-04-30,WSP,Wasco State Prison,,3804,2984,127.5,4447
2023-05-31,ASP,Avenal State Prison,,4612,2909,158.5,4359
2023-05-31,CAL,Calipatria State Prison,,2494,2308,108.1,3433
2023-05-31,CCI,California Correctional Institution,,1900,2172,87.5,3239
2023-05-31,CCWF,Central California Women's Facility,,2355,1990,118.3,2952
2023-05-31,CEN,Centinela State Prison,,2589,2308,112.2,3433
2023-05-31,CHCF,California Health Care Facility - Stockton,,2360,2953,79.9,2953
2023-05-31,CIM,California Institution for Men,,2196,1604,136.9,2225
2023-05-31,CIW,California Institution for Women,,983,1281,76.7,1743
2023-05-31,CMC,California Men's Colony,,3161,3816,82.8,4430
2023-05-31,CMF,California Medical Facility,,1975,2318,85.2,2777
2023-05-31,COR,"California State Prison, Corcoran",,3284,3115,105.4,4503
2023-05-31,CRC,California Rehabilitation Center,,3026,1822,166.1,2654
2023-05-31,CTF,Correctional Training Facility,,4265,2800,152.3,4125
2023-05-31,CVSP,Chuckawalla Valley State Prison,,2094,1738,120.5,2603
2023-05-31,FOL,Folsom State Prison,,3023,2065,146.4,3021
2023-05-31,HDSP,High Desert State Prison,,2518,2324,108.3,3474
2023-05-31,ISP,Ironwood State Prison,,3180,2200,144.5,3275
2023-05-31,KVSP,Kern Valley State Prison,,2694,2448,110.0,3497
2023-05-31,LAC,"California State Prison, Los Angeles County",,2557,2300,111.2,3100
2023-05-31,MCSP,Mule Creek State Prison,,3846,3284,117.1,4105
2023-05-31,NKSP,North Kern State Prison,,4153,2694,154.2,4011
2023-05-31,PBSP,Pelican Bay State Prison,,1602,2380,67.3,3153
2023-05-31,PVSP,Pleasant Valley State Prison,,2940,2308,127.4,3433
2023-05-31,RJD,RJ Donovan Correctional Facility,,2938,2992,98.2,4038
2023-05-31,SAC,"California State Prison, Sacramento",,1513,1828,82.8,2259
2023-05-31,SATF,California Substance Abuse Treatment Facility,,4535,3424,132.4,5111
2023-05-31,SCC,Sierra Conservation Center,,3956,3404,116.2,5804
2023-05-31,SOL,"California State Prison, Solano",,3438,2594,132.5,3866
2023-05-31,SQ,San Quentin State Prison,,3897,3084,126.4,3985
2023-05-31,SVSP,Salinas Valley State Prison,,2900,2452,118.3,3225
2023-05-31,VSP,Valley State Prison,,3044,1961,155.2,2931
2023-05-31,WSP,Wasco State Prison,,3951,2984,132.4,4447
2023-06-30,ASP,Avenal State Prison,,4660,2909,160.2,4359
2023-06-30,CAL,Calipatria State Prison,,2633,2308,114.1,3433
2023-06-30,CCI,California Correctional Institution,,1628,1508,108.0,2243
2023-06-30,CCWF,Central California Women's Facility,,2395,1990,120.4,2952
2023-06-30,CEN,Centinela State Prison,,2765,2308,119.8,3433
2023-06-30,CHCF,California Health Care Facility - Stockton,,2334,2953,79.0,2953
2023-06-30,CIM,California Institution for Men,,2258,1604,140.8,2225
2023-06-30,CIW,California Institution for Women,,973,1281,76.0,1743
2023-06-30,CMC,California Men's Colony,,2910,3816,76.3,4430
2023-06-30,CMF,California Medical Facility,,2082,2318,89.8,2777
2023-06-30,COR,"California State Prison, Corcoran",,3334,3115,107.0,4503
2023-06-30,CRC,California Rehabilitation Center,,3146,1822,172.7,2654
2023-06-30,CTF,Correctional Training Facility,,4248,2800,151.7,4125
2023-06-30,CVSP,Chuckawalla Valley State Prison,,2215,1738,127.4,2603
2023-06-30,FOL,Folsom State Prison,,2958,2065,143.2,3021
2023-06-30,HDSP,High Desert State Prison,,2460,2337,105.3,3474
2023-06-30,ISP,Ironwood State Prison,,3196,2200,145.3,3275
2023-06-30,KVSP,Kern Valley State Prison,,2727,2448,111.4,3497
2023-06-30,LAC,"California State Prison, Los Angeles County",,2588,2300,112.5,3100
2023-06-30,MCSP,Mule Creek State Prison,,3879,3284,118.1,4105
2023-06-30,NKSP,North Kern State Prison,,3771,2694,140.0,4011
2023-06-30,PBSP,Pelican Bay State Prison,,1599,2380,67.2,3153
2023-06-30,PVSP,Pleasant Valley State Prison,,3110,2308,134.7,3433
2023-06-30,RJD,RJ Donovan Correctional Facility,,2956,2992,98.8,4038
2023-06-30,SAC,"California State Prison, Sacramento",,1717,1828,93.9,2259
2023-06-30,SATF,California Substance Abuse Treatment Facility,,4513,3424,131.8,5111
2023-06-30,SCC,Sierra Conservation Center,,3920,4872,80.5,5804
2023-06-30,SOL,"California State Prison, Solano",,3575,2594,137.8,3866
2023-06-30,SQ,San Quentin State Prison,,3812,3084,123.6,3985
2023-06-30,SVSP,Salinas Valley State Prison,,2894,2452,118.0,3225
2023-06-30,VSP,Valley State Prison,,3174,1961,161.9,2931
2023-06-30,WSP,Wasco State Prison,,3651,2984,122.4,4447
2023-07-31,ASP,Avenal State Prison,,4636,2909,159.4,4359
2023-07-31,CAL,Calipatria State Prison,,2705,2308,117.2,3433
2023-07-31,CCI,California Correctional Institution,,1627,1508,107.9,2243
2023-07-31,CCWF,Central California Women's Facility,,2384,1990,119.8,2952
2023-07-31,CEN,Centinela State Prison,,2779,2308,120.4,3433
2023-07-31,CHCF,California Health Care Facility - Stockton,,2340,2953,79.2,2953
2023-07-31,CIM,California Institution for Men,,2295,1604,143.1,2225
2023-07-31,CIW,California Institution for Women,,972,1281,75.9,1743
2023-07-31,CMC,California Men's Colony,,2691,3816,70.5,3755
2023-07-31,CMF,California Medical Facility,,2164,2318,93.4,2760
2023-07-31,COR,"California State Prison, Corcoran",,3448,3115,110.7,4503
2023-07-31,CRC,California Rehabilitation Center,,2946,1822,161.7,2654
2023-07-31,CTF,Correctional Training Facility,,4249,2800,151.8,4125
2023-07-31,CVSP,Chuckawalla Valley State Prison,,2173,1738,125.0,2603
2023-07-31,FOL,Folsom State Prison,,2876,2065,139.3,3021
2023-07-31,HDSP,High Desert State Prison,,2413,2337,103.3,3474
2023-07-31,ISP,Ironwood State Prison,,3101,2200,141.0,3275
2023-07-31,KVSP,Kern Valley State Prison,,2796,2448,114.2,3622
2023-07-31,LAC,"California State Prison, Los Angeles County",,2631,2300,114.4,3400
2023-07-31,MCSP,Mule Creek State Prison,,3837,3284,116.8,4105
2023-07-31,NKSP,North Kern State Prison,,3859,2694,143.2,4011
2023-07-31,PBSP,Pelican Bay State Prison,,1581,2380,66.4,3153
2023-07-31,PVSP,Pleasant Valley State Prison,,3087,2308,133.8,3433
2023-07-31,RJD,RJ Donovan Correctional Facility,,3028,2992,101.2,4038
2023-07-31,SAC,"California State Prison, Sacramento",,1735,1828,94.9,2547
2023-07-31,SATF,California Substance Abuse Treatment Facility,,4547,3424,132.8,5111
2023-07-31,SCC,Sierra Conservation Center,,4066,4972,81.8,5804
2023-07-31,SOL,"California State Prison, Solano",,3653,2594,140.8,3866
2023-07-31,SQ,San Quentin State Prison,,3728,3084,120.9,3985
2023-07-31,SVSP,Salinas Valley State Prison,,2832,2452,115.5,3525
2023-07-31,VSP,Valley State Prison,,3310,1961,168.8,2931
2023-07-31,WSP,Wasco State Prison,,3526,2984,118.2,4447
2023-08-31,ASP,Avenal State Prison,,4668,2909,160.5,4359
2023-08-31,CAL,Calipatria State Prison,,2721,2308,117.9,3433
2023-08-31,CCI,California Correctional Institution,,1657,1508,109.9,2243
2023-08-31,CCWF,Central California Women's Facility,,2431,1990,122.2,2952
2023-08-31,CEN,Centinela State Prison,,2795,2308,121.1,3433
2023-08-31,CHCF,California Health Care Facility - Stockton,,2334,2953,79.0,2953
2023-08-31,CIM,California Institution for Men,,2354,1604,146.8,2225
2023-08-31,CIW,California Institution for Women,,968,1281,75.6,1743
2023-08-31,CMC,California Men's Colony,,2323,3816,60.9,3755
2023-08-31,CMF,California Medical Facility,,2204,2318,95.1,2760
2023-08-31,COR,"California State Prison, Corcoran",,3525,3115,113.2,4503
2023-08-31,CRC,California Rehabilitation Center,,2841,1822,155.9,2654
2023-08-31,CTF,Correctional Training Facility,,4283,2800,153.0,4125
2023-08-31,CVSP,Chuckawalla Valley State Prison,,2132,1738,122.7,2603
2023-08-31,FOL,Folsom State Prison,,2901,2065,140.5,3021
2023-08-31,HDSP,High Desert State Prison,,2535,2337,108.5,3474
2023-08-31,ISP,Ironwood State Prison,,3094,2200,140.6,3275
2023-08-31,KVSP,Kern Valley State Prison,,2816,2448,115.0,3622
2023-08-31,LAC,"California State Prison, Los Angeles County",,2601,2300,113.1,3400
2023-08-31,MCSP,Mule Creek State Prison,,3828,3284,116.6,4105
2023-08-31,NKSP,North Kern State Prison,,3576,2694,132.7,4011
2023-08-31,PBSP,Pelican Bay State Prison,,1530,2380,64.3,3153
2023-08-31,PVSP,Pleasant Valley State Prison,,3010,2308,130.4,3433
2023-08-31,RJD,RJ Donovan Correctional Facility,,3194,2992,106.8,4038
2023-08-31,SAC,"California State Prison, Sacramento",,1803,1828,98.6,2547
2023-08-31,SATF,California Substance Abuse Treatment Facility,,4678,3424,136.6,5111
2023-08-31,SCC,Sierra Conservation Center,,4370,4972,87.9,5804
2023-08-31,SOL,"California State Prison, Solano",,3649,2594,140.7,3866
2023-08-31,SQ,San Quentin State Prison,,3639,3084,118.0,3985
2023-08-31,SVSP,Salinas Valley State Prison,,2772,2452,113.1,3525
2023-08-31,VSP,Valley State Prison,,3364,1961,171.5,2931
2023-08-31,WSP,Wasco State Prison,,3332,2984,111.7,4447
2023-09-30,ASP,Avenal State Prison,,4609,2909,158.4,4359
2023-09-30,CAL,Calipatria State Prison,,2670,2308,115.7,3433
2023-09-30,CCI,California Correctional Institution,,1698,1508,112.6,2243
2023-09-30,CCWF,Central California Women's Facility,,2443,1990,122.8,2952
2023-09-30,CEN,Centinela State Prison,,2803,2308,121.4,3433
2023-09-30,CHCF,California Health Care Facility - Stockton,,2300,2953,77.9,2953
2023-09-30,CIM,California Institution for Men,,2366,1604,147.5,2225
2023-09-30,CIW,California Institution for Women,,993,1281,77.5,1743
2023-09-30,CMC,California Men's Colony,,2135,3816,55.9,3755
2023-09-30,CMF,California Medical Facility,,2220,2318,95.8,2760
2023-09-30,COR,"California State Prison, Corcoran",,3491,3115,112.1,4503
2023-09-30,CRC,California Rehabilitation Center,,2869,1822,157.5,2654
2023-09-30,CTF,Correctional Training Facility,,4310,2800,153.9,4125
2023-09-30,CVSP,Chuckawalla Valley State Prison,,2067,1738,118.9,2603
2023-09-30,FOL,Folsom State Prison,,2895,2065,140.2,3021
2023-09-30,HDSP,High Desert State Prison,,2475,2337,105.9,3474
2023-09-30,ISP,Ironwood State Prison,,3112,2200,141.5,3275
2023-09-30,KVSP,Kern Valley State Prison,,2848,2448,116.3,3622
2023-09-30,LAC,"California State Prison, Los Angeles County",,2611,2300,113.5,3400
2023-09-30,MCSP,Mule Creek State Prison,,3820,3284,116.3,4105
2023-09-30,NKSP,North Kern State Prison,,3718,2694,138.0,4011
2023-09-30,PBSP,Pelican Bay State Prison,,1544,2380,64.9,3153
2023-09-30,PVSP,Pleasant Valley State Prison,,2817,2308,122.1,3433
2023-09-30,RJD,RJ Donovan Correctional Facility,,3270,2992,109.3,4038
2023-09-30,SAC,"California State Prison, Sacramento",,1863,1828,101.9,2547
2023-09-30,SATF,California Substance Abuse Treatment Facility,,4757,3424,138.9,5111
2023-09-30,SCC,Sierra Conservation Center,,4360,4972,87.7,5804
2023-09-30,SOL,"California State Prison, Solano",,3670,2594,141.5,3866
2023-09-30,SQ,San Quentin State Prison,,3576,3084,116.0,3985
2023-09-30,SVSP,Salinas Valley State Prison,,2738,2452,111.7,3525
2023-09-30,VSP,Valley State Prison,,3332,1961,169.9,2931
2023-09-30,WSP,Wasco State Prison,,3378,2984,113.2,4447
2023-10-31,ASP,Avenal State Prison,,4592,2909,157.9,4359
2023-10-31,CAL,Calipatria State Prison,,2706,2308,117.2,3433
2023-10-31,CCI,California Correctional Institution,,1715,1508,113.7,2243
2023-10-31,CCWF,Central California Women's Facility,,2290,1990,115.1,2952
2023-10-31,CEN,Centinela State Prison,,2802,2308,121.4,3433
2023-10-31,CHCF,California Health Care Facility - Stockton,,2258,2953,76.5,2953
2023-10-31,CIM,California Institution for Men,,2371,1604,147.8,2225
2023-10-31,CIW,California Institution for Women,,1149,1281,89.7,1743
2023-10-31,CMC,California Men's Colony,,2065,3816,54.1,2642
2023-10-31,CMF,California Medical Facility,,2218,2318,95.7,2760
2023-10-31,COR,"California State Prison, Corcoran",,3505,3115,112.5,4503
2023-10-31,CRC,California Rehabilitation Center,,2919,1822,160.2,2654
2023-10-31,CTF,Correctional Training Facility,,4293,2800,153.3,4125
2023-10-31,CVSP,Chuckawalla Valley State Prison,,2021,1738,116.3,2603
2023-10-31,FOL,Folsom State Prison,,2869,2065,138.9,3021
2023-10-31,HDSP,High Desert State Prison,,2387,2337,102.1,3474
2023-10-31,ISP,Ironwood State Prison,,3051,2200,138.7,3275
2023-10-31,KVSP,Kern Valley State Prison,,2871,2448,117.3,3622
2023-10-31,LAC,"California State Prison, Los Angeles County",,2679,2300,116.5,3400
2023-10-31,MCSP,Mule Creek State Prison,,3803,3284,115.8,4105
2023-10-31,NKSP,North Kern State Prison,,3799,2694,141.0,4011
2023-10-31,PBSP,Pelican Bay State Prison,,1576,2380,66.2,3153
2023-10-31,PVSP,Pleasant Valley State Prison,,2660,2308,115.3,3433
2023-10-31,RJD,RJ Donovan Correctional Facility,,3291,2992,110.0,4038
2023-10-31,SAC,"California State Prison, Sacramento",,1841,1828,100.7,2547
2023-10-31,SATF,California Substance Abuse Treatment Facility,,4821,3424,140.8,5111
2023-10-31,SCC,Sierra Conservation Center,,4265,4972,85.8,5804
2023-10-31,SOL,"California State Prison, Solano",,3718,2594,143.3,3866
2023-10-31,SQ,San Quentin State Prison,,3488,3084,113.1,3985
2023-10-31,SVSP,Salinas Valley State Prison,,2687,2452,109.6,3525
2023-10-31,VSP,Valley State Prison,,3247,1961,165.6,2931
2023-10-31,WSP,Wasco State Prison,,3620,2984,121.3,4447
2023-11-30,ASP,Avenal State Prison,,4608,2909,158.4,4359
2023-11-30,CAL,Calipatria State Prison,,2799,2308,121.3,3433
2023-11-30,CCI,California Correctional Institution,,1718,1508,113.9,2243
2023-11-30,CCWF,Central California Women's Facility,,2217,1990,111.4,2952
2023-11-30,CEN,Centinela State Prison,,2740,2308,118.7,3433
2023-11-30,CHCF,California Health Care Facility - Stockton,,2240,2953,75.9,2953
2023-11-30,CIM,California Institution for Men,,2367,1604,147.6,2225
2023-11-30,CIW,California Institution for Women,,1191,1281,93.0,1743
2023-11-30,CMC,California Men's Colony,,2048,2613,78.4,2642
2023-11-30,CMF,California Medical Facility,,2188,2318,94.4,2760
2023-11-30,COR,"California State Prison, Corcoran",,3479,3115,111.7,4503
2023-11-30,CRC,California Rehabilitation Center,,2989,1822,164.1,2654
2023-11-30,CTF,Correctional Training Facility,,4211,2800,150.4,4125
2023-11-30,CVSP,Chuckawalla Valley State Prison,,1965,1738,113.1,2603
2023-11-30,FOL,Folsom State Prison,,2826,2065,136.9,3021
2023-11-30,HDSP,High Desert State Prison,,2296,2337,98.2,3474
2023-11-30,ISP,Ironwood State Prison,,3119,2200,141.8,3275
2023-11-30,KVSP,Kern Valley State Prison,,2867,2448,117.1,3622
2023-11-30,LAC,"California State Prison, Los Angeles County",,2790,2300,121.3,3400
2023-11-30,MCSP,Mule Creek State Prison,,3796,3284,115.6,4105
2023-11-30,NKSP,North Kern State Prison,,3930,2694,145.9,4011
2023-11-30,PBSP,Pelican Bay State Prison,,1534,2380,64.5,3153
2023-11-30,PVSP,Pleasant Valley State Prison,,2565,2308,111.1,3433
2023-11-30,RJD,RJ Donovan Correctional Facility,,3278,2992,109.6,4038
2023-11-30,SAC,"California State Prison, Sacramento",,1818,1828,99.5,2547
2023-11-30,SATF,California Substance Abuse Treatment Facility,,4856,3424,141.8,5111
2023-11-30,SCC,Sierra Conservation Center,,4162,4972,83.7,5804
2023-11-30,SOL,"California State Prison, Solano",,3750,2594,144.6,3866
2023-11-30,SQ,San Quentin State Prison,,3479,3084,112.8,3985
2023-11-30,SVSP,Salinas Valley State Prison,,2661,2452,108.5,3525
2023-11-30,VSP,Valley State Prison,,3228,1961,164.6,2931
2023-11-30,WSP,Wasco State Prison,,3656,2984,122.5,4447
2023-12-31,ASP,Avenal State Prison,,4634,2909,159.3,4359
2023-12-31,CAL,Calipatria State Prison,,2741,2308,118.8,3433
2023-12-31,CCI,California Correctional Institution,,1750,1508,116.0,2243
2023-12-31,CCWF,Central California Women's Facility,,2196,1990,110.4,2952
2023-12-31,CEN,Centinela State Prison,,2692,2308,116.6,3433
2023-12-31,CHCF,California Health Care Facility - Stockton,,2258,2953,76.5,2953
2023-12-31,CIM,California Institution for Men,,2303,1604,143.6,2225
2023-12-31,CIW,California Institution for Women,,1190,1281,92.9,1743
2023-12-31,CMC,California Men's Colony,,2116,2613,81.0,2642
2023-12-31,CMF,California Medical Facility,,2193,2318,94.6,2760
2023-12-31,COR,"California State Prison, Corcoran",,3463,3115,111.2,4503
2023-12-31,CRC,California Rehabilitation Center,,3018,1822,165.6,2654
2023-12-31,CTF,Correctional Training Facility,,4130,2800,147.5,4125
2023-12-31,CVSP,Chuckawalla Valley State Prison,,1803,1738,103.7,2603
2023-12-31,FOL,Folsom State Prison,,2785,2065,134.9,3021
2023-12-31,HDSP,High Desert State Prison,,2242,2337,95.9,3474
2023-12-31,ISP,Ironwood State Prison,,3051,2200,138.7,3275
2023-12-31,KVSP,Kern Valley State Prison,,2914,2448,119.0,3622
2023-12-31,LAC,"California State Prison, Los Angeles County",,2808,2300,122.1,3400
2023-12-31,MCSP,Mule Creek State Prison,,3827,3284,116.5,4105
2023-12-31,NKSP,North Kern State Prison,,4016,2694,149.1,4011
2023-12-31,PBSP,Pelican Bay State Prison,,1524,1804,84.5,2445
2023-12-31,PVSP,Pleasant Valley State Prison,,2499,2308,108.3,3433
2023-12-31,RJD,RJ Donovan Correctional Facility,,3297,2992,110.2,4038
2023-12-31,SAC,"California State Prison, Sacramento",,1795,1828,98.2,2557
2023-12-31,SATF,California Substance Abuse Treatment Facility,,4755,3424,138.9,5111
2023-12-31,SCC,Sierra Conservation Center,,4028,4972,81.0,5804
2023-12-31,SOL,"California State Prison, Solano",,3788,2594,146.0,3866
2023-12-31,SQ,San Quentin State Prison,,3486,3084,113.0,3985
2023-12-31,SVSP,Salinas Valley State Prison,,2623,2452,107.0,3525
2023-12-31,VSP,Valley State Prison,,3198,1961,163.1,2931
2023-12-31,WSP,Wasco State Prison,,3774,2984,126.5,4447
2024-01-31,ASP,Avenal State Prison,,4717,2909,162.2,4359
2024-01-31,CAL,Calipatria State Prison,,2654,2308,115.0,3433
2024-01-31,CCI,California Correctional Institution,,1784,1508,118.3,2243
2024-01-31,CCWF,Central California Women's Facility,,2183,1990,109.7,2952
2024-01-31,CEN,Centinela State Prison,,2894,2308,125.4,3433
2024-01-31,CHCF,California Health Care Facility - Stockton,,2238,2953,75.8,2953
2024-01-31,CIM,California Institution for Men,,2194,1604,136.8,2225
2024-01-31,CIW,California Institution for Women,,1185,1281,92.5,1743
2024-01-31,CMC,California Men's Colony,,2249,2613,86.1,2642
2024-01-31,CMF,California Medical Facility,,2177,2318,93.9,2635
2024-01-31,COR,"California State Prison, Corcoran",,3452,3115,110.8,4503
2024-01-31,CRC,California Rehabilitation Center,,3128,1822,171.7,2654
2024-01-31,CTF,Correctional Training Facility,,4122,2800,147.2,4125
2024-01-31,CVSP,Chuckawalla Valley State Prison,,1756,1738,101.0,2603
2024-01-31,FOL,Folsom State Prison,,2765,2065,133.9,3021
2024-01-31,HDSP,High Desert State Prison,,2246,2337,96.1,3474
2024-01-31,ISP,Ironwood State Prison,,2532,2200,115.1,3275
2024-01-31,KVSP,Kern Valley State Prison,,2928,2448,119.6,3622
2024-01-31,LAC,"California State Prison, Los Angeles County",,2894,2300,125.8,3400
2024-01-31,MCSP,Mule Creek State Prison,,3935,3284,119.8,4105
2024-01-31,NKSP,North Kern State Prison,,3772,2694,140.0,4011
2024-01-31,PBSP,Pelican Bay State Prison,,1433,1804,79.4,2445
2024-01-31,PVSP,Pleasant Valley State Prison,,2707,2308,117.3,3433
2024-01-31,RJD,RJ Donovan Correctional Facility,,3299,2992,110.3,4038
2024-01-31,SAC,"California State Prison, Sacramento",,1835,1828,100.4,2557
2024-01-31,SATF,California Substance Abuse Treatment Facility,,4417,3424,129.0,5111
2024-01-31,SCC,Sierra Conservation Center,,3940,4972,79.2,5804
2024-01-31,SOL,"California State Prison, Solano",,3895,2594,150.2,3866
2024-01-31,SQ,San Quentin State Prison,,3551,3084,115.1,3985
2024-01-31,SVSP,Salinas Valley State Prison,,2628,2452,107.2,3525
2024-01-31,VSP,Valley State Prison,,3147,1961,160.5,2931
2024-01-31,WSP,Wasco State Prison,,3774,2984,126.5,4447
2024-02-29,ASP,Avenal State Prison,,4862,2909,167.1,4359
2024-02-29,CAL,Calipatria State Prison,,2591,2308,112.3,3433
2024-02-29,CCI,California Correctional Institution,,1774,1508,117.6,2243
2024-02-29,CCWF,Central California Women's Facility,,2223,1990,111.7,2946
2024-02-29,CEN,Centinela State Prison,,2945,2308,127.6,3433
2024-02-29,CHCF,California Health Care Facility - Stockton,,2211,2953,74.9,2953
2024-02-29,CIM,California Institution for Men,,2181,1604,136.0,2225
2024-02-29,CIW,California Institution for Women,,1171,1281,91.4,1743
2024-02-29,CMC,California Men's Colony,,2320,2613,88.8,2642
2024-02-29,CMF,California Medical Facility,,2186,2318,94.3,2760
2024-02-29,COR,"California State Prison, Corcoran",,3442,3115,110.5,4503
2024-02-29,CRC,California Rehabilitation Center,,3190,1822,175.1,2654
2024-02-29,CTF,Correctional Training Facility,,4086,2800,145.9,4125
2024-02-29,CVSP,Chuckawalla Valley State Prison,,1499,1738,86.2,2018
2024-02-29,FOL,Folsom State Prison,,2710,2065,131.2,3021
2024-02-29,HDSP,High Desert State Prison,,2387,2337,102.1,3474
2024-02-29,ISP,Ironwood State Prison,,2600,2200,118.2,3275
2024-02-29,KVSP,Kern Valley State Prison,,2994,2448,122.3,3622
2024-02-29,LAC,"California State Prison, Los Angeles County",,3017,2300,131.2,3400
2024-02-29,MCSP,Mule Creek State Prison,,3931,3284,119.7,4105
2024-02-29,NKSP,North Kern State Prison,,3485,2694,129.4,4011
2024-02-29,PBSP,Pelican Bay State Prison,,1545,1804,85.6,2445
2024-02-29,PVSP,Pleasant Valley State Prison,,2717,2308,117.7,3433
2024-02-29,RJD,RJ Donovan Correctional Facility,,3301,2992,110.3,4038
2024-02-29,SAC,"California State Prison, Sacramento",,1865,1828,102.0,2557
2024-02-29,SATF,California Substance Abuse Treatment Facility,,4216,3424,123.1,5111
2024-02-29,SCC,Sierra Conservation Center,,3984,4972,80.1,5804
2024-02-29,SOL,"California State Prison, Solano",,3948,2594,152.2,3866
2024-02-29,SQ,San Quentin State Prison,,3556,3084,115.3,3935
2024-02-29,SVSP,Salinas Valley State Prison,,2625,2452,107.1,3525
2024-02-29,VSP,Valley State Prison,,3093,1961,157.7,2931
2024-02-29,WSP,Wasco State Prison,,3613,2984,121.1,4447
2024-03-31,ASP,Avenal State Prison,,4796,2909,164.9,4359
2024-03-31,CAL,Calipatria State Prison,,2839,2308,123.0,3433
2024-03-31,CCI,California Correctional Institution,,1751,1508,116.1,2227
2024-03-31,CCWF,Central California Women's Facility,,2247,1986,113.1,2946
2024-03-31,CEN,Centinela State Prison,,3074,2308,133.2,3433
2024-03-31,CHCF,California Health Care Facility - Stockton,,2209,2953,74.8,2953
2024-03-31,CIM,California Institution for Men,,2201,1604,137.2,2225
2024-03-31,CIW,California Institution for Women,,1150,1281,89.8,1743
2024-03-31,CMC,California Men's Colony,,2356,2613,90.2,2642
2024-03-31,CMF,California Medical Facility,,2158,2319,93.1,2760
2024-03-31,COR,"California State Prison, Corcoran",,2599,3114,83.5,4503
2024-03-31,CRC,California Rehabilitation Center,,3091,1822,169.6,2654
2024-03-31,CTF,Correctional Training Facility,,4044,2800,144.4,4125
2024-03-31,CVSP,Chuckawalla Valley State Prison,,1136,1738,65.4,1433
2024-03-31,FOL,Folsom State Prison,,2662,2065,128.9,3021
2024-03-31,HDSP,High Desert State Prison,,2622,2337,112.2,3442
2024-03-31,ISP,Ironwood State Prison,,2932,2200,133.3,3275
2024-03-31,KVSP,Kern Valley State Prison,,3133,2448,128.0,3574
2024-03-31,LAC,"California State Prison, Los Angeles County",,3149,2300,136.9,3400
2024-03-31,MCSP,Mule Creek State Prison,,3948,3284,120.2,4105
2024-03-31,NKSP,North Kern State Prison,,3291,2694,122.2,4011
2024-03-31,PBSP,Pelican Bay State Prison,,1677,1804,93.0,2429
2024-03-31,PVSP,Pleasant Valley State Prison,,2657,2308,115.1,3433
2024-03-31,RJD,RJ Donovan Correctional Facility,,3356,2992,112.2,4038
2024-03-31,SAC,"California State Prison, Sacramento",,1862,1828,101.9,2493
2024-03-31,SATF,California Substance Abuse Treatment Facility,,4338,3424,126.7,5111
2024-03-31,SCC,Sierra Conservation Center,,3966,4972,79.8,5804
2024-03-31,SOL,"California State Prison, Solano",,3932,2594,151.6,3866
2024-03-31,SQ,San Quentin State Prison,,3523,3084,114.2,3985
2024-03-31,SVSP,Salinas Valley State Prison,,2611,2452,106.5,3509
2024-03-31,VSP,Valley State Prison,,3040,1961,155.0,2931
2024-03-31,WSP,Wasco State Prison,,3622,2984,121.4,4447
2024-04-30,ASP,Avenal State Prison,,4744,2909,163.1,4359
2024-04-30,CAL,Calipatria State Prison,,2788,2308,120.8,3433
2024-04-30,CCI,California Correctional Institution,,1702,1508,112.9,2227
2024-04-30,CCWF,Central California Women's Facility,,2215,1986,111.5,2946
2024-04-30,CEN,Centinela State Prison,,3131,2308,135.7,3433
2024-04-30,CHCF,California Health Care Facility - Stockton,,2180,2953,73.8,2953
2024-04-30,CIM,California Institution for Men,,2220,1604,138.4,2225
2024-04-30,CIW,California Institution for Women,,1174,1281,91.6,1743
2024-04-30,CMC,California Men's Colony,,2311,2613,88.4,2642
2024-04-30,CMF,California Medical Facility,,2101,2319,90.6,2761
2024-04-30,COR,"California State Prison, Corcoran",,2492,3114,80.0,4502
2024-04-30,CRC,California Rehabilitation Center,,2986,1822,163.9,2654
2024-04-30,CTF,Correctional Training Facility,,3963,2800,141.5,4125
2024-04-30,CVSP,Chuckawalla Valley State Prison,,749,1738,43.1,2603
2024-04-30,FOL,Folsom State Prison,,2599,2065,125.9,3021
2024-04-30,HDSP,High Desert State Prison,,2636,2337,112.8,3442
2024-04-30,ISP,Ironwood State Prison,,3283,2200,149.2,3275
2024-04-30,KVSP,Kern Valley State Prison,,3196,2448,130.6,3574
2024-04-30,LAC,"California State Prison, Los Angeles County",,3212,2300,139.7,3400
2024-04-30,MCSP,Mule Creek State Prison,,3958,3284,120.5,4105
2024-04-30,NKSP,North Kern State Prison,,3248,2694,120.6,4011
2024-04-30,PBSP,Pelican Bay State Prison,,1848,1804,102.4,2429
2024-04-30,PVSP,Pleasant Valley State Prison,,2607,2308,113.0,3433
2024-04-30,RJD,RJ Donovan Correctional Facility,,3357,2992,112.2,4038
2024-04-30,SAC,"California State Prison, Sacramento",,1869,1828,102.2,2493
2024-04-30,SATF,California Substance Abuse Treatment Facility,,4469,3424,130.5,5111
2024-04-30,SCC,Sierra Conservation Center,,3962,4972,79.7,5804
2024-04-30,SOL,"California State Prison, Solano",,3910,2594,150.7,3866
2024-04-30,SQ,San Quentin State Prison,,3486,3084,113.0,3985
2024-04-30,SVSP,Salinas Valley State Prison,,2558,2452,104.3,3509
2024-04-30,VSP,Valley State Prison,,2999,1961,152.9,2931
2024-04-30,WSP,Wasco State Prison,,3795,2984,127.2,4447
2024-05-31,ASP,Avenal State Prison,,4710,2909,161.9,4359
2024-05-31,CAL,Calipatria State Prison,,2842,2308,123.1,3433
2024-05-31,CCI,California Correctional Institution,,1679,1508,111.3,2227
2024-05-31,CCWF,Central California Women's Facility,,2244,1986,113.0,2946
2024-05-31,CEN,Centinela State Prison,,3075,2308,133.2,3433
2024-05-31,CHCF,California Health Care Facility - Stockton,,2152,2953,72.9,2953
2024-05-31,CIM,California Institution for Men,,2217,1604,138.2,2225
2024-05-31,CIW,California Institution for Women,,1125,1281,87.8,1743
2024-05-31,CMC,California Men's Colony,,2258,2613,86.4,2642
2024-05-31,CMF,California Medical Facility,,2069,2319,89.2,2761
2024-05-31,COR,"California State Prison, Corcoran",,2549,3114,81.9,4502
2024-05-31,CRC,California Rehabilitation Center,,2900,1822,159.2,2654
2024-05-31,CTF,Correctional Training Facility,,3986,2800,142.4,4125
2024-05-31,CVSP,Chuckawalla Valley State Prison,,489,1738,28.1,2603
2024-05-31,FOL,Folsom State Prison,,2577,2065,124.8,3021
2024-05-31,HDSP,High Desert State Prison,,2563,2337,109.7,3442
2024-05-31,ISP,Ironwood State Prison,,3186,2200,144.8,3275
2024-05-31,KVSP,Kern Valley State Prison,,3339,2448,136.4,3574
2024-05-31,LAC,"California State Prison, Los Angeles County",,3205,2300,139.3,3400
2024-05-31,MCSP,Mule Creek State Prison,,3978,3284,121.1,4105
2024-05-31,NKSP,North Kern State Prison,,3378,2694,125.4,4011
2024-05-31,PBSP,Pelican Bay State Prison,,1973,1804,109.4,2429
2024-05-31,PVSP,Pleasant Valley State Prison,,2474,2308,107.2,3433
2024-05-31,RJD,RJ Donovan Correctional Facility,,3373,2992,112.7,4038
2024-05-31,SAC,"California State Prison, Sacramento",,1868,1828,102.2,2493
2024-05-31,SATF,California Substance Abuse Treatment Facility,,4722,3424,137.9,5111
2024-05-31,SCC,Sierra Conservation Center,,4041,4972,81.3,5804
2024-05-31,SOL,"California State Prison, Solano",,3943,2594,152.0,3866
2024-05-31,SQ,San Quentin State Prison,,3333,3084,108.1,3985
2024-05-31,SVSP,Salinas Valley State Prison,,2548,2452,103.9,3509
2024-05-31,VSP,Valley State Prison,,3047,1961,155.4,2931
2024-05-31,WSP,Wasco State Prison,,3824,2984,128.2,4447
2024-06-30,ASP,Avenal State Prison,,4654,2909,160.0,4359
2024-06-30,CAL,Calipatria State Prison,,2900,2308,125.6,3433
2024-06-30,CCI,California Correctional Institution,,1658,1508,109.9,2227
2024-06-30,CCWF,Central California Women's Facility,,2214,1986,111.5,2946
2024-06-30,CEN,Centinela State Prison,,3006,2308,130.2,3433
2024-06-30,CHCF,California Health Care Facility - Stockton,,2173,2953,73.6,2953
2024-06-30,CIM,California Institution for Men,,2244,1604,139.9,2225
2024-06-30,CIW,California Institution for Women,,1167,1281,91.1,1743
2024-06-30,CMC,California Men's Colony,,2194,2613,84.0,2642
2024-06-30,CMF,California Medical Facility,,2052,2319,88.5,2761
2024-06-30,COR,"California State Prison, Corcoran",,2510,3114,80.6,4502
2024-06-30,CRC,California Rehabilitation Center,,2775,1822,152.3,2654
2024-06-30,CTF,Correctional Training Facility,,3934,2800,140.5,4125
2024-06-30,CVSP,Chuckawalla Valley State Prison,,273,1738,15.7,2603
2024-06-30,FOL,Folsom State Prison,,2610,2065,126.4,3021
2024-06-30,HDSP,High Desert State Prison,,2548,2337,109.0,3442
2024-06-30,ISP,Ironwood State Prison,,3147,2200,143.0,3285
2024-06-30,KVSP,Kern Valley State Prison,,3269,2448,133.5,3574
2024-06-30,LAC,"California State Prison, Los Angeles County",,3199,2300,139.1,3400
2024-06-30,MCSP,Mule Creek State Prison,,3967,3284,120.8,4105
2024-06-30,NKSP,North Kern State Prison,,3321,2694,123.3,4011
2024-06-30,PBSP,Pelican Bay State Prison,,2183,1804,121.0,2429
2024-06-30,PVSP,Pleasant Valley State Prison,,2395,2308,103.8,3433
2024-06-30,RJD,RJ Donovan Correctional Facility,,3345,2992,111.8,4038
2024-06-30,SAC,"California State Prison, Sacramento",,1868,1828,102.2,2493
2024-06-30,SATF,California Substance Abuse Treatment Facility,,4971,3424,145.2,5111
2024-06-30,SCC,Sierra Conservation Center,,4019,4972,80.8,5804
2024-06-30,SOL,"California State Prison, Solano",,4000,2594,154.2,3866
2024-06-30,SQ,San Quentin Rehabilitation Center,,3361,3084,109.0,3985
2024-06-30,SVSP,Salinas Valley State Prison,,2527,2452,103.1,3509
2024-06-30,VSP,Valley State Prison,,3145,1961,160.4,2931
2024-06-30,WSP,Wasco State Prison,,3701,2984,124.0,4447
2024-07-31,ASP,Avenal State Prison,,4560,2909,156.8,3759
2024-07-31,CAL,Calipatria State Prison,,2894,2308,125.4,3433
2024-07-31,CCI,California Correctional Institution,,1710,1508,113.4,2227
2024-07-31,CCWF,Central California Women's Facility,,2106,1986,106.0,2946
2024-07-31,CEN,Centinela State Prison,,3061,2308,132.6,3433
2024-07-31,CHCF,California Health Care Facility - Stockton,,2172,2953,73.6,2953
2024-07-31,CIM,California Institution for Men,,2250,1604,140.3,2225
2024-07-31,CIW,California Institution for Women,,1258,1281,98.2,1743
2024-07-31,CMC,California Men's Colony,,2120,2613,81.1,2642
2024-07-31,CMF,California Medical Facility,,2044,2319,88.1,2657
2024-07-31,COR,"California State Prison, Corcoran",,2493,3114,80.1,3164
2024-07-31,CRC,California Rehabilitation Center,,2782,1822,152.7,2579
2024-07-31,CTF,Correctional Training Facility,,3965,2800,141.6,4125
2024-07-31,FOL,Folsom State Prison,,2731,2065,132.3,3021
2024-07-31,HDSP,High Desert State Prison,,2556,2337,109.4,3442
2024-07-31,ISP,Ironwood State Prison,,3049,2200,138.6,3285
2024-07-31,KVSP,Kern Valley State Prison,,3220,2448,131.5,3136
2024-07-31,LAC,"California State Prison, Los Angeles County",,3227,2300,140.3,3250
2024-07-31,MCSP,Mule Creek State Prison,,3970,3284,120.9,3811
2024-07-31,NKSP,North Kern State Prison,,3119,2694,115.8,4011
2024-07-31,PBSP,Pelican Bay State Prison,,2251,1804,124.8,2425
2024-07-31,PVSP,Pleasant Valley State Prison,,2364,2308,102.4,3433
2024-07-31,RJD,RJ Donovan Correctional Facility,,3096,2992,103.5,3750
2024-07-31,SAC,"California State Prison, Sacramento",,1929,1828,105.5,2265
2024-07-31,SATF,California Substance Abuse Treatment Facility,,5486,3424,160.2,5111
2024-07-31,SCC,Sierra Conservation Center,,4048,4972,81.4,5804
2024-07-31,SOL,"California State Prison, Solano",,4086,2594,157.5,3866
2024-07-31,SQ,San Quentin Rehabilitation Center,,3295,3084,106.8,3935
2024-07-31,SVSP,Salinas Valley State Prison,,2481,2452,101.2,2471
2024-07-31,VSP,Valley State Prison,,3213,1961,163.8,2931
2024-07-31,WSP,Wasco State Prison,,3457,2984,115.9,4447
2024-08-31,ASP,Avenal State Prison,,4431,2909,152.3,3759
2024-08-31,CAL,Calipatria State Prison,,2792,2308,121.0,3433
2024-08-31,CCI,California Correctional Institution,,1709,1508,113.3,2227
2024-08-31,CCWF,Central California Women's Facility,,2092,1986,105.3,2946
2024-08-31,CEN,Centinela State Prison,,3101,2308,134.4,3433
2024-08-31,CHCF,California Health Care Facility - Stockton,,2135,2953,72.3,2953
2024-08-31,CIM,California Institution for Men,,2233,1604,139.2,2225
2024-08-31,CIW,California Institution for Women,,1286,1281,100.4,1743
2024-08-31,CMC,California Men's Colony,,2087,2613,79.9,2642
2024-08-31,CMF,California Medical Facility,,2017,2319,87.0,2657
2024-08-31,COR,"California State Prison, Corcoran",,2496,3114,80.2,3164
2024-08-31,CRC,California Rehabilitation Center,,2792,1822,153.2,2579
2024-08-31,CTF,Correctional Training Facility,,4028,2800,143.9,4125
2024-08-31,FOL,Folsom State Prison,,2797,2065,135.4,3021
2024-08-31,HDSP,High Desert State Prison,,2718,2337,116.3,3442
2024-08-31,ISP,Ironwood State Prison,,2954,2200,134.3,3285
2024-08-31,KVSP,Kern Valley State Prison,,3163,2448,129.2,3136
2024-08-31,LAC,"California State Prison, Los Angeles County",,3221,2300,140.0,3250
2024-08-31,MCSP,Mule Creek State Prison,,4015,3284,122.3,3811
2024-08-31,NKSP,North Kern State Prison,,3139,2694,116.5,4011
2024-08-31,PBSP,Pelican Bay State Prison,,2211,1804,122.6,2425
2024-08-31,PVSP,Pleasant Valley State Prison,,2598,2308,112.6,3433
2024-08-31,RJD,RJ Donovan Correctional Facility,,2932,2992,98.0,3750
2024-08-31,SAC,"California State Prison, Sacramento",,2032,1828,111.2,2265
2024-08-31,SATF,California Substance Abuse Treatment Facility,,5460,3424,159.5,5111
2024-08-31,SCC,Sierra Conservation Center,,3965,4972,79.7,5804
2024-08-31,SOL,"California State Prison, Solano",,4044,2594,155.9,3866
2024-08-31,SQ,San Quentin Rehabilitation Center,,3221,3084,104.4,3935
2024-08-31,SVSP,Salinas Valley State Prison,,2509,2452,102.3,2471
2024-08-31,VSP,Valley State Prison,,3264,1961,166.4,2931
2024-08-31,WSP,Wasco State Prison,,3314,2984,111.1,4447
2024-09-30,ASP,Avenal State Prison,,4230,2509,168.6,3759
2024-09-30,CAL,Calipatria State Prison,,2613,2308,113.2,3433
2024-09-30,CCI,California Correctional Institution,,1594,1508,105.7,2227
2024-09-30,CCWF,Central California Women's Facility,,2107,1986,106.1,2946
2024-09-30,CEN,Centinela State Prison,,3084,2308,133.6,3433
2024-09-30,CHCF,California Health Care Facility - Stockton,,2120,2953,71.8,2953
2024-09-30,CIM,California Institution for Men,,2283,1524,149.8,2225
2024-09-30,CIW,California Institution for Women,,1249,1281,97.5,1743
2024-09-30,CMC,California Men's Colony,,2044,2613,78.2,2642
2024-09-30,CMF,California Medical Facility,,1992,2229,89.4,2657
2024-09-30,COR,"California State Prison, Corcoran",,2477,2222,111.5,3164
2024-09-30,CRC,California Rehabilitation Center,,2804,1722,162.8,2579
2024-09-30,CTF,Correctional Training Facility,,4168,2800,148.9,4125
2024-09-30,FOL,Folsom State Prison,,2784,2065,134.8,3021
2024-09-30,HDSP,High Desert State Prison,,2840,2337,121.5,3442
2024-09-30,ISP,Ironwood State Prison,,2948,2200,134.0,3283
2024-09-30,KVSP,Kern Valley State Prison,,3138,2156,145.5,3136
2024-09-30,LAC,"California State Prison, Los Angeles County",,3270,2200,148.6,3250
2024-09-30,MCSP,Mule Creek State Prison,,3992,3088,129.3,3811
2024-09-30,NKSP,North Kern State Prison,,3104,2694,115.2,4011
2024-09-30,PBSP,Pelican Bay State Prison,,2195,1804,121.7,2441
2024-09-30,PVSP,Pleasant Valley State Prison,,2871,2308,124.4,3433
2024-09-30,RJD,RJ Donovan Correctional Facility,,2863,2800,102.3,3750
2024-09-30,SAC,"California State Prison, Sacramento",,2147,1508,142.4,2265
2024-09-30,SATF,California Substance Abuse Treatment Facility,,5471,3424,159.8,5111
2024-09-30,SCC,Sierra Conservation Center,,4004,4972,80.5,5904
2024-09-30,SOL,"California State Prison, Solano",,4004,2594,154.4,3866
2024-09-30,SQ,San Quentin Rehabilitation Center,,3152,3084,102.2,3935
2024-09-30,SVSP,Salinas Valley State Prison,,2519,1760,143.1,2471
2024-09-30,VSP,Valley State Prison,,3308,1961,168.7,2931
2024-09-30,WSP,Wasco State Prison,,3444,2984,115.4,4447
2024-10-31,ASP,Avenal State Prison,,4056,2509,161.7,3759
2024-10-31,CAL,Calipatria State Prison,,2523,2308,109.3,3433
2024-10-31,CCI,California Correctional Institution,,1631,1508,108.2,2227
2024-10-31,CCWF,Central California Women's Facility,,2112,1986,106.3,2946
2024-10-31,CEN,Centinela State Prison,,2950,2308,127.8,3433
2024-10-31,CHCF,California Health Care Facility - Stockton,,2118,2953,71.7,2953
2024-10-31,CIM,California Institution for Men,,2218,1524,145.5,2105
2024-10-31,CIW,California Institution for Women,,1208,1281,94.3,1743
2024-10-31,CMC,California Men's Colony,,2163,2613,82.8,2543
2024-10-31,CMF,California Medical Facility,,1937,2229,86.9,2657
2024-10-31,COR,"California State Prison, Corcoran",,2646,2222,119.1,3164
2024-10-31,CRC,California Rehabilitation Center,,2873,1722,166.8,2579
2024-10-31,CTF,Correctional Training Facility,,4387,2800,156.7,4125
2024-10-31,FOL,Folsom State Prison,,2746,2065,133.0,3021
2024-10-31,HDSP,High Desert State Prison,,2887,2337,123.5,3442
2024-10-31,ISP,Ironwood State Prison,,2922,2200,132.8,3283
2024-10-31,KVSP,Kern Valley State Prison,,3156,2156,146.4,3136
2024-10-31,LAC,"California State Prison, Los Angeles County",,3317,2200,150.8,3250
2024-10-31,MCSP,Mule Creek State Prison,,3940,3088,127.6,3811
2024-10-31,NKSP,North Kern State Prison,,3071,2694,114.0,4011
2024-10-31,PBSP,Pelican Bay State Prison,,2154,1804,119.4,2441
2024-10-31,PVSP,Pleasant Valley State Prison,,2963,2308,128.4,3433
2024-10-31,RJD,RJ Donovan Correctional Facility,,2840,2800,101.4,3750
2024-10-31,SAC,"California State Prison, Sacramento",,2182,1508,144.7,2045
2024-10-31,SATF,California Substance Abuse Treatment Facility,,5396,3424,157.6,5111
2024-10-31,SCC,Sierra Conservation Center,,4031,4972,81.1,5804
2024-10-31,SOL,"California State Prison, Solano",,3902,2594,150.4,3866
2024-10-31,SQ,San Quentin Rehabilitation Center,,3043,3084,98.7,3935
2024-10-31,SVSP,Salinas Valley State Prison,,2519,1760,143.1,2471
2024-10-31,VSP,Valley State Prison,,3308,1961,168.7,2931
2024-10-31,WSP,Wasco State Prison,,3461,2984,116.0,4447
2024-11-30,ASP,Avenal State Prison,,3895,2509,155.2,3759
2024-11-30,CAL,Calipatria State Prison,,2466,2308,106.8,3433
2024-11-30,CCI,California Correctional Institution,,1740,1508,115.4,2227
2024-11-30,CCWF,Central California Women's Facility,,2103,1986,105.9,2946
2024-11-30,CEN,Centinela State Prison,,2884,2308,125.0,3433
2024-11-30,CHCF,California Health Care Facility - Stockton,,2101,2953,71.1,2953
2024-11-30,CIM,California Institution for Men,,2183,1524,143.2,2105
2024-11-30,CIW,California Institution for Women,,1204,1281,94.0,1743
2024-11-30,CMC,California Men's Colony,,2236,2613,85.6,2543
2024-11-30,CMF,California Medical Facility,,1916,2229,86.0,2657
2024-11-30,COR,"California State Prison, Corcoran",,2742,2222,123.4,3164
2024-11-30,CRC,California Rehabilitation Center,,2855,1722,165.8,2579
2024-11-30,CTF,Correctional Training Facility,,4472,2800,159.7,4125
2024-11-30,FOL,Folsom State Prison,,2846,2065,137.8,3021
2024-11-30,HDSP,High Desert State Prison,,2865,2337,122.6,3442
2024-11-30,ISP,Ironwood State Prison,,2966,2208,134.3,3283
2024-11-30,KVSP,Kern Valley State Prison,,3210,2156,148.9,3136
2024-11-30,LAC,"California State Prison, Los Angeles County",,3289,2200,149.5,3250
2024-11-30,MCSP,Mule Creek State Prison,,3886,3088,125.8,3811
2024-11-30,NKSP,North Kern State Prison,,3014,2694,111.9,4011
2024-11-30,PBSP,Pelican Bay State Prison,,2129,1804,118.0,2441
2024-11-30,PVSP,Pleasant Valley State Prison,,2919,2308,126.5,3433
2024-11-30,RJD,RJ Donovan Correctional Facility,,2966,2800,105.9,3750
2024-11-30,SAC,"California State Prison, Sacramento",,2244,1508,148.8,2045
2024-11-30,SATF,California Substance Abuse Treatment Facility,,5334,3424,155.8,5111
2024-11-30,SCC,Sierra Conservation Center,,4142,4972,83.3,5804
2024-11-30,SOL,"California State Prison, Solano",,3883,2594,149.7,3866
2024-11-30,SQ,San Quentin Rehabilitation Center,,2992,3084,97.0,3935
2024-11-30,SVSP,Salinas Valley State Prison,,2519,1760,143.1,2471
2024-11-30,VSP,Valley State Prison,,3263,1961,166.4,2931
2024-11-30,WSP,Wasco State Prison,,3228,2984,108.2,4447
2024-12-31,ASP,Avenal State Prison,,3783,2509,150.8,3759
2024-12-31,CAL,Calipatria State Prison,,2390,2308,103.6,2683
2024-12-31,CCI,California Correctional Institution,,2044,1508,135.5,2227
2024-12-31,CCWF,Central California Women's Facility,,2022,1986,101.8,2946
2024-12-31,CEN,Centinela State Prison,,2794,2308,121.1,3433
2024-12-31,CHCF,California Health Care Facility - Stockton,,2101,2953,71.1,2953
2024-12-31,CIM,California Institution for Men,,2205,1524,144.7,2105
2024-12-31,CIW,California Institution for Women,,1270,1281,99.1,1743
2024-12-31,CMC,California Men's Colony,,2227,2613,85.2,2543
2024-12-31,CMF,California Medical Facility,,1875,2229,84.1,2657
2024-12-31,COR,"California State Prison, Corcoran",,2685,2222,120.8,3199
2024-12-31,CRC,California Rehabilitation Center,,2800,1722,162.6,2579
2024-12-31,CTF,Correctional Training Facility,,4386,2800,156.6,4125
2024-12-31,FOL,Folsom State Prison,,2797,2065,135.4,3021
2024-12-31,HDSP,High Desert State Prison,,2837,2337,121.4,3106
2024-12-31,ISP,Ironwood State Prison,,2927,2208,132.6,3283
2024-12-31,KVSP,Kern Valley State Prison,,3267,2156,151.5,3136
2024-12-31,LAC,"California State Prison, Los Angeles County",,3189,2200,145.0,3250
2024-12-31,MCSP,Mule Creek State Prison,,3874,3088,125.5,3811
2024-12-31,NKSP,North Kern State Prison,,2998,2694,111.3,2835
2024-12-31,PBSP,Pelican Bay State Prison,,2020,1804,112.0,2441
2024-12-31,PVSP,Pleasant Valley State Prison,,2890,2308,125.2,3433
2024-12-31,RJD,RJ Donovan Correctional Facility,,3157,2800,112.8,3750
2024-12-31,SAC,"California State Prison, Sacramento",,2248,1508,149.1,2045
2024-12-31,SATF,California Substance Abuse Treatment Facility,,5261,3424,153.7,5111
2024-12-31,SCC,Sierra Conservation Center,,4164,4972,83.7,5804
2024-12-31,SOL,"California State Prison, Solano",,3924,2594,151.3,3866
2024-12-31,SQ,San Quentin Rehabilitation Center,,2945,3084,95.5,3935
2024-12-31,SVSP,Salinas Valley State Prison,,2492,1760,141.6,2471
2024-12-31,VSP,Valley State Prison,,3216,1961,164.0,2931
2024-12-31,WSP,Wasco State Prison,,3385,2984,113.4,3547
2025-01-31,ASP,Avenal State Prison,,3784,2909,130.1,3759
2025-01-31,CAL,Calipatria State Prison,,2485,1808,137.4,2683
2025-01-31,CCI,California Correctional Institution,,2371,1508,157.2,2227
2025-01-31,CCWF,Central California Women's Facility,,1995,1986,100.5,2946
2025-01-31,CEN,Centinela State Prison,,2794,2308,121.1,3433
2025-01-31,CHCF,California Health Care Facility - Stockton,,2095,2953,70.9,2953
2025-01-31,CIM,California Institution for Men,,2238,1604,139.5,2105
2025-01-31,CIW,California Institution for Women,,1281,1281,100.0,1743
2025-01-31,CMC,California Men's Colony,,2200,2613,84.2,2543
2025-01-31,CMF,California Medical Facility,,1870,2319,80.6,2657
2025-01-31,COR,"California State Prison, Corcoran",,2664,3114,85.5,3199
2025-01-31,CRC,California Rehabilitation Center,,2737,1822,150.2,2579
2025-01-31,CTF,Correctional Training Facility,,4346,2800,155.2,4125
2025-01-31,FOL,Folsom State Prison,,2765,2065,133.9,3021
2025-01-31,HDSP,High Desert State Prison,,2801,2081,134.6,3058
2025-01-31,ISP,Ironwood State Prison,,2823,2208,127.9,3283
2025-01-31,KVSP,Kern Valley State Prison,,3182,2448,130.0,3136
2025-01-31,LAC,"California State Prison, Los Angeles County",,3113,2300,135.3,3250
2025-01-31,MCSP,Mule Creek State Prison,,3852,3284,117.3,3811
2025-01-31,NKSP,North Kern State Prison,,2697,1910,141.2,2835
2025-01-31,PBSP,Pelican Bay State Prison,,2030,1804,112.5,2425
2025-01-31,PVSP,Pleasant Valley State Prison,,2899,2308,125.6,3433
2025-01-31,RJD,RJ Donovan Correctional Facility,,3273,2992,109.4,3750
2025-01-31,SAC,"California State Prison, Sacramento",,2113,1828,115.6,2045
2025-01-31,SATF,California Substance Abuse Treatment Facility,,5146,3424,150.3,5111
2025-01-31,SCC,Sierra Conservation Center,,4170,4972,83.9,5804
2025-01-31,SOL,"California State Prison, Solano",,3882,2594,149.7,3866
2025-01-31,SQ,San Quentin Rehabilitation Center,,2931,3084,95.0,3935
2025-01-31,SVSP,Salinas Valley State Prison,,2356,2452,96.1,2471
2025-01-31,VSP,Valley State Prison,,3132,1961,159.7,2931
2025-01-31,WSP,Wasco State Prison,,3834,2384,160.8,3547
2025-02-28,ASP,Avenal State Prison,,3765,2909,129.4,4359
2025-02-28,CAL,Calipatria State Prison,,2539,1808,140.4,2683
2025-02-28,CCI,California Correctional Institution,,2420,1508,160.5,2227
2025-02-28,CCWF,Central California Women's Facility,,2023,1986,101.9,2946
2025-02-28,CEN,Centinela State Prison,,2797,2308,121.2,3433
2025-02-28,CHCF,California Health Care Facility - Stockton,,2079,2953,70.4,2953
2025-02-28,CIM,California Institution for Men,,2310,1604,144.0,2225
2025-02-28,CIW,California Institution for Women,,1241,1281,96.9,1743
2025-02-28,CMC,California Men's Colony,,2205,2613,84.4,2543
2025-02-28,CMF,California Medical Facility,,1891,2319,81.5,2761
2025-02-28,COR,"California State Prison, Corcoran",,2632,3114,84.5,4537
2025-02-28,CRC,California Rehabilitation Center,,2756,1822,151.3,2729
2025-02-28,CTF,Correctional Training Facility,,4324,2800,154.4,4125
2025-02-28,FOL,Folsom State Prison,,2817,2065,136.4,3021
2025-02-28,HDSP,High Desert State Prison,,2793,2081,134.2,3058
2025-02-28,ISP,Ironwood State Prison,,2610,2208,118.2,3283
2025-02-28,KVSP,Kern Valley State Prison,,3153,2448,128.8,3574
2025-02-28,LAC,"California State Prison, Los Angeles County",,3144,2300,136.7,3400
2025-02-28,MCSP,Mule Creek State Prison,,3805,3284,115.9,4105
2025-02-28,NKSP,North Kern State Prison,,2650,1910,138.7,2835
2025-02-28,PBSP,Pelican Bay State Prison,,2018,1804,111.9,2425
2025-02-28,PVSP,Pleasant Valley State Prison,,2834,2308,122.8,3433
2025-02-28,RJD,RJ Donovan Correctional Facility,,3366,2992,112.5,4038
2025-02-28,SAC,"California State Prison, Sacramento",,2058,1828,112.6,2525
2025-02-28,SATF,California Substance Abuse Treatment Facility,,5234,3424,152.9,5111
2025-02-28,SCC,Sierra Conservation Center,,4180,4972,84.1,5804
2025-02-28,SOL,"California State Prison, Solano",,3875,2594,149.4,3866
2025-02-28,SQ,San Quentin Rehabilitation Center,,2879,3084,93.4,3935
2025-02-28,SVSP,Salinas Valley State Prison,,2370,2452,96.7,3509
2025-02-28,VSP,Valley State Prison,,3083,1961,157.2,2931
2025-02-28,WSP,Wasco State Prison,,3819,2384,160.2,3547
2025-03-31,ASP,Avenal State Prison,,3809,2909,130.9,4359
2025-03-31,CAL,Calipatria State Prison,,2555,1808,141.3,2683
2025-03-31,CCI,California Correctional Institution,,2413,1508,160.0,2227
2025-03-31,CCWF,Central California Women's Facility,,2005,1986,101.0,2946
2025-03-31,CEN,Centinela State Prison,,2819,2308,122.1,3433
2025-03-31,CHCF,California Health Care Facility - Stockton,,2094,2953,70.9,2953
2025-03-31,CIM,California Institution for Men,,2347,1604,146.3,2225
2025-03-31,CIW,California Institution for Women,,1228,1281,95.9,1743
2025-03-31,CMC,California Men's Colony,,2185,2613,83.6,2543
2025-03-31,CMF,California Medical Facility,,1909,2319,82.3,2761
2025-03-31,COR,"California State Prison, Corcoran",,2618,3114,84.1,4512
2025-03-31,CRC,California Rehabilitation Center,,2698,1822,148.1,2729
2025-03-31,CTF,Correctional Training Facility,,4304,2800,153.7,4125
2025-03-31,FOL,Folsom State Prison,,2829,2065,137.0,3021
2025-03-31,HDSP,High Desert State Prison,,2903,2081,139.5,3058
2025-03-31,ISP,Ironwood State Prison,,2514,2208,113.9,3283
2025-03-31,KVSP,Kern Valley State Prison,,3072,2448,125.5,3574
2025-03-31,LAC,"California State Prison, Los Angeles County",,3081,2300,134.0,3400
2025-03-31,MCSP,Mule Creek State Prison,,3803,3284,115.8,4105
2025-03-31,NKSP,North Kern State Prison,,2596,1910,135.9,2835
2025-03-31,PBSP,Pelican Bay State Prison,,2005,1804,111.1,2425
2025-03-31,PVSP,Pleasant Valley State Prison,,2844,2308,123.2,3433
2025-03-31,RJD,RJ Donovan Correctional Facility,,3433,2992,114.7,4038
2025-03-31,SAC,"California State Prison, Sacramento",,2075,1828,113.5,2525
2025-03-31,SATF,California Substance Abuse Treatment Facility,,5337,3424,155.9,5111
2025-03-31,SCC,Sierra Conservation Center,,4110,4972,82.7,5804
2025-03-31,SOL,"California State Prison, Solano",,3882,2594,149.7,3866
2025-03-31,SQ,San Quentin Rehabilitation Center,,2865,3084,92.9,3935
2025-03-31,SVSP,Salinas Valley State Prison,,2403,2452,98.0,3509
2025-03-31,VSP,Valley State Prison,,3022,1961,154.1,2931
2025-03-31,WSP,Wasco State Prison,,3644,2384,152.9,3547
2025-04-30,ASP,Avenal State Prison,,3945,2909,135.6,4359
2025-04-30,CAL,Calipatria State Prison,,2482,1808,137.3,2683
2025-04-30,CCI,California Correctional Institution,,2479,1508,164.4,2212
2025-04-30,CCWF,Central California Women's Facility,,1988,1986,100.1,2946
2025-04-30,CEN,Centinela State Prison,,2901,2308,125.7,3433
2025-04-30,CHCF,California Health Care Facility - Stockton,,2212,2953,74.9,2953
2025-04-30,CIM,California Institution for Men,,2312,1604,144.1,2225
2025-04-30,CIW,California Institution for Women,,1217,1281,95.0,1743
2025-04-30,CMC,California Men's Colony,,2225,2613,85.2,2543
2025-04-30,CMF,California Medical Facility,,1966,2319,84.8,2761
2025-04-30,COR,"California State Prison, Corcoran",,2648,3114,85.0,4512
2025-04-30,CRC,California Rehabilitation Center,,2762,1822,151.6,2729
2025-04-30,CTF,Correctional Training Facility,,4290,2800,153.2,4125
2025-04-30,FOL,Folsom State Prison,,2855,2065,138.3,3021
2025-04-30,HDSP,High Desert State Prison,,2823,2081,135.7,3058
2025-04-30,ISP,Ironwood State Prison,,2624,2208,118.8,3283
2025-04-30,KVSP,Kern Valley State Prison,,3111,2448,127.1,3574
2025-04-30,LAC,"California State Prison, Los Angeles County",,2854,2300,124.1,3400
2025-04-30,MCSP,Mule Creek State Prison,,3775,3284,115.0,4105
2025-04-30,NKSP,North Kern State Prison,,2517,1910,131.8,2835
2025-04-30,PBSP,Pelican Bay State Prison,,2006,1804,111.2,2425
2025-04-30,PVSP,Pleasant Valley State Prison,,2981,2308,129.2,3433
2025-04-30,RJD,RJ Donovan Correctional Facility,,3471,2992,116.0,4038
2025-04-30,SAC,"California State Prison, Sacramento",,2063,1828,112.9,2493
2025-04-30,SATF,California Substance Abuse Treatment Facility,,5410,3424,158.0,5111
2025-04-30,SCC,Sierra Conservation Center,,4026,4972,81.0,5804
2025-04-30,SOL,"California State Prison, Solano",,3789,2594,146.1,3866
2025-04-30,SQ,San Quentin Rehabilitation Center,,2805,3084,91.0,3935
2025-04-30,SVSP,Salinas Valley State Prison,,2328,2452,94.9,3509
2025-04-30,VSP,Valley State Prison,,3013,1961,153.6,2931
2025-04-30,WSP,Wasco State Prison,,3603,2384,151.1,3547
2025-05-31,ASP,Avenal State Prison,,3992,2909,137.2,4359
2025-05-31,CAL,Calipatria State Prison,,2429,1808,134.3,2683
2025-05-31,CCI,California Correctional Institution,,2472,1508,163.9,2212
2025-05-31,CCWF,Central California Women's Facility,,2027,1986,102.1,2946
2025-05-31,CEN,Centinela State Prison,,2951,2308,127.9,3433
2025-05-31,CHCF,California Health Care Facility - Stockton,,2309,2953,78.2,2953
2025-05-31,CIM,California Institution for Men,,2262,1604,141.0,2225
2025-05-31,CIW,California Institution for Women,,1199,1281,93.6,1743
2025-05-31,CMC,California Men's Colony,,2253,2613,86.2,2543
2025-05-31,CMF,California Medical Facility,,2023,2319,87.2,2761
2025-05-31,COR,"California State Prison, Corcoran",,2625,3114,84.3,4512
2025-05-31,CRC,California Rehabilitation Center,,2744,1822,150.6,2729
2025-05-31,CTF,Correctional Training Facility,,4246,2800,151.6,4125
2025-05-31,FOL,Folsom State Prison,,2867,2065,138.8,3021
2025-05-31,HDSP,High Desert State Prison,,2715,2081,130.5,3058
2025-05-31,ISP,Ironwood State Prison,,2621,2208,118.7,3283
2025-05-31,KVSP,Kern Valley State Prison,,3113,2448,127.2,3574
2025-05-31,LAC,"California State Prison, Los Angeles County",,2687,2300,116.8,3400
2025-05-31,MCSP,Mule Creek State Prison,,3781,3284,115.1,4105
2025-05-31,NKSP,North Kern State Prison,,2410,1910,126.2,2835
2025-05-31,PBSP,Pelican Bay State Prison,,2005,1804,111.1,2429
2025-05-31,PVSP,Pleasant Valley State Prison,,2959,2308,128.2,3433
2025-05-31,RJD,RJ Donovan Correctional Facility,,3555,2992,118.8,4038
2025-05-31,SAC,"California State Prison, Sacramento",,2145,1828,117.3,2493
2025-05-31,SATF,California Substance Abuse Treatment Facility,,5406,3424,157.9,5111
2025-05-31,SCC,Sierra Conservation Center,,3980,4972,80.0,5804
2025-05-31,SOL,"California State Prison, Solano",,3706,2594,142.9,3866
2025-05-31,SQ,San Quentin Rehabilitation Center,,2722,3084,88.3,3935
2025-05-31,SVSP,Salinas Valley State Prison,,2375,2452,96.9,3509
2025-05-31,VSP,Valley State Prison,,3045,1961,155.3,2931
2025-05-31,WSP,Wasco State Prison,,3816,2384,160.1,3547
2025-06-30,ASP,Avenal State Prison,,4028,2909,138.5,4359
2025-06-30,CAL,Calipatria State Prison,,2365,1808,130.8,2683
2025-06-30,CCI,California Correctional Institution,,2423,1508,160.7,2212
2025-06-30,CCWF,Central California Women's Facility,,1962,1986,98.8,2946
2025-06-30,CEN,Centinela State Prison,,2983,2308,129.2,3433
2025-06-30,CHCF,California Health Care Facility - Stockton,,2277,2953,77.1,2953
2025-06-30,CIM,California Institution for Men,,2268,1604,141.4,2225
2025-06-30,CIW,California Institution for Women,,1235,1281,96.4,1743
2025-06-30,CMC,California Men's Colony,,2209,2613,84.5,2543
2025-06-30,CMF,California Medical Facility,,2071,2319,89.3,2761
2025-06-30,COR,"California State Prison, Corcoran",,2588,3114,83.1,4512
2025-06-30,CRC,California Rehabilitation Center,,2735,1822,150.1,2729
2025-06-30,CTF,Correctional Training Facility,,4227,2800,151.0,4125
2025-06-30,FOL,Folsom State Prison,,2830,2065,137.0,2985
2025-06-30,HDSP,High Desert State Prison,,2635,2081,126.6,3058
2025-06-30,ISP,Ironwood State Prison,,2649,2208,120.0,3283
2025-06-30,KVSP,Kern Valley State Prison,,3160,2448,129.1,3574
2025-06-30,LAC,"California State Prison, Los Angeles County",,2750,2300,119.6,3400
2025-06-30,MCSP,Mule Creek State Prison,,3795,3284,115.6,4105
2025-06-30,NKSP,North Kern State Prison,,2384,1910,124.8,2835
2025-06-30,PBSP,Pelican Bay State Prison,,2032,1804,112.6,2429
2025-06-30,PVSP,Pleasant Valley State Prison,,2900,2308,125.6,3433
2025-06-30,RJD,RJ Donovan Correctional Facility,,3585,2992,119.8,4038
2025-06-30,SAC,"California State Prison, Sacramento",,2175,1828,119.0,2493
2025-06-30,SATF,California Substance Abuse Treatment Facility,,5399,3424,157.7,5111
2025-06-30,SCC,Sierra Conservation Center,,3948,4972,79.4,5804
2025-06-30,SOL,"California State Prison, Solano",,3595,2594,138.6,3866
2025-06-30,SQ,San Quentin Rehabilitation Center,,2702,3084,87.6,3935
2025-06-30,SVSP,Salinas Valley State Prison,,2363,2452,96.4,3509
2025-06-30,VSP,Valley State Prison,,3057,1961,155.9,2931
2025-06-30,WSP,Wasco State Prison,,3938,2384,165.2,3547
2025-07-31,ASP,Avenal State Prison,,4040,2909,138.9,4359
2025-07-31,CAL,Calipatria State Prison,,2373,1808,131.3,2683
2025-07-31,CCI,California Correctional Institution,,2394,1508,158.8,2212
2025-07-31,CCWF,Central California Women's Facility,,1983,1986,99.8,2946
2025-07-31,CEN,Centinela State Prison,,2952,2308,127.9,3433
2025-07-31,CHCF,California Health Care Facility - Stockton,,2280,2953,77.2,2953
2025-07-31,CIM,California Institution for Men,,2244,1604,139.9,2225
2025-07-31,CIW,California Institution for Women,,1210,1281,94.5,1743
2025-07-31,CMC,California Men's Colony,,2154,2613,82.4,2543
2025-07-31,CMF,California Medical Facility,,2091,2319,90.2,2761
2025-07-31,COR,"California State Prison, Corcoran",,2569,3114,82.5,4537
2025-07-31,CRC,California Rehabilitation Center,,2795,1822,153.4,2729
2025-07-31,CTF,Correctional Training Facility,,4172,2800,149.0,4125
2025-07-31,FOL,Folsom State Prison,,2783,2065,134.8,2985
2025-07-31,HDSP,High Desert State Prison,,2530,2081,121.6,3058
2025-07-31,ISP,Ironwood State Prison,,2698,2208,122.2,3283
2025-07-31,KVSP,Kern Valley State Prison,,3128,2448,127.8,3574
2025-07-31,LAC,"California State Prison, Los Angeles County",,2878,2300,125.1,3400
2025-07-31,MCSP,Mule Creek State Prison,,3796,3284,115.6,4105
2025-07-31,NKSP,North Kern State Prison,,2266,1910,118.6,2835
2025-07-31,PBSP,Pelican Bay State Prison,,2101,1804,116.5,2429
2025-07-31,PVSP,Pleasant Valley State Prison,,2997,2308,129.9,3433
2025-07-31,RJD,RJ Donovan Correctional Facility,,3653,2992,122.1,4038
2025-07-31,SAC,"California State Prison, Sacramento",,2178,1828,119.1,2493
2025-07-31,SATF,California Substance Abuse Treatment Facility,,5385,3424,157.3,5111
2025-07-31,SCC,Sierra Conservation Center,,3908,4972,78.6,5804
2025-07-31,SOL,"California State Prison, Solano",,3558,2594,137.2,3866
2025-07-31,SQ,San Quentin Rehabilitation Center,,2626,3084,85.1,3935
2025-07-31,SVSP,Salinas Valley State Prison,,2377,2452,96.9,3509
2025-07-31,VSP,Valley State Prison,,3134,1961,159.8,2931
2025-07-31,WSP,Wasco State Prison,,3968,2384,166.4,3547
2025-08-31,ASP,Avenal State Prison,,3932,2909,135.2,4359
2025-08-31,CAL,Calipatria State Prison,,2380,1808,131.6,2683
2025-08-31,CCI,California Correctional Institution,,2488,1508,165.0,2212
2025-08-31,CCWF,Central California Women's Facility,,2033,1986,102.4,2946
2025-08-31,CEN,Centinela State Prison,,3016,2308,130.7,3433
2025-08-31,CHCF,California Health Care Facility - Stockton,,2298,2953,77.8,2953
2025-08-31,CIM,California Institution for Men,,2229,1604,139.0,2225
2025-08-31,CIW,California Institution for Women,,1150,1281,89.8,1743
2025-08-31,CMC,California Men's Colony,,2086,2613,79.8,2543
2025-08-31,CMF,California Medical Facility,,2096,2319,90.4,2761
2025-08-31,COR,"California State Prison, Corcoran",,2580,3114,82.9,4537
2025-08-31,CRC,California Rehabilitation Center,,2610,1822,143.2,2729
2025-08-31,CTF,Correctional Training Facility,,4166,2800,148.8,4125
2025-08-31,FOL,Folsom State Prison,,2726,2065,132.0,2985
2025-08-31,HDSP,High Desert State Prison,,2383,2081,114.5,3074
2025-08-31,ISP,Ironwood State Prison,,2722,2208,123.3,3283
2025-08-31,KVSP,Kern Valley State Prison,,3061,2448,125.0,3574
2025-08-31,LAC,"California State Prison, Los Angeles County",,3032,2300,131.8,3400
2025-08-31,MCSP,Mule Creek State Prison,,3808,3284,116.0,4105
2025-08-31,NKSP,North Kern State Prison,,2407,1910,126.0,2835
2025-08-31,PBSP,Pelican Bay State Prison,,2176,1804,120.6,2429
2025-08-31,PVSP,Pleasant Valley State Prison,,3081,2308,133.5,3433
2025-08-31,RJD,RJ Donovan Correctional Facility,,3712,2992,124.1,4038
2025-08-31,SAC,"California State Prison, Sacramento",,2158,1828,118.1,2493
2025-08-31,SATF,California Substance Abuse Treatment Facility,,5377,3424,157.0,5111
2025-08-31,SCC,Sierra Conservation Center,,3899,4972,78.4,5804
2025-08-31,SOL,"California State Prison, Solano",,3568,2594,137.5,3866
2025-08-31,SQ,San Quentin Rehabilitation Center,,2596,3084,84.2,3935
2025-08-31,SVSP,Salinas Valley State Prison,,2394,2452,97.6,3509
2025-08-31,VSP,Valley State Prison,,3278,1961,167.2,2931
2025-08-31,WSP,Wasco State Prison,,3800,2384,159.4,3547
2025-09-30,ASP,Avenal State Prison,,3933,2909,135.2,4359
2025-09-30,CAL,Calipatria State Prison,,2405,1808,133.0,2683
2025-09-30,CCI,California Correctional Institution,,2519,1508,167.0,2212
2025-09-30,CCWF,Central California Women's Facility,,2061,1986,103.8,2946
2025-09-30,CEN,Centinela State Prison,,3081,2308,133.5,3433
2025-09-30,CHCF,California Health Care Facility - Stockton,,2334,2953,79.0,2953
2025-09-30,CIM,California Institution for Men,,2278,1604,142.0,2225
2025-09-30,CIW,California Institution for Women,,1136,1281,88.7,1743
2025-09-30,CMC,California Men's Colony,,2100,2613,80.4,2543
2025-09-30,CMF,California Medical Facility,,2134,2319,92.0,2761
2025-09-30,COR,"California State Prison, Corcoran",,2615,3114,84.0,4537
2025-09-30,CRC,California Rehabilitation Center,,2153,1822,118.2,2729
2025-09-30,CTF,Correctional Training Facility,,4176,2800,149.1,4125
2025-09-30,FOL,Folsom State Prison,,2731,2065,132.3,2985
2025-09-30,HDSP,High Desert State Prison,,2593,2081,124.6,3074
2025-09-30,ISP,Ironwood State Prison,,2844,2208,128.8,3283
2025-09-30,KVSP,Kern Valley State Prison,,2884,2448,117.8,3574
2025-09-30,LAC,"California State Prison, Los Angeles County",,3085,2300,134.1,3400
2025-09-30,MCSP,Mule Creek State Prison,,3738,3284,113.8,4105
2025-09-30,NKSP,North Kern State Prison,,2557,1910,133.9,2835
2025-09-30,PBSP,Pelican Bay State Prison,,2188,1804,121.3,2429
2025-09-30,PVSP,Pleasant Valley State Prison,,3066,2308,132.8,3433
2025-09-30,RJD,RJ Donovan Correctional Facility,,3731,2992,124.7,4038
2025-09-30,SAC,"California State Prison, Sacramento",,2175,1828,119.0,2493
2025-09-30,SATF,California Substance Abuse Treatment Facility,,5403,3424,157.8,5111
2025-09-30,SCC,Sierra Conservation Center,,3964,4972,79.7,5804
2025-09-30,SOL,"California State Prison, Solano",,3676,2594,141.7,3866
2025-09-30,SQ,San Quentin Rehabilitation Center,,2581,3084,83.7,3935
2025-09-30,SVSP,Salinas Valley State Prison,,2437,2452,99.4,3509
2025-09-30,VSP,Valley State Prison,,3297,1961,168.1,2931
2025-09-30,WSP,Wasco State Prison,,3444,2384,144.5,3547
2025-10-31,ASP,Avenal State Prison,,3852,2909,132.4,4359
2025-10-31,CAL,Calipatria State Prison,,2516,1808,139.2,2683
2025-10-31,CCI,California Correctional Institution,,2458,1508,163.0,2212
2025-10-31,CCWF,Central California Women's Facility,,2101,1986,105.8,2946
2025-10-31,CEN,Centinela State Prison,,3188,2308,138.1,3433
2025-10-31,CHCF,California Health Care Facility - Stockton,,2350,2953,79.6,2953
2025-10-31,CIM,California Institution for Men,,2276,1604,141.9,2225
2025-10-31,CIW,California Institution for Women,,1128,1281,88.1,1743
2025-10-31,CMC,California Men's Colony,,2110,2613,80.8,2543
2025-10-31,CMF,California Medical Facility,,2149,2319,92.7,2761
2025-10-31,COR,"California State Prison, Corcoran",,2706,3114,86.9,4537
2025-10-31,CRC,California Rehabilitation Center,,1632,1822,89.6,2729
2025-10-31,CTF,Correctional Training Facility,,4154,2800,148.4,4125
2025-10-31,FOL,Folsom State Prison,,2737,2065,132.5,2985
2025-10-31,HDSP,High Desert State Prison,,2739,2081,131.6,3074
2025-10-31,ISP,Ironwood State Prison,,2913,2208,131.9,3283
2025-10-31,KVSP,Kern Valley State Prison,,2917,2448,119.2,3574
2025-10-31,LAC,"California State Prison, Los Angeles County",,2786,2300,121.1,3400
2025-10-31,MCSP,Mule Creek State Prison,,3731,3284,113.6,4105
2025-10-31,NKSP,North Kern State Prison,,2726,1910,142.7,2835
2025-10-31,PBSP,Pelican Bay State Prison,,2226,1804,123.4,2429
2025-10-31,PVSP,Pleasant Valley State Prison,,3142,2308,136.1,3433
2025-10-31,RJD,RJ Donovan Correctional Facility,,3788,2992,126.6,4038
2025-10-31,SAC,"California State Prison, Sacramento",,2144,1828,117.3,2493
2025-10-31,SATF,California Substance Abuse Treatment Facility,,5472,3424,159.8,5111
2025-10-31,SCC,Sierra Conservation Center,,4073,4972,81.9,5804
2025-10-31,SOL,"California State Prison, Solano",,3741,2594,144.2,3866
2025-10-31,SQ,San Quentin Rehabilitation Center,,2532,3084,82.1,3935
2025-10-31,SVSP,Salinas Valley State Prison,,2452,2452,100.0,3509
2025-10-31,VSP,Valley State Prison,,3270,1961,166.8,2931
2025-10-31,WSP,Wasco State Prison,,3405,2384,142.8,3547
2025-11-30,ASP,Avenal State Prison,,3796,2909,130.5,4359
2025-11-30,CAL,Calipatria State Prison,,2502,1808,138.4,2683
2025-11-30,CCI,California Correctional Institution,,2392,1508,158.6,2212
2025-11-30,CCWF,Central California Women's Facility,,2130,1986,107.3,2946
2025-11-30,CEN,Centinela State Prison,,3181,2308,137.8,3433
2025-11-30,CHCF,California Health Care Facility - Stockton,,2336,2953,79.1,2953
2025-11-30,CIM,California Institution for Men,,2232,1604,139.2,2225
2025-11-30,CIW,California Institution for Women,,1123,1281,87.7,1743
2025-11-30,CMC,California Men's Colony,,2135,2613,81.7,2543
2025-11-30,CMF,California Medical Facility,,2153,2319,92.8,2761
2025-11-30,COR,"California State Prison, Corcoran",,2649,3114,85.1,4537
2025-11-30,CRC,California Rehabilitation Center,,1335,1822,73.3,2729
2025-11-30,CTF,Correctional Training Facility,,4164,2800,148.7,4125
2025-11-30,FOL,Folsom State Prison,,2680,2065,129.8,2985
2025-11-30,HDSP,High Desert State Prison,,2814,2081,135.2,3074
2025-11-30,ISP,Ironwood State Prison,,2983,2208,135.1,3283
2025-11-30,KVSP,Kern Valley State Prison,,3070,2448,125.4,3574
2025-11-30,LAC,"California State Prison, Los Angeles County",,2915,2300,126.7,3400
2025-11-30,MCSP,Mule Creek State Prison,,3697,3284,112.6,4105
2025-11-30,NKSP,North Kern State Prison,,2784,1910,145.8,2835
2025-11-30,PBSP,Pelican Bay State Prison,,2195,1804,121.7,2429
2025-11-30,PVSP,Pleasant Valley State Prison,,3113,2308,134.9,3433
2025-11-30,RJD,RJ Donovan Correctional Facility,,3758,2992,125.6,4038
2025-11-30,SAC,"California State Prison, Sacramento",,2135,1828,116.8,2493
2025-11-30,SATF,California Substance Abuse Treatment Facility,,5412,3424,158.1,5111
2025-11-30,SCC,Sierra Conservation Center,,4064,4972,81.7,5804
2025-11-30,SOL,"California State Prison, Solano",,3768,2594,145.3,3866
2025-11-30,SQ,San Quentin Rehabilitation Center,,2507,3084,81.3,3935
2025-11-30,SVSP,Salinas Valley State Prison,,2426,2452,98.9,3509
2025-11-30,VSP,Valley State Prison,,3245,1961,165.5,2931
2025-11-30,WSP,Wasco State Prison,,3470,2384,145.6,3547
2025-12-31,ASP,Avenal State Prison,,3821,2909,131.4,4359
2025-12-31,CAL,Calipatria State Prison,,2509,1808,138.8,2683
2025-12-31,CCI,California Correctional Institution,,2376,1508,157.6,2212
2025-12-31,CCWF,Central California Women's Facility,,2168,1986,109.2,2946
2025-12-31,CEN,Centinela State Prison,,3150,2308,136.5,3433
2025-12-31,CHCF,California Health Care Facility - Stockton,,2351,2953,79.6,2953
2025-12-31,CIM,California Institution for Men,,2293,1604,143.0,2225
2025-12-31,CIW,California Institution for Women,,1099,1281,85.8,1743
2025-12-31,CMC,California Men's Colony,,2201,2613,84.2,2543
2025-12-31,CMF,California Medical Facility,,2183,2319,94.1,2761
2025-12-31,COR,"California State Prison, Corcoran",,2657,3114,85.3,4537
2025-12-31,CRC,California Rehabilitation Center,,999,1822,54.8,2729
2025-12-31,CTF,Correctional Training Facility,,4131,2800,147.5,4125
2025-12-31,FOL,Folsom State Prison,,2706,2065,131.0,2985
2025-12-31,HDSP,High Desert State Prison,,2896,2081,139.2,3074
2025-12-31,ISP,Ironwood State Prison,,3172,2208,143.7,3283
2025-12-31,KVSP,Kern Valley State Prison,,3249,2448,132.7,3574
2025-12-31,LAC,"California State Prison, Los Angeles County",,3066,2300,133.3,3400
2025-12-31,MCSP,Mule Creek State Prison,,3546,3284,108.0,4105
2025-12-31,NKSP,North Kern State Prison,,2840,1910,148.7,2835
2025-12-31,PBSP,Pelican Bay State Prison,,2169,1804,120.2,2429
2025-12-31,PVSP,Pleasant Valley State Prison,,3083,2308,133.6,3433
2025-12-31,RJD,RJ Donovan Correctional Facility,,3773,2992,126.1,4038
2025-12-31,SAC,"California State Prison, Sacramento",,2149,1828,117.6,2493
2025-12-31,SATF,California Substance Abuse Treatment Facility,,5319,3424,155.3,5111
2025-12-31,SCC,Sierra Conservation Center,,4103,4972,82.5,5804
2025-12-31,SOL,"California State Prison, Solano",,3783,2594,145.8,3866
2025-12-31,SQ,San Quentin Rehabilitation Center,,2506,3084,81.3,3935
2025-12-31,SVSP,Salinas Valley State Prison,,2367,2452,96.5,3509
2025-12-31,VSP,Valley State Prison,,3200,1961,163.2,2931
2025-12-31,WSP,Wasco State Prison,,3369,2384,141.3,3547
2026-01-31,ASP,Avenal State Prison,,3815,2909,131.1,4359
2026-01-31,CAL,Calipatria State Prison,,2503,1808,138.4,2683
2026-01-31,CCI,California Correctional Institution,,2329,1508,154.4,2212
2026-01-31,CCWF,Central California Women's Facility,,2182,1986,109.9,2946
2026-01-31,CEN,Centinela State Prison,,3103,2308,134.4,3433
2026-01-31,CHCF,California Health Care Facility - Stockton,,2354,2953,79.7,2953
2026-01-31,CIM,California Institution for Men,,2346,1604,146.3,2225
2026-01-31,CIW,California Institution for Women,,1095,1281,85.5,1743
2026-01-31,CMC,California Men's Colony,,2165,2613,82.9,2543
2026-01-31,CMF,California Medical Facility,,2160,2319,93.1,2761
2026-01-31,COR,"California State Prison, Corcoran",,2625,3114,84.3,4537
2026-01-31,CRC,California Rehabilitation Center,,826,1822,45.3,2729
2026-01-31,CTF,Correctional Training Facility,,4268,2800,152.4,4125
2026-01-31,FOL,Folsom State Prison,,2724,2065,131.9,2985
2026-01-31,HDSP,High Desert State Prison,,2908,2081,139.7,3074
2026-01-31,ISP,Ironwood State Prison,,3248,2208,147.1,3283
2026-01-31,KVSP,Kern Valley State Prison,,3253,2448,132.9,3574
2026-01-31,LAC,"California State Prison, Los Angeles County",,3141,2300,136.6,3400
2026-01-31,MCSP,Mule Creek State Prison,,3470,3284,105.7,4105
2026-01-31,NKSP,North Kern State Prison,,2803,1910,146.8,2835
2026-01-31,PBSP,Pelican Bay State Prison,,1955,1804,108.4,2429
2026-01-31,PVSP,Pleasant Valley State Prison,,3110,2308,134.7,3433
2026-01-31,RJD,RJ Donovan Correctional Facility,,3841,2992,128.4,4038
2026-01-31,SAC,"California State Prison, Sacramento",,2165,1828,118.4,2493
2026-01-31,SATF,California Substance Abuse Treatment Facility,,5235,3424,152.9,5111
2026-01-31,SCC,Sierra Conservation Center,,4103,4972,82.5,5804
2026-01-31,SOL,"California State Prison, Solano",,3721,2594,143.4,3866
2026-01-31,SQ,San Quentin Rehabilitation Center,,2499,3084,81.0,3935
2026-01-31,SVSP,Salinas Valley State Prison,,2329,2452,95.0,3509
2026-01-31,VSP,Valley State Prison,,3172,1961,161.8,2931
2026-01-31,WSP,Wasco State Prison,,3265,2384,137.0,3547
2026-02-28,ASP,Avenal State Prison,,3882,2909,133.4,4359
2026-02-28,CAL,Calipatria State Prison,,2530,1808,139.9,2683
2026-02-28,CCI,California Correctional Institution,,2371,1508,157.2,2212
2026-02-28,CCWF,Central California Women's Facility,,2184,1986,110.0,2946
2026-02-28,CEN,Centinela State Prison,,3125,2308,135.4,3433
2026-02-28,CHCF,California Health Care Facility - Stockton,,2392,2953,81.0,2953
2026-02-28,CIM,California Institution for Men,,2326,1600,145.4,2219
2026-02-28,CIW,California Institution for Women,,1081,1281,84.4,1743
2026-02-28,CMC,California Men's Colony,,2116,2613,81.0,2543
2026-02-28,CMF,California Medical Facility,,2158,2316,93.2,2756
2026-02-28,COR,"California State Prison, Corcoran",,2582,3114,82.9,4537
2026-02-28,CRC,California Rehabilitation Center,,603,1822,33.1,2729
2026-02-28,CTF,Correctional Training Facility,,4362,2800,155.8,4125
2026-02-28,FOL,Folsom State Prison,,2678,2065,129.7,2985
2026-02-28,HDSP,High Desert State Prison,,2924,2081,140.5,3074
2026-02-28,ISP,Ironwood State Prison,,3378,2208,153.0,3283
2026-02-28,KVSP,Kern Valley State Prison,,3281,2448,134.0,3574
2026-02-28,LAC,"California State Prison, Los Angeles County",,3259,2300,141.7,3400
2026-02-28,MCSP,Mule Creek State Prison,,3536,3284,107.7,4105
2026-02-28,NKSP,North Kern State Prison,,2713,1910,142.0,2835
2026-02-28,PBSP,Pelican Bay State Prison,,1706,1804,94.6,2429
2026-02-28,PVSP,Pleasant Valley State Prison,,3133,2308,135.7,3433
2026-02-28,RJD,RJ Donovan Correctional Facility,,3968,2992,132.6,4038
2026-02-28,SAC,"California State Prison, Sacramento",,2167,1828,118.5,2493
2026-02-28,SATF,California Substance Abuse Treatment Facility,,5255,3424,153.5,5111
2026-02-28,SCC,Sierra Conservation Center,,4104,4972,82.5,5804
2026-02-28,SOL,"California State Prison, Solano",,3445,2594,132.8,3866
2026-02-28,SQ,San Quentin Rehabilitation Center,,2467,3084,80.0,3935
2026-02-28,SVSP,Salinas Valley State Prison,,2343,2452,95.6,3509
2026-02-28,VSP,Valley State Prison,,3111,1961,158.6,2931
2026-02-28,WSP,Wasco State Prison,,3319,2384,139.2,3547
2026-03-31,ASP,Avenal State Prison,,3882,2909,133.4,4359
2026-03-31,CAL,Calipatria State Prison,,2535,1808,140.2,2683
2026-03-31,CCI,California Correctional Institution,,2378,1508,157.7,2212
2026-03-31,CCWF,Central California Women's Facility,,2203,1986,110.9,2946
2026-03-31,CEN,Centinela State Prison,,3196,2308,138.5,3433
2026-03-31,CHCF,California Health Care Facility - Stockton,,2432,2953,82.4,2953
2026-03-31,CIM,California Institution for Men,,2303,1600,143.9,2219
2026-03-31,CIW,California Institution for Women,,1080,1281,84.3,1743
2026-03-31,CMC,California Men's Colony,,2133,2613,81.6,2543
2026-03-31,CMF,California Medical Facility,,2132,2316,92.1,2756
2026-03-31,COR,"California State Prison, Corcoran",,2577,3114,82.8,4537
2026-03-31,CRC,California Rehabilitation Center,,490,1822,26.9,2729
2026-03-31,CTF,Correctional Training Facility,,4361,2800,155.8,4125
2026-03-31,FOL,Folsom State Prison,,2744,2065,132.9,2985
2026-03-31,HDSP,High Desert State Prison,,2858,2081,137.3,3074
2026-03-31,ISP,Ironwood State Prison,,3462,2208,156.8,3283
2026-03-31,KVSP,Kern Valley State Prison,,3291,2448,134.4,3574
2026-03-31,LAC,"California State Prison, Los Angeles County",,3330,2300,144.8,3400
2026-03-31,MCSP,Mule Creek State Prison,,3751,3284,114.2,4105
2026-03-31,NKSP,North Kern State Prison,,2754,1910,144.2,2835
2026-03-31,PBSP,Pelican Bay State Prison,,1675,1804,92.8,2429
2026-03-31,PVSP,Pleasant Valley State Prison,,3151,2308,136.5,3433
2026-03-31,RJD,RJ Donovan Correctional Facility,,3932,2992,131.4,4038
2026-03-31,SAC,"California State Prison, Sacramento",,2195,1828,120.1,2493
2026-03-31,SATF,California Substance Abuse Treatment Facility,,5301,3424,154.8,5111
2026-03-31,SCC,Sierra Conservation Center,,4137,4972,83.2,5424
2026-03-31,SOL,"California State Prison, Solano",,3024,2594,116.6,3866
2026-03-31,SQ,San Quentin Rehabilitation Center,,2407,3084,78.0,3835
2026-03-31,SVSP,Salinas Valley State Prison,,2332,2452,95.1,3509
2026-03-31,VSP,Valley State Prison,,3047,1961,155.4,2931
2026-03-31,WSP,Wasco State Prison,,3287,2384,137.9,3547
